# Blender 5.1.2
# www.blender.org
mtllib newEnemy.mtl
o Sphere.001
v -0.771096 6.604722 0.017982
v -0.771096 6.531613 -0.223024
v -0.771096 6.411928 -0.342710
v -0.771096 6.255551 -0.407483
v -0.771096 6.170921 -0.415818
v -0.771096 6.086291 -0.407483
v -0.771096 5.929915 -0.342710
v -0.771096 5.737121 0.017982
v -0.754586 6.596386 -0.065022
v -0.738710 6.571701 -0.144836
v -0.724078 6.531613 -0.218394
v -0.711254 6.477664 -0.282867
v -0.700729 6.411928 -0.335779
v -0.692908 6.336929 -0.375096
v -0.688092 6.255551 -0.399308
v -0.686466 6.170921 -0.407483
v -0.688092 6.086291 -0.399308
v -0.692908 6.004913 -0.375096
v -0.700729 5.929915 -0.335779
v -0.711254 5.864178 -0.282867
v -0.724078 5.810230 -0.218394
v -0.738710 5.770142 -0.144836
v -0.754586 5.745456 -0.065022
v -0.738710 6.596386 -0.060206
v -0.707568 6.571701 -0.135389
v -0.678867 6.531613 -0.204679
v -0.653711 6.477664 -0.265412
v -0.633066 6.411928 -0.315254
v -0.617725 6.336929 -0.352290
v -0.608278 6.255551 -0.375096
v -0.605088 6.170921 -0.382797
v -0.608278 6.086291 -0.375096
v -0.617725 6.004913 -0.352290
v -0.633066 5.929915 -0.315254
v -0.653711 5.864178 -0.265412
v -0.678867 5.810230 -0.204679
v -0.707568 5.770142 -0.135389
v -0.738710 5.745456 -0.060206
v -0.724078 6.596386 -0.052385
v -0.678867 6.571701 -0.120049
v -0.637200 6.531613 -0.182407
v -0.600679 6.477664 -0.237065
v -0.570707 6.411928 -0.281922
v -0.548435 6.336929 -0.315254
v -0.534721 6.255551 -0.335779
v -0.530090 6.170921 -0.342710
v -0.534721 6.086291 -0.335779
v -0.548435 6.004913 -0.315254
v -0.570707 5.929915 -0.281922
v -0.600679 5.864178 -0.237065
v -0.637200 5.810230 -0.182407
v -0.678867 5.770142 -0.120049
v -0.724078 5.745456 -0.052385
v -0.711254 6.596386 -0.041861
v -0.653711 6.571701 -0.099403
v -0.600679 6.531613 -0.152435
v -0.554196 6.477664 -0.198918
v -0.516049 6.411928 -0.237065
v -0.487703 6.336929 -0.265412
v -0.470247 6.255551 -0.282867
v -0.464353 6.170921 -0.288761
v -0.470247 6.086291 -0.282867
v -0.487703 6.004913 -0.265412
v -0.516049 5.929915 -0.237065
v -0.554196 5.864178 -0.198918
v -0.600679 5.810230 -0.152435
v -0.653711 5.770142 -0.099403
v -0.711254 5.745456 -0.041861
v -0.700729 6.596386 -0.029036
v -0.633066 6.571701 -0.074247
v -0.570707 6.531613 -0.115914
v -0.516049 6.477664 -0.152435
v -0.471192 6.411928 -0.182407
v -0.437861 6.336929 -0.204679
v -0.417335 6.255551 -0.218394
v -0.410405 6.170921 -0.223024
v -0.417335 6.086291 -0.218394
v -0.437861 6.004913 -0.204679
v -0.471192 5.929915 -0.182407
v -0.516049 5.864178 -0.152435
v -0.570707 5.810230 -0.115914
v -0.633066 5.770142 -0.074247
v -0.700729 5.745456 -0.029036
v -0.692908 6.596386 -0.014405
v -0.617725 6.571701 -0.045546
v -0.548435 6.531613 -0.074247
v -0.487703 6.477664 -0.099403
v -0.437861 6.411928 -0.120049
v -0.400825 6.336929 -0.135389
v -0.378018 6.255551 -0.144836
v -0.370317 6.170921 -0.148026
v -0.378018 6.086291 -0.144836
v -0.400825 6.004913 -0.135389
v -0.437861 5.929915 -0.120049
v -0.487703 5.864178 -0.099403
v -0.548435 5.810230 -0.074247
v -0.617725 5.770142 -0.045546
v -0.692908 5.745456 -0.014405
v -0.688092 6.596386 0.001472
v -0.608278 6.571701 -0.014405
v -0.534721 6.531613 -0.029036
v -0.470247 6.477664 -0.041861
v -0.417335 6.411928 -0.052385
v -0.378018 6.336929 -0.060206
v -0.353807 6.255551 -0.065022
v -0.345632 6.170921 -0.066648
v -0.353807 6.086291 -0.065022
v -0.378018 6.004913 -0.060206
v -0.417335 5.929915 -0.052385
v -0.470247 5.864178 -0.041861
v -0.534721 5.810230 -0.029036
v -0.608278 5.770142 -0.014405
v -0.688092 5.745456 0.001472
v -0.686466 6.596386 0.017982
v -0.605088 6.571701 0.017982
v -0.530090 6.531613 0.017982
v -0.464353 6.477664 0.017982
v -0.410405 6.411928 0.017982
v -0.370317 6.336929 0.017982
v -0.345631 6.255551 0.017982
v -0.337296 6.170921 0.017982
v -0.345631 6.086291 0.017982
v -0.370317 6.004913 0.017982
v -0.410405 5.929915 0.017982
v -0.464353 5.864178 0.017982
v -0.530090 5.810230 0.017982
v -0.605088 5.770142 0.017982
v -0.686466 5.745456 0.017982
v -0.688092 6.596386 0.034493
v -0.608278 6.571701 0.050369
v -0.534721 6.531613 0.065000
v -0.470247 6.477664 0.077825
v -0.417335 6.411928 0.088350
v -0.378018 6.336929 0.096170
v -0.353807 6.255551 0.100986
v -0.345632 6.170921 0.102612
v -0.353807 6.086291 0.100986
v -0.378018 6.004913 0.096170
v -0.417335 5.929915 0.088350
v -0.470247 5.864178 0.077825
v -0.534721 5.810230 0.065000
v -0.608278 5.770142 0.050369
v -0.688092 5.745456 0.034493
v -0.692908 6.596386 0.050369
v -0.617725 6.571701 0.081511
v -0.548435 6.531613 0.110211
v -0.487703 6.477664 0.135368
v -0.437861 6.411928 0.156013
v -0.400825 6.336929 0.171354
v -0.378018 6.255551 0.180800
v -0.370317 6.170921 0.183990
v -0.378018 6.086291 0.180800
v -0.400825 6.004913 0.171354
v -0.437861 5.929915 0.156013
v -0.487703 5.864178 0.135368
v -0.548435 5.810230 0.110211
v -0.617725 5.770142 0.081511
v -0.692908 5.745456 0.050369
v -0.700729 6.596386 0.065000
v -0.633066 6.571701 0.110211
v -0.570707 6.531613 0.151878
v -0.516049 6.477664 0.188399
v -0.471192 6.411928 0.218372
v -0.437861 6.336929 0.240643
v -0.417335 6.255551 0.254358
v -0.410405 6.170921 0.258989
v -0.417335 6.086291 0.254358
v -0.437861 6.004913 0.240643
v -0.471192 5.929915 0.218372
v -0.516049 5.864178 0.188399
v -0.570707 5.810230 0.151878
v -0.633066 5.770142 0.110211
v -0.700729 5.745456 0.065000
v -0.711254 6.596386 0.077825
v -0.653711 6.571701 0.135368
v -0.600679 6.531613 0.188399
v -0.554196 6.477664 0.234882
v -0.516049 6.411928 0.273030
v -0.487703 6.336929 0.301376
v -0.470247 6.255551 0.318831
v -0.464353 6.170921 0.324725
v -0.470247 6.086291 0.318831
v -0.487703 6.004913 0.301376
v -0.516049 5.929915 0.273030
v -0.554196 5.864178 0.234882
v -0.600679 5.810230 0.188399
v -0.653711 5.770142 0.135368
v -0.711254 5.745456 0.077825
v -0.724078 6.596386 0.088350
v -0.678867 6.571701 0.156013
v -0.637200 6.531613 0.218372
v -0.600679 6.477664 0.273030
v -0.570707 6.411928 0.317886
v -0.548435 6.336929 0.351218
v -0.534721 6.255551 0.371743
v -0.530090 6.170921 0.378674
v -0.534721 6.086291 0.371743
v -0.548435 6.004913 0.351218
v -0.570707 5.929915 0.317886
v -0.600679 5.864178 0.273030
v -0.637200 5.810230 0.218372
v -0.678867 5.770142 0.156013
v -0.724078 5.745456 0.088350
v -0.738710 6.596386 0.096170
v -0.707568 6.571701 0.171354
v -0.678867 6.531613 0.240643
v -0.653711 6.477664 0.301376
v -0.633066 6.411928 0.351218
v -0.617725 6.336929 0.388254
v -0.608278 6.255551 0.411060
v -0.605088 6.170921 0.418761
v -0.608278 6.086291 0.411060
v -0.617725 6.004913 0.388254
v -0.633066 5.929915 0.351218
v -0.653711 5.864178 0.301376
v -0.678867 5.810230 0.240643
v -0.707568 5.770142 0.171354
v -0.738710 5.745456 0.096170
v -0.754586 6.596386 0.100986
v -0.738710 6.571701 0.180800
v -0.724078 6.531613 0.254358
v -0.711254 6.477664 0.318831
v -0.700729 6.411928 0.371743
v -0.692908 6.336929 0.411060
v -0.688092 6.255551 0.435272
v -0.686466 6.170921 0.443447
v -0.688092 6.086291 0.435272
v -0.692908 6.004913 0.411060
v -0.700729 5.929915 0.371743
v -0.711254 5.864178 0.318831
v -0.724078 5.810230 0.254358
v -0.738710 5.770142 0.180800
v -0.754586 5.745456 0.100986
v -0.771096 6.596386 0.102612
v -0.771096 6.571701 0.183990
v -0.771096 6.531613 0.258988
v -0.771096 6.477664 0.324725
v -0.771096 6.411928 0.378674
v -0.771096 6.336929 0.418761
v -0.771096 6.255551 0.443447
v -0.771096 6.170921 0.451782
v -0.771096 6.086291 0.443447
v -0.771096 6.004913 0.418761
v -0.771096 5.929915 0.378674
v -0.771096 5.864178 0.324725
v -0.771096 5.810230 0.258988
v -0.771096 5.770142 0.183990
v -0.771096 5.745456 0.102612
v -0.787607 6.596386 0.100986
v -0.803483 6.571701 0.180800
v -0.818114 6.531613 0.254358
v -0.830939 6.477664 0.318831
v -0.841464 6.411928 0.371743
v -0.849284 6.336929 0.411060
v -0.854100 6.255551 0.435272
v -0.855727 6.170921 0.443447
v -0.854100 6.086291 0.435272
v -0.849284 6.004913 0.411060
v -0.841464 5.929915 0.371743
v -0.830939 5.864178 0.318831
v -0.818114 5.810230 0.254358
v -0.803483 5.770142 0.180800
v -0.787607 5.745456 0.100986
v -0.803483 6.596386 0.096170
v -0.834625 6.571701 0.171354
v -0.863326 6.531613 0.240643
v -0.888482 6.477664 0.301376
v -0.909127 6.411928 0.351218
v -0.924468 6.336929 0.388254
v -0.933915 6.255551 0.411060
v -0.937105 6.170921 0.418761
v -0.933915 6.086291 0.411060
v -0.924468 6.004913 0.388254
v -0.909127 5.929915 0.351218
v -0.888482 5.864178 0.301376
v -0.863326 5.810230 0.240643
v -0.834625 5.770142 0.171354
v -0.803483 5.745456 0.096170
v -0.818114 6.596386 0.088349
v -0.863326 6.571701 0.156013
v -0.904992 6.531613 0.218372
v -0.941514 6.477664 0.273030
v -0.971486 6.411928 0.317886
v -0.993757 6.336929 0.351218
v -1.007472 6.255551 0.371743
v -1.012103 6.170921 0.378673
v -1.007472 6.086291 0.371743
v -0.993757 6.004913 0.351218
v -0.971486 5.929915 0.317886
v -0.941514 5.864178 0.273030
v -0.904992 5.810230 0.218372
v -0.863326 5.770142 0.156013
v -0.818114 5.745456 0.088349
v -0.830939 6.596386 0.077825
v -0.888482 6.571701 0.135368
v -0.941514 6.531613 0.188399
v -0.987996 6.477664 0.234882
v -1.026144 6.411928 0.273029
v -1.054490 6.336929 0.301376
v -1.071945 6.255551 0.318831
v -1.077839 6.170921 0.324725
v -1.071945 6.086291 0.318831
v -1.054490 6.004913 0.301376
v -1.026144 5.929915 0.273029
v -0.987996 5.864178 0.234882
v -0.941514 5.810230 0.188399
v -0.888482 5.770142 0.135368
v -0.830939 5.745456 0.077825
v -0.841464 6.596386 0.065000
v -0.909127 6.571701 0.110211
v -0.971486 6.531613 0.151878
v -1.026144 6.477664 0.188399
v -1.071000 6.411928 0.218372
v -1.104332 6.336929 0.240643
v -1.124857 6.255551 0.254358
v -1.131788 6.170921 0.258988
v -1.124857 6.086291 0.254358
v -1.104332 6.004913 0.240643
v -1.071000 5.929915 0.218372
v -1.026144 5.864178 0.188399
v -0.971486 5.810230 0.151878
v -0.909127 5.770142 0.110211
v -0.841464 5.745456 0.065000
v -0.849284 6.596386 0.050369
v -0.924468 6.571701 0.081511
v -0.993757 6.531613 0.110211
v -1.054490 6.477664 0.135368
v -1.104332 6.411928 0.156013
v -1.141368 6.336929 0.171354
v -1.164175 6.255551 0.180800
v -1.171875 6.170921 0.183990
v -1.164175 6.086291 0.180800
v -1.141368 6.004913 0.171354
v -1.104332 5.929915 0.156013
v -1.054490 5.864178 0.135368
v -0.993757 5.810230 0.110211
v -0.924468 5.770142 0.081511
v -0.849284 5.745456 0.050369
v -0.854100 6.596386 0.034493
v -0.933915 6.571701 0.050369
v -1.007472 6.531613 0.065000
v -1.071945 6.477664 0.077825
v -1.124857 6.411928 0.088349
v -1.164175 6.336929 0.096170
v -1.188386 6.255551 0.100986
v -1.196561 6.170921 0.102612
v -1.188386 6.086291 0.100986
v -1.164175 6.004913 0.096170
v -1.124857 5.929915 0.088349
v -1.071945 5.864178 0.077825
v -1.007472 5.810230 0.065000
v -0.933915 5.770142 0.050369
v -0.854100 5.745456 0.034493
v -0.855726 6.596386 0.017982
v -0.937104 6.571701 0.017982
v -1.012103 6.531613 0.017982
v -1.077839 6.477664 0.017982
v -1.131788 6.411928 0.017982
v -1.171875 6.336929 0.017982
v -1.196561 6.255551 0.017982
v -1.204896 6.170921 0.017982
v -1.196561 6.086291 0.017982
v -1.171875 6.004913 0.017982
v -1.131788 5.929915 0.017982
v -1.077839 5.864178 0.017982
v -1.012103 5.810230 0.017982
v -0.937104 5.770142 0.017982
v -0.855726 5.745456 0.017982
v -0.854100 6.596386 0.001472
v -0.933915 6.571701 -0.014405
v -1.007472 6.531613 -0.029036
v -1.071945 6.477664 -0.041861
v -1.124857 6.411928 -0.052385
v -1.164175 6.336929 -0.060206
v -1.188386 6.255551 -0.065022
v -1.196561 6.170921 -0.066648
v -1.188386 6.086291 -0.065022
v -1.164175 6.004913 -0.060206
v -1.124857 5.929915 -0.052385
v -1.071945 5.864178 -0.041861
v -1.007472 5.810230 -0.029036
v -0.933915 5.770142 -0.014405
v -0.854100 5.745456 0.001472
v -0.849284 6.596386 -0.014404
v -0.924468 6.571701 -0.045546
v -0.993757 6.531613 -0.074247
v -1.054490 6.477664 -0.099403
v -1.104332 6.411928 -0.120049
v -1.141368 6.336929 -0.135389
v -1.164174 6.255551 -0.144836
v -1.171875 6.170921 -0.148026
v -1.164174 6.086291 -0.144836
v -1.141368 6.004913 -0.135389
v -1.104332 5.929915 -0.120049
v -1.054490 5.864178 -0.099403
v -0.993757 5.810230 -0.074247
v -0.924468 5.770142 -0.045546
v -0.849284 5.745456 -0.014404
v -0.841464 6.596386 -0.029036
v -0.909127 6.571701 -0.074247
v -0.971486 6.531613 -0.115914
v -1.026144 6.477664 -0.152435
v -1.071000 6.411928 -0.182407
v -1.104332 6.336929 -0.204679
v -1.124857 6.255551 -0.218394
v -1.131788 6.170921 -0.223024
v -1.124857 6.086291 -0.218394
v -1.104332 6.004913 -0.204679
v -1.071000 5.929915 -0.182407
v -1.026144 5.864178 -0.152435
v -0.971486 5.810230 -0.115914
v -0.909127 5.770142 -0.074247
v -0.841464 5.745456 -0.029036
v -0.830939 6.596386 -0.041860
v -0.888482 6.571701 -0.099403
v -0.941513 6.531613 -0.152435
v -0.987996 6.477664 -0.198918
v -1.026144 6.411928 -0.237065
v -1.054490 6.336929 -0.265411
v -1.071945 6.255551 -0.282867
v -1.077839 6.170921 -0.288761
v -1.071945 6.086291 -0.282867
v -1.054490 6.004913 -0.265411
v -1.026144 5.929915 -0.237065
v -0.987996 5.864178 -0.198918
v -0.941513 5.810230 -0.152435
v -0.888482 5.770142 -0.099403
v -0.830939 5.745456 -0.041860
v -0.818114 6.596386 -0.052385
v -0.863325 6.571701 -0.120049
v -0.904992 6.531613 -0.182407
v -0.941514 6.477664 -0.237065
v -0.971486 6.411928 -0.281922
v -0.993757 6.336929 -0.315253
v -1.007472 6.255551 -0.335779
v -1.012102 6.170921 -0.342709
v -1.007472 6.086291 -0.335779
v -0.993757 6.004913 -0.315253
v -0.971486 5.929915 -0.281922
v -0.941514 5.864178 -0.237065
v -0.904992 5.810230 -0.182407
v -0.863325 5.770142 -0.120049
v -0.818114 5.745456 -0.052385
v -0.803483 6.596386 -0.060206
v -0.834625 6.571701 -0.135389
v -0.863325 6.531613 -0.204679
v -0.888482 6.477664 -0.265412
v -0.909127 6.411928 -0.315253
v -0.924468 6.336929 -0.352289
v -0.933915 6.255551 -0.375096
v -0.937104 6.170921 -0.382797
v -0.933915 6.086291 -0.375096
v -0.924468 6.004913 -0.352289
v -0.909127 5.929915 -0.315253
v -0.888482 5.864178 -0.265412
v -0.863325 5.810230 -0.204679
v -0.834625 5.770142 -0.135389
v -0.803483 5.745456 -0.060206
v -0.787607 6.596386 -0.065022
v -0.803483 6.571701 -0.144836
v -0.818114 6.531613 -0.218393
v -0.830939 6.477664 -0.282867
v -0.841464 6.411928 -0.335779
v -0.849284 6.336929 -0.375096
v -0.854100 6.255551 -0.399307
v -0.855726 6.170921 -0.407482
v -0.854100 6.086291 -0.399307
v -0.849284 6.004913 -0.375096
v -0.841464 5.929915 -0.335779
v -0.830939 5.864178 -0.282867
v -0.818114 5.810230 -0.218393
v -0.803483 5.770142 -0.144836
v -0.787607 5.745456 -0.065022
v -0.771096 6.596386 -0.066648
v -0.771096 6.571701 -0.148026
v -0.771096 6.477664 -0.288761
v -0.771096 6.336929 -0.382797
v -0.771096 6.004913 -0.382797
v -0.771096 5.864178 -0.288761
v -0.771096 5.810230 -0.223024
v -0.771096 5.770142 -0.148026
v -0.771096 5.745456 -0.066648
vn 0.0938 0.2890 -0.9527
vn 0.0286 -0.9565 -0.2902
vn 0.0975 0.0975 -0.9904
vn 0.0097 0.9951 -0.0980
vn 0.0097 -0.9951 -0.0980
vn 0.0975 -0.0975 -0.9904
vn 0.0286 0.9565 -0.2902
vn 0.0938 -0.2890 -0.9527
vn 0.0464 0.8810 -0.4709
vn 0.0865 -0.4696 -0.8786
vn 0.0624 0.7715 -0.6332
vn 0.0759 -0.6326 -0.7708
vn 0.0759 0.6326 -0.7708
vn 0.0624 -0.7715 -0.6332
vn 0.0865 0.4696 -0.8786
vn 0.0464 -0.8810 -0.4709
vn 0.1847 -0.7715 -0.6088
vn 0.2563 0.4696 -0.8448
vn 0.1374 -0.8810 -0.4528
vn 0.2779 0.2890 -0.9161
vn 0.0846 -0.9565 -0.2790
vn 0.2889 0.0976 -0.9524
vn 0.0286 0.9951 -0.0942
vn 0.0286 -0.9951 -0.0942
vn 0.2889 -0.0976 -0.9524
vn 0.0846 0.9565 -0.2790
vn 0.2779 -0.2890 -0.9161
vn 0.1374 0.8810 -0.4528
vn 0.2563 -0.4696 -0.8448
vn 0.1847 0.7715 -0.6088
vn 0.2248 -0.6326 -0.7412
vn 0.2248 0.6326 -0.7412
vn 0.4513 -0.2890 -0.8443
vn 0.2230 0.8810 -0.4173
vn 0.4162 -0.4696 -0.7786
vn 0.2999 0.7715 -0.5611
vn 0.3651 -0.6326 -0.6831
vn 0.3651 0.6326 -0.6831
vn 0.2999 -0.7715 -0.5611
vn 0.4162 0.4696 -0.7786
vn 0.2230 -0.8810 -0.4173
vn 0.4513 0.2890 -0.8443
vn 0.1374 -0.9565 -0.2571
vn 0.4691 0.0975 -0.8777
vn 0.0464 0.9951 -0.0869
vn 0.0464 -0.9951 -0.0869
vn 0.4691 -0.0975 -0.8777
vn 0.1374 0.9565 -0.2571
vn 0.3002 -0.8810 -0.3658
vn 0.6073 0.2890 -0.7400
vn 0.1850 -0.9565 -0.2254
vn 0.6314 0.0975 -0.7693
vn 0.0625 0.9951 -0.0761
vn 0.0625 -0.9951 -0.0761
vn 0.6314 -0.0975 -0.7693
vn 0.1850 0.9565 -0.2254
vn 0.6073 -0.2890 -0.7400
vn 0.3002 0.8810 -0.3658
vn 0.5601 -0.4696 -0.6825
vn 0.4036 0.7715 -0.4918
vn 0.4913 -0.6326 -0.5987
vn 0.4913 0.6326 -0.5987
vn 0.4036 -0.7715 -0.4918
vn 0.5601 0.4696 -0.6825
vn 0.3658 0.8810 -0.3002
vn 0.6825 -0.4696 -0.5601
vn 0.4918 0.7715 -0.4036
vn 0.5987 -0.6326 -0.4913
vn 0.5987 0.6326 -0.4913
vn 0.4918 -0.7715 -0.4036
vn 0.6825 0.4696 -0.5601
vn 0.3658 -0.8810 -0.3002
vn 0.7400 0.2890 -0.6073
vn 0.2254 -0.9565 -0.1850
vn 0.7693 0.0975 -0.6314
vn 0.0761 0.9951 -0.0625
vn 0.0761 -0.9951 -0.0625
vn 0.7693 -0.0975 -0.6314
vn 0.2254 0.9565 -0.1850
vn 0.7400 -0.2890 -0.6073
vn 0.8443 0.2890 -0.4513
vn 0.2571 -0.9565 -0.1374
vn 0.8777 0.0975 -0.4691
vn 0.0869 0.9951 -0.0464
vn 0.0869 -0.9951 -0.0464
vn 0.8777 -0.0975 -0.4691
vn 0.2571 0.9565 -0.1374
vn 0.8443 -0.2890 -0.4513
vn 0.4173 0.8810 -0.2230
vn 0.7786 -0.4696 -0.4162
vn 0.5611 0.7715 -0.2999
vn 0.6831 -0.6326 -0.3651
vn 0.6831 0.6326 -0.3651
vn 0.5611 -0.7715 -0.2999
vn 0.7786 0.4696 -0.4162
vn 0.4173 -0.8810 -0.2230
vn 0.8448 -0.4696 -0.2563
vn 0.6088 0.7715 -0.1847
vn 0.7412 -0.6326 -0.2248
vn 0.7412 0.6326 -0.2248
vn 0.6088 -0.7715 -0.1847
vn 0.8448 0.4696 -0.2563
vn 0.4528 -0.8810 -0.1374
vn 0.9161 0.2890 -0.2779
vn 0.2790 -0.9565 -0.0846
vn 0.9524 0.0975 -0.2889
vn 0.0942 0.9951 -0.0286
vn 0.0942 -0.9951 -0.0286
vn 0.9524 -0.0975 -0.2889
vn 0.2790 0.9565 -0.0846
vn 0.9161 -0.2890 -0.2779
vn 0.4528 0.8810 -0.1374
vn 0.2902 -0.9565 -0.0286
vn 0.9904 0.0975 -0.0975
vn 0.0980 0.9951 -0.0097
vn 0.0980 -0.9951 -0.0097
vn 0.9904 -0.0975 -0.0975
vn 0.2902 0.9565 -0.0286
vn 0.9527 -0.2890 -0.0938
vn 0.4709 0.8810 -0.0464
vn 0.8786 -0.4696 -0.0865
vn 0.6332 0.7715 -0.0624
vn 0.7708 -0.6326 -0.0759
vn 0.7708 0.6326 -0.0759
vn 0.6332 -0.7715 -0.0624
vn 0.8786 0.4696 -0.0865
vn 0.4709 -0.8810 -0.0464
vn 0.9527 0.2890 -0.0938
vn 0.6332 0.7715 0.0624
vn 0.7708 -0.6326 0.0759
vn 0.7708 0.6326 0.0759
vn 0.6332 -0.7715 0.0624
vn 0.8786 0.4696 0.0865
vn 0.4709 -0.8810 0.0464
vn 0.9527 0.2890 0.0938
vn 0.2902 -0.9565 0.0286
vn 0.9904 0.0975 0.0976
vn 0.0980 0.9951 0.0097
vn 0.0980 -0.9951 0.0097
vn 0.9904 -0.0975 0.0976
vn 0.2902 0.9565 0.0286
vn 0.9527 -0.2890 0.0938
vn 0.4709 0.8810 0.0464
vn 0.8786 -0.4696 0.0865
vn 0.9524 0.0975 0.2889
vn 0.0942 0.9951 0.0286
vn 0.0942 -0.9951 0.0286
vn 0.9524 -0.0975 0.2889
vn 0.2790 0.9565 0.0846
vn 0.9161 -0.2890 0.2779
vn 0.4528 0.8810 0.1374
vn 0.8448 -0.4696 0.2563
vn 0.6088 0.7715 0.1847
vn 0.7412 -0.6326 0.2248
vn 0.7412 0.6326 0.2248
vn 0.6088 -0.7715 0.1847
vn 0.8448 0.4696 0.2563
vn 0.4528 -0.8810 0.1374
vn 0.9161 0.2890 0.2779
vn 0.2790 -0.9565 0.0846
vn 0.6831 -0.6326 0.3651
vn 0.6831 0.6326 0.3651
vn 0.5611 -0.7715 0.2999
vn 0.7786 0.4696 0.4162
vn 0.4173 -0.8810 0.2230
vn 0.8443 0.2890 0.4513
vn 0.2571 -0.9565 0.1374
vn 0.8777 0.0975 0.4691
vn 0.0869 0.9951 0.0464
vn 0.0869 -0.9951 0.0464
vn 0.8777 -0.0975 0.4691
vn 0.2571 0.9565 0.1374
vn 0.8443 -0.2890 0.4513
vn 0.4173 0.8810 0.2230
vn 0.7786 -0.4696 0.4162
vn 0.5611 0.7715 0.2999
vn 0.0761 -0.9951 0.0625
vn 0.7693 -0.0975 0.6314
vn 0.2254 0.9565 0.1850
vn 0.7400 -0.2890 0.6073
vn 0.3658 0.8810 0.3002
vn 0.6825 -0.4696 0.5601
vn 0.4918 0.7715 0.4036
vn 0.5987 -0.6326 0.4913
vn 0.5987 0.6326 0.4913
vn 0.4918 -0.7715 0.4036
vn 0.6825 0.4696 0.5601
vn 0.3658 -0.8810 0.3002
vn 0.7400 0.2890 0.6073
vn 0.2254 -0.9565 0.1850
vn 0.7693 0.0975 0.6314
vn 0.0761 0.9951 0.0625
vn 0.4036 -0.7715 0.4918
vn 0.5601 0.4696 0.6825
vn 0.3002 -0.8810 0.3658
vn 0.6073 0.2890 0.7400
vn 0.1850 -0.9565 0.2254
vn 0.6314 0.0975 0.7693
vn 0.0625 0.9951 0.0761
vn 0.0625 -0.9951 0.0761
vn 0.6314 -0.0975 0.7693
vn 0.1850 0.9565 0.2254
vn 0.6073 -0.2890 0.7400
vn 0.3002 0.8810 0.3658
vn 0.5601 -0.4696 0.6825
vn 0.4036 0.7715 0.4918
vn 0.4913 -0.6326 0.5987
vn 0.4913 0.6326 0.5987
vn 0.1374 0.9565 0.2571
vn 0.4513 -0.2890 0.8443
vn 0.2230 0.8810 0.4173
vn 0.4162 -0.4696 0.7786
vn 0.2999 0.7715 0.5611
vn 0.3651 -0.6326 0.6831
vn 0.3651 0.6326 0.6831
vn 0.2999 -0.7715 0.5611
vn 0.4162 0.4696 0.7786
vn 0.2230 -0.8810 0.4173
vn 0.4513 0.2890 0.8443
vn 0.1374 -0.9565 0.2571
vn 0.4691 0.0975 0.8777
vn 0.0464 0.9951 0.0869
vn 0.0464 -0.9951 0.0869
vn 0.4691 -0.0975 0.8777
vn 0.2563 0.4696 0.8448
vn 0.1374 -0.8810 0.4528
vn 0.2779 0.2890 0.9161
vn 0.0846 -0.9565 0.2790
vn 0.2889 0.0975 0.9524
vn 0.0286 0.9951 0.0942
vn 0.0286 -0.9951 0.0942
vn 0.2889 -0.0975 0.9524
vn 0.0846 0.9565 0.2790
vn 0.2779 -0.2890 0.9161
vn 0.1374 0.8810 0.4528
vn 0.2563 -0.4696 0.8448
vn 0.1847 0.7715 0.6088
vn 0.2248 -0.6326 0.7412
vn 0.2248 0.6326 0.7412
vn 0.1847 -0.7715 0.6088
vn 0.0938 -0.2890 0.9527
vn 0.0464 0.8810 0.4709
vn 0.0865 -0.4696 0.8786
vn 0.0624 0.7715 0.6332
vn 0.0759 -0.6326 0.7708
vn 0.0759 0.6326 0.7708
vn 0.0624 -0.7715 0.6332
vn 0.0865 0.4696 0.8786
vn 0.0464 -0.8810 0.4709
vn 0.0938 0.2890 0.9527
vn 0.0286 -0.9565 0.2902
vn 0.0975 0.0975 0.9904
vn 0.0097 0.9951 0.0980
vn 0.0097 -0.9951 0.0980
vn 0.0975 -0.0975 0.9904
vn 0.0286 0.9565 0.2902
vn -0.0464 -0.8810 0.4709
vn -0.0938 0.2890 0.9527
vn -0.0286 -0.9565 0.2902
vn -0.0976 0.0975 0.9904
vn -0.0097 0.9951 0.0980
vn -0.0097 -0.9951 0.0980
vn -0.0976 -0.0975 0.9904
vn -0.0286 0.9565 0.2902
vn -0.0938 -0.2890 0.9527
vn -0.0464 0.8810 0.4709
vn -0.0865 -0.4696 0.8786
vn -0.0624 0.7715 0.6332
vn -0.0759 -0.6326 0.7708
vn -0.0759 0.6326 0.7708
vn -0.0624 -0.7715 0.6332
vn -0.0865 0.4696 0.8786
vn -0.1374 0.8810 0.4528
vn -0.2563 -0.4696 0.8448
vn -0.1847 0.7715 0.6088
vn -0.2248 -0.6326 0.7412
vn -0.2248 0.6326 0.7412
vn -0.1847 -0.7715 0.6088
vn -0.2563 0.4696 0.8448
vn -0.1374 -0.8810 0.4528
vn -0.2779 0.2890 0.9161
vn -0.0846 -0.9565 0.2790
vn -0.2889 0.0975 0.9524
vn -0.0286 0.9951 0.0942
vn -0.0286 -0.9951 0.0942
vn -0.2889 -0.0975 0.9524
vn -0.0846 0.9565 0.2790
vn -0.2779 -0.2890 0.9161
vn -0.4513 0.2890 0.8443
vn -0.1374 -0.9565 0.2571
vn -0.4691 0.0975 0.8777
vn -0.0464 0.9951 0.0869
vn -0.0464 -0.9951 0.0869
vn -0.4691 -0.0975 0.8777
vn -0.1374 0.9565 0.2571
vn -0.4513 -0.2890 0.8443
vn -0.2230 0.8810 0.4173
vn -0.4162 -0.4696 0.7786
vn -0.2999 0.7715 0.5611
vn -0.3651 -0.6326 0.6831
vn -0.3651 0.6326 0.6831
vn -0.2999 -0.7715 0.5611
vn -0.4162 0.4696 0.7786
vn -0.2230 -0.8810 0.4173
vn -0.5601 -0.4696 0.6825
vn -0.4036 0.7715 0.4918
vn -0.4913 -0.6326 0.5987
vn -0.4913 0.6326 0.5987
vn -0.4036 -0.7715 0.4918
vn -0.5601 0.4696 0.6825
vn -0.3002 -0.8810 0.3658
vn -0.6073 0.2890 0.7400
vn -0.1850 -0.9565 0.2254
vn -0.6314 0.0975 0.7693
vn -0.0625 0.9951 0.0761
vn -0.0625 -0.9951 0.0761
vn -0.6314 -0.0975 0.7693
vn -0.1850 0.9565 0.2254
vn -0.6073 -0.2890 0.7400
vn -0.3002 0.8810 0.3658
vn -0.2254 -0.9565 0.1850
vn -0.7693 0.0975 0.6314
vn -0.0761 0.9951 0.0625
vn -0.0761 -0.9951 0.0625
vn -0.7693 -0.0975 0.6314
vn -0.2254 0.9565 0.1850
vn -0.7400 -0.2890 0.6073
vn -0.3658 0.8810 0.3002
vn -0.6825 -0.4696 0.5601
vn -0.4918 0.7715 0.4036
vn -0.5987 -0.6326 0.4913
vn -0.5987 0.6326 0.4913
vn -0.4918 -0.7715 0.4036
vn -0.6825 0.4696 0.5601
vn -0.3658 -0.8810 0.3002
vn -0.7400 0.2890 0.6073
vn -0.6831 -0.6326 0.3651
vn -0.6831 0.6326 0.3651
vn -0.5611 -0.7715 0.2999
vn -0.7786 0.4696 0.4162
vn -0.4173 -0.8810 0.2230
vn -0.8443 0.2890 0.4513
vn -0.2571 -0.9565 0.1374
vn -0.8777 0.0975 0.4691
vn -0.0869 0.9951 0.0464
vn -0.0869 -0.9951 0.0464
vn -0.8777 -0.0975 0.4691
vn -0.2571 0.9565 0.1374
vn -0.8443 -0.2890 0.4513
vn -0.4173 0.8810 0.2230
vn -0.7786 -0.4696 0.4162
vn -0.5611 0.7715 0.2999
vn -0.0942 0.9951 0.0286
vn -0.0942 -0.9951 0.0286
vn -0.9524 -0.0975 0.2889
vn -0.2790 0.9565 0.0846
vn -0.9161 -0.2890 0.2779
vn -0.4528 0.8810 0.1374
vn -0.8448 -0.4696 0.2563
vn -0.6088 0.7715 0.1847
vn -0.7412 -0.6326 0.2248
vn -0.7412 0.6326 0.2248
vn -0.6088 -0.7715 0.1847
vn -0.8448 0.4696 0.2563
vn -0.4528 -0.8810 0.1374
vn -0.9161 0.2890 0.2779
vn -0.2790 -0.9565 0.0846
vn -0.9524 0.0975 0.2889
vn -0.7708 0.6326 0.0759
vn -0.6332 -0.7715 0.0624
vn -0.8786 0.4696 0.0865
vn -0.4709 -0.8810 0.0464
vn -0.9527 0.2890 0.0938
vn -0.2902 -0.9565 0.0286
vn -0.9904 0.0975 0.0975
vn -0.0980 0.9951 0.0097
vn -0.0980 -0.9951 0.0097
vn -0.9904 -0.0975 0.0975
vn -0.2902 0.9565 0.0286
vn -0.9527 -0.2890 0.0938
vn -0.4709 0.8810 0.0464
vn -0.8786 -0.4696 0.0865
vn -0.6332 0.7715 0.0624
vn -0.7708 -0.6326 0.0759
vn -0.9904 -0.0975 -0.0976
vn -0.2902 0.9565 -0.0286
vn -0.9527 -0.2890 -0.0938
vn -0.4709 0.8810 -0.0464
vn -0.8786 -0.4696 -0.0865
vn -0.6332 0.7715 -0.0624
vn -0.7708 -0.6326 -0.0759
vn -0.7708 0.6326 -0.0759
vn -0.6332 -0.7715 -0.0624
vn -0.8786 0.4696 -0.0865
vn -0.4709 -0.8810 -0.0464
vn -0.9527 0.2890 -0.0938
vn -0.2902 -0.9565 -0.0286
vn -0.9904 0.0975 -0.0976
vn -0.0980 0.9951 -0.0097
vn -0.0980 -0.9951 -0.0097
vn -0.6088 -0.7715 -0.1847
vn -0.8448 0.4696 -0.2563
vn -0.4528 -0.8810 -0.1374
vn -0.9161 0.2890 -0.2779
vn -0.2790 -0.9565 -0.0846
vn -0.9524 0.0975 -0.2889
vn -0.0942 0.9951 -0.0286
vn -0.0942 -0.9951 -0.0286
vn -0.9524 -0.0975 -0.2889
vn -0.2790 0.9565 -0.0846
vn -0.9161 -0.2890 -0.2779
vn -0.4528 0.8810 -0.1374
vn -0.8448 -0.4696 -0.2563
vn -0.6088 0.7715 -0.1847
vn -0.7412 -0.6326 -0.2248
vn -0.7412 0.6326 -0.2248
vn -0.2571 0.9565 -0.1374
vn -0.8443 -0.2890 -0.4513
vn -0.4173 0.8810 -0.2231
vn -0.7786 -0.4696 -0.4162
vn -0.5611 0.7715 -0.2999
vn -0.6831 -0.6326 -0.3651
vn -0.6831 0.6326 -0.3651
vn -0.5611 -0.7715 -0.2999
vn -0.7786 0.4696 -0.4162
vn -0.4173 -0.8810 -0.2231
vn -0.8443 0.2890 -0.4513
vn -0.2571 -0.9565 -0.1374
vn -0.8777 0.0975 -0.4691
vn -0.0869 0.9951 -0.0464
vn -0.0869 -0.9951 -0.0464
vn -0.8777 -0.0975 -0.4691
vn -0.6825 0.4696 -0.5601
vn -0.3658 -0.8810 -0.3002
vn -0.7400 0.2890 -0.6073
vn -0.2254 -0.9565 -0.1850
vn -0.7693 0.0975 -0.6314
vn -0.0761 0.9951 -0.0625
vn -0.0761 -0.9951 -0.0625
vn -0.7693 -0.0975 -0.6314
vn -0.2254 0.9565 -0.1850
vn -0.7400 -0.2890 -0.6073
vn -0.3658 0.8810 -0.3002
vn -0.6825 -0.4696 -0.5601
vn -0.4918 0.7715 -0.4036
vn -0.5987 -0.6326 -0.4913
vn -0.5987 0.6326 -0.4913
vn -0.4918 -0.7715 -0.4036
vn -0.6073 -0.2890 -0.7400
vn -0.3002 0.8810 -0.3658
vn -0.5601 -0.4696 -0.6825
vn -0.4036 0.7715 -0.4918
vn -0.4913 -0.6326 -0.5987
vn -0.4913 0.6326 -0.5987
vn -0.4036 -0.7715 -0.4918
vn -0.5601 0.4696 -0.6825
vn -0.3002 -0.8810 -0.3658
vn -0.6073 0.2890 -0.7400
vn -0.1850 -0.9565 -0.2254
vn -0.6314 0.0975 -0.7693
vn -0.0625 0.9951 -0.0761
vn -0.0625 -0.9951 -0.0761
vn -0.6314 -0.0975 -0.7693
vn -0.1850 0.9565 -0.2254
vn -0.2230 -0.8810 -0.4173
vn -0.4513 0.2890 -0.8443
vn -0.1374 -0.9565 -0.2571
vn -0.4691 0.0975 -0.8777
vn -0.0464 0.9951 -0.0869
vn -0.0464 -0.9951 -0.0869
vn -0.4691 -0.0975 -0.8777
vn -0.1374 0.9565 -0.2571
vn -0.4513 -0.2890 -0.8443
vn -0.2230 0.8810 -0.4173
vn -0.4162 -0.4696 -0.7786
vn -0.2999 0.7715 -0.5611
vn -0.3651 -0.6326 -0.6831
vn -0.3651 0.6326 -0.6831
vn -0.2999 -0.7715 -0.5611
vn -0.4162 0.4696 -0.7786
vn -0.2563 -0.4696 -0.8448
vn -0.1847 0.7715 -0.6088
vn -0.2248 -0.6326 -0.7412
vn -0.2248 0.6326 -0.7412
vn -0.1847 -0.7715 -0.6088
vn -0.2563 0.4696 -0.8448
vn -0.1374 -0.8810 -0.4528
vn -0.2779 0.2890 -0.9161
vn -0.0846 -0.9565 -0.2790
vn -0.2889 0.0975 -0.9524
vn -0.0286 0.9951 -0.0942
vn -0.0286 -0.9951 -0.0942
vn -0.2889 -0.0975 -0.9524
vn -0.0846 0.9565 -0.2790
vn -0.2779 -0.2890 -0.9161
vn -0.1374 0.8810 -0.4528
vn -0.0286 -0.9565 -0.2902
vn -0.0976 0.0975 -0.9904
vn -0.0097 0.9951 -0.0980
vn -0.0097 -0.9951 -0.0980
vn -0.0976 -0.0975 -0.9904
vn -0.0286 0.9565 -0.2902
vn -0.0938 -0.2890 -0.9527
vn -0.0464 0.8810 -0.4709
vn -0.0865 -0.4696 -0.8786
vn -0.0624 0.7715 -0.6332
vn -0.0759 -0.6326 -0.7708
vn -0.0759 0.6326 -0.7708
vn -0.0624 -0.7715 -0.6332
vn -0.0865 0.4696 -0.8786
vn -0.0464 -0.8810 -0.4709
vn -0.0938 0.2890 -0.9527
vt 0.750000 0.562500
vt 0.750000 0.625000
vt 0.718750 0.625000
vt 0.718750 0.562500
vt 0.750000 0.062500
vt 0.750000 0.125000
vt 0.718750 0.125000
vt 0.718750 0.062500
vt 0.750000 0.500000
vt 0.718750 0.500000
vt 0.750000 0.937500
vt 0.734375 1.000000
vt 0.718750 0.937500
vt 0.734375 0.000000
vt 0.750000 0.437500
vt 0.718750 0.437500
vt 0.750000 0.875000
vt 0.718750 0.875000
vt 0.750000 0.375000
vt 0.718750 0.375000
vt 0.750000 0.812500
vt 0.718750 0.812500
vt 0.750000 0.312500
vt 0.718750 0.312500
vt 0.750000 0.750000
vt 0.718750 0.750000
vt 0.750000 0.250000
vt 0.718750 0.250000
vt 0.750000 0.687500
vt 0.718750 0.687500
vt 0.750000 0.187500
vt 0.718750 0.187500
vt 0.687500 0.250000
vt 0.687500 0.187500
vt 0.687500 0.687500
vt 0.687500 0.625000
vt 0.687500 0.125000
vt 0.687500 0.562500
vt 0.687500 0.062500
vt 0.687500 0.500000
vt 0.703125 1.000000
vt 0.687500 0.937500
vt 0.703125 0.000000
vt 0.687500 0.437500
vt 0.687500 0.875000
vt 0.687500 0.375000
vt 0.687500 0.812500
vt 0.687500 0.312500
vt 0.687500 0.750000
vt 0.656250 0.437500
vt 0.656250 0.375000
vt 0.656250 0.875000
vt 0.656250 0.812500
vt 0.656250 0.312500
vt 0.656250 0.750000
vt 0.656250 0.250000
vt 0.656250 0.687500
vt 0.656250 0.187500
vt 0.656250 0.625000
vt 0.656250 0.125000
vt 0.656250 0.562500
vt 0.656250 0.062500
vt 0.656250 0.500000
vt 0.671875 1.000000
vt 0.656250 0.937500
vt 0.671875 0.000000
vt 0.625000 0.187500
vt 0.625000 0.125000
vt 0.625000 0.625000
vt 0.625000 0.562500
vt 0.625000 0.062500
vt 0.625000 0.500000
vt 0.640625 1.000000
vt 0.625000 0.937500
vt 0.640625 0.000000
vt 0.625000 0.437500
vt 0.625000 0.875000
vt 0.625000 0.375000
vt 0.625000 0.812500
vt 0.625000 0.312500
vt 0.625000 0.750000
vt 0.625000 0.250000
vt 0.625000 0.687500
vt 0.593750 0.875000
vt 0.593750 0.812500
vt 0.593750 0.375000
vt 0.593750 0.312500
vt 0.593750 0.750000
vt 0.593750 0.250000
vt 0.593750 0.687500
vt 0.593750 0.187500
vt 0.593750 0.625000
vt 0.593750 0.125000
vt 0.593750 0.562500
vt 0.593750 0.062500
vt 0.593750 0.500000
vt 0.609375 1.000000
vt 0.593750 0.937500
vt 0.609375 0.000000
vt 0.593750 0.437500
vt 0.562500 0.625000
vt 0.562500 0.562500
vt 0.562500 0.125000
vt 0.562500 0.062500
vt 0.562500 0.500000
vt 0.578125 1.000000
vt 0.562500 0.937500
vt 0.578125 0.000000
vt 0.562500 0.437500
vt 0.562500 0.875000
vt 0.562500 0.375000
vt 0.562500 0.812500
vt 0.562500 0.312500
vt 0.562500 0.750000
vt 0.562500 0.250000
vt 0.562500 0.687500
vt 0.562500 0.187500
vt 0.531250 0.375000
vt 0.531250 0.312500
vt 0.531250 0.812500
vt 0.531250 0.750000
vt 0.531250 0.250000
vt 0.531250 0.687500
vt 0.531250 0.187500
vt 0.531250 0.625000
vt 0.531250 0.125000
vt 0.531250 0.562500
vt 0.531250 0.062500
vt 0.531250 0.500000
vt 0.546875 1.000000
vt 0.531250 0.937500
vt 0.546875 0.000000
vt 0.531250 0.437500
vt 0.531250 0.875000
vt 0.500000 0.125000
vt 0.500000 0.062500
vt 0.500000 0.562500
vt 0.500000 0.500000
vt 0.515625 1.000000
vt 0.500000 0.937500
vt 0.515625 0.000000
vt 0.500000 0.437500
vt 0.500000 0.875000
vt 0.500000 0.375000
vt 0.500000 0.812500
vt 0.500000 0.312500
vt 0.500000 0.750000
vt 0.500000 0.250000
vt 0.500000 0.687500
vt 0.500000 0.187500
vt 0.500000 0.625000
vt 0.468750 0.812500
vt 0.468750 0.750000
vt 0.468750 0.312500
vt 0.468750 0.250000
vt 0.468750 0.687500
vt 0.468750 0.187500
vt 0.468750 0.625000
vt 0.468750 0.125000
vt 0.468750 0.562500
vt 0.468750 0.062500
vt 0.468750 0.500000
vt 0.484375 1.000000
vt 0.468750 0.937500
vt 0.484375 0.000000
vt 0.468750 0.437500
vt 0.468750 0.875000
vt 0.468750 0.375000
vt 0.437500 0.562500
vt 0.437500 0.500000
vt 0.453125 1.000000
vt 0.437500 0.937500
vt 0.453125 0.000000
vt 0.437500 0.062500
vt 0.437500 0.437500
vt 0.437500 0.875000
vt 0.437500 0.375000
vt 0.437500 0.812500
vt 0.437500 0.312500
vt 0.437500 0.750000
vt 0.437500 0.250000
vt 0.437500 0.687500
vt 0.437500 0.187500
vt 0.437500 0.625000
vt 0.437500 0.125000
vt 0.406250 0.312500
vt 0.406250 0.250000
vt 0.406250 0.750000
vt 0.406250 0.687500
vt 0.406250 0.187500
vt 0.406250 0.625000
vt 0.406250 0.125000
vt 0.406250 0.562500
vt 0.406250 0.062500
vt 0.406250 0.500000
vt 0.421875 1.000000
vt 0.406250 0.937500
vt 0.421875 0.000000
vt 0.406250 0.437500
vt 0.406250 0.875000
vt 0.406250 0.375000
vt 0.406250 0.812500
vt 0.390625 0.000000
vt 0.375000 0.062500
vt 0.375000 0.500000
vt 0.375000 0.437500
vt 0.375000 0.937500
vt 0.375000 0.875000
vt 0.375000 0.375000
vt 0.375000 0.812500
vt 0.375000 0.312500
vt 0.375000 0.750000
vt 0.375000 0.250000
vt 0.375000 0.687500
vt 0.375000 0.187500
vt 0.375000 0.625000
vt 0.375000 0.125000
vt 0.375000 0.562500
vt 0.390625 1.000000
vt 0.343750 0.250000
vt 0.343750 0.187500
vt 0.343750 0.687500
vt 0.343750 0.625000
vt 0.343750 0.125000
vt 0.343750 0.562500
vt 0.343750 0.062500
vt 0.343750 0.500000
vt 0.359375 1.000000
vt 0.343750 0.937500
vt 0.359375 0.000000
vt 0.343750 0.437500
vt 0.343750 0.875000
vt 0.343750 0.375000
vt 0.343750 0.812500
vt 0.343750 0.312500
vt 0.343750 0.750000
vt 0.312500 0.937500
vt 0.312500 0.875000
vt 0.312500 0.437500
vt 0.312500 0.375000
vt 0.312500 0.812500
vt 0.312500 0.312500
vt 0.312500 0.750000
vt 0.312500 0.250000
vt 0.312500 0.687500
vt 0.312500 0.187500
vt 0.312500 0.625000
vt 0.312500 0.125000
vt 0.312500 0.562500
vt 0.312500 0.062500
vt 0.312500 0.500000
vt 0.328125 1.000000
vt 0.328125 0.000000
vt 0.281250 0.687500
vt 0.281250 0.625000
vt 0.281250 0.187500
vt 0.281250 0.125000
vt 0.281250 0.562500
vt 0.281250 0.062500
vt 0.281250 0.500000
vt 0.296875 1.000000
vt 0.281250 0.937500
vt 0.296875 0.000000
vt 0.281250 0.437500
vt 0.281250 0.875000
vt 0.281250 0.375000
vt 0.281250 0.812500
vt 0.281250 0.312500
vt 0.281250 0.750000
vt 0.281250 0.250000
vt 0.250000 0.437500
vt 0.250000 0.375000
vt 0.250000 0.875000
vt 0.250000 0.812500
vt 0.250000 0.312500
vt 0.250000 0.750000
vt 0.250000 0.250000
vt 0.250000 0.687500
vt 0.250000 0.187500
vt 0.250000 0.625000
vt 0.250000 0.125000
vt 0.250000 0.562500
vt 0.250000 0.062500
vt 0.250000 0.500000
vt 0.265625 1.000000
vt 0.250000 0.937500
vt 0.265625 0.000000
vt 0.218750 0.187500
vt 0.218750 0.125000
vt 0.218750 0.625000
vt 0.218750 0.562500
vt 0.218750 0.062500
vt 0.218750 0.500000
vt 0.234375 1.000000
vt 0.218750 0.937500
vt 0.234375 0.000000
vt 0.218750 0.437500
vt 0.218750 0.875000
vt 0.218750 0.375000
vt 0.218750 0.812500
vt 0.218750 0.312500
vt 0.218750 0.750000
vt 0.218750 0.250000
vt 0.218750 0.687500
vt 0.187500 0.875000
vt 0.187500 0.812500
vt 0.187500 0.375000
vt 0.187500 0.312500
vt 0.187500 0.750000
vt 0.187500 0.250000
vt 0.187500 0.687500
vt 0.187500 0.187500
vt 0.187500 0.625000
vt 0.187500 0.125000
vt 0.187500 0.562500
vt 0.187500 0.062500
vt 0.187500 0.500000
vt 0.203125 1.000000
vt 0.187500 0.937500
vt 0.203125 0.000000
vt 0.187500 0.437500
vt 0.156250 0.625000
vt 0.156250 0.562500
vt 0.156250 0.125000
vt 0.156250 0.062500
vt 0.156250 0.500000
vt 0.171875 1.000000
vt 0.156250 0.937500
vt 0.171875 0.000000
vt 0.156250 0.437500
vt 0.156250 0.875000
vt 0.156250 0.375000
vt 0.156250 0.812500
vt 0.156250 0.312500
vt 0.156250 0.750000
vt 0.156250 0.250000
vt 0.156250 0.687500
vt 0.156250 0.187500
vt 0.125000 0.375000
vt 0.125000 0.312500
vt 0.125000 0.812500
vt 0.125000 0.750000
vt 0.125000 0.250000
vt 0.125000 0.687500
vt 0.125000 0.187500
vt 0.125000 0.625000
vt 0.125000 0.125000
vt 0.125000 0.562500
vt 0.125000 0.062500
vt 0.125000 0.500000
vt 0.140625 1.000000
vt 0.125000 0.937500
vt 0.140625 0.000000
vt 0.125000 0.437500
vt 0.125000 0.875000
vt 0.093750 0.125000
vt 0.093750 0.062500
vt 0.093750 0.562500
vt 0.093750 0.500000
vt 0.109375 1.000000
vt 0.093750 0.937500
vt 0.109375 0.000000
vt 0.093750 0.437500
vt 0.093750 0.875000
vt 0.093750 0.375000
vt 0.093750 0.812500
vt 0.093750 0.312500
vt 0.093750 0.750000
vt 0.093750 0.250000
vt 0.093750 0.687500
vt 0.093750 0.187500
vt 0.093750 0.625000
vt 0.062500 0.312500
vt 0.062500 0.250000
vt 0.062500 0.750000
vt 0.062500 0.687500
vt 0.062500 0.187500
vt 0.062500 0.625000
vt 0.062500 0.125000
vt 0.062500 0.562500
vt 0.062500 0.062500
vt 0.062500 0.500000
vt 0.078125 1.000000
vt 0.062500 0.937500
vt 0.078125 0.000000
vt 0.062500 0.437500
vt 0.062500 0.875000
vt 0.062500 0.375000
vt 0.062500 0.812500
vt 0.046875 1.000000
vt 0.031250 0.937500
vt 0.046875 0.000000
vt 0.031250 0.062500
vt 0.031250 0.500000
vt 0.031250 0.437500
vt 0.031250 0.875000
vt 0.031250 0.375000
vt 0.031250 0.812500
vt 0.031250 0.312500
vt 0.031250 0.750000
vt 0.031250 0.250000
vt 0.031250 0.687500
vt 0.031250 0.187500
vt 0.031250 0.625000
vt 0.031250 0.125000
vt 0.031250 0.562500
vt 0.000000 0.750000
vt 0.000000 0.687500
vt 0.000000 0.250000
vt 0.000000 0.187500
vt 0.000000 0.625000
vt 0.000000 0.125000
vt 0.000000 0.562500
vt 0.000000 0.062500
vt 0.000000 0.500000
vt 0.015625 1.000000
vt 0.000000 0.937500
vt 0.015625 0.000000
vt 0.000000 0.437500
vt 0.000000 0.875000
vt 0.000000 0.375000
vt 0.000000 0.812500
vt 0.000000 0.312500
vt 1.000000 0.437500
vt 1.000000 0.500000
vt 0.968750 0.500000
vt 0.968750 0.437500
vt 1.000000 0.875000
vt 1.000000 0.937500
vt 0.968750 0.937500
vt 0.968750 0.875000
vt 1.000000 0.375000
vt 0.968750 0.375000
vt 1.000000 0.812500
vt 0.968750 0.812500
vt 1.000000 0.312500
vt 0.968750 0.312500
vt 1.000000 0.750000
vt 0.968750 0.750000
vt 1.000000 0.250000
vt 0.968750 0.250000
vt 1.000000 0.687500
vt 0.968750 0.687500
vt 1.000000 0.187500
vt 0.968750 0.187500
vt 1.000000 0.625000
vt 0.968750 0.625000
vt 1.000000 0.125000
vt 0.968750 0.125000
vt 1.000000 0.562500
vt 0.968750 0.562500
vt 1.000000 0.062500
vt 0.968750 0.062500
vt 0.984375 1.000000
vt 0.984375 0.000000
vt 0.937500 0.250000
vt 0.937500 0.187500
vt 0.937500 0.687500
vt 0.937500 0.625000
vt 0.937500 0.125000
vt 0.937500 0.562500
vt 0.937500 0.062500
vt 0.937500 0.500000
vt 0.953125 1.000000
vt 0.937500 0.937500
vt 0.953125 0.000000
vt 0.937500 0.437500
vt 0.937500 0.875000
vt 0.937500 0.375000
vt 0.937500 0.812500
vt 0.937500 0.312500
vt 0.937500 0.750000
vt 0.906250 0.937500
vt 0.906250 0.875000
vt 0.906250 0.437500
vt 0.906250 0.375000
vt 0.906250 0.812500
vt 0.906250 0.312500
vt 0.906250 0.750000
vt 0.906250 0.250000
vt 0.906250 0.687500
vt 0.906250 0.187500
vt 0.906250 0.625000
vt 0.906250 0.125000
vt 0.906250 0.562500
vt 0.906250 0.062500
vt 0.906250 0.500000
vt 0.921875 1.000000
vt 0.921875 0.000000
vt 0.875000 0.687500
vt 0.875000 0.625000
vt 0.875000 0.187500
vt 0.875000 0.125000
vt 0.875000 0.562500
vt 0.875000 0.062500
vt 0.875000 0.500000
vt 0.890625 1.000000
vt 0.875000 0.937500
vt 0.890625 0.000000
vt 0.875000 0.437500
vt 0.875000 0.875000
vt 0.875000 0.375000
vt 0.875000 0.812500
vt 0.875000 0.312500
vt 0.875000 0.750000
vt 0.875000 0.250000
vt 0.843750 0.437500
vt 0.843750 0.375000
vt 0.843750 0.875000
vt 0.843750 0.812500
vt 0.843750 0.312500
vt 0.843750 0.750000
vt 0.843750 0.250000
vt 0.843750 0.687500
vt 0.843750 0.187500
vt 0.843750 0.625000
vt 0.843750 0.125000
vt 0.843750 0.562500
vt 0.843750 0.062500
vt 0.843750 0.500000
vt 0.859375 1.000000
vt 0.843750 0.937500
vt 0.859375 0.000000
vt 0.812500 0.187500
vt 0.812500 0.125000
vt 0.812500 0.625000
vt 0.812500 0.562500
vt 0.812500 0.062500
vt 0.812500 0.500000
vt 0.828125 1.000000
vt 0.812500 0.937500
vt 0.828125 0.000000
vt 0.812500 0.437500
vt 0.812500 0.875000
vt 0.812500 0.375000
vt 0.812500 0.812500
vt 0.812500 0.312500
vt 0.812500 0.750000
vt 0.812500 0.250000
vt 0.812500 0.687500
vt 0.781250 0.375000
vt 0.781250 0.312500
vt 0.781250 0.812500
vt 0.781250 0.750000
vt 0.781250 0.250000
vt 0.781250 0.687500
vt 0.781250 0.187500
vt 0.781250 0.625000
vt 0.781250 0.125000
vt 0.781250 0.562500
vt 0.781250 0.062500
vt 0.781250 0.500000
vt 0.796875 1.000000
vt 0.781250 0.937500
vt 0.796875 0.000000
vt 0.781250 0.437500
vt 0.781250 0.875000
vt 0.765625 1.000000
vt 0.765625 0.000000
s 0
usemtl Material.001
f 4/1/1 477/2/1 14/3/1 15/4/1
f 482/5/2 481/6/2 22/7/2 23/8/2
f 5/9/3 4/1/3 15/4/3 16/10/3
f 474/11/4 1/12/4 9/13/4
f 8/14/5 482/5/5 23/8/5
f 6/15/6 5/9/6 16/10/6 17/16/6
f 475/17/7 474/11/7 9/13/7 10/18/7
f 478/19/8 6/15/8 17/16/8 18/20/8
f 2/21/9 475/17/9 10/18/9 11/22/9
f 7/23/10 478/19/10 18/20/10 19/24/10
f 476/25/11 2/21/11 11/22/11 12/26/11
f 479/27/12 7/23/12 19/24/12 20/28/12
f 3/29/13 476/25/13 12/26/13 13/30/13
f 480/31/14 479/27/14 20/28/14 21/32/14
f 477/2/15 3/29/15 13/30/15 14/3/15
f 481/6/16 480/31/16 21/32/16 22/7/16
f 21/32/17 20/28/17 35/33/17 36/34/17
f 14/3/18 13/30/18 28/35/18 29/36/18
f 22/7/19 21/32/19 36/34/19 37/37/19
f 15/4/20 14/3/20 29/36/20 30/38/20
f 23/8/21 22/7/21 37/37/21 38/39/21
f 16/10/22 15/4/22 30/38/22 31/40/22
f 9/13/23 1/41/23 24/42/23
f 8/43/24 23/8/24 38/39/24
f 17/16/25 16/10/25 31/40/25 32/44/25
f 10/18/26 9/13/26 24/42/26 25/45/26
f 18/20/27 17/16/27 32/44/27 33/46/27
f 11/22/28 10/18/28 25/45/28 26/47/28
f 19/24/29 18/20/29 33/46/29 34/48/29
f 12/26/30 11/22/30 26/47/30 27/49/30
f 20/28/31 19/24/31 34/48/31 35/33/31
f 13/30/32 12/26/32 27/49/32 28/35/32
f 33/46/33 32/44/33 47/50/33 48/51/33
f 26/47/34 25/45/34 40/52/34 41/53/34
f 34/48/35 33/46/35 48/51/35 49/54/35
f 27/49/36 26/47/36 41/53/36 42/55/36
f 35/33/37 34/48/37 49/54/37 50/56/37
f 28/35/38 27/49/38 42/55/38 43/57/38
f 36/34/39 35/33/39 50/56/39 51/58/39
f 29/36/40 28/35/40 43/57/40 44/59/40
f 37/37/41 36/34/41 51/58/41 52/60/41
f 30/38/42 29/36/42 44/59/42 45/61/42
f 38/39/43 37/37/43 52/60/43 53/62/43
f 31/40/44 30/38/44 45/61/44 46/63/44
f 24/42/45 1/64/45 39/65/45
f 8/66/46 38/39/46 53/62/46
f 32/44/47 31/40/47 46/63/47 47/50/47
f 25/45/48 24/42/48 39/65/48 40/52/48
f 52/60/49 51/58/49 66/67/49 67/68/49
f 45/61/50 44/59/50 59/69/50 60/70/50
f 53/62/51 52/60/51 67/68/51 68/71/51
f 46/63/52 45/61/52 60/70/52 61/72/52
f 39/65/53 1/73/53 54/74/53
f 8/75/54 53/62/54 68/71/54
f 47/50/55 46/63/55 61/72/55 62/76/55
f 40/52/56 39/65/56 54/74/56 55/77/56
f 48/51/57 47/50/57 62/76/57 63/78/57
f 41/53/58 40/52/58 55/77/58 56/79/58
f 49/54/59 48/51/59 63/78/59 64/80/59
f 42/55/60 41/53/60 56/79/60 57/81/60
f 50/56/61 49/54/61 64/80/61 65/82/61
f 43/57/62 42/55/62 57/81/62 58/83/62
f 51/58/63 50/56/63 65/82/63 66/67/63
f 44/59/64 43/57/64 58/83/64 59/69/64
f 56/79/65 55/77/65 70/84/65 71/85/65
f 64/80/66 63/78/66 78/86/66 79/87/66
f 57/81/67 56/79/67 71/85/67 72/88/67
f 65/82/68 64/80/68 79/87/68 80/89/68
f 58/83/69 57/81/69 72/88/69 73/90/69
f 66/67/70 65/82/70 80/89/70 81/91/70
f 59/69/71 58/83/71 73/90/71 74/92/71
f 67/68/72 66/67/72 81/91/72 82/93/72
f 60/70/73 59/69/73 74/92/73 75/94/73
f 68/71/74 67/68/74 82/93/74 83/95/74
f 61/72/75 60/70/75 75/94/75 76/96/75
f 54/74/76 1/97/76 69/98/76
f 8/99/77 68/71/77 83/95/77
f 62/76/78 61/72/78 76/96/78 77/100/78
f 55/77/79 54/74/79 69/98/79 70/84/79
f 63/78/80 62/76/80 77/100/80 78/86/80
f 75/94/81 74/92/81 89/101/81 90/102/81
f 83/95/82 82/93/82 97/103/82 98/104/82
f 76/96/83 75/94/83 90/102/83 91/105/83
f 69/98/84 1/106/84 84/107/84
f 8/108/85 83/95/85 98/104/85
f 77/100/86 76/96/86 91/105/86 92/109/86
f 70/84/87 69/98/87 84/107/87 85/110/87
f 78/86/88 77/100/88 92/109/88 93/111/88
f 71/85/89 70/84/89 85/110/89 86/112/89
f 79/87/90 78/86/90 93/111/90 94/113/90
f 72/88/91 71/85/91 86/112/91 87/114/91
f 80/89/92 79/87/92 94/113/92 95/115/92
f 73/90/93 72/88/93 87/114/93 88/116/93
f 81/91/94 80/89/94 95/115/94 96/117/94
f 74/92/95 73/90/95 88/116/95 89/101/95
f 82/93/96 81/91/96 96/117/96 97/103/96
f 94/113/97 93/111/97 108/118/97 109/119/97
f 87/114/98 86/112/98 101/120/98 102/121/98
f 95/115/99 94/113/99 109/119/99 110/122/99
f 88/116/100 87/114/100 102/121/100 103/123/100
f 96/117/101 95/115/101 110/122/101 111/124/101
f 89/101/102 88/116/102 103/123/102 104/125/102
f 97/103/103 96/117/103 111/124/103 112/126/103
f 90/102/104 89/101/104 104/125/104 105/127/104
f 98/104/105 97/103/105 112/126/105 113/128/105
f 91/105/106 90/102/106 105/127/106 106/129/106
f 84/107/107 1/130/107 99/131/107
f 8/132/108 98/104/108 113/128/108
f 92/109/109 91/105/109 106/129/109 107/133/109
f 85/110/110 84/107/110 99/131/110 100/134/110
f 93/111/111 92/109/111 107/133/111 108/118/111
f 86/112/112 85/110/112 100/134/112 101/120/112
f 113/128/113 112/126/113 127/135/113 128/136/113
f 106/129/114 105/127/114 120/137/114 121/138/114
f 99/131/115 1/139/115 114/140/115
f 8/141/116 113/128/116 128/136/116
f 107/133/117 106/129/117 121/138/117 122/142/117
f 100/134/118 99/131/118 114/140/118 115/143/118
f 108/118/119 107/133/119 122/142/119 123/144/119
f 101/120/120 100/134/120 115/143/120 116/145/120
f 109/119/121 108/118/121 123/144/121 124/146/121
f 102/121/122 101/120/122 116/145/122 117/147/122
f 110/122/123 109/119/123 124/146/123 125/148/123
f 103/123/124 102/121/124 117/147/124 118/149/124
f 111/124/125 110/122/125 125/148/125 126/150/125
f 104/125/126 103/123/126 118/149/126 119/151/126
f 112/126/127 111/124/127 126/150/127 127/135/127
f 105/127/128 104/125/128 119/151/128 120/137/128
f 117/147/129 116/145/129 131/152/129 132/153/129
f 125/148/130 124/146/130 139/154/130 140/155/130
f 118/149/131 117/147/131 132/153/131 133/156/131
f 126/150/132 125/148/132 140/155/132 141/157/132
f 119/151/133 118/149/133 133/156/133 134/158/133
f 127/135/134 126/150/134 141/157/134 142/159/134
f 120/137/135 119/151/135 134/158/135 135/160/135
f 128/136/136 127/135/136 142/159/136 143/161/136
f 121/138/137 120/137/137 135/160/137 136/162/137
f 114/140/138 1/163/138 129/164/138
f 8/165/139 128/136/139 143/161/139
f 122/142/140 121/138/140 136/162/140 137/166/140
f 115/143/141 114/140/141 129/164/141 130/167/141
f 123/144/142 122/142/142 137/166/142 138/168/142
f 116/145/143 115/143/143 130/167/143 131/152/143
f 124/146/144 123/144/144 138/168/144 139/154/144
f 136/162/145 135/160/145 150/169/145 151/170/145
f 129/164/146 1/171/146 144/172/146
f 8/173/147 143/161/147 158/174/147
f 137/166/148 136/162/148 151/170/148 152/175/148
f 130/167/149 129/164/149 144/172/149 145/176/149
f 138/168/150 137/166/150 152/175/150 153/177/150
f 131/152/151 130/167/151 145/176/151 146/178/151
f 139/154/152 138/168/152 153/177/152 154/179/152
f 132/153/153 131/152/153 146/178/153 147/180/153
f 140/155/154 139/154/154 154/179/154 155/181/154
f 133/156/155 132/153/155 147/180/155 148/182/155
f 141/157/156 140/155/156 155/181/156 156/183/156
f 134/158/157 133/156/157 148/182/157 149/184/157
f 142/159/158 141/157/158 156/183/158 157/185/158
f 135/160/159 134/158/159 149/184/159 150/169/159
f 143/161/160 142/159/160 157/185/160 158/174/160
f 155/181/161 154/179/161 169/186/161 170/187/161
f 148/182/162 147/180/162 162/188/162 163/189/162
f 156/183/163 155/181/163 170/187/163 171/190/163
f 149/184/164 148/182/164 163/189/164 164/191/164
f 157/185/165 156/183/165 171/190/165 172/192/165
f 150/169/166 149/184/166 164/191/166 165/193/166
f 158/174/167 157/185/167 172/192/167 173/194/167
f 151/170/168 150/169/168 165/193/168 166/195/168
f 144/172/169 1/196/169 159/197/169
f 8/198/170 158/174/170 173/194/170
f 152/175/171 151/170/171 166/195/171 167/199/171
f 145/176/172 144/172/172 159/197/172 160/200/172
f 153/177/173 152/175/173 167/199/173 168/201/173
f 146/178/174 145/176/174 160/200/174 161/202/174
f 154/179/175 153/177/175 168/201/175 169/186/175
f 147/180/176 146/178/176 161/202/176 162/188/176
f 8/203/177 173/194/177 188/204/177
f 167/199/178 166/195/178 181/205/178 182/206/178
f 160/200/179 159/197/179 174/207/179 175/208/179
f 168/201/180 167/199/180 182/206/180 183/209/180
f 161/202/181 160/200/181 175/208/181 176/210/181
f 169/186/182 168/201/182 183/209/182 184/211/182
f 162/188/183 161/202/183 176/210/183 177/212/183
f 170/187/184 169/186/184 184/211/184 185/213/184
f 163/189/185 162/188/185 177/212/185 178/214/185
f 171/190/186 170/187/186 185/213/186 186/215/186
f 164/191/187 163/189/187 178/214/187 179/216/187
f 172/192/188 171/190/188 186/215/188 187/217/188
f 165/193/189 164/191/189 179/216/189 180/218/189
f 173/194/190 172/192/190 187/217/190 188/204/190
f 166/195/191 165/193/191 180/218/191 181/205/191
f 159/197/192 1/219/192 174/207/192
f 186/215/193 185/213/193 200/220/193 201/221/193
f 179/216/194 178/214/194 193/222/194 194/223/194
f 187/217/195 186/215/195 201/221/195 202/224/195
f 180/218/196 179/216/196 194/223/196 195/225/196
f 188/204/197 187/217/197 202/224/197 203/226/197
f 181/205/198 180/218/198 195/225/198 196/227/198
f 174/207/199 1/228/199 189/229/199
f 8/230/200 188/204/200 203/226/200
f 182/206/201 181/205/201 196/227/201 197/231/201
f 175/208/202 174/207/202 189/229/202 190/232/202
f 183/209/203 182/206/203 197/231/203 198/233/203
f 176/210/204 175/208/204 190/232/204 191/234/204
f 184/211/205 183/209/205 198/233/205 199/235/205
f 177/212/206 176/210/206 191/234/206 192/236/206
f 185/213/207 184/211/207 199/235/207 200/220/207
f 178/214/208 177/212/208 192/236/208 193/222/208
f 190/232/209 189/229/209 204/237/209 205/238/209
f 198/233/210 197/231/210 212/239/210 213/240/210
f 191/234/211 190/232/211 205/238/211 206/241/211
f 199/235/212 198/233/212 213/240/212 214/242/212
f 192/236/213 191/234/213 206/241/213 207/243/213
f 200/220/214 199/235/214 214/242/214 215/244/214
f 193/222/215 192/236/215 207/243/215 208/245/215
f 201/221/216 200/220/216 215/244/216 216/246/216
f 194/223/217 193/222/217 208/245/217 209/247/217
f 202/224/218 201/221/218 216/246/218 217/248/218
f 195/225/219 194/223/219 209/247/219 210/249/219
f 203/226/220 202/224/220 217/248/220 218/250/220
f 196/227/221 195/225/221 210/249/221 211/251/221
f 189/229/222 1/252/222 204/237/222
f 8/253/223 203/226/223 218/250/223
f 197/231/224 196/227/224 211/251/224 212/239/224
f 209/247/225 208/245/225 223/254/225 224/255/225
f 217/248/226 216/246/226 231/256/226 232/257/226
f 210/249/227 209/247/227 224/255/227 225/258/227
f 218/250/228 217/248/228 232/257/228 233/259/228
f 211/251/229 210/249/229 225/258/229 226/260/229
f 204/237/230 1/261/230 219/262/230
f 8/263/231 218/250/231 233/259/231
f 212/239/232 211/251/232 226/260/232 227/264/232
f 205/238/233 204/237/233 219/262/233 220/265/233
f 213/240/234 212/239/234 227/264/234 228/266/234
f 206/241/235 205/238/235 220/265/235 221/267/235
f 214/242/236 213/240/236 228/266/236 229/268/236
f 207/243/237 206/241/237 221/267/237 222/269/237
f 215/244/238 214/242/238 229/268/238 230/270/238
f 208/245/239 207/243/239 222/269/239 223/254/239
f 216/246/240 215/244/240 230/270/240 231/256/240
f 228/266/241 227/264/241 242/271/241 243/272/241
f 221/267/242 220/265/242 235/273/242 236/274/242
f 229/268/243 228/266/243 243/272/243 244/275/243
f 222/269/244 221/267/244 236/274/244 237/276/244
f 230/270/245 229/268/245 244/275/245 245/277/245
f 223/254/246 222/269/246 237/276/246 238/278/246
f 231/256/247 230/270/247 245/277/247 246/279/247
f 224/255/248 223/254/248 238/278/248 239/280/248
f 232/257/249 231/256/249 246/279/249 247/281/249
f 225/258/250 224/255/250 239/280/250 240/282/250
f 233/259/251 232/257/251 247/281/251 248/283/251
f 226/260/252 225/258/252 240/282/252 241/284/252
f 219/262/253 1/285/253 234/286/253
f 8/287/254 233/259/254 248/283/254
f 227/264/255 226/260/255 241/284/255 242/271/255
f 220/265/256 219/262/256 234/286/256 235/273/256
f 247/281/257 246/279/257 261/288/257 262/289/257
f 240/282/258 239/280/258 254/290/258 255/291/258
f 248/283/259 247/281/259 262/289/259 263/292/259
f 241/284/260 240/282/260 255/291/260 256/293/260
f 234/286/261 1/294/261 249/295/261
f 8/296/262 248/283/262 263/292/262
f 242/271/263 241/284/263 256/293/263 257/297/263
f 235/273/264 234/286/264 249/295/264 250/298/264
f 243/272/265 242/271/265 257/297/265 258/299/265
f 236/274/266 235/273/266 250/298/266 251/300/266
f 244/275/267 243/272/267 258/299/267 259/301/267
f 237/276/268 236/274/268 251/300/268 252/302/268
f 245/277/269 244/275/269 259/301/269 260/303/269
f 238/278/270 237/276/270 252/302/270 253/304/270
f 246/279/271 245/277/271 260/303/271 261/288/271
f 239/280/272 238/278/272 253/304/272 254/290/272
f 251/300/273 250/298/273 265/305/273 266/306/273
f 259/301/274 258/299/274 273/307/274 274/308/274
f 252/302/275 251/300/275 266/306/275 267/309/275
f 260/303/276 259/301/276 274/308/276 275/310/276
f 253/304/277 252/302/277 267/309/277 268/311/277
f 261/288/278 260/303/278 275/310/278 276/312/278
f 254/290/279 253/304/279 268/311/279 269/313/279
f 262/289/280 261/288/280 276/312/280 277/314/280
f 255/291/281 254/290/281 269/313/281 270/315/281
f 263/292/282 262/289/282 277/314/282 278/316/282
f 256/293/283 255/291/283 270/315/283 271/317/283
f 249/295/284 1/318/284 264/319/284
f 8/320/285 263/292/285 278/316/285
f 257/297/286 256/293/286 271/317/286 272/321/286
f 250/298/287 249/295/287 264/319/287 265/305/287
f 258/299/288 257/297/288 272/321/288 273/307/288
f 270/315/289 269/313/289 284/322/289 285/323/289
f 278/316/290 277/314/290 292/324/290 293/325/290
f 271/317/291 270/315/291 285/323/291 286/326/291
f 264/319/292 1/327/292 279/328/292
f 8/329/293 278/316/293 293/325/293
f 272/321/294 271/317/294 286/326/294 287/330/294
f 265/305/295 264/319/295 279/328/295 280/331/295
f 273/307/296 272/321/296 287/330/296 288/332/296
f 266/306/297 265/305/297 280/331/297 281/333/297
f 274/308/298 273/307/298 288/332/298 289/334/298
f 267/309/299 266/306/299 281/333/299 282/335/299
f 275/310/300 274/308/300 289/334/300 290/336/300
f 268/311/301 267/309/301 282/335/301 283/337/301
f 276/312/302 275/310/302 290/336/302 291/338/302
f 269/313/303 268/311/303 283/337/303 284/322/303
f 277/314/304 276/312/304 291/338/304 292/324/304
f 289/334/305 288/332/305 303/339/305 304/340/305
f 282/335/306 281/333/306 296/341/306 297/342/306
f 290/336/307 289/334/307 304/340/307 305/343/307
f 283/337/308 282/335/308 297/342/308 298/344/308
f 291/338/309 290/336/309 305/343/309 306/345/309
f 284/322/310 283/337/310 298/344/310 299/346/310
f 292/324/311 291/338/311 306/345/311 307/347/311
f 285/323/312 284/322/312 299/346/312 300/348/312
f 293/325/313 292/324/313 307/347/313 308/349/313
f 286/326/314 285/323/314 300/348/314 301/350/314
f 279/328/315 1/351/315 294/352/315
f 8/353/316 293/325/316 308/349/316
f 287/330/317 286/326/317 301/350/317 302/354/317
f 280/331/318 279/328/318 294/352/318 295/355/318
f 288/332/319 287/330/319 302/354/319 303/339/319
f 281/333/320 280/331/320 295/355/320 296/341/320
f 308/349/321 307/347/321 322/356/321 323/357/321
f 301/350/322 300/348/322 315/358/322 316/359/322
f 294/352/323 1/360/323 309/361/323
f 8/362/324 308/349/324 323/357/324
f 302/354/325 301/350/325 316/359/325 317/363/325
f 295/355/326 294/352/326 309/361/326 310/364/326
f 303/339/327 302/354/327 317/363/327 318/365/327
f 296/341/328 295/355/328 310/364/328 311/366/328
f 304/340/329 303/339/329 318/365/329 319/367/329
f 297/342/330 296/341/330 311/366/330 312/368/330
f 305/343/331 304/340/331 319/367/331 320/369/331
f 298/344/332 297/342/332 312/368/332 313/370/332
f 306/345/333 305/343/333 320/369/333 321/371/333
f 299/346/334 298/344/334 313/370/334 314/372/334
f 307/347/335 306/345/335 321/371/335 322/356/335
f 300/348/336 299/346/336 314/372/336 315/358/336
f 320/369/337 319/367/337 334/373/337 335/374/337
f 313/370/338 312/368/338 327/375/338 328/376/338
f 321/371/339 320/369/339 335/374/339 336/377/339
f 314/372/340 313/370/340 328/376/340 329/378/340
f 322/356/341 321/371/341 336/377/341 337/379/341
f 315/358/342 314/372/342 329/378/342 330/380/342
f 323/357/343 322/356/343 337/379/343 338/381/343
f 316/359/344 315/358/344 330/380/344 331/382/344
f 309/361/345 1/383/345 324/384/345
f 8/385/346 323/357/346 338/381/346
f 317/363/347 316/359/347 331/382/347 332/386/347
f 310/364/348 309/361/348 324/384/348 325/387/348
f 318/365/349 317/363/349 332/386/349 333/388/349
f 311/366/350 310/364/350 325/387/350 326/389/350
f 319/367/351 318/365/351 333/388/351 334/373/351
f 312/368/352 311/366/352 326/389/352 327/375/352
f 324/384/353 1/390/353 339/391/353
f 8/392/354 338/381/354 353/393/354
f 332/386/355 331/382/355 346/394/355 347/395/355
f 325/387/356 324/384/356 339/391/356 340/396/356
f 333/388/357 332/386/357 347/395/357 348/397/357
f 326/389/358 325/387/358 340/396/358 341/398/358
f 334/373/359 333/388/359 348/397/359 349/399/359
f 327/375/360 326/389/360 341/398/360 342/400/360
f 335/374/361 334/373/361 349/399/361 350/401/361
f 328/376/362 327/375/362 342/400/362 343/402/362
f 336/377/363 335/374/363 350/401/363 351/403/363
f 329/378/364 328/376/364 343/402/364 344/404/364
f 337/379/365 336/377/365 351/403/365 352/405/365
f 330/380/366 329/378/366 344/404/366 345/406/366
f 338/381/367 337/379/367 352/405/367 353/393/367
f 331/382/368 330/380/368 345/406/368 346/394/368
f 343/402/369 342/400/369 357/407/369 358/408/369
f 351/403/370 350/401/370 365/409/370 366/410/370
f 344/404/371 343/402/371 358/408/371 359/411/371
f 352/405/372 351/403/372 366/410/372 367/412/372
f 345/406/373 344/404/373 359/411/373 360/413/373
f 353/393/374 352/405/374 367/412/374 368/414/374
f 346/394/375 345/406/375 360/413/375 361/415/375
f 339/391/376 1/416/376 354/417/376
f 8/418/377 353/393/377 368/414/377
f 347/395/378 346/394/378 361/415/378 362/419/378
f 340/396/379 339/391/379 354/417/379 355/420/379
f 348/397/380 347/395/380 362/419/380 363/421/380
f 341/398/381 340/396/381 355/420/381 356/422/381
f 349/399/382 348/397/382 363/421/382 364/423/382
f 342/400/383 341/398/383 356/422/383 357/407/383
f 350/401/384 349/399/384 364/423/384 365/409/384
f 362/424/385 361/425/385 376/426/385 377/427/385
f 355/428/386 354/429/386 369/430/386 370/431/386
f 363/432/387 362/424/387 377/427/387 378/433/387
f 356/434/388 355/428/388 370/431/388 371/435/388
f 364/436/389 363/432/389 378/433/389 379/437/389
f 357/438/390 356/434/390 371/435/390 372/439/390
f 365/440/391 364/436/391 379/437/391 380/441/391
f 358/442/392 357/438/392 372/439/392 373/443/392
f 366/444/393 365/440/393 380/441/393 381/445/393
f 359/446/394 358/442/394 373/443/394 374/447/394
f 367/448/395 366/444/395 381/445/395 382/449/395
f 360/450/396 359/446/396 374/447/396 375/451/396
f 368/452/397 367/448/397 382/449/397 383/453/397
f 361/425/398 360/450/398 375/451/398 376/426/398
f 354/429/399 1/454/399 369/430/399
f 8/455/400 368/452/400 383/453/400
f 381/445/401 380/441/401 395/456/401 396/457/401
f 374/447/402 373/443/402 388/458/402 389/459/402
f 382/449/403 381/445/403 396/457/403 397/460/403
f 375/451/404 374/447/404 389/459/404 390/461/404
f 383/453/405 382/449/405 397/460/405 398/462/405
f 376/426/406 375/451/406 390/461/406 391/463/406
f 369/430/407 1/464/407 384/465/407
f 8/466/408 383/453/408 398/462/408
f 377/427/409 376/426/409 391/463/409 392/467/409
f 370/431/410 369/430/410 384/465/410 385/468/410
f 378/433/411 377/427/411 392/467/411 393/469/411
f 371/435/412 370/431/412 385/468/412 386/470/412
f 379/437/413 378/433/413 393/469/413 394/471/413
f 372/439/414 371/435/414 386/470/414 387/472/414
f 380/441/415 379/437/415 394/471/415 395/456/415
f 373/443/416 372/439/416 387/472/416 388/458/416
f 385/468/417 384/465/417 399/473/417 400/474/417
f 393/469/418 392/467/418 407/475/418 408/476/418
f 386/470/419 385/468/419 400/474/419 401/477/419
f 394/471/420 393/469/420 408/476/420 409/478/420
f 387/472/421 386/470/421 401/477/421 402/479/421
f 395/456/422 394/471/422 409/478/422 410/480/422
f 388/458/423 387/472/423 402/479/423 403/481/423
f 396/457/424 395/456/424 410/480/424 411/482/424
f 389/459/425 388/458/425 403/481/425 404/483/425
f 397/460/426 396/457/426 411/482/426 412/484/426
f 390/461/427 389/459/427 404/483/427 405/485/427
f 398/462/428 397/460/428 412/484/428 413/486/428
f 391/463/429 390/461/429 405/485/429 406/487/429
f 384/465/430 1/488/430 399/473/430
f 8/489/431 398/462/431 413/486/431
f 392/467/432 391/463/432 406/487/432 407/475/432
f 404/483/433 403/481/433 418/490/433 419/491/433
f 412/484/434 411/482/434 426/492/434 427/493/434
f 405/485/435 404/483/435 419/491/435 420/494/435
f 413/486/436 412/484/436 427/493/436 428/495/436
f 406/487/437 405/485/437 420/494/437 421/496/437
f 399/473/438 1/497/438 414/498/438
f 8/499/439 413/486/439 428/495/439
f 407/475/440 406/487/440 421/496/440 422/500/440
f 400/474/441 399/473/441 414/498/441 415/501/441
f 408/476/442 407/475/442 422/500/442 423/502/442
f 401/477/443 400/474/443 415/501/443 416/503/443
f 409/478/444 408/476/444 423/502/444 424/504/444
f 402/479/445 401/477/445 416/503/445 417/505/445
f 410/480/446 409/478/446 424/504/446 425/506/446
f 403/481/447 402/479/447 417/505/447 418/490/447
f 411/482/448 410/480/448 425/506/448 426/492/448
f 423/502/449 422/500/449 437/507/449 438/508/449
f 416/503/450 415/501/450 430/509/450 431/510/450
f 424/504/451 423/502/451 438/508/451 439/511/451
f 417/505/452 416/503/452 431/510/452 432/512/452
f 425/506/453 424/504/453 439/511/453 440/513/453
f 418/490/454 417/505/454 432/512/454 433/514/454
f 426/492/455 425/506/455 440/513/455 441/515/455
f 419/491/456 418/490/456 433/514/456 434/516/456
f 427/493/457 426/492/457 441/515/457 442/517/457
f 420/494/458 419/491/458 434/516/458 435/518/458
f 428/495/459 427/493/459 442/517/459 443/519/459
f 421/496/460 420/494/460 435/518/460 436/520/460
f 414/498/461 1/521/461 429/522/461
f 8/523/462 428/495/462 443/519/462
f 422/500/463 421/496/463 436/520/463 437/507/463
f 415/501/464 414/498/464 429/522/464 430/509/464
f 442/517/465 441/515/465 456/524/465 457/525/465
f 435/518/466 434/516/466 449/526/466 450/527/466
f 443/519/467 442/517/467 457/525/467 458/528/467
f 436/520/468 435/518/468 450/527/468 451/529/468
f 429/522/469 1/530/469 444/531/469
f 8/532/470 443/519/470 458/528/470
f 437/507/471 436/520/471 451/529/471 452/533/471
f 430/509/472 429/522/472 444/531/472 445/534/472
f 438/508/473 437/507/473 452/533/473 453/535/473
f 431/510/474 430/509/474 445/534/474 446/536/474
f 439/511/475 438/508/475 453/535/475 454/537/475
f 432/512/476 431/510/476 446/536/476 447/538/476
f 440/513/477 439/511/477 454/537/477 455/539/477
f 433/514/478 432/512/478 447/538/478 448/540/478
f 441/515/479 440/513/479 455/539/479 456/524/479
f 434/516/480 433/514/480 448/540/480 449/526/480
f 454/537/481 453/535/481 468/541/481 469/542/481
f 447/538/482 446/536/482 461/543/482 462/544/482
f 455/539/483 454/537/483 469/542/483 470/545/483
f 448/540/484 447/538/484 462/544/484 463/546/484
f 456/524/485 455/539/485 470/545/485 471/547/485
f 449/526/486 448/540/486 463/546/486 464/548/486
f 457/525/487 456/524/487 471/547/487 472/549/487
f 450/527/488 449/526/488 464/548/488 465/550/488
f 458/528/489 457/525/489 472/549/489 473/551/489
f 451/529/490 450/527/490 465/550/490 466/552/490
f 444/531/491 1/553/491 459/554/491
f 8/555/492 458/528/492 473/551/492
f 452/533/493 451/529/493 466/552/493 467/556/493
f 445/534/494 444/531/494 459/554/494 460/557/494
f 453/535/495 452/533/495 467/556/495 468/541/495
f 446/536/496 445/534/496 460/557/496 461/543/496
f 473/551/497 472/549/497 481/6/497 482/5/497
f 466/552/498 465/550/498 4/1/498 5/9/498
f 459/554/499 1/558/499 474/11/499
f 8/559/500 473/551/500 482/5/500
f 467/556/501 466/552/501 5/9/501 6/15/501
f 460/557/502 459/554/502 474/11/502 475/17/502
f 468/541/503 467/556/503 6/15/503 478/19/503
f 461/543/504 460/557/504 475/17/504 2/21/504
f 469/542/505 468/541/505 478/19/505 7/23/505
f 462/544/506 461/543/506 2/21/506 476/25/506
f 470/545/507 469/542/507 7/23/507 479/27/507
f 463/546/508 462/544/508 476/25/508 3/29/508
f 471/547/509 470/545/509 479/27/509 480/31/509
f 464/548/510 463/546/510 3/29/510 477/2/510
f 472/549/511 471/547/511 480/31/511 481/6/511
f 465/550/512 464/548/512 477/2/512 4/1/512
o enemy_torso
v -0.697977 6.385837 -0.304247
v -0.697977 6.385837 0.304253
v -0.744577 6.487236 -0.000047
v 0.623823 6.385837 -0.304147
v 0.623823 6.385736 0.304353
v 0.670423 6.487236 0.000053
v -0.489977 6.423536 0.333253
v -0.037077 6.423536 0.587553
v -0.037077 5.671536 0.902553
v 0.624823 5.850036 0.553353
v 0.767923 5.671536 0.028353
v 0.624823 5.850036 -0.534947
v -0.698977 5.850036 0.553353
v -0.842077 5.671536 0.028353
v -0.698977 5.850036 -0.534947
v -0.037077 5.671536 -0.846447
v -0.037077 6.423536 -0.531447
v 0.415823 6.423536 -0.276447
v 0.415823 6.423536 0.333253
v -0.489977 6.423536 -0.276447
v -0.037077 4.102536 1.080053
v 0.757923 4.101936 -0.606847
v 1.068823 4.101936 0.067953
v -0.037077 4.101936 -1.009947
v 0.757923 4.101936 0.741953
v -0.832077 4.101936 -0.606847
v -0.832077 4.101936 0.741953
v -1.142977 4.101936 0.067953
v 0.363423 6.570236 0.028353
v 0.238223 6.702036 0.153852
v -0.037077 6.702036 0.275352
v -0.312377 6.702036 0.153852
v -0.037077 6.702036 -0.210348
v -0.312377 6.702036 -0.088848
v -0.037077 5.146036 -1.037047
v -0.822777 5.146036 -0.709647
v -0.037077 4.290436 -1.201647
v -0.998877 4.290436 -0.812547
v 0.748623 5.146036 -0.709647
v 0.985623 5.146036 0.022753
v 0.725123 5.146036 0.770253
v -0.037077 5.146036 1.113753
v -0.799277 5.146036 0.770253
v -1.059777 5.146036 0.022753
v 0.924723 4.290436 -0.812547
v 1.259623 4.290436 0.066853
v 0.869023 4.290436 0.946253
v -0.037077 4.290436 1.344253
v -0.943177 4.290436 0.946253
v -1.333777 4.290436 0.066853
v -0.437577 6.570236 0.028353
v 0.238223 6.702036 -0.088848
v -0.647577 6.141037 -0.473247
v -0.726477 5.896236 -0.304247
v -0.801377 5.794837 -0.001247
v -0.726477 5.896236 0.304253
v -0.613677 6.145136 0.485853
v 0.573423 6.141136 -0.473247
v 0.652323 5.896236 -0.304247
v 0.727223 5.794837 0.000053
v 0.871523 5.789036 0.317353
v 0.652323 5.896236 0.304253
v 0.539523 6.145036 0.485853
v -0.037077 3.454536 0.600453
v -0.351677 3.454536 0.609553
v -0.037077 3.257136 0.243553
v -0.668677 3.732336 0.855753
v -0.037077 3.732336 0.985253
v 0.600023 3.732336 -0.762747
v 0.276523 3.456836 -0.473247
v 0.219223 3.171836 -0.225047
v 0.189723 3.277736 -0.216347
v -0.037077 3.732336 -0.892247
v -0.037077 3.454536 -0.464147
v -0.037077 3.283336 -0.144747
v 0.189723 3.277736 0.261453
v 0.594523 3.732336 0.855753
v 0.277523 3.454536 0.609553
v -0.674177 3.732336 -0.762747
v -0.263877 3.277736 0.261453
v -0.350677 3.456836 -0.473247
v -1.167077 3.423336 0.023053
v -0.293277 3.170136 0.270253
v -0.739277 3.257936 -0.562247
vn 0.5456 0.8358 0.0614
vn 0.2801 0.8053 0.5225
vn 0.3017 0.9457 -0.1207
vn 0.4226 0.6947 0.5821
vn 0.4047 0.8733 0.2713
vn -0.0000 0.6254 0.7803
vn -0.0000 0.9372 0.3488
vn -0.4047 0.8733 0.2713
vn -0.0000 0.9742 -0.2257
vn -0.4774 0.8190 -0.3184
vn -0.0000 0.6523 -0.7579
vn -0.3292 0.7758 -0.5383
vn -0.0000 0.2797 -0.9601
vn -0.7763 0.3111 -0.5483
vn -0.0000 0.3339 -0.9426
vn -0.7037 0.2528 -0.6640
vn -0.0000 -0.1303 -0.9915
vn -0.6157 -0.5125 -0.5986
vn -0.0000 -0.4720 -0.8816
vn -0.7309 -0.3047 -0.6107
vn 0.7923 0.2888 -0.5375
vn 0.7189 0.2688 -0.6411
vn 0.9479 0.3164 -0.0370
vn 0.9501 0.3104 -0.0303
vn 0.8208 0.3377 0.4608
vn 0.6942 0.3015 0.6536
vn 0.0606 0.3612 0.9305
vn 0.0043 0.3150 0.9491
vn -0.7871 0.3318 0.5200
vn -0.7193 0.2898 0.6314
vn -0.9508 0.3074 0.0378
vn -0.9490 0.3106 0.0538
vn 0.7022 -0.3342 -0.6287
vn 0.9611 -0.2750 0.0271
vn 0.6661 -0.2949 0.6850
vn -0.0327 -0.3499 0.9362
vn -0.7019 -0.3155 0.6385
vn -0.9658 -0.2586 0.0176
vn 0.7156 -0.4126 -0.5636
vn 0.8833 -0.4639 0.0672
vn 0.6584 -0.4146 0.6282
vn -0.0420 -0.4349 0.8995
vn -0.6963 -0.4212 0.5811
vn -0.8721 -0.4869 -0.0483
vn -0.5459 0.8356 0.0610
vn 0.4774 0.8190 -0.3184
vn 0.3293 0.7758 -0.5382
vn 0.1958 0.7086 -0.6779
vn -0.1300 0.9914 -0.0163
vn -0.0528 0.8346 -0.5483
vn -0.4225 0.6948 0.5820
vn -0.1394 0.7659 0.6277
vn -0.5361 -0.6413 0.5489
vn 0.6250 -0.3091 0.7168
vn 0.5836 -0.8036 0.1165
vn -0.3688 0.2427 0.8973
vn 0.3691 0.3553 0.8588
vn 0.2345 -0.7532 -0.6146
vn 0.2925 0.2333 -0.9274
vn -0.8396 -0.5417 -0.0410
vn -0.6026 -0.5923 0.5349
vn -0.7408 -0.2960 -0.6030
vn -0.3230 0.3739 -0.8694
vn -0.0230 -0.8109 0.5847
vn 0.2603 -0.7143 0.6496
vn 0.0075 -0.9669 0.2549
vn -0.3440 -0.4096 0.8449
vn -0.0002 -0.6063 0.7952
vn -0.8330 -0.3526 -0.4263
vn -0.7451 -0.6153 -0.2574
vn -0.2844 -0.6939 -0.6616
vn 0.3965 -0.3061 -0.8655
vn -0.0000 -0.6765 -0.7364
vn -0.0000 -0.8608 -0.5089
vn 0.0167 -0.9394 -0.3424
vn 0.0076 -0.9670 0.2547
vn 0.0167 -0.9395 -0.3422
vn -0.3762 -0.8539 0.3595
vn -0.0707 -0.7954 0.6020
vn 0.3044 -0.3586 0.8825
vn -0.2819 -0.3369 -0.8984
vn 0.6997 -0.6848 0.2034
vn 0.2843 -0.6939 -0.6616
vn -0.9956 -0.0511 0.0789
vn 0.8227 -0.4051 0.3989
vn -0.0684 -0.3483 -0.9349
vt 0.113300 0.984100
vt 0.256500 0.941900
vt 0.317200 0.948200
vt 0.170300 0.942200
vt 0.071400 0.986700
vt 0.008900 0.942200
vt 0.011500 0.986700
vt 0.647800 0.986700
vt 0.570900 0.986700
vt 0.645000 0.942200
vt 0.472200 0.942200
vt 0.643700 0.667900
vt 0.447000 0.802000
vt 0.643600 0.768400
vt 0.474500 0.667900
vt 0.643900 0.457200
vt 0.474400 0.457200
vt 0.643700 0.432800
vt 0.490800 0.432900
vt 0.316500 0.768400
vt 0.316500 0.667900
vt 0.220900 0.802000
vt 0.184400 0.667900
vt 0.008900 0.780900
vt 0.008900 0.667900
vt 0.316500 0.457200
vt 0.199400 0.457200
vt 0.008900 0.457200
vt 0.315900 0.432900
vt 0.191300 0.432900
vt 0.008900 0.432900
vt 0.307800 0.959600
vt 0.265800 0.976000
vt 0.336600 0.976000
vt 0.384000 0.942900
vt 0.537500 0.988700
vt 0.050400 0.149700
vt 0.020900 0.148400
vt 0.020900 0.118000
vt 0.237100 0.856700
vt 0.257000 0.820300
vt 0.316500 0.810400
vt 0.343300 0.824200
vt 0.440500 0.856900
vt 0.012400 0.328100
vt 0.083000 0.328100
vt 0.012400 0.300100
vt 0.154100 0.367400
vt 0.012400 0.367400
vt 0.012400 0.428100
vt 0.582100 0.288100
vt 0.589200 0.303100
vt 0.569800 0.328400
vt 0.497200 0.367400
vt 0.640100 0.428100
vt 0.461800 0.428100
vt 0.640100 0.367400
vt 0.640100 0.328100
vt 0.640100 0.303900
vt 0.012600 0.303900
vt 0.063400 0.303100
vt 0.190800 0.428100
vt 0.326300 0.323700
vt 0.326300 0.428100
vt 0.063800 0.287800
vt 0.472100 0.300300
s 1
usemtl Material06
f 511/560/513 487/561/514 488/562/515
f 511/560/513 501/563/516 487/561/514
f 512/564/517 501/563/516 511/560/513
f 512/564/517 490/565/518 501/563/516
f 513/566/519 490/565/518 512/564/517
f 513/566/519 514/564/520 490/565/518
f 515/567/521 514/564/520 513/566/519
f 515/567/521 516/568/522 514/564/520
f 499/569/523 516/568/522 515/567/521
f 499/569/523 502/570/524 516/568/522
f 517/571/525 497/572/526 498/573/527
f 517/571/525 518/574/528 497/572/526
f 519/575/529 518/574/528 517/571/525
f 519/575/529 520/576/530 518/574/528
f 506/577/531 520/576/530 519/575/529
f 506/577/531 508/578/532 520/576/530
f 494/572/533 517/571/525 498/573/527
f 494/572/533 521/574/534 517/571/525
f 493/579/535 521/574/534 494/572/533
f 493/579/535 522/580/536 521/574/534
f 492/581/537 522/580/536 493/579/535
f 492/581/537 523/582/538 522/580/536
f 491/583/539 523/582/538 492/581/537
f 491/583/539 524/584/540 523/582/538
f 495/581/541 524/584/540 491/583/539
f 495/581/541 525/582/542 524/584/540
f 496/579/543 525/582/542 495/581/541
f 496/579/543 526/580/544 525/582/542
f 497/572/526 526/580/544 496/579/543
f 497/572/526 518/574/528 526/580/544
f 521/574/534 519/575/529 517/571/525
f 521/574/534 527/576/545 519/575/529
f 522/580/536 527/576/545 521/574/534
f 522/580/536 528/585/546 527/576/545
f 523/582/538 528/585/546 522/580/536
f 523/582/538 529/586/547 528/585/546
f 524/584/540 529/586/547 523/582/538
f 524/584/540 530/587/548 529/586/547
f 525/582/542 530/587/548 524/584/540
f 525/582/542 531/586/549 530/587/548
f 526/580/544 531/586/549 525/582/542
f 526/580/544 532/585/550 531/586/549
f 518/574/528 532/585/550 526/580/544
f 518/574/528 520/576/530 532/585/550
f 527/576/545 506/577/531 519/575/529
f 527/576/545 504/578/551 506/577/531
f 528/585/546 504/578/551 527/576/545
f 528/585/546 505/588/552 504/578/551
f 529/586/547 505/588/552 528/585/546
f 529/586/547 507/589/553 505/588/552
f 530/587/548 507/589/553 529/586/547
f 530/587/548 503/590/554 507/589/553
f 531/586/549 503/590/554 530/587/548
f 531/586/549 509/589/555 503/590/554
f 532/585/550 509/589/555 531/586/549
f 532/585/550 510/588/556 509/589/555
f 520/576/530 510/588/556 532/585/550
f 520/576/530 508/578/532 510/588/556
f 533/591/557 514/592/520 516/593/522
f 511/591/513 534/593/558 512/592/517
f 500/570/559 488/562/515 486/594/560
f 488/562/515 500/570/559 511/595/513
f 534/568/558 511/595/513 500/570/559
f 502/570/524 533/595/557 516/568/522
f 533/595/557 502/570/524 485/562/561
f 483/594/562 485/562/561 502/570/524
f 512/564/517 515/567/521 513/566/519
f 515/567/521 512/564/517 534/568/558
f 534/568/558 499/569/523 515/567/521
f 499/569/523 534/568/558 500/570/559
f 514/564/520 489/563/563 490/565/518
f 489/563/563 514/564/520 533/560/557
f 533/560/557 484/561/564 489/563/563
f 484/561/564 533/560/557 485/562/561
f 543/596/565 544/597/566 542/598/567
f 539/599/568 489/563/563 484/561/564
f 539/599/568 490/565/518 489/563/563
f 491/583/539 490/565/518 539/599/568
f 491/583/539 545/599/569 490/565/518
f 492/581/537 545/599/569 491/583/539
f 492/581/537 544/600/566 545/599/569
f 493/579/535 544/600/566 492/581/537
f 493/579/535 542/601/567 544/600/566
f 494/572/533 542/601/567 493/579/535
f 494/572/533 541/602/570 542/601/567
f 540/603/571 541/602/570 494/572/533
f 537/601/572 495/581/541 538/600/573
f 537/601/572 496/579/543 495/581/541
f 536/602/574 496/579/543 537/601/572
f 536/602/574 497/572/526 496/579/543
f 535/603/575 497/572/526 536/602/574
f 535/603/575 498/573/527 497/572/526
f 499/569/523 498/573/527 535/603/575
f 499/569/523 540/603/571 498/573/527
f 500/570/559 540/603/571 499/569/523
f 500/570/559 486/594/560 540/603/571
f 545/599/569 501/563/516 490/565/518
f 501/563/516 545/599/569 487/561/514
f 539/599/568 495/581/541 491/583/539
f 495/581/541 539/599/568 538/600/573
f 540/603/571 494/572/533 498/573/527
f 535/603/575 502/570/524 499/569/523
f 502/570/524 535/603/575 483/594/562
f 546/604/576 547/605/577 548/606/578
f 546/604/576 549/607/579 547/605/577
f 550/608/580 549/607/579 546/604/576
f 550/608/580 503/609/554 549/607/579
f 553/610/581 554/611/582 552/612/583
f 551/613/584 506/614/531 504/615/551
f 551/613/584 555/616/585 506/614/531
f 552/612/583 555/616/585 551/613/584
f 552/612/583 556/617/586 555/616/585
f 557/618/587 556/617/586 552/612/583
f 548/606/588 557/619/589 558/620/590
f 550/608/580 560/605/591 559/607/592
f 550/608/580 546/604/576 560/605/591
f 506/614/531 561/613/593 508/615/532
f 561/613/593 506/614/531 555/616/585
f 547/605/577 562/620/594 548/606/578
f 549/607/579 503/609/554 509/621/555
f 552/612/583 554/611/582 557/618/587
f 503/609/554 559/607/592 507/621/553
f 559/607/592 503/609/554 550/608/580
f 548/606/578 560/605/591 546/604/576
f 555/616/585 563/612/595 561/613/593
f 563/612/595 555/616/585 556/617/586
f 557/618/587 563/612/595 556/617/586
f 564/622/596 509/621/555 510/623/556
f 564/622/596 549/607/579 509/621/555
f 565/624/597 562/620/594 547/605/577
f 508/615/532 564/622/596 510/623/556
f 561/613/593 566/625/598 508/615/532
o enemy_arm_left
v 0.870176 6.292867 -0.280522
v 0.677081 6.170889 -0.396517
v 0.491830 6.049532 -0.267763
v 0.422927 5.999806 0.030395
v 0.510788 6.050761 0.323347
v 0.704020 6.172710 0.439433
v 0.889218 6.294148 0.310680
v 0.958118 6.343874 0.012426
v 2.549983 4.073658 -0.361547
v 1.462511 4.937366 -0.494808
v 2.029423 3.858412 -0.503005
v 1.756189 5.122998 -0.331103
v 2.554956 4.115304 0.332986
v 1.789142 5.104620 0.298772
v 2.232786 3.993296 0.716479
v 1.509115 4.915650 0.481546
v 1.806615 3.677279 0.570482
v 1.204191 4.728594 0.318394
v 1.171236 4.746972 -0.311576
v 1.065578 4.980826 0.323276
v 1.341719 5.155187 0.488043
v 1.602865 5.326240 0.305333
v 1.314502 5.147195 -0.479006
v 1.594573 5.323957 -0.313987
v 1.041828 4.968616 -0.295434
v 1.756936 3.661760 -0.313753
v 2.619173 3.836038 -0.323631
v 2.242220 3.678505 -0.497949
v 2.645544 3.838137 0.336104
v 2.309147 3.749098 0.743738
v 2.047749 3.582708 0.659514
v 2.032327 3.578869 0.110726
v 1.999000 3.528218 -0.391710
v 2.438317 3.196157 1.017035
v 2.195626 3.044443 0.837459
v 2.617449 2.770732 1.024805
v 2.412230 2.687002 0.892743
v 2.586111 2.678454 0.843053
v 2.524196 2.738183 0.644448
v 2.346396 3.102243 0.501136
v 2.650043 3.194372 0.678406
v 2.565268 3.238307 0.682079
v 2.495407 3.085102 0.557614
v 2.894361 2.810429 0.723184
v 2.728381 2.705420 0.624296
v 3.280317 2.226893 0.463668
v 3.109626 2.162400 0.403257
v 3.325758 2.120994 0.010259
v 3.126308 2.093015 0.016206
v 3.251386 2.225172 -0.440604
v 3.085038 2.160913 -0.369172
v 2.849351 2.807668 -0.688675
v 2.690886 2.703211 -0.550659
v 2.614214 3.182102 -0.651263
v 2.461024 3.081066 -0.521274
v 2.961865 3.400972 -0.406117
v 2.988202 3.402531 0.416923
v 3.213532 3.020799 0.439987
v 3.406685 2.353639 0.393389
v 3.495407 2.330748 0.003945
v 3.382017 2.352100 -0.379037
v 3.185836 3.019071 -0.427259
v 2.729498 2.821619 0.776795
vn 0.7312 0.3128 -0.6062
vn -0.0540 -0.0737 -0.9958
vn -0.0741 0.0035 -0.9972
vn 0.6487 0.5340 -0.5423
vn 0.8210 0.4593 0.3393
vn 0.6787 0.5861 0.4426
vn 0.1112 0.2353 0.9655
vn -0.0655 0.0726 0.9952
vn -0.6568 -0.5280 0.5384
vn -0.7525 -0.3627 0.5497
vn -0.7987 -0.4359 -0.4149
vn -0.5731 -0.3606 0.7359
vn -0.8393 -0.5365 0.0879
vn -0.7420 -0.4318 0.5128
vn -0.0745 -0.0276 0.9968
vn 0.2020 0.1059 0.9736
vn 0.6472 0.4693 0.6007
vn 0.6977 0.4571 0.5516
vn 0.8398 0.5367 -0.0819
vn 0.0029 0.0912 -0.9958
vn 0.7174 0.5652 -0.4073
vn -0.1777 -0.1240 -0.9762
vn -0.7493 -0.3968 -0.5303
vn -0.7022 -0.4478 -0.5536
vn -0.6070 -0.6194 -0.4978
vn 0.5621 0.3676 -0.7408
vn 0.5680 0.3953 -0.7219
vn -0.0303 0.1219 -0.9921
vn 0.8342 0.4524 0.3154
vn 0.3744 0.2516 0.8925
vn -0.6468 -0.1611 0.7454
vn -0.5630 -0.8169 -0.1255
vn -0.5443 -0.5017 -0.6723
vn 0.0340 0.2823 0.9587
vn -0.8489 -0.3799 0.3675
vn 0.4043 -0.3052 0.8622
vn -0.5456 -0.8364 0.0513
vn 0.3609 -0.9326 -0.0013
vn 0.2439 -0.6125 -0.7519
vn -0.4619 -0.8285 -0.3166
vn 0.1216 0.0213 0.9924
vn 0.9233 0.1287 0.3620
vn -0.7096 -0.6007 0.3683
vn 0.0890 -0.0740 0.9933
vn -0.6454 -0.5467 0.5334
vn 0.3972 -0.6404 0.6573
vn -0.3769 -0.8574 0.3503
vn 0.5075 -0.8613 -0.0220
vn -0.1132 -0.9912 -0.0692
vn 0.4040 -0.6059 -0.6853
vn -0.5810 -0.7276 -0.3647
vn 0.0755 -0.1100 -0.9911
vn -0.7443 -0.5021 -0.4405
vn -0.1673 0.0636 -0.9838
vn -0.7551 -0.5642 -0.3339
vn 0.6844 0.5327 -0.4978
vn 0.7587 0.5439 0.3587
vn 0.7951 0.3717 0.4792
vn 0.8074 -0.0819 0.5843
vn 0.9829 -0.1837 0.0154
vn 0.8215 -0.2744 -0.4999
vn 0.8131 0.3389 -0.4734
vn 0.9200 -0.3322 -0.2080
vt 0.360900 0.267600
vt 0.349900 0.334300
vt 0.212800 0.325300
vt 0.212800 0.284600
vt 0.356000 0.237600
vt 0.215400 0.222200
vt 0.347300 0.198200
vt 0.216000 0.180200
vt 0.351600 0.159800
vt 0.215500 0.145700
vt 0.212800 0.091500
vt 0.047600 0.150000
vt 0.047600 0.118900
vt 0.183000 0.146500
vt 0.183000 0.179300
vt 0.047600 0.176500
vt 0.183000 0.214900
vt 0.047600 0.214800
vt 0.047600 0.253500
vt 0.183800 0.326900
vt 0.183800 0.289700
vt 0.047600 0.061500
vt 0.183800 0.058900
vt 0.183800 0.092000
vt 0.047600 0.087900
vt 0.351600 0.095500
vt 0.212800 0.057300
vt 0.349900 0.066300
vt 0.047600 0.293300
vt 0.047600 0.329600
vt 0.387600 0.277600
vt 0.379900 0.328500
vt 0.387900 0.226300
vt 0.375100 0.193800
vt 0.375200 0.171400
vt 0.375500 0.132100
vt 0.379200 0.085800
vt 0.379900 0.060500
vt 0.862000 0.834700
vt 0.866500 0.817800
vt 0.868900 0.829800
vt 0.868100 0.840700
vt 0.863500 0.858500
vt 0.868000 0.859000
vt 0.871000 0.871600
vt 0.875600 0.859700
vt 0.879400 0.824200
vt 0.886200 0.824400
vt 0.872600 0.896200
vt 0.872500 0.842100
vt 0.875600 0.897100
vt 0.870700 0.931900
vt 0.874500 0.932000
vt 0.869000 0.987800
vt 0.873900 0.964700
vt 0.879900 0.990100
vt 0.879900 0.965800
vt 0.888700 0.987800
vt 0.883600 0.964700
vt 0.899300 0.966900
vt 0.891700 0.932000
vt 0.898600 0.897300
vt 0.892200 0.897200
vt 0.886700 0.817900
vt 0.898700 0.818000
vt 0.979600 0.818000
vt 0.972300 0.897400
vt 0.975800 0.817900
vt 0.964400 0.897400
vt 0.904600 0.895400
vt 0.963400 0.969100
vt 0.909700 0.969100
vt 0.968800 0.987900
vt 0.926200 0.987900
vt 0.989400 0.989100
vt 0.989400 0.990200
vt 0.980100 0.987900
vt 0.975100 0.987900
vt 0.973000 0.969100
vt 0.883400 0.895500
vt 0.904700 0.818000
vt 0.879400 0.899900
vt 0.879200 0.922700
vt 0.883100 0.922500
vt 0.882200 0.933900
vt 0.885500 0.922500
vt 0.886400 0.905700
s 1
usemtl Material06
f 575/626/599 577/627/600 576/628/601
f 575/626/599 576/628/601 578/629/602
f 579/630/603 575/626/599 578/629/602
f 579/630/603 578/629/602 580/631/604
f 581/632/605 579/630/603 580/631/604
f 581/632/605 580/631/604 582/633/606
f 583/634/607 581/632/605 582/633/606
f 583/634/607 582/633/606 584/635/608
f 585/636/609 583/634/607 584/635/608
f 571/637/610 570/638/611 586/639/612
f 571/637/610 586/639/612 587/640/613
f 572/641/614 571/637/610 587/640/613
f 572/641/614 587/640/613 588/642/615
f 573/643/616 572/641/614 588/642/615
f 573/643/616 588/642/615 574/644/617
f 578/629/602 576/628/601 589/645/618
f 578/629/602 589/645/618 590/646/619
f 580/631/604 578/629/602 590/646/619
f 580/631/604 590/646/619 588/642/615
f 568/647/620 589/648/618 591/649/621
f 591/649/621 569/650/622 568/647/620
f 569/650/622 591/649/621 570/638/611
f 592/651/623 583/634/607 585/636/609
f 585/636/609 576/652/601 592/651/623
f 577/653/600 592/651/623 576/652/601
f 589/648/618 576/652/601 585/636/609
f 585/636/609 591/649/621 589/648/618
f 585/636/609 584/635/608 586/639/612
f 586/639/612 591/649/621 585/636/609
f 570/638/611 591/649/621 586/639/612
f 586/639/612 584/635/608 582/633/606
f 582/633/606 587/640/613 586/639/612
f 582/633/606 580/631/604 588/642/615
f 588/642/615 587/640/613 582/633/606
f 574/644/617 588/642/615 590/646/619
f 590/646/619 567/654/624 574/644/617
f 567/654/624 590/646/619 589/645/618
f 589/645/618 568/655/620 567/654/624
f 593/656/625 594/657/626 577/627/600
f 593/656/625 577/627/600 575/626/599
f 595/658/627 593/656/625 575/626/599
f 595/658/627 575/626/599 579/630/603
f 596/659/628 595/658/627 579/630/603
f 596/659/628 579/630/603 581/632/605
f 597/660/629 596/659/628 581/632/605
f 597/660/629 581/632/605 583/634/607
f 598/661/630 597/660/629 583/634/607
f 598/661/630 583/634/607 592/651/623
f 599/662/631 598/661/630 592/651/623
f 599/662/631 592/651/623 577/653/600
f 594/663/626 599/662/631 577/653/600
f 600/664/632 596/665/628 597/666/629
f 600/664/632 597/666/629 601/667/633
f 602/668/634 600/664/632 601/667/633
f 602/668/634 601/667/633 603/669/635
f 604/670/636 602/668/634 603/669/635
f 604/670/636 603/669/635 605/671/637
f 606/672/638 605/671/637 603/669/635
f 606/672/638 603/669/635 601/667/633
f 598/673/630 606/672/638 601/667/633
f 598/673/630 601/667/633 597/666/629
f 607/674/639 608/675/640 606/672/638
f 607/674/639 606/672/638 609/676/641
f 610/677/642 607/674/639 609/676/641
f 610/677/642 609/676/641 611/678/643
f 612/679/644 610/677/642 611/678/643
f 612/679/644 611/678/643 613/680/645
f 614/681/646 612/679/644 613/680/645
f 614/681/646 613/680/645 615/682/647
f 616/683/648 614/681/646 615/682/647
f 616/683/648 615/682/647 617/684/649
f 618/685/650 616/683/648 617/684/649
f 618/685/650 617/684/649 619/686/651
f 620/687/652 618/685/650 619/686/651
f 620/687/652 619/686/651 621/688/653
f 599/689/631 620/687/652 621/688/653
f 599/689/631 621/688/653 598/673/630
f 617/684/649 615/682/647 613/680/645
f 617/684/649 613/680/645 611/678/643
f 619/686/651 617/684/649 611/678/643
f 619/686/651 611/678/643 609/676/641
f 621/688/653 619/686/651 609/676/641
f 621/688/653 609/676/641 598/673/630
f 620/687/652 599/689/631 594/690/626
f 620/687/652 594/690/626 593/691/625
f 622/692/654 620/687/652 593/691/625
f 622/692/654 593/691/625 595/693/627
f 623/694/655 622/692/654 595/693/627
f 623/694/655 595/693/627 607/695/639
f 624/696/656 623/694/655 607/695/639
f 624/696/656 607/695/639 610/697/642
f 625/698/657 624/696/656 610/697/642
f 625/698/657 610/697/642 612/699/644
f 626/700/658 625/698/657 612/699/644
f 626/700/658 612/699/644 614/701/646
f 627/702/659 626/700/658 614/701/646
f 627/702/659 614/701/646 616/703/648
f 628/704/660 627/702/659 616/703/648
f 628/704/660 616/703/648 618/685/650
f 622/692/654 628/704/660 618/685/650
f 622/692/654 618/685/650 620/687/652
f 608/705/640 596/706/628 600/707/632
f 608/705/640 600/707/632 602/708/634
f 629/709/661 608/705/640 602/708/634
f 629/709/661 602/708/634 604/710/636
f 605/711/637 629/709/661 604/710/636
f 628/704/660 622/692/654 623/694/655
f 628/704/660 623/694/655 624/696/656
f 626/700/658 628/704/660 624/696/656
f 626/700/658 624/696/656 625/698/657
f 606/672/638 598/673/630 609/676/641
f 607/695/639 595/693/627 596/706/628
f 596/706/628 608/705/640 607/695/639
f 608/705/640 629/709/661 605/711/637
f 605/711/637 606/712/638 608/705/640
f 627/702/659 628/704/660 626/700/658
o enemy_arm_right
v -0.987425 6.340693 -0.300447
v -0.789379 6.214004 -0.428247
v -0.591365 6.087452 -0.300247
v -0.509356 6.035090 0.008653
v -0.591449 6.087506 0.317553
v -0.789632 6.214165 0.445453
v -0.987593 6.340800 0.317453
v -1.069602 6.393163 0.008453
v -2.738401 4.018320 -0.333649
v -1.609609 4.923626 -0.507248
v -2.199073 3.795095 -0.499148
v -1.911240 5.116455 -0.326149
v -2.720536 4.060422 0.391751
v -1.924593 5.095913 0.332551
v -2.371070 3.933035 0.781152
v -1.625653 4.898870 0.513652
v -1.930189 3.604311 0.613852
v -1.312260 4.704581 0.332753
v -1.298906 4.725123 -0.326047
v -1.168006 4.968413 0.333753
v -1.451262 5.149510 0.515352
v -1.730443 5.327886 0.333652
v -1.455077 5.143165 -0.495247
v -1.742433 5.326761 -0.313249
v -1.163813 4.956956 -0.313047
v -1.907769 3.589996 -0.311048
v -2.808780 3.769846 -0.292249
v -2.420629 3.606606 -0.487148
v -2.814316 3.770652 0.397451
v -2.449274 3.677693 0.811651
v -2.178744 3.504722 0.714652
v -2.180935 3.501849 0.141152
v -2.162767 3.450028 -0.384648
v -2.573635 3.099206 1.100152
v -2.325853 2.941709 0.904252
v -2.759335 2.654326 1.113352
v -2.549263 2.567654 0.968452
v -2.732444 2.558376 0.922352
v -2.674573 2.621325 0.713052
v -2.494631 3.002371 0.558252
v -2.805983 3.097473 0.753652
v -2.717458 3.143579 0.754752
v -2.648283 2.983968 0.622152
v -3.058610 2.695683 0.807752
v -2.888349 2.586615 0.698752
v -3.468767 2.085640 0.548452
v -3.292405 2.018831 0.479552
v -3.531066 1.975806 0.076352
v -3.322556 1.947081 0.075852
v -3.468714 2.085725 -0.396648
v -3.292490 2.018884 -0.327748
v -3.058694 2.695737 -0.667848
v -2.888379 2.586753 -0.529249
v -2.812885 3.087405 -0.635848
v -2.648355 2.981997 -0.505448
v -3.168236 3.314653 -0.367849
v -3.168289 3.314569 0.492352
v -3.401823 2.915181 0.523152
v -3.603368 2.217855 0.479552
v -3.708931 2.194493 0.075852
v -3.603368 2.217855 -0.327748
v -3.401823 2.915181 -0.383249
v -2.884721 2.707690 0.858252
vn -0.7509 0.3122 -0.5820
vn 0.0422 0.0056 -0.9991
vn 0.0224 -0.0717 -0.9972
vn -0.6669 0.5334 -0.5202
vn -0.8108 0.4566 0.3662
vn -0.6656 0.5835 0.4652
vn -0.0809 0.2332 0.9691
vn 0.0970 0.0708 0.9928
vn 0.6749 -0.5274 0.5161
vn 0.7705 -0.3619 0.5247
vn 0.7861 -0.4331 -0.4410
vn 0.5972 -0.3606 0.7165
vn 0.7591 -0.4309 0.4880
vn 0.8430 -0.5346 0.0600
vn 0.1063 -0.0293 0.9939
vn -0.1711 0.1036 0.9798
vn -0.6289 0.4665 0.6220
vn -0.6809 0.4543 0.5745
vn -0.8433 0.5348 -0.0540
vn -0.0349 0.0931 -0.9950
vn -0.7314 0.5642 -0.3830
vn 0.1468 -0.1217 -0.9817
vn 0.7329 -0.3939 -0.5547
vn 0.6852 -0.4450 -0.5766
vn 0.5923 -0.6170 -0.5181
vn -0.5864 0.3677 -0.7218
vn -0.5917 0.3953 -0.7026
vn -0.0017 0.1239 -0.9923
vn -0.8248 0.4497 0.3428
vn -0.3463 0.2490 0.9045
vn 0.6707 -0.1609 0.7241
vn 0.5607 -0.8152 -0.1451
vn 0.5238 -0.4990 -0.6904
vn -0.0041 0.2803 0.9599
vn 0.8611 -0.3785 0.3395
vn -0.3758 -0.3078 0.8741
vn 0.5490 -0.8352 0.0322
vn -0.3585 -0.9335 0.0084
vn -0.2663 -0.6116 -0.7450
vn 0.4536 -0.8267 -0.3329
vn -0.0899 0.0191 0.9958
vn -0.9115 0.1257 0.3915
vn 0.7225 -0.5996 0.3442
vn -0.0571 -0.0762 0.9955
vn 0.6634 -0.5462 0.5114
vn -0.3745 -0.6426 0.6684
vn 0.3900 -0.8572 0.3364
vn -0.5059 -0.8626 -0.0075
vn 0.1133 -0.9907 -0.0748
vn -0.4242 -0.6056 -0.6733
vn 0.5709 -0.7254 -0.3845
vn -0.1069 -0.1083 -0.9884
vn 0.7310 -0.4994 -0.4650
vn 0.1357 0.0659 -0.9886
vn 0.7454 -0.5617 -0.3589
vn -0.7012 0.5320 -0.4746
vn -0.7481 0.5413 0.3838
vn -0.7803 0.3688 0.5051
vn -0.7881 -0.0850 0.6096
vn -0.9814 -0.1861 0.0464
vn -0.8363 -0.2755 -0.4739
vn -0.8286 0.3378 -0.4465
vn -0.9253 -0.3341 -0.1792
vt 0.360900 0.267600
vt 0.212800 0.325300
vt 0.349900 0.334300
vt 0.212800 0.284600
vt 0.356000 0.237600
vt 0.215400 0.222200
vt 0.347300 0.198200
vt 0.216000 0.180200
vt 0.351600 0.159800
vt 0.215500 0.145700
vt 0.212800 0.091500
vt 0.047600 0.150000
vt 0.183000 0.146500
vt 0.047600 0.118900
vt 0.183000 0.179300
vt 0.047600 0.176500
vt 0.183000 0.214900
vt 0.047600 0.214800
vt 0.047600 0.253500
vt 0.183800 0.326900
vt 0.183800 0.289700
vt 0.047600 0.061500
vt 0.183800 0.092000
vt 0.183800 0.058900
vt 0.047600 0.087900
vt 0.351600 0.095500
vt 0.212800 0.057300
vt 0.349900 0.066300
vt 0.047600 0.293300
vt 0.047600 0.329600
vt 0.387600 0.277600
vt 0.379900 0.328500
vt 0.387900 0.226300
vt 0.375100 0.193800
vt 0.375200 0.171400
vt 0.375500 0.132100
vt 0.379200 0.085800
vt 0.379900 0.060500
vt 0.862000 0.834700
vt 0.868900 0.829800
vt 0.866500 0.817800
vt 0.868100 0.840700
vt 0.863500 0.858500
vt 0.868000 0.859000
vt 0.871000 0.871600
vt 0.875600 0.859700
vt 0.879400 0.824200
vt 0.886200 0.824400
vt 0.872600 0.896200
vt 0.872500 0.842100
vt 0.875600 0.897100
vt 0.870700 0.931900
vt 0.874500 0.932000
vt 0.869000 0.987800
vt 0.873900 0.964700
vt 0.879900 0.990100
vt 0.879900 0.965800
vt 0.888700 0.987800
vt 0.883600 0.964700
vt 0.899300 0.966900
vt 0.891700 0.932000
vt 0.898600 0.897300
vt 0.892200 0.897200
vt 0.886700 0.817900
vt 0.898700 0.818000
vt 0.979600 0.818000
vt 0.972300 0.897400
vt 0.975800 0.817900
vt 0.964400 0.897400
vt 0.904600 0.895400
vt 0.963400 0.969100
vt 0.909700 0.969100
vt 0.968800 0.987900
vt 0.926200 0.987900
vt 0.989400 0.989100
vt 0.989400 0.990200
vt 0.980100 0.987900
vt 0.975100 0.987900
vt 0.973000 0.969100
vt 0.883400 0.895500
vt 0.879400 0.899900
vt 0.904700 0.818000
vt 0.879200 0.922700
vt 0.883100 0.922500
vt 0.882200 0.933900
vt 0.885500 0.922500
vt 0.886400 0.905700
s 1
usemtl Material06.002
f 638/713/662 639/714/663 640/715/664
f 638/713/662 641/716/665 639/714/663
f 642/717/666 641/716/665 638/713/662
f 642/717/666 643/718/667 641/716/665
f 644/719/668 643/718/667 642/717/666
f 644/719/668 645/720/669 643/718/667
f 646/721/670 645/720/669 644/719/668
f 646/721/670 647/722/671 645/720/669
f 648/723/672 647/722/671 646/721/670
f 634/724/673 649/725/674 633/726/675
f 634/724/673 650/727/676 649/725/674
f 635/728/677 650/727/676 634/724/673
f 635/728/677 651/729/678 650/727/676
f 636/730/679 651/729/678 635/728/677
f 636/730/679 637/731/680 651/729/678
f 641/716/665 652/732/681 639/714/663
f 641/716/665 653/733/682 652/732/681
f 643/718/667 653/733/682 641/716/665
f 643/718/667 651/729/678 653/733/682
f 631/734/683 654/735/684 652/736/681
f 654/735/684 631/734/683 632/737/685
f 632/737/685 633/726/675 654/735/684
f 655/738/686 648/723/672 646/721/670
f 648/723/672 655/738/686 639/739/663
f 640/740/664 639/739/663 655/738/686
f 652/736/681 648/723/672 639/739/663
f 648/723/672 652/736/681 654/735/684
f 648/723/672 649/725/674 647/722/671
f 649/725/674 648/723/672 654/735/684
f 633/726/675 649/725/674 654/735/684
f 649/725/674 645/720/669 647/722/671
f 645/720/669 649/725/674 650/727/676
f 645/720/669 651/729/678 643/718/667
f 651/729/678 645/720/669 650/727/676
f 637/731/680 653/733/682 651/729/678
f 653/733/682 637/731/680 630/741/687
f 630/741/687 652/732/681 653/733/682
f 652/732/681 630/741/687 631/742/683
f 656/743/688 640/715/664 657/744/689
f 656/743/688 638/713/662 640/715/664
f 658/745/690 638/713/662 656/743/688
f 658/745/690 642/717/666 638/713/662
f 659/746/691 642/717/666 658/745/690
f 659/746/691 644/719/668 642/717/666
f 660/747/692 644/719/668 659/746/691
f 660/747/692 646/721/670 644/719/668
f 661/748/693 646/721/670 660/747/692
f 661/748/693 655/738/686 646/721/670
f 662/749/694 655/738/686 661/748/693
f 662/749/694 640/740/664 655/738/686
f 657/750/689 640/740/664 662/749/694
f 663/751/695 660/752/692 659/753/691
f 663/751/695 664/754/696 660/752/692
f 665/755/697 664/754/696 663/751/695
f 665/755/697 666/756/698 664/754/696
f 667/757/699 666/756/698 665/755/697
f 667/757/699 668/758/700 666/756/698
f 669/759/701 666/756/698 668/758/700
f 669/759/701 664/754/696 666/756/698
f 661/760/693 664/754/696 669/759/701
f 661/760/693 660/752/692 664/754/696
f 670/761/702 669/759/701 671/762/703
f 670/761/702 672/763/704 669/759/701
f 673/764/705 672/763/704 670/761/702
f 673/764/705 674/765/706 672/763/704
f 675/766/707 674/765/706 673/764/705
f 675/766/707 676/767/708 674/765/706
f 677/768/709 676/767/708 675/766/707
f 677/768/709 678/769/710 676/767/708
f 679/770/711 678/769/710 677/768/709
f 679/770/711 680/771/712 678/769/710
f 681/772/713 680/771/712 679/770/711
f 681/772/713 682/773/714 680/771/712
f 683/774/715 682/773/714 681/772/713
f 683/774/715 684/775/716 682/773/714
f 662/776/694 684/775/716 683/774/715
f 662/776/694 661/760/693 684/775/716
f 680/771/712 676/767/708 678/769/710
f 680/771/712 674/765/706 676/767/708
f 682/773/714 674/765/706 680/771/712
f 682/773/714 672/763/704 674/765/706
f 684/775/716 672/763/704 682/773/714
f 684/775/716 661/760/693 672/763/704
f 683/774/715 657/777/689 662/776/694
f 683/774/715 656/778/688 657/777/689
f 685/779/717 656/778/688 683/774/715
f 685/779/717 658/780/690 656/778/688
f 686/781/718 658/780/690 685/779/717
f 686/781/718 670/782/702 658/780/690
f 687/783/719 670/782/702 686/781/718
f 687/783/719 673/784/705 670/782/702
f 688/785/720 673/784/705 687/783/719
f 688/785/720 675/786/707 673/784/705
f 689/787/721 675/786/707 688/785/720
f 689/787/721 677/788/709 675/786/707
f 690/789/722 677/788/709 689/787/721
f 690/789/722 679/790/711 677/788/709
f 691/791/723 679/790/711 690/789/722
f 691/791/723 681/772/713 679/790/711
f 685/779/717 681/772/713 691/791/723
f 685/779/717 683/774/715 681/772/713
f 671/792/703 663/793/695 659/794/691
f 671/792/703 665/795/697 663/793/695
f 692/796/724 665/795/697 671/792/703
f 692/796/724 667/797/699 665/795/697
f 668/798/700 667/797/699 692/796/724
f 691/791/723 686/781/718 685/779/717
f 691/791/723 687/783/719 686/781/718
f 689/787/721 687/783/719 691/791/723
f 689/787/721 688/785/720 687/783/719
f 669/759/701 672/763/704 661/760/693
f 670/782/702 659/794/691 658/780/690
f 659/794/691 670/782/702 671/792/703
f 671/792/703 668/798/700 692/796/724
f 668/798/700 671/792/703 669/799/701
f 690/789/722 689/787/721 691/791/723
o enemy_leg_right
v -0.832077 4.101936 -0.606847
v -0.812377 1.899536 0.579453
v -0.244077 1.445736 0.014253
v -0.349977 1.856336 0.014253
v -0.823477 1.485536 0.693353
v -1.325777 1.856136 0.014253
v -1.428877 1.479536 0.014253
v -0.476077 1.191336 0.011153
v -0.834577 1.221036 0.433453
v -1.193077 1.250736 0.011153
v -0.834577 1.221036 -0.411147
v -0.823877 1.448736 -0.671047
v -0.813177 1.740536 -0.595947
v -0.891977 0.662936 -0.539047
v -0.349577 0.695336 -0.162047
v -0.523077 0.815536 0.428353
v -0.303677 0.668736 0.682553
v -0.541777 0.907436 0.892153
v -0.240877 0.749636 1.225253
v -0.680577 1.020736 1.332053
v -0.434377 0.843036 1.728153
v -0.919477 1.020636 1.432753
v -0.911377 0.825737 1.876353
v -1.188277 0.994037 1.329753
v -1.424477 0.791036 1.723453
v -1.314877 0.866836 0.888653
v -1.607377 0.677836 1.218753
v -1.520777 0.604836 0.676853
v -1.806977 0.349036 1.325553
v -1.646777 0.282136 0.579453
v -1.736677 -0.042464 1.277553
v -1.605977 -0.041364 0.605753
v -0.062077 -0.022864 1.285753
v -0.153477 -0.024564 0.612753
v -0.062477 0.443236 1.333953
v -0.147477 0.360936 0.586553
v -0.904277 0.844236 0.583853
v -0.334077 0.391536 -0.351747
v -0.336877 -0.022064 -0.349947
v -1.379577 -0.034164 -0.350247
v -1.418277 0.334536 -0.352047
v -1.351177 0.647236 -0.162247
v -1.284177 0.775536 0.424653
v -0.875677 0.388136 -0.744247
v -0.856877 -0.026364 -0.714847
v -0.238877 0.489437 1.913453
v -0.892977 0.456137 2.087653
v -1.588277 0.418537 1.907053
v -0.259377 -0.024063 1.825753
v -0.868677 -0.030763 1.994453
v -1.517977 -0.038663 1.819753
v -0.351677 3.454536 0.609553
v -0.037077 3.257136 0.243553
v -0.668677 3.732336 0.855753
v -0.037077 3.283336 -0.144747
v -0.674177 3.732336 -0.762747
v -0.263877 3.277736 -0.216347
v -0.263877 3.277736 0.261453
v -0.350677 3.456836 -0.473247
v -1.167077 3.423336 0.023053
v -0.735477 3.258736 0.579753
v -0.293277 3.170136 0.270253
v -0.293377 3.171836 -0.225047
v -0.739277 3.257936 -0.562247
v -0.393277 2.599236 0.014753
v -0.786877 2.613836 -0.488347
v -0.363977 2.025436 0.014453
v -0.794977 2.123436 -0.506147
v -1.215677 2.628436 0.014753
v -1.290277 2.026636 0.014453
v -0.802277 2.003236 0.546953
v -0.786877 2.613836 0.505853
v -1.201285 2.690716 -0.364505
v -1.416984 3.583016 -0.364505
v -1.201285 3.583016 -0.364505
v -1.416984 2.690716 -0.364505
v -1.165685 2.674916 0.013395
v -1.452684 2.674916 0.013395
v -1.201285 2.690716 0.391295
v -1.416984 2.690716 0.391295
v -1.201285 3.583016 0.391295
v -1.416984 3.583016 0.391295
v -1.165685 3.598716 0.013395
v -1.452684 3.598716 0.013395
v -1.244977 3.156136 0.016453
v -0.737877 3.264636 -0.643047
v -0.761577 3.002936 -0.625247
v -1.226177 3.453436 0.025053
v -0.761577 3.002936 0.642753
v -0.733577 3.265536 0.660453
v -0.271777 2.913536 0.149053
v -0.228877 3.164436 0.307253
v -0.271777 2.908836 -0.104747
v -0.228877 3.166336 -0.258047
vn 0.2462 0.2767 0.9289
vn 0.9604 -0.2777 0.0225
vn 0.9808 0.1592 -0.1128
vn -0.0323 -0.2938 0.9553
vn -0.9594 0.2554 0.1199
vn -0.9591 -0.2815 -0.0287
vn 0.9930 -0.1172 -0.0159
vn -0.0747 -0.1550 0.9851
vn -0.9941 0.0058 -0.1080
vn 0.1811 -0.4390 -0.8801
vn 0.0387 -0.3458 -0.9375
vn -0.1893 0.2445 -0.9510
vn -0.0386 0.4471 -0.8936
vn 0.7933 0.4961 -0.3529
vn 0.6493 0.7103 0.2718
vn 0.7290 0.6762 -0.1062
vn 0.2944 0.9402 -0.1712
vn 0.7262 0.6855 -0.0531
vn 0.1830 0.9814 -0.0578
vn 0.4799 0.7970 0.3666
vn -0.0156 0.9654 0.2602
vn -0.0306 0.7560 0.6539
vn -0.2537 0.9643 0.0765
vn -0.5201 0.7447 0.4183
vn -0.3756 0.9114 -0.1684
vn -0.7758 0.6309 0.0079
vn -0.8170 0.5458 -0.1860
vn -0.9851 0.1599 0.0637
vn -0.9741 0.0500 -0.2206
vn -0.7493 -0.6622 -0.0037
vn -0.4028 -0.9108 -0.0909
vn 0.5778 -0.8101 0.0997
vn 0.8801 -0.4537 -0.1401
vn 0.9617 0.2687 0.0549
vn 0.9543 0.2609 -0.1457
vn -0.1847 0.9185 0.3496
vn 0.8797 0.1301 -0.4575
vn 0.5231 -0.7306 -0.4388
vn -0.6829 -0.6364 -0.3587
vn -0.8245 0.1811 -0.5361
vn -0.7733 0.4824 -0.4115
vn -0.6441 0.7629 0.0556
vn 0.0809 0.3405 -0.9368
vn -0.2020 -0.4247 -0.8825
vn 0.6783 0.2595 0.6875
vn -0.0061 0.1721 0.9851
vn -0.6703 0.1887 0.7177
vn 0.4094 -0.6712 0.6179
vn -0.0647 -0.4850 0.8721
vn -0.4520 -0.8093 0.3752
vn 0.0075 -0.9670 0.2547
vn 0.5055 -0.8158 -0.2810
vn 0.0167 -0.9394 -0.3423
vn 0.6998 -0.6848 0.2033
vn 0.2845 -0.6938 -0.6616
vn 0.0312 -0.4423 0.8963
vn -0.3438 -0.4098 0.8449
vn -0.9956 -0.0511 0.0788
vn 0.2605 -0.7142 0.6496
vn 0.8226 -0.4052 0.3990
vn 0.8703 -0.3419 -0.3546
vn -0.7309 -0.3045 -0.6107
vn -0.0686 -0.3482 -0.9349
vn -0.2817 -0.3370 -0.8984
vn 0.9735 -0.2286 0.0060
vn 0.0028 0.0012 -1.0000
vn 0.9987 0.0518 0.0033
vn -0.1352 0.1408 -0.9808
vn -0.9966 0.0828 0.0033
vn -0.9865 0.1638 0.0010
vn -0.1326 0.1681 0.9768
vn 0.0076 0.0067 0.9999
vn 0.6316 -0.3176 -0.7072
vn -0.6316 0.3176 -0.7072
vn 0.3948 0.7914 -0.4667
vn -0.3948 -0.7913 -0.4668
vn 0.7058 -0.7083 0.0123
vn -0.7058 -0.7083 -0.0123
vn 0.3948 -0.7914 0.4668
vn -0.6316 -0.3176 0.7073
vn 0.6317 0.3176 0.7072
vn -0.3949 0.7914 0.4666
vn 0.7058 0.7083 -0.0123
vn -0.7058 0.7083 0.0124
vn -0.9692 0.0532 -0.2405
vn -0.1561 -0.1929 -0.9687
vn -0.0623 -0.0621 -0.9961
vn -0.9644 0.0577 0.2579
vn -0.4110 -0.0225 0.9114
vn 0.1459 -0.2819 0.9483
vn 0.7811 -0.3095 0.5423
vn 0.9013 -0.3298 0.2810
vn 0.8779 -0.2677 -0.3970
vn 0.8225 -0.3858 -0.4180
vt 0.181000 0.108100
vt 0.063600 0.044000
vt 0.064000 0.102000
vt 0.181300 0.049600
vt 0.326400 0.102000
vt 0.326300 0.048700
vt 0.064400 0.008000
vt 0.181500 0.012200
vt 0.326400 0.016400
vt 0.472000 0.012200
vt 0.582100 0.044000
vt 0.582400 0.008000
vt 0.472000 0.044400
vt 0.582200 0.102000
vt 0.472000 0.085700
vt 0.903800 0.235000
vt 0.991000 0.137800
vt 0.990600 0.234900
vt 0.914700 0.143900
vt 0.847200 0.171400
vt 0.854400 0.134800
vt 0.811500 0.177600
vt 0.766800 0.118800
vt 0.720900 0.177600
vt 0.694500 0.148300
vt 0.677400 0.177600
vt 0.620700 0.149500
vt 0.765100 0.071700
vt 0.850700 0.071800
vt 0.766800 0.030400
vt 0.847200 0.030400
vt 0.826600 0.180900
vt 0.831000 0.234900
vt 0.909400 0.069600
vt 0.909600 0.030300
vt 0.915100 0.136300
vt 0.847900 0.165100
vt 0.991100 0.065200
vt 0.991000 0.030300
vt 0.694000 0.075100
vt 0.618000 0.075300
vt 0.694100 0.030400
vt 0.618000 0.030300
vt 0.012400 0.300100
vt 0.063400 0.303100
vt 0.012600 0.303900
vt 0.569800 0.328400
vt 0.640100 0.303900
vt 0.589200 0.303100
vt 0.178900 0.300400
vt 0.154100 0.367400
vt 0.326300 0.323700
vt 0.083000 0.328100
vt 0.063800 0.287800
vt 0.461800 0.428100
vt 0.472100 0.300300
vt 0.497200 0.367400
vt 0.582100 0.288100
vt 0.582300 0.207100
vt 0.472000 0.209200
vt 0.582200 0.125900
vt 0.472000 0.139400
vt 0.326300 0.211200
vt 0.326300 0.126100
vt 0.180700 0.122400
vt 0.180300 0.209200
vt 0.064000 0.125900
vt 0.064100 0.207100
vt 0.731600 0.787300
vt 0.772300 0.987900
vt 0.731600 0.987900
vt 0.772300 0.787300
vt 0.667400 0.787300
vt 0.667400 0.987900
vt 0.024400 0.439100
vt 0.179100 0.654800
vt 0.177800 0.438900
vt 0.025300 0.654100
vt 0.335400 0.438700
vt 0.334900 0.655200
s 1
usemtl Material06
f 694/800/725 695/801/726 696/802/727
f 694/800/725 697/803/728 695/801/726
f 698/804/729 697/803/728 694/800/725
f 698/804/729 699/805/730 697/803/728
f 697/803/728 700/806/731 695/801/726
f 697/803/728 701/807/732 700/806/731
f 699/805/730 701/807/732 697/803/728
f 699/805/730 702/808/733 701/807/732
f 703/809/734 695/810/726 700/811/731
f 703/809/734 704/812/735 695/810/726
f 702/808/733 704/812/735 703/809/734
f 702/808/733 699/805/730 704/812/735
f 704/812/735 696/813/727 695/810/726
f 704/812/735 705/814/736 696/813/727
f 699/805/730 705/814/736 704/812/735
f 699/805/730 698/804/729 705/814/736
f 700/815/731 706/816/737 703/817/734
f 700/815/731 707/818/738 706/816/737
f 708/819/739 707/818/738 700/815/731
f 708/819/739 709/820/740 707/818/738
f 710/821/741 709/820/740 708/819/739
f 710/821/741 711/822/742 709/820/740
f 712/823/743 711/822/742 710/821/741
f 712/823/743 713/824/744 711/822/742
f 714/825/745 713/824/744 712/823/743
f 714/825/745 715/826/746 713/824/744
f 716/823/747 715/826/746 714/825/745
f 716/823/747 717/824/748 715/826/746
f 718/821/749 717/824/748 716/823/747
f 718/821/749 719/822/750 717/824/748
f 720/820/751 719/822/750 718/821/749
f 720/820/751 721/827/752 719/822/750
f 722/828/753 721/827/752 720/820/751
f 722/828/753 723/829/754 721/827/752
f 724/830/755 723/829/754 722/828/753
f 724/830/755 725/829/756 723/829/754
f 726/830/757 725/829/756 724/830/755
f 726/830/757 727/827/758 725/829/756
f 728/828/759 727/827/758 726/830/757
f 728/828/759 711/822/742 727/827/758
f 709/820/740 711/822/742 728/828/759
f 712/823/743 716/823/747 714/825/745
f 712/823/743 718/821/749 716/823/747
f 710/821/741 718/821/749 712/823/743
f 710/821/741 729/831/760 718/821/749
f 708/819/739 729/831/760 710/821/741
f 708/819/739 701/832/732 729/831/760
f 700/815/731 701/832/732 708/819/739
f 728/828/759 707/818/738 709/820/740
f 728/828/759 730/833/761 707/818/738
f 726/830/757 730/833/761 728/828/759
f 726/830/757 731/834/762 730/833/761
f 724/830/755 731/834/762 726/830/757
f 724/830/755 732/834/763 731/834/762
f 722/828/753 732/834/763 724/830/755
f 722/828/753 733/833/764 732/834/763
f 720/820/751 733/833/764 722/828/753
f 720/820/751 734/835/765 733/833/764
f 735/836/766 734/835/765 720/820/751
f 735/836/766 702/815/733 734/835/765
f 729/831/760 702/815/733 735/836/766
f 729/831/760 701/832/732 702/815/733
f 706/816/737 702/815/733 703/817/734
f 706/816/737 734/835/765 702/815/733
f 736/837/767 734/835/765 706/816/737
f 736/837/767 733/833/764 734/835/765
f 737/838/768 733/833/764 736/837/767
f 737/838/768 732/834/763 733/833/764
f 731/834/762 732/834/763 737/838/768
f 713/824/744 727/827/758 711/822/742
f 713/824/744 738/839/769 727/827/758
f 715/826/746 738/839/769 713/824/744
f 715/826/746 739/840/770 738/839/769
f 717/824/748 739/840/770 715/826/746
f 717/824/748 740/839/771 739/840/770
f 719/822/750 740/839/771 717/824/748
f 719/822/750 721/827/752 740/839/771
f 738/839/769 725/829/756 727/827/758
f 738/839/769 741/841/772 725/829/756
f 739/840/770 741/841/772 738/839/769
f 739/840/770 742/842/773 741/841/772
f 740/839/771 742/842/773 739/840/770
f 740/839/771 743/841/774 742/842/773
f 721/827/752 743/841/774 740/839/771
f 721/827/752 723/829/754 743/841/774
f 735/836/766 718/821/749 729/831/760
f 718/821/749 735/836/766 720/820/751
f 707/818/738 736/837/767 706/816/737
f 736/837/767 707/818/738 730/833/761
f 731/834/762 736/837/767 730/833/761
f 736/837/767 731/834/762 737/838/768
f 725/829/756 743/841/774 723/829/754
f 743/841/774 725/829/756 741/841/772
f 741/841/772 742/842/773 743/841/774
f 745/843/775 749/844/776 747/845/777
f 749/844/776 745/843/775 750/844/778
f 751/846/779 747/847/777 749/848/776
f 753/849/780 746/850/781 752/851/782
f 753/849/780 744/852/783 746/850/781
f 754/853/784 744/852/783 753/849/780
f 755/853/785 750/844/778 754/853/784
f 755/853/785 749/844/776 750/844/778
f 693/854/786 756/855/787 752/851/782
f 748/856/788 751/846/779 756/855/787
f 755/857/785 751/846/779 749/848/776
f 755/857/785 756/855/787 751/846/779
f 757/858/789 756/855/787 755/857/785
f 757/858/789 758/859/790 756/855/787
f 759/860/791 758/859/790 757/858/789
f 759/860/791 760/861/792 758/859/790
f 758/859/790 752/851/782 756/855/787
f 758/859/790 761/862/793 752/851/782
f 760/861/792 761/862/793 758/859/790
f 760/861/792 762/863/794 761/862/793
f 763/864/795 761/862/793 762/863/794
f 763/864/795 764/865/796 761/862/793
f 759/866/791 764/865/796 763/864/795
f 759/866/791 757/867/789 764/865/796
f 753/849/780 757/867/789 754/853/784
f 753/849/780 764/865/796 757/867/789
f 752/851/782 764/865/796 753/849/780
f 752/851/782 761/862/793 764/865/796
f 694/800/725 763/864/795 698/804/729
f 763/864/795 694/800/725 696/802/727
f 763/864/795 696/802/727 759/866/791
f 763/864/795 762/863/794 698/804/729
f 754/853/784 757/867/789 755/853/785
f 760/861/792 698/804/729 762/863/794
f 698/804/729 760/861/792 705/814/736
f 696/813/727 705/814/736 760/861/792
f 760/861/792 759/860/791 696/813/727
f 765/868/797 766/869/798 767/870/799
f 765/868/797 768/871/800 766/869/798
f 769/872/801 768/871/800 765/868/797
f 769/872/801 770/872/802 768/871/800
f 771/868/803 770/872/802 769/872/801
f 771/868/803 772/871/804 770/872/802
f 773/870/805 772/871/804 771/868/803
f 773/870/805 774/869/806 772/871/804
f 775/873/807 774/869/806 773/870/805
f 775/873/807 776/873/808 774/869/806
f 767/870/799 776/873/808 775/873/807
f 767/870/799 766/869/798 776/873/808
f 775/873/807 765/868/797 767/870/799
f 775/873/807 769/872/801 765/868/797
f 773/870/805 769/872/801 775/873/807
f 773/870/805 771/868/803 769/872/801
f 770/872/802 766/869/798 768/871/800
f 770/872/802 776/873/808 766/869/798
f 772/871/804 776/873/808 770/872/802
f 772/871/804 774/869/806 776/873/808
f 777/874/809 778/875/810 779/876/811
f 777/874/809 780/877/812 778/875/810
f 781/876/813 780/877/812 777/874/809
f 781/876/813 782/875/814 780/877/812
f 783/878/815 782/875/814 781/876/813
f 783/878/815 784/879/816 782/875/814
f 784/879/816 783/878/815 785/878/817
f 785/878/817 786/879/818 784/879/816
f 785/878/817 778/875/810 786/879/818
f 778/875/810 785/878/817 779/876/811
o enemy_leg_left
v 0.757923 4.101936 -0.606847
v 1.068823 4.101936 0.067953
v 0.757923 4.101936 0.741953
v 0.760423 1.221036 0.433453
v 0.169923 1.445736 0.014253
v 0.401923 1.191336 0.011153
v 0.749323 1.485536 0.693353
v 1.118923 1.250736 0.011153
v 1.354723 1.479536 0.014253
v 0.275823 1.856336 0.014253
v 0.738223 1.899536 0.579453
v 1.251623 1.856136 0.014253
v 0.760423 1.221036 -0.411147
v 0.749723 1.448736 -0.671047
v 0.739023 1.740536 -0.595947
v 0.817823 0.662936 -0.539047
v 0.275423 0.695336 -0.162047
v 0.801523 0.388136 -0.744247
v 0.259923 0.391536 -0.351747
v 0.782723 -0.026364 -0.714847
v 0.262723 -0.022064 -0.349947
v 1.305423 -0.034164 -0.350247
v 0.079323 -0.024564 0.612753
v 1.531823 -0.041364 0.605753
v -0.012077 -0.022864 1.285753
v 1.662523 -0.042464 1.277553
v 0.185223 -0.024063 1.825753
v 1.443823 -0.038663 1.819753
v 0.794523 -0.030763 1.994453
v 1.514123 0.418537 1.907053
v 0.818823 0.456137 2.087653
v 1.350323 0.791036 1.723453
v 0.837223 0.825737 1.876353
v 1.114123 0.994037 1.329753
v 0.845323 1.020636 1.432753
v 0.606423 1.020736 1.332053
v 0.360223 0.843036 1.728153
v 0.164723 0.489437 1.913453
v -0.011677 0.443236 1.333953
v 0.166723 0.749636 1.225253
v 0.467623 0.907436 0.892153
v 1.240723 0.866836 0.888653
v 1.533223 0.677836 1.218753
v 1.732823 0.349036 1.325553
v 0.073323 0.360936 0.586553
v 0.229523 0.668736 0.682553
v 0.448923 0.815536 0.428353
v 0.830123 0.844236 0.583853
v 1.210023 0.775536 0.424653
v 1.446623 0.604836 0.676853
v 1.277023 0.647236 -0.162247
v 1.572623 0.282136 0.579453
v 1.344123 0.334536 -0.352047
v -0.037077 3.257136 0.243553
v 1.092923 3.423336 0.022553
v 0.600023 3.732336 -0.762747
v 0.665123 3.257936 -0.562247
v 0.276523 3.456836 -0.473247
v 0.219223 3.171836 -0.225047
v 0.189723 3.277736 -0.216347
v -0.037077 3.283336 -0.144747
v 0.219123 3.170136 0.270253
v 0.319123 2.599236 0.014753
v 0.189723 3.277736 0.261453
v 0.661323 3.258736 0.579753
v 0.594523 3.732336 0.855753
v 0.277523 3.454536 0.609553
v 0.720823 2.120736 -0.506347
v 1.141523 2.628436 0.014753
v 1.217223 2.026136 0.014353
v 0.712723 2.613836 -0.488347
v 0.289423 2.024936 0.014353
v 0.712723 2.613836 0.505853
v 0.728123 2.000236 0.547253
vn -0.0795 -0.1426 0.9866
vn -0.8998 -0.4361 0.0078
vn -0.9974 0.0666 0.0285
vn -0.0365 -0.3078 0.9508
vn 0.9746 -0.2239 0.0071
vn 0.9945 -0.1047 0.0045
vn -0.9865 0.1638 0.0026
vn 0.1899 0.2801 0.9410
vn 0.9666 0.2562 -0.0033
vn -0.0022 -0.2829 -0.9591
vn -0.0387 -0.3458 -0.9375
vn 0.1891 0.2449 -0.9509
vn -0.0011 0.4721 -0.8816
vn -0.7818 0.4871 -0.3894
vn 0.0291 0.2798 -0.9596
vn -0.8718 0.1533 -0.4653
vn -0.2181 -0.4067 -0.8871
vn -0.5740 -0.7311 -0.3689
vn 0.4859 -0.7572 -0.4366
vn -0.7877 -0.6030 -0.1260
vn 0.7254 -0.6688 -0.1630
vn -0.6793 -0.7244 0.1173
vn 0.4809 -0.8755 0.0478
vn -0.3317 -0.8767 0.3484
vn 0.5467 -0.7060 0.4502
vn -0.0119 -0.4200 0.9074
vn 0.6703 0.1887 0.7177
vn 0.0118 0.2993 0.9541
vn 0.5201 0.7447 0.4183
vn 0.0364 0.8194 0.5720
vn 0.2206 0.9752 0.0166
vn 0.0435 0.9715 0.2329
vn -0.2117 0.9752 0.0648
vn -0.4995 0.7305 0.4657
vn -0.6872 0.1253 0.7155
vn -0.9617 0.2687 0.0549
vn -0.7262 0.6855 -0.0531
vn -0.2447 0.9515 -0.1867
vn 0.4212 0.8941 -0.1522
vn 0.8023 0.5961 -0.0321
vn 0.9963 0.0560 0.0653
vn -0.9447 0.2852 -0.1621
vn -0.7930 0.5971 -0.1211
vn -0.5823 0.8014 0.1367
vn -0.1149 0.9288 0.3522
vn 0.6704 0.7184 0.1858
vn 0.7784 0.6041 -0.1708
vn 0.8187 0.4364 -0.3733
vn 0.9509 0.2248 -0.2127
vn 0.8329 0.1862 -0.5212
vn 0.9966 -0.0403 -0.0714
vn 0.7157 -0.4125 -0.5636
vn 0.8834 -0.4638 0.0673
vn 0.3965 -0.3061 -0.8655
vn -0.1104 -0.3650 -0.9244
vn -0.2845 -0.6938 -0.6616
vn -0.8330 -0.3527 -0.4263
vn -0.8900 -0.2759 0.3630
vn -0.9735 -0.2285 0.0060
vn -0.7452 -0.6152 -0.2572
vn -0.3762 -0.8540 0.3595
vn 0.0167 -0.9395 -0.3422
vn 0.6585 -0.4145 0.6282
vn 0.0114 -0.4085 0.9127
vn 0.3044 -0.3587 0.8824
vn -0.0708 -0.7953 0.6020
vn 0.1347 0.1399 -0.9810
vn 0.9965 0.0834 0.0034
vn 0.9868 0.1618 0.0007
vn -0.0028 0.0013 -1.0000
vn -0.9987 0.0514 0.0032
vn -0.0075 0.0070 0.9999
vn 0.1321 0.1687 0.9768
vn 0.0075 -0.9669 0.2549
vt 0.181500 0.012200
vt 0.063600 0.044000
vt 0.064400 0.008000
vt 0.181300 0.049600
vt 0.326400 0.016400
vt 0.326300 0.048700
vt 0.064000 0.102000
vt 0.181000 0.108100
vt 0.326400 0.102000
vt 0.582100 0.044000
vt 0.472000 0.012200
vt 0.582400 0.008000
vt 0.472000 0.044400
vt 0.582200 0.102000
vt 0.472000 0.085700
vt 0.991000 0.137800
vt 0.903800 0.235000
vt 0.990600 0.234900
vt 0.914700 0.143900
vt 0.991100 0.065200
vt 0.909400 0.069600
vt 0.991000 0.030300
vt 0.909600 0.030300
vt 0.847200 0.030400
vt 0.766800 0.030400
vt 0.694100 0.030400
vt 0.618000 0.030300
vt 0.694000 0.075100
vt 0.618000 0.075300
vt 0.694500 0.148300
vt 0.620700 0.149500
vt 0.720900 0.177600
vt 0.677400 0.177600
vt 0.765100 0.071700
vt 0.766800 0.118800
vt 0.811500 0.177600
vt 0.850700 0.071800
vt 0.854400 0.134800
vt 0.847200 0.171400
vt 0.826600 0.180900
vt 0.831000 0.234900
vt 0.847900 0.165100
vt 0.915100 0.136300
vt 0.326300 0.323700
vt 0.461800 0.428100
vt 0.326300 0.428100
vt 0.497200 0.367400
vt 0.472100 0.300300
vt 0.569800 0.328400
vt 0.582100 0.288100
vt 0.063800 0.287800
vt 0.064100 0.207100
vt 0.063400 0.303100
vt 0.012600 0.303900
vt 0.190800 0.428100
vt 0.178900 0.300400
vt 0.154100 0.367400
vt 0.083000 0.328100
vt 0.472000 0.139400
vt 0.326300 0.211200
vt 0.326300 0.126100
vt 0.472000 0.209200
vt 0.582200 0.125900
vt 0.582300 0.207100
vt 0.180300 0.209200
vt 0.064000 0.125900
vt 0.180700 0.122400
vt 0.012400 0.300100
s 1
usemtl Material06
f 790/880/819 791/881/820 792/882/821
f 790/880/819 793/883/822 791/881/820
f 794/884/823 793/883/822 790/880/819
f 794/884/823 795/885/824 793/883/822
f 793/883/822 796/886/825 791/881/820
f 793/883/822 797/887/826 796/886/825
f 795/885/824 797/887/826 793/883/822
f 795/885/824 798/888/827 797/887/826
f 791/889/820 799/890/828 792/891/821
f 791/889/820 800/892/829 799/890/828
f 796/893/825 800/892/829 791/889/820
f 796/893/825 801/894/830 800/892/829
f 800/892/829 794/884/823 799/890/828
f 800/892/829 795/885/824 794/884/823
f 801/894/830 795/885/824 800/892/829
f 801/894/830 798/888/827 795/885/824
f 802/895/831 792/896/821 799/897/828
f 802/895/831 803/898/832 792/896/821
f 804/899/833 803/898/832 802/895/831
f 804/899/833 805/900/834 803/898/832
f 806/901/835 805/900/834 804/899/833
f 806/901/835 807/902/836 805/900/834
f 808/902/837 807/902/836 806/901/835
f 808/902/837 809/903/838 807/902/836
f 810/903/839 809/903/838 808/902/837
f 810/903/839 811/904/840 809/903/838
f 812/904/841 811/904/840 810/903/839
f 812/904/841 813/905/842 811/904/840
f 814/905/843 813/905/842 812/904/841
f 814/905/843 815/906/844 813/905/842
f 816/907/845 815/906/844 814/905/843
f 816/907/845 817/908/846 815/906/844
f 818/909/847 817/908/846 816/907/845
f 818/909/847 819/910/848 817/908/846
f 820/911/849 819/910/848 818/909/847
f 820/911/849 821/912/850 819/910/848
f 822/911/851 821/912/850 820/911/849
f 822/911/851 819/910/848 821/912/850
f 823/909/852 819/910/848 822/911/851
f 823/909/852 817/908/846 819/910/848
f 824/907/853 817/908/846 823/909/852
f 824/907/853 815/906/844 817/908/846
f 813/905/842 815/906/844 824/907/853
f 824/907/853 811/904/840 813/905/842
f 824/907/853 825/913/854 811/904/840
f 823/909/852 825/913/854 824/907/853
f 823/909/852 826/914/855 825/913/854
f 822/911/851 826/914/855 823/909/852
f 822/911/851 827/915/856 826/914/855
f 820/911/849 827/915/856 822/911/851
f 820/911/849 828/915/857 827/915/856
f 818/909/847 828/915/857 820/911/849
f 818/909/847 829/914/858 828/915/857
f 816/907/845 829/914/858 818/909/847
f 816/907/845 830/913/859 829/914/858
f 814/905/843 830/913/859 816/907/845
f 814/905/843 812/904/841 830/913/859
f 825/913/854 809/903/838 811/904/840
f 825/913/854 831/916/860 809/903/838
f 826/914/855 831/916/860 825/913/854
f 826/914/855 832/917/861 831/916/860
f 827/915/856 832/917/861 826/914/855
f 827/915/856 833/918/862 832/917/861
f 834/919/863 833/918/862 827/915/856
f 834/919/863 792/896/821 833/918/862
f 790/920/819 792/896/821 834/919/863
f 803/898/832 833/918/862 792/896/821
f 803/898/832 832/917/861 833/918/862
f 805/900/834 832/917/861 803/898/832
f 805/900/834 831/916/860 832/917/861
f 828/915/857 834/919/863 827/915/856
f 828/915/857 835/921/864 834/919/863
f 836/917/865 835/921/864 828/915/857
f 836/917/865 837/922/866 835/921/864
f 838/916/867 837/922/866 836/917/865
f 838/916/867 839/900/868 837/922/866
f 810/903/839 839/900/868 838/916/867
f 810/903/839 808/902/837 839/900/868
f 829/914/858 836/917/865 828/915/857
f 829/914/858 838/916/867 836/917/865
f 830/913/859 838/916/867 829/914/858
f 830/913/859 810/903/839 838/916/867
f 812/904/841 810/903/839 830/913/859
f 804/899/833 808/902/837 806/901/835
f 804/899/833 839/900/868 808/902/837
f 802/895/831 839/900/868 804/899/833
f 802/895/831 837/922/866 839/900/868
f 799/897/828 837/922/866 802/895/831
f 799/897/828 794/896/823 837/922/866
f 809/903/838 805/900/834 807/902/836
f 805/900/834 809/903/838 831/916/860
f 835/921/864 790/920/819 834/919/863
f 790/920/819 835/921/864 794/896/823
f 837/922/866 794/896/823 835/921/864
f 841/923/869 787/924/870 788/925/871
f 841/923/869 842/926/872 787/924/870
f 843/927/873 842/926/872 841/923/869
f 843/927/873 844/928/874 842/926/872
f 845/929/875 844/928/874 843/927/873
f 848/930/876 845/930/875 849/931/877
f 848/930/876 846/932/878 845/930/875
f 850/932/879 846/932/878 848/930/876
f 850/932/879 847/933/880 846/932/878
f 789/934/881 841/923/869 788/925/871
f 789/934/881 851/935/882 841/923/869
f 852/936/883 851/935/882 789/934/881
f 852/936/883 853/937/884 851/935/882
f 854/938/885 855/939/886 856/940/887
f 854/938/885 857/941/888 855/939/886
f 858/942/889 857/941/888 854/938/885
f 858/942/889 849/943/877 857/941/888
f 843/927/873 849/943/877 845/929/875
f 843/927/873 857/941/888 849/943/877
f 841/923/869 857/941/888 843/927/873
f 841/923/869 855/939/886 857/941/888
f 849/931/877 851/935/882 848/930/876
f 849/931/877 859/944/890 851/935/882
f 858/945/889 859/944/890 849/931/877
f 858/945/889 860/946/891 859/944/890
f 859/944/890 841/923/869 851/935/882
f 859/944/890 855/939/886 841/923/869
f 860/946/891 855/939/886 859/944/890
f 860/946/891 856/940/887 855/939/886
f 854/938/885 796/893/825 858/942/889
f 856/940/887 798/888/827 854/938/885
f 796/886/825 860/946/891 858/945/889
f 798/888/827 856/940/887 860/946/891
f 797/887/826 860/946/891 796/886/825
f 860/946/891 797/887/826 798/888/827
f 854/938/885 801/894/830 796/893/825
f 801/894/830 854/938/885 798/888/827
f 853/937/884 840/947/892 850/932/879
f 850/932/879 851/935/882 853/937/884
f 851/935/882 850/932/879 848/930/876
o enemy_head
v 0.492612 10.507910 -1.087451
v -0.004788 10.475811 -1.216851
v 0.856812 10.595711 -0.734052
v 0.990112 10.715711 -0.251351
v 0.856812 10.835611 0.231449
v 0.492612 10.923410 0.584849
v -0.004788 10.955511 0.714248
v -0.502188 10.507910 -1.087451
v -0.866388 10.595711 -0.734052
v -0.999688 10.715711 -0.251351
v -0.866388 10.835611 0.231449
v -0.502188 10.923410 0.584849
v -0.004788 9.847711 -1.693851
v 0.799812 9.899711 -1.484651
v 1.388912 10.041711 -0.912951
v 1.604512 10.235711 -0.132051
v 1.388912 10.429710 0.648849
v 0.799812 10.571711 1.220449
v -0.004788 10.623711 1.429749
v -0.004788 9.059711 -1.785251
v 0.935112 9.120411 -1.540851
v 1.623112 9.286311 -0.873151
v 1.875012 9.512911 0.039049
v 1.623112 9.739511 0.951249
v 0.935112 9.905411 1.618949
v -0.004788 9.966111 1.863349
v -0.004788 8.508610 -1.650051
v 0.939212 8.569611 -1.404551
v 1.630312 8.736211 -0.733851
v 1.883312 8.963811 0.182349
v 1.630312 9.191411 1.098549
v 0.939212 9.358010 1.769249
v -0.004788 9.419011 2.014749
v -0.004788 8.389411 -1.410251
v 0.838012 8.443810 -1.191051
v 1.455012 8.592610 -0.592351
v 1.680812 8.795811 0.225649
v 1.455012 8.999011 1.043549
v 0.838012 9.147711 1.642349
v -0.004788 9.202210 1.861549
v -0.809388 9.899711 -1.484651
v -0.944688 9.120411 -1.540851
v -0.948788 8.569611 -1.404551
v -0.847588 8.443810 -1.191051
v -0.004788 9.010411 0.118349
v -1.464588 8.592610 -0.592351
v -1.690388 8.795811 0.225649
v -1.639888 8.736211 -0.733851
v -1.892888 8.963811 0.182349
v -1.632688 9.286311 -0.873151
v -1.884588 9.512911 0.039049
v -1.398488 10.041711 -0.912951
v -1.614088 10.235711 -0.132051
v -1.398488 10.429710 0.648849
v -1.632688 9.739511 0.951249
v -1.639888 9.191411 1.098549
v -1.464588 8.999011 1.043549
v -0.847588 9.147711 1.642349
v -0.948788 9.358010 1.769249
v -0.944688 9.905411 1.618949
v -0.809388 10.571711 1.220449
v -1.232788 8.382086 1.078040
v -1.197788 9.121786 1.015140
v -1.324688 8.733787 0.848040
v -0.878888 8.930387 1.428040
v -1.069188 8.128586 1.492640
v -0.004788 8.267386 1.809840
v -0.821088 7.833487 2.065740
v -0.004788 7.868087 2.275540
v -0.926688 7.379786 2.236240
v -0.003188 7.396587 2.528841
v -0.846488 7.315886 2.217341
v -0.003188 7.331287 2.484440
v -1.563788 7.678586 0.640840
v -1.505488 7.987887 0.330640
v -1.447488 9.421486 0.259040
v -0.962488 9.239487 1.411040
v -0.004788 9.333986 1.705040
v 0.952912 9.239487 1.411040
v 1.188212 9.121786 1.015140
v 0.869312 8.930387 1.428040
v -0.004788 8.733586 1.738140
v 1.554212 7.678586 0.640840
v 1.223212 8.382086 1.078040
v 1.059612 8.128586 1.492640
v 1.495912 7.987887 0.330640
v 1.663112 7.267587 0.384040
v 1.296312 7.267587 -0.699360
v 1.438012 6.761187 0.588040
v 1.128012 6.752187 -0.580960
v 0.876612 6.416487 0.846541
v -0.003188 6.307187 0.335641
v -0.003188 6.321387 0.947841
v -0.886188 6.416487 0.846541
v 0.836912 7.315886 2.217341
v 0.917112 7.379786 2.236240
v 1.387512 7.276187 1.505640
v 1.470112 7.344087 1.503440
v 1.492612 7.231687 0.646540
v 1.635212 7.261787 0.510540
v 1.251812 6.803087 1.363440
v 1.326312 6.742987 1.354940
v 0.646612 6.592687 1.975540
v 0.708712 6.539687 1.963441
v -0.003188 6.531587 2.176540
v -0.003188 6.472687 2.183540
v -0.656188 6.592687 1.975540
v -0.718288 6.539687 1.963441
v -1.261388 6.803087 1.363440
v -1.335888 6.742987 1.354940
v -1.502188 7.231687 0.646540
v -1.644788 7.261787 0.510540
v -1.397088 7.276187 1.505640
v -1.479688 7.344087 1.503440
v -1.329488 7.768887 1.483640
v -1.447588 6.761187 0.588040
v -1.672688 7.267587 0.384040
v -1.305888 7.267587 -0.699360
v -1.113088 9.168986 -0.708960
v -0.003188 7.267587 -1.296560
v -0.004788 9.080687 -1.245360
v 1.103512 9.168986 -0.708960
v 1.437912 9.421486 0.259040
v 1.315112 8.733787 0.848040
v -0.003188 6.648187 -1.014659
v -1.137588 6.752187 -0.580960
v 0.811512 7.833487 2.065740
v 1.319912 7.768887 1.483640
v -0.003188 6.803586 1.364541
v -0.003288 7.233087 0.646540
v -2.552288 9.944706 1.319585
v -2.590588 10.048484 1.105132
v -2.685788 9.826107 1.080978
v -2.174388 9.867188 1.288871
v -2.247488 9.630678 1.513362
v -1.242488 9.480581 1.519004
v -1.285888 9.250595 1.778388
v 0.062512 9.242995 1.580833
v 0.062312 8.981170 1.833925
v 1.368212 9.477283 1.519119
v 1.411012 9.247096 1.778511
v 2.301012 9.861491 1.289070
v 2.373712 9.624781 1.513568
v 2.717712 10.041787 1.105366
v 2.679212 9.938011 1.319819
v 2.812412 9.819010 1.081226
v 2.395612 9.044168 1.294098
v 1.559212 8.523176 1.801989
v 1.879212 8.255125 1.498559
v 1.454812 8.010977 1.570224
v 0.061512 8.409856 1.854976
v -1.332788 8.014874 1.570087
v -1.756588 8.259821 1.498395
v -2.270988 9.050164 1.293888
v -1.435988 8.527374 1.801843
v 0.682912 11.460911 -0.854752
v 0.392312 11.390811 -1.136851
v -0.004788 11.365111 -1.240051
v -0.401888 11.390811 -1.136851
v -0.692488 11.460911 -0.854752
v -0.798888 11.556611 -0.469352
v -0.692488 11.652310 -0.084052
v -0.401888 11.722410 0.198048
v -0.004788 11.748011 0.301248
v 0.392312 11.722410 0.198048
v 0.682912 11.652310 -0.084052
v 0.789312 11.556611 -0.469352
v 0.527112 11.670011 -0.812852
v 0.302312 11.596111 -1.031251
v -0.004788 11.576311 -1.111151
v -0.311888 11.596111 -1.031251
v -0.536688 11.670011 -0.812852
v -0.618988 11.744111 -0.514752
v -0.536688 11.818110 -0.216752
v -0.311888 11.872311 0.001448
v -0.004788 11.876310 0.089148
v 0.302312 11.872311 0.001448
v 0.527112 11.818110 -0.216752
v 0.609412 11.744111 -0.514752
v -0.004788 11.873711 -0.546952
vn 0.4374 0.3399 -0.8325
vn -0.0000 0.4572 -0.8894
vn 0.0545 0.2424 -0.9686
vn 0.3927 0.3994 -0.8284
vn 0.7408 0.4178 -0.5259
vn 0.6948 0.4682 -0.5459
vn 0.8451 0.5224 -0.1137
vn 0.8115 0.5636 -0.1542
vn 0.7230 0.6255 0.2933
vn 0.7110 0.6601 0.2425
vn 0.4080 0.6997 0.5865
vn 0.4191 0.7318 0.5374
vn -0.0155 0.7254 0.6882
vn 0.0140 0.7592 0.6507
vn -0.0000 -0.0023 -1.0000
vn 0.4896 -0.0311 -0.8714
vn 0.8506 0.0555 -0.5228
vn 0.9837 0.1741 -0.0457
vn 0.8529 0.2936 0.4317
vn 0.4937 0.3813 0.7816
vn 0.0024 0.4139 0.9103
vn -0.0000 -0.5023 -0.8647
vn 0.4677 -0.5962 -0.6526
vn 0.7946 -0.5122 -0.3258
vn 0.9096 -0.3989 0.1161
vn 0.7809 -0.2862 0.5552
vn 0.4420 -0.2046 0.8734
vn -0.0163 -0.1763 0.9842
vn -0.0000 -0.9831 -0.1831
vn 0.2129 -0.9753 -0.0597
vn 0.3322 -0.9397 0.0811
vn 0.3634 -0.8942 0.2614
vn 0.2972 -0.8507 0.4335
vn 0.1502 -0.8212 0.5506
vn -0.0380 -0.8137 0.5800
vn -0.3573 0.3276 -0.8746
vn -0.3927 0.3994 -0.8284
vn -0.4896 -0.0313 -0.8714
vn -0.4677 -0.5962 -0.6526
vn -0.2129 -0.9753 -0.0597
vn -0.0000 -0.9700 0.2432
vn -0.2396 -0.9659 0.0978
vn -0.4182 -0.8815 0.2192
vn -0.7228 -0.6362 -0.2698
vn -0.9628 -0.2621 0.0652
vn -0.8594 0.0001 -0.5113
vn -0.9717 0.2293 -0.0568
vn -0.7456 0.3901 -0.5402
vn -0.7549 0.6365 -0.1580
vn -0.6896 0.4489 -0.5683
vn -0.8791 0.4464 -0.1671
vn -0.7668 0.6043 0.2166
vn -0.7110 0.6601 0.2425
vn -0.8529 0.2935 0.4317
vn -0.7809 -0.2862 0.5552
vn -0.2972 -0.8507 0.4335
vn -0.1406 -0.8725 0.4680
vn -0.4182 -0.3543 0.8364
vn -0.4963 0.3328 0.8018
vn -0.4326 0.6670 0.6066
vn -0.4415 0.7259 0.5275
vn -0.8899 0.1489 0.4312
vn -0.8698 0.0949 0.4842
vn -0.9290 0.0662 0.3640
vn -0.5552 0.0694 0.8288
vn -0.6947 0.4402 0.5688
vn -0.0000 0.5171 0.8560
vn -0.5084 0.5472 0.6649
vn 0.0001 0.5567 0.8307
vn -0.4996 -0.0196 0.8660
vn 0.0004 -0.2502 0.9682
vn -0.2858 -0.8301 0.4788
vn 0.0002 -0.8747 0.4846
vn -0.9411 0.2580 0.2185
vn -0.9906 0.1362 -0.0122
vn -0.9278 0.3571 0.1078
vn 0.6001 0.0692 0.7970
vn 0.8698 0.0949 0.4842
vn 0.5674 0.0578 0.8214
vn -0.5573 0.1162 0.8222
vn -0.0061 0.1667 0.9860
vn 0.0667 0.0745 0.9950
vn 0.9411 0.2580 0.2185
vn 0.8899 0.1489 0.4312
vn 0.6947 0.4402 0.5688
vn 0.9906 0.1362 -0.0122
vn 0.9978 -0.0595 -0.0308
vn 0.7854 -0.1297 -0.6053
vn 0.8187 -0.5723 -0.0469
vn 0.4860 -0.7333 -0.4755
vn 0.3299 -0.9440 0.0117
vn 0.0003 -0.9905 -0.1375
vn 0.0265 -0.9962 0.0835
vn -0.2811 -0.9594 0.0242
vn 0.2188 -0.8524 0.4749
vn 0.5385 -0.1566 0.8279
vn 0.3645 -0.9000 0.2390
vn 0.8518 -0.2976 0.4312
vn 0.6033 -0.5009 0.6206
vn 0.9383 0.0431 0.3432
vn 0.2531 0.7921 0.5554
vn 0.8312 -0.1086 0.5453
vn 0.3008 0.6776 0.6711
vn 0.4388 -0.5210 0.7322
vn 0.0685 0.5383 0.8400
vn -0.0966 -0.6263 0.7736
vn -0.2591 0.6031 0.7544
vn -0.6048 -0.4124 0.6813
vn -0.3421 0.7293 0.5925
vn -0.7995 0.1632 0.5781
vn -0.4407 0.3825 0.8121
vn -0.9452 -0.1769 0.2743
vn -0.3134 -0.9329 0.1771
vn -0.8430 -0.2426 0.4801
vn -0.8576 0.3729 0.3542
vn -0.7359 -0.6764 0.0311
vn -0.9914 -0.1112 -0.0688
vn -0.7415 -0.1379 -0.6567
vn -0.5384 0.5917 -0.6000
vn -0.0116 -0.1877 -0.9822
vn 0.0965 0.6543 -0.7500
vn 0.6355 0.5608 -0.5307
vn 0.9278 0.3571 0.1078
vn 0.9290 0.0662 0.3640
vn -0.0903 -0.6984 -0.7100
vn -0.5632 -0.7403 -0.3672
vn 0.5084 0.5472 0.6649
vn 0.8576 0.3729 0.3542
vn -0.0001 0.9139 0.4060
vn 0.0001 -0.8788 0.4771
vn -0.5359 0.3836 0.7521
vn 0.0542 0.7047 -0.7074
vn -0.9994 0.0181 -0.0288
vn 0.5293 0.7657 -0.3656
vn -0.3033 0.2489 0.9198
vn 0.3053 0.8697 -0.3879
vn 0.0104 0.4933 0.8698
vn 0.2594 0.8572 -0.4450
vn -0.0244 0.2590 0.9656
vn -0.3395 0.6362 -0.6928
vn -0.0102 0.4877 0.8730
vn -0.4660 0.8293 -0.3085
vn 0.3237 0.2674 0.9076
vn -0.2525 0.9194 -0.3016
vn 0.5891 0.4340 0.6816
vn 0.9446 -0.1360 0.2986
vn 0.6502 -0.6018 -0.4637
vn 0.2968 -0.1744 0.9389
vn 0.2019 -0.4992 -0.8426
vn 0.1010 -0.9613 -0.2563
vn -0.0425 -0.9983 0.0406
vn -0.0401 -0.9846 -0.1704
vn -0.6180 -0.6835 -0.3884
vn -0.6558 -0.5537 -0.5131
vn -0.2405 -0.1974 0.9504
vn 0.7592 0.3469 -0.5507
vn 0.4236 0.2814 -0.8610
vn -0.0121 0.2602 -0.9655
vn -0.4471 0.2913 -0.8457
vn -0.7648 0.3577 -0.5359
vn -0.8817 0.4604 -0.1033
vn -0.7576 0.5675 0.3223
vn -0.4312 0.6450 0.6309
vn 0.0157 0.6814 0.7317
vn 0.4449 0.6470 0.6193
vn 0.7686 0.5623 0.3049
vn 0.8822 0.4543 -0.1238
vn 0.4341 0.7419 -0.5111
vn 0.2164 0.7012 -0.6794
vn -0.0387 0.6913 -0.7216
vn -0.2901 0.7049 -0.6472
vn -0.4828 0.7525 -0.4478
vn -0.5452 0.8224 -0.1623
vn -0.4525 0.8864 0.0975
vn -0.2205 0.9353 0.2769
vn 0.0412 0.9442 0.3269
vn 0.2943 0.9235 0.2460
vn 0.4930 0.8696 0.0289
vn 0.5449 0.8030 -0.2413
vn -0.0000 0.9683 -0.2498
vt 0.766500 0.693700
vt 0.690000 0.588400
vt 0.690000 0.693800
vt 0.827200 0.588400
vt 0.835900 0.693500
vt 0.917800 0.588300
vt 0.856400 0.693200
vt 0.950900 0.588300
vt 0.690000 0.692600
vt 0.690000 0.431800
vt 0.848000 0.431700
vt 0.953800 0.431300
vt 0.992500 0.430800
vt 0.953800 0.430200
vt 0.848000 0.429800
vt 0.690000 0.429700
vt 0.690000 0.310400
vt 0.848600 0.310400
vt 0.954900 0.310400
vt 0.993800 0.310400
vt 0.690000 0.272700
vt 0.833000 0.272800
vt 0.927900 0.273100
vt 0.962700 0.273600
vt 0.833000 0.274300
vt 0.690000 0.274400
vt 0.689800 0.258300
vt 0.155400 0.923300
vt 0.161400 0.979800
vt 0.177500 0.950200
vt 0.121800 0.965200
vt 0.115600 0.903900
vt 0.085200 0.914500
vt 0.060600 0.881400
vt 0.040500 0.884000
vt 0.044200 0.846700
vt 0.016100 0.848000
vt 0.050100 0.840400
vt 0.024500 0.841500
vt 0.298100 0.929800
vt 0.303300 0.922600
vt 0.295200 0.926300
vt 0.306900 0.925800
vt 0.300800 0.933500
vt 0.307600 0.938500
vt 0.298900 0.937500
vt 0.294000 0.935500
vt 0.295000 0.937900
vt 0.291000 0.937400
vt 0.290400 0.933500
vt 0.306300 0.918300
vt 0.319000 0.918300
vt 0.303900 0.913100
vt 0.317600 0.913200
vt 0.300800 0.909600
vt 0.313200 0.909700
vt 0.299700 0.908600
vt 0.092000 0.950200
vt 0.114400 0.837900
vt 0.114600 0.844000
vt 0.199900 0.835400
vt 0.209900 0.837700
vt 0.126700 0.800000
vt 0.128800 0.798100
vt 0.072700 0.785500
vt 0.070400 0.782500
vt 0.053500 0.780900
vt 0.049300 0.777400
vt 0.116500 0.876500
vt 0.197400 0.869600
vt 0.202400 0.799500
vt 0.177600 0.773100
vt 0.167900 0.765900
vt 0.222000 0.838200
vt 0.320100 0.936500
vt 0.326000 0.918300
vt 0.326100 0.936000
vt 0.324100 0.913200
vt 0.208400 0.207700
vt 0.192700 0.207700
vt 0.200300 0.197900
vt 0.189700 0.227600
vt 0.208400 0.227700
vt 0.191100 0.229700
vt 0.197900 0.231600
vt 0.224000 0.207700
vt 0.216500 0.197900
vt 0.227000 0.227600
vt 0.225700 0.229700
vt 0.208400 0.195000
vt 0.208400 0.232300
vt 0.218800 0.231600
vt 0.424400 0.719200
vt 0.454800 0.693700
vt 0.416800 0.736500
vt 0.389000 0.693900
vt 0.391600 0.719400
vt 0.275400 0.694400
vt 0.280700 0.713800
vt 0.166600 0.694800
vt 0.166600 0.718100
vt 0.375200 0.736500
vt 0.286200 0.740600
vt 0.337900 0.736500
vt 0.285800 0.741800
vt 0.166600 0.736500
vt 0.051400 0.051200
vt 0.036800 0.149700
vt 0.036800 0.051200
vt 0.050400 0.149700
vt 0.066100 0.051200
vt 0.066100 0.149700
vt 0.080700 0.051200
vt 0.080700 0.149700
vt 0.095300 0.051200
vt 0.095300 0.149700
vt 0.110000 0.051200
vt 0.110000 0.149700
vt 0.124600 0.051200
vt 0.124600 0.149700
vt 0.139200 0.051200
vt 0.139200 0.149700
vt 0.153900 0.051200
vt 0.153900 0.149700
vt 0.168500 0.051200
vt 0.168500 0.149700
vt 0.183100 0.051200
vt 0.183100 0.149700
vt 0.197700 0.051200
vt 0.197700 0.149700
vt 0.212400 0.051200
vt 0.212400 0.149700
vt 0.036800 0.175100
vt 0.051400 0.175100
vt 0.066100 0.175100
vt 0.080700 0.175100
vt 0.095300 0.175100
vt 0.110000 0.175100
vt 0.124600 0.175100
vt 0.139200 0.175100
vt 0.153900 0.175100
vt 0.168500 0.175100
vt 0.183100 0.175100
vt 0.197700 0.175100
vt 0.212400 0.175100
vt 0.124600 0.203300
s 1
usemtl Material06
f 861/948/893 873/949/894 862/950/895
f 861/948/893 874/951/896 873/949/894
f 863/952/897 874/951/896 861/948/893
f 863/952/897 875/953/898 874/951/896
f 864/954/899 875/953/898 863/952/897
f 864/954/899 876/955/900 875/953/898
f 865/952/901 876/955/900 864/954/899
f 865/952/901 877/953/902 876/955/900
f 866/948/903 877/953/902 865/952/901
f 866/948/903 878/951/904 877/953/902
f 867/956/905 878/951/904 866/948/903
f 867/956/905 879/949/906 878/951/904
f 874/951/896 880/957/907 873/949/894
f 874/951/896 881/958/908 880/957/907
f 875/953/898 881/958/908 874/951/896
f 875/953/898 882/959/909 881/958/908
f 876/955/900 882/959/909 875/953/898
f 876/955/900 883/960/910 882/959/909
f 877/953/902 883/960/910 876/955/900
f 877/953/902 884/961/911 883/960/910
f 878/951/904 884/961/911 877/953/902
f 878/951/904 885/962/912 884/961/911
f 879/949/906 885/962/912 878/951/904
f 879/949/906 886/963/913 885/962/912
f 881/958/908 887/964/914 880/957/907
f 881/958/908 888/965/915 887/964/914
f 882/959/909 888/965/915 881/958/908
f 882/959/909 889/966/916 888/965/915
f 883/960/910 889/966/916 882/959/909
f 883/960/910 890/967/917 889/966/916
f 884/961/911 890/967/917 883/960/910
f 884/961/911 891/966/918 890/967/917
f 885/962/912 891/966/918 884/961/911
f 885/962/912 892/965/919 891/966/918
f 886/963/913 892/965/919 885/962/912
f 886/963/913 893/964/920 892/965/919
f 888/965/915 894/968/921 887/964/914
f 888/965/915 895/969/922 894/968/921
f 889/966/916 895/969/922 888/965/915
f 889/966/916 896/970/923 895/969/922
f 890/967/917 896/970/923 889/966/916
f 890/967/917 897/971/924 896/970/923
f 891/966/918 897/971/924 890/967/917
f 891/966/918 898/970/925 897/971/924
f 892/965/919 898/970/925 891/966/918
f 892/965/919 899/972/926 898/970/925
f 893/964/920 899/972/926 892/965/919
f 893/964/920 900/973/927 899/972/926
f 873/949/894 868/948/928 862/950/895
f 873/949/894 901/951/929 868/948/928
f 880/957/907 901/951/929 873/949/894
f 880/957/907 902/958/930 901/951/929
f 887/964/914 902/958/930 880/957/907
f 887/964/914 903/965/931 902/958/930
f 894/968/921 903/965/931 887/964/914
f 894/968/921 904/969/932 903/965/931
f 905/974/933 904/969/932 894/968/921
f 905/974/933 906/970/934 904/969/932
f 907/971/935 906/970/934 905/974/933
f 907/971/935 908/966/936 906/970/934
f 909/967/937 908/966/936 907/971/935
f 909/967/937 910/959/938 908/966/936
f 911/960/939 910/959/938 909/967/937
f 911/960/939 912/953/940 910/959/938
f 913/955/941 912/953/940 911/960/939
f 913/955/941 869/952/942 912/953/940
f 870/954/943 869/952/942 913/955/941
f 908/966/936 904/969/932 906/970/934
f 908/966/936 903/965/931 904/969/932
f 910/959/938 903/965/931 908/966/936
f 910/959/938 902/958/930 903/965/931
f 912/953/940 902/958/930 910/959/938
f 912/953/940 901/951/929 902/958/930
f 869/952/942 901/951/929 912/953/940
f 869/952/942 868/948/928 901/951/929
f 913/955/941 871/952/944 870/954/943
f 913/955/941 914/953/945 871/952/944
f 911/960/939 914/953/945 913/955/941
f 911/960/939 915/961/946 914/953/945
f 909/967/937 915/961/946 911/960/939
f 909/967/937 916/966/947 915/961/946
f 907/971/935 916/966/947 909/967/937
f 907/971/935 917/970/948 916/966/947
f 905/974/933 917/970/948 907/971/935
f 905/974/933 918/972/949 917/970/948
f 900/973/927 918/972/949 905/974/933
f 900/973/927 919/965/950 918/972/949
f 893/964/920 919/965/950 900/973/927
f 893/964/920 920/962/951 919/965/950
f 886/963/913 920/962/951 893/964/920
f 886/963/913 921/951/952 920/962/951
f 879/949/906 921/951/952 886/963/913
f 879/949/906 872/948/953 921/951/952
f 867/956/905 872/948/953 879/949/906
f 919/965/950 917/970/948 918/972/949
f 919/965/950 916/966/947 917/970/948
f 920/962/951 916/966/947 919/965/950
f 920/962/951 915/961/946 916/966/947
f 921/951/952 915/961/946 920/962/951
f 921/951/952 914/953/945 915/961/946
f 872/948/953 914/953/945 921/951/952
f 872/948/953 871/952/944 914/953/945
f 895/969/922 905/974/933 894/968/921
f 905/974/933 895/969/922 896/970/923
f 897/971/924 905/974/933 896/970/923
f 905/974/933 897/971/924 898/970/925
f 899/972/926 905/974/933 898/970/925
f 905/974/933 899/972/926 900/973/927
usemtl Material01.001
f 922/975/954 923/976/955 924/977/956
f 922/975/954 925/978/957 923/976/955
f 926/979/958 925/978/957 922/975/954
f 926/979/958 927/980/959 925/978/957
f 928/981/960 927/980/959 926/979/958
f 928/981/960 929/982/961 927/980/959
f 930/983/962 929/982/961 928/981/960
f 930/983/962 931/984/963 929/982/961
f 932/985/964 931/984/963 930/983/962
f 932/985/964 933/986/965 931/984/963
f 922/987/954 934/988/966 926/989/958
f 922/987/954 935/990/967 934/988/966
f 924/991/956 935/990/967 922/987/954
f 924/991/956 936/992/968 935/990/967
f 923/993/955 936/992/968 924/991/956
f 941/994/969 940/993/970 939/995/971
f 925/994/957 937/995/972 923/993/955
f 925/994/957 938/996/973 937/995/972
f 942/997/974 938/996/973 925/994/957
f 942/997/974 939/995/971 938/996/973
f 941/994/969 939/995/971 942/997/974
f 943/988/975 944/987/976 945/989/977
f 943/988/975 946/990/978 944/987/976
f 947/998/979 946/990/978 943/988/975
f 947/998/979 948/999/980 946/990/978
f 949/1000/981 948/999/980 947/998/979
f 949/1000/981 950/1001/982 948/999/980
f 951/1002/983 950/1001/982 949/1000/981
f 951/1002/983 952/1003/984 950/1001/982
f 953/1004/985 952/1003/984 951/1002/983
f 953/1004/985 954/1002/986 952/1003/984
f 927/980/959 942/1005/974 925/978/957
f 927/980/959 941/978/969 942/1005/974
f 945/979/977 941/978/969 927/980/959
f 945/979/977 944/975/976 941/978/969
f 955/985/987 931/984/963 933/986/965
f 955/985/987 956/983/988 931/984/963
f 957/1006/989 956/983/988 955/985/987
f 957/1006/989 958/1007/990 956/983/988
f 959/1008/991 958/1007/990 957/1006/989
f 959/1008/991 960/1009/992 958/1007/990
f 961/1010/993 960/1009/992 959/1008/991
f 961/1010/993 962/1011/994 960/1009/992
f 963/1012/995 962/1011/994 961/1010/993
f 963/1012/995 964/1013/996 962/1011/994
f 965/1014/997 964/1013/996 963/1012/995
f 965/1014/997 966/1015/998 964/1013/996
f 967/1012/999 966/1015/998 965/1014/997
f 967/1012/999 968/1013/1000 966/1015/998
f 969/1010/1001 968/1013/1000 967/1012/999
f 969/1010/1001 970/1011/1002 968/1013/1000
f 971/1008/1003 970/1011/1002 969/1010/1001
f 971/1008/1003 972/1009/1004 970/1011/1002
f 973/1006/1005 972/1009/1004 971/1008/1003
f 973/1006/1005 974/1007/1006 972/1009/1004
f 932/985/964 974/1007/1006 973/1006/1005
f 932/985/964 930/983/962 974/1007/1006
f 928/981/960 974/1007/1006 930/983/962
f 928/981/960 975/1016/1007 974/1007/1006
f 926/979/958 975/1016/1007 928/981/960
f 926/979/958 934/1017/966 975/1016/1007
f 976/1018/1008 970/1011/1002 972/1009/1004
f 976/1018/1008 968/1013/1000 970/1011/1002
f 954/1019/986 968/1013/1000 976/1018/1008
f 954/1019/986 966/1015/998 968/1013/1000
f 953/1020/985 966/1015/998 954/1019/986
f 953/1020/985 964/1013/996 966/1015/998
f 951/1019/983 964/1013/996 953/1020/985
f 951/1019/983 962/1011/994 964/1013/996
f 949/1018/981 962/1011/994 951/1019/983
f 949/1018/981 960/1009/992 962/1011/994
f 947/1021/979 960/1009/992 949/1018/981
f 947/1021/979 943/1017/975 960/1009/992
f 935/990/967 977/998/1009 934/988/966
f 935/990/967 978/999/1010 977/998/1009
f 979/1022/1011 978/999/1010 935/990/967
f 979/1022/1011 980/1023/1012 978/999/1010
f 981/1024/1013 980/1023/1012 979/1022/1011
f 981/1024/1013 948/999/980 980/1023/1012
f 982/1022/1014 948/999/980 981/1024/1013
f 982/1022/1014 946/990/978 948/999/980
f 983/992/1015 946/990/978 982/1022/1014
f 983/992/1015 984/991/1016 946/990/978
f 940/993/970 984/991/1016 983/992/1015
f 950/1001/982 980/1023/1012 948/999/980
f 950/1001/982 985/1025/1017 980/1023/1012
f 952/1003/984 985/1025/1017 950/1001/982
f 952/1003/984 986/1001/1018 985/1025/1017
f 954/1002/986 986/1001/1018 952/1003/984
f 954/1002/986 976/1000/1008 986/1001/1018
f 956/983/988 929/982/961 931/984/963
f 956/983/988 987/981/1019 929/982/961
f 958/1007/990 987/981/1019 956/983/988
f 958/1007/990 988/1016/1020 987/981/1019
f 960/1009/992 988/1016/1020 958/1007/990
f 960/1009/992 943/1017/975 988/1016/1020
f 945/979/977 988/1016/1020 943/1017/975
f 945/979/977 987/981/1019 988/1016/1020
f 927/980/959 987/981/1019 945/979/977
f 927/980/959 929/982/961 987/981/1019
f 989/1026/1021 969/1027/1001 967/1028/999
f 989/1026/1021 971/1029/1003 969/1027/1001
f 990/1030/1022 971/1029/1003 989/1026/1021
f 990/1030/1022 973/1031/1005 971/1029/1003
f 932/1032/964 973/1031/1005 990/1030/1022
f 961/1033/993 989/1026/1021 963/1034/995
f 961/1033/993 990/1030/1022 989/1026/1021
f 959/1035/991 990/1030/1022 961/1033/993
f 959/1035/991 957/1036/989 990/1030/1022
f 940/976/970 944/975/976 984/977/1016
f 944/975/976 940/976/970 941/978/969
f 975/1016/1007 972/1009/1004 974/1007/1006
f 972/1009/1004 975/1016/1007 934/1017/966
f 977/1021/1009 972/1009/1004 934/1017/966
f 972/1009/1004 977/1021/1009 976/1018/1008
f 946/990/978 984/991/1016 944/987/976
f 936/992/968 979/1022/1011 935/990/967
f 985/1025/1017 978/999/1010 980/1023/1012
f 978/999/1010 985/1025/1017 986/1001/1018
f 986/1001/1018 977/998/1009 978/999/1010
f 977/998/1009 986/1001/1018 976/1000/1008
f 965/1037/997 989/1026/1021 967/1028/999
f 989/1026/1021 965/1037/997 963/1034/995
f 990/1030/1022 933/1038/965 932/1032/964
f 933/1038/965 990/1030/1022 955/1039/987
f 957/1036/989 955/1039/987 990/1030/1022
usemtl Material07
f 991/1040/1023 992/1041/1024 993/1042/1025
f 991/1040/1023 994/1043/1026 992/1041/1024
f 995/1044/1027 994/1043/1026 991/1040/1023
f 995/1044/1027 996/1045/1028 994/1043/1026
f 997/1046/1029 996/1045/1028 995/1044/1027
f 997/1046/1029 998/1047/1030 996/1045/1028
f 999/1048/1031 998/1047/1030 997/1046/1029
f 999/1048/1031 1000/1045/1032 998/1047/1030
f 1001/1046/1033 1000/1045/1032 999/1048/1031
f 1001/1046/1033 1002/1043/1034 1000/1045/1032
f 1003/1044/1035 1002/1043/1034 1001/1046/1033
f 1003/1044/1035 1004/1041/1036 1002/1043/1034
f 1005/1040/1037 1004/1041/1036 1003/1044/1035
f 1005/1040/1037 1006/1042/1038 1004/1041/1036
f 1003/1044/1035 1006/1042/1038 1005/1040/1037
f 1003/1044/1035 1007/1049/1039 1006/1042/1038
f 1008/1050/1040 1007/1049/1039 1003/1044/1035
f 1008/1050/1040 1009/1051/1041 1007/1049/1039
f 1010/1052/1042 1009/1051/1041 1008/1050/1040
f 1010/1052/1042 1000/1045/1032 1009/1051/1041
f 1011/1053/1043 1000/1045/1032 1010/1052/1042
f 1011/1053/1043 998/1047/1030 1000/1045/1032
f 1012/1052/1044 998/1047/1030 1011/1053/1043
f 1012/1052/1044 996/1045/1028 998/1047/1030
f 1013/1051/1045 996/1045/1028 1012/1052/1044
f 1013/1051/1045 994/1043/1026 996/1045/1028
f 1014/1049/1046 994/1043/1026 1013/1051/1045
f 1014/1049/1046 992/1041/1024 994/1043/1026
f 993/1042/1025 992/1041/1024 1014/1049/1046
f 1002/1043/1034 1009/1051/1041 1000/1045/1032
f 1002/1043/1034 1007/1049/1039 1009/1051/1041
f 1004/1041/1036 1007/1049/1039 1002/1043/1034
f 1004/1041/1036 1006/1042/1038 1007/1049/1039
f 1014/1049/1046 991/1040/1023 993/1042/1025
f 1014/1049/1046 995/1044/1027 991/1040/1023
f 1013/1051/1045 995/1044/1027 1014/1049/1046
f 1013/1051/1045 1015/1050/1047 995/1044/1027
f 1012/1052/1044 1015/1050/1047 1013/1051/1045
f 1012/1052/1044 999/1048/1031 1015/1050/1047
f 1011/1053/1043 999/1048/1031 1012/1052/1044
f 1011/1053/1043 1008/1050/1040 999/1048/1031
f 1010/1052/1042 1008/1050/1040 1011/1053/1043
f 1015/1050/1047 997/1046/1029 995/1044/1027
f 997/1046/1029 1015/1050/1047 999/1048/1031
f 1008/1050/1040 1001/1046/1033 999/1048/1031
f 1001/1046/1033 1008/1050/1040 1003/1044/1035
usemtl Material04.001
f 861/1054/893 1016/1055/1048 863/1056/897
f 861/1054/893 1017/1057/1049 1016/1055/1048
f 862/1058/895 1017/1057/1049 861/1054/893
f 862/1058/895 1018/1059/1050 1017/1057/1049
f 868/1060/928 1018/1059/1050 862/1058/895
f 868/1060/928 1019/1061/1051 1018/1059/1050
f 869/1062/942 1019/1061/1051 868/1060/928
f 869/1062/942 1020/1063/1052 1019/1061/1051
f 870/1064/943 1020/1063/1052 869/1062/942
f 870/1064/943 1021/1065/1053 1020/1063/1052
f 871/1066/944 1021/1065/1053 870/1064/943
f 871/1066/944 1022/1067/1054 1021/1065/1053
f 872/1068/953 1022/1067/1054 871/1066/944
f 872/1068/953 1023/1069/1055 1022/1067/1054
f 867/1070/905 1023/1069/1055 872/1068/953
f 867/1070/905 1024/1071/1056 1023/1069/1055
f 866/1072/903 1024/1071/1056 867/1070/905
f 866/1072/903 1025/1073/1057 1024/1071/1056
f 865/1074/901 1025/1073/1057 866/1072/903
f 865/1074/901 1026/1075/1058 1025/1073/1057
f 864/1076/899 1026/1075/1058 865/1074/901
f 864/1076/899 1027/1077/1059 1026/1075/1058
f 863/1078/897 1027/1077/1059 864/1076/899
f 863/1078/897 1016/1079/1048 1027/1077/1059
f 1017/1057/1049 1028/1080/1060 1016/1055/1048
f 1017/1057/1049 1029/1081/1061 1028/1080/1060
f 1018/1059/1050 1029/1081/1061 1017/1057/1049
f 1018/1059/1050 1030/1082/1062 1029/1081/1061
f 1019/1061/1051 1030/1082/1062 1018/1059/1050
f 1019/1061/1051 1031/1083/1063 1030/1082/1062
f 1020/1063/1052 1031/1083/1063 1019/1061/1051
f 1020/1063/1052 1032/1084/1064 1031/1083/1063
f 1021/1065/1053 1032/1084/1064 1020/1063/1052
f 1021/1065/1053 1033/1085/1065 1032/1084/1064
f 1022/1067/1054 1033/1085/1065 1021/1065/1053
f 1022/1067/1054 1034/1086/1066 1033/1085/1065
f 1023/1069/1055 1034/1086/1066 1022/1067/1054
f 1023/1069/1055 1035/1087/1067 1034/1086/1066
f 1024/1071/1056 1035/1087/1067 1023/1069/1055
f 1024/1071/1056 1036/1088/1068 1035/1087/1067
f 1025/1073/1057 1036/1088/1068 1024/1071/1056
f 1025/1073/1057 1037/1089/1069 1036/1088/1068
f 1026/1075/1058 1037/1089/1069 1025/1073/1057
f 1026/1075/1058 1038/1090/1070 1037/1089/1069
f 1027/1077/1059 1038/1090/1070 1026/1075/1058
f 1027/1077/1059 1039/1091/1071 1038/1090/1070
f 1016/1079/1048 1039/1091/1071 1027/1077/1059
f 1016/1079/1048 1028/1092/1060 1039/1091/1071
f 1029/1081/1061 1040/1093/1072 1028/1080/1060
f 1040/1093/1072 1029/1081/1061 1030/1082/1062
f 1031/1083/1063 1040/1093/1072 1030/1082/1062
f 1040/1093/1072 1031/1083/1063 1032/1084/1064
f 1040/1093/1072 1039/1091/1071 1028/1092/1060
f 1039/1091/1071 1040/1093/1072 1038/1090/1070
f 1037/1089/1069 1038/1090/1070 1040/1093/1072
f 1040/1093/1072 1036/1088/1068 1037/1089/1069
f 1036/1088/1068 1040/1093/1072 1035/1087/1067
f 1034/1086/1066 1035/1087/1067 1040/1093/1072
f 1040/1093/1072 1033/1085/1065 1034/1086/1066
f 1033/1085/1065 1040/1093/1072 1032/1084/1064
o Sphere.002
v 0.609830 6.533240 0.037179
v 0.609830 6.460132 -0.203828
v 0.609830 6.340446 -0.323513
v 0.609830 6.184070 -0.388286
v 0.609830 6.099440 -0.396621
v 0.609830 6.014810 -0.388286
v 0.609830 5.858434 -0.323513
v 0.609830 5.665640 0.037179
v 0.626340 6.524905 -0.045825
v 0.642217 6.500219 -0.125639
v 0.656848 6.460132 -0.199197
v 0.669672 6.406183 -0.263670
v 0.680197 6.340446 -0.316582
v 0.688018 6.265448 -0.355899
v 0.692834 6.184070 -0.380111
v 0.694460 6.099440 -0.388286
v 0.692834 6.014810 -0.380111
v 0.688018 5.933432 -0.355899
v 0.680197 5.858434 -0.316582
v 0.669672 5.792697 -0.263670
v 0.656848 5.738749 -0.199197
v 0.642217 5.698661 -0.125639
v 0.626340 5.673975 -0.045825
v 0.642217 6.524905 -0.041009
v 0.673359 6.500219 -0.116193
v 0.702059 6.460132 -0.185482
v 0.727215 6.406183 -0.246215
v 0.747861 6.340446 -0.296057
v 0.763201 6.265448 -0.333093
v 0.772648 6.184070 -0.355899
v 0.775838 6.099440 -0.363600
v 0.772648 6.014810 -0.355899
v 0.763201 5.933432 -0.333093
v 0.747861 5.858434 -0.296057
v 0.727215 5.792697 -0.246215
v 0.702059 5.738749 -0.185482
v 0.673359 5.698661 -0.116193
v 0.642217 5.673975 -0.041009
v 0.656848 6.524905 -0.033189
v 0.702059 6.500219 -0.100852
v 0.743726 6.460132 -0.163211
v 0.780247 6.406183 -0.217869
v 0.810219 6.340446 -0.262725
v 0.832491 6.265448 -0.296057
v 0.846206 6.184070 -0.316582
v 0.850836 6.099440 -0.323513
v 0.846206 6.014810 -0.316582
v 0.832491 5.933432 -0.296057
v 0.810219 5.858434 -0.262725
v 0.780247 5.792697 -0.217869
v 0.743726 5.738749 -0.163211
v 0.702059 5.698661 -0.100852
v 0.656848 5.673975 -0.033189
v 0.669672 6.524905 -0.022664
v 0.727215 6.500219 -0.080207
v 0.780247 6.460132 -0.133238
v 0.826730 6.406183 -0.179721
v 0.864877 6.340446 -0.217869
v 0.893224 6.265448 -0.246215
v 0.910679 6.184070 -0.263670
v 0.916573 6.099440 -0.269564
v 0.910679 6.014810 -0.263670
v 0.893224 5.933432 -0.246215
v 0.864877 5.858434 -0.217869
v 0.826730 5.792697 -0.179721
v 0.780247 5.738749 -0.133238
v 0.727215 5.698661 -0.080207
v 0.669672 5.673975 -0.022664
v 0.680197 6.524905 -0.009839
v 0.747861 6.500219 -0.055050
v 0.810219 6.460132 -0.096717
v 0.864877 6.406183 -0.133238
v 0.909734 6.340446 -0.163211
v 0.943066 6.265448 -0.185482
v 0.963591 6.184070 -0.199197
v 0.970522 6.099440 -0.203828
v 0.963591 6.014810 -0.199197
v 0.943066 5.933432 -0.185482
v 0.909734 5.858434 -0.163211
v 0.864877 5.792697 -0.133238
v 0.810219 5.738749 -0.096717
v 0.747861 5.698661 -0.055050
v 0.680197 5.673975 -0.009839
v 0.688018 6.524905 0.004792
v 0.763201 6.500219 -0.026350
v 0.832491 6.460132 -0.055050
v 0.893224 6.406183 -0.080207
v 0.943066 6.340446 -0.100852
v 0.980102 6.265448 -0.116193
v 1.002908 6.184070 -0.125639
v 1.010609 6.099440 -0.128829
v 1.002908 6.014810 -0.125639
v 0.980102 5.933432 -0.116193
v 0.943066 5.858434 -0.100852
v 0.893224 5.792697 -0.080207
v 0.832491 5.738749 -0.055050
v 0.763201 5.698661 -0.026350
v 0.688018 5.673975 0.004792
v 0.692834 6.524905 0.020668
v 0.772648 6.500219 0.004792
v 0.846206 6.460132 -0.009839
v 0.910679 6.406183 -0.022664
v 0.963591 6.340446 -0.033189
v 1.002908 6.265448 -0.041009
v 1.027120 6.184070 -0.045825
v 1.035295 6.099440 -0.047451
v 1.027120 6.014810 -0.045825
v 1.002908 5.933432 -0.041009
v 0.963591 5.858434 -0.033189
v 0.910679 5.792697 -0.022664
v 0.846206 5.738749 -0.009839
v 0.772648 5.698661 0.004792
v 0.692834 5.673975 0.020668
v 0.694460 6.524905 0.037179
v 0.775838 6.500219 0.037179
v 0.850836 6.460132 0.037179
v 0.916573 6.406183 0.037179
v 0.970522 6.340446 0.037179
v 1.010609 6.265448 0.037179
v 1.035295 6.184070 0.037179
v 1.043630 6.099440 0.037179
v 1.035295 6.014810 0.037179
v 1.010609 5.933432 0.037179
v 0.970522 5.858434 0.037179
v 0.916573 5.792697 0.037179
v 0.850836 5.738749 0.037179
v 0.775838 5.698661 0.037179
v 0.694460 5.673975 0.037179
v 0.692834 6.524905 0.053689
v 0.772648 6.500219 0.069565
v 0.846205 6.460132 0.084197
v 0.910679 6.406183 0.097021
v 0.963591 6.340446 0.107546
v 1.002908 6.265448 0.115367
v 1.027120 6.184070 0.120183
v 1.035295 6.099440 0.121809
v 1.027120 6.014810 0.120183
v 1.002908 5.933432 0.115367
v 0.963591 5.858434 0.107546
v 0.910679 5.792697 0.097021
v 0.846205 5.738749 0.084197
v 0.772648 5.698661 0.069565
v 0.692834 5.673975 0.053689
v 0.688018 6.524905 0.069565
v 0.763201 6.500219 0.100707
v 0.832491 6.460132 0.129408
v 0.893224 6.406183 0.154564
v 0.943066 6.340446 0.175210
v 0.980102 6.265448 0.190550
v 1.002908 6.184070 0.199997
v 1.010609 6.099440 0.203187
v 1.002908 6.014810 0.199997
v 0.980102 5.933432 0.190550
v 0.943066 5.858434 0.175210
v 0.893224 5.792697 0.154564
v 0.832491 5.738749 0.129408
v 0.763201 5.698661 0.100707
v 0.688018 5.673975 0.069565
v 0.680197 6.524905 0.084197
v 0.747861 6.500219 0.129408
v 0.810219 6.460132 0.171075
v 0.864877 6.406183 0.207596
v 0.909734 6.340446 0.237568
v 0.943066 6.265448 0.259840
v 0.963591 6.184070 0.273555
v 0.970521 6.099440 0.278185
v 0.963591 6.014810 0.273555
v 0.943066 5.933432 0.259840
v 0.909734 5.858434 0.237568
v 0.864877 5.792697 0.207596
v 0.810219 5.738749 0.171075
v 0.747861 5.698661 0.129408
v 0.680197 5.673975 0.084197
v 0.669672 6.524905 0.097021
v 0.727215 6.500219 0.154564
v 0.780247 6.460132 0.207596
v 0.826730 6.406183 0.254079
v 0.864877 6.340446 0.292226
v 0.893224 6.265448 0.320573
v 0.910679 6.184070 0.338028
v 0.916573 6.099440 0.343922
v 0.910679 6.014810 0.338028
v 0.893224 5.933432 0.320573
v 0.864877 5.858434 0.292226
v 0.826730 5.792697 0.254079
v 0.780247 5.738749 0.207596
v 0.727215 5.698661 0.154564
v 0.669672 5.673975 0.097021
v 0.656848 6.524905 0.107546
v 0.702059 6.500219 0.175210
v 0.743726 6.460132 0.237568
v 0.780247 6.406183 0.292226
v 0.810219 6.340446 0.337083
v 0.832491 6.265448 0.370415
v 0.846205 6.184070 0.390940
v 0.850836 6.099440 0.397871
v 0.846205 6.014810 0.390940
v 0.832491 5.933432 0.370415
v 0.810219 5.858434 0.337083
v 0.780247 5.792697 0.292226
v 0.743726 5.738749 0.237568
v 0.702059 5.698661 0.175210
v 0.656848 5.673975 0.107546
v 0.642216 6.524905 0.115367
v 0.673358 6.500219 0.190550
v 0.702059 6.460132 0.259840
v 0.727215 6.406183 0.320573
v 0.747861 6.340446 0.370415
v 0.763201 6.265448 0.407450
v 0.772648 6.184070 0.430257
v 0.775838 6.099440 0.437958
v 0.772648 6.014810 0.430257
v 0.763201 5.933432 0.407450
v 0.747861 5.858434 0.370415
v 0.727215 5.792697 0.320573
v 0.702059 5.738749 0.259840
v 0.673358 5.698661 0.190550
v 0.642216 5.673975 0.115367
v 0.626340 6.524905 0.120183
v 0.642216 6.500219 0.199997
v 0.656848 6.460132 0.273554
v 0.669672 6.406183 0.338028
v 0.680197 6.340446 0.390940
v 0.688018 6.265448 0.430257
v 0.692834 6.184070 0.454469
v 0.694460 6.099440 0.462644
v 0.692834 6.014810 0.454469
v 0.688018 5.933432 0.430257
v 0.680197 5.858434 0.390940
v 0.669672 5.792697 0.338028
v 0.656848 5.738749 0.273554
v 0.642216 5.698661 0.199997
v 0.626340 5.673975 0.120183
v 0.609830 6.524905 0.121809
v 0.609830 6.500219 0.203187
v 0.609830 6.460132 0.278185
v 0.609830 6.406183 0.343922
v 0.609830 6.340446 0.397871
v 0.609830 6.265448 0.437958
v 0.609830 6.184070 0.462644
v 0.609830 6.099440 0.470979
v 0.609830 6.014810 0.462644
v 0.609830 5.933432 0.437958
v 0.609830 5.858434 0.397871
v 0.609830 5.792697 0.343922
v 0.609830 5.738749 0.278185
v 0.609830 5.698661 0.203187
v 0.609830 5.673975 0.121809
v 0.593319 6.524905 0.120183
v 0.577443 6.500219 0.199997
v 0.562812 6.460132 0.273554
v 0.549987 6.406183 0.338028
v 0.539462 6.340446 0.390940
v 0.531642 6.265448 0.430257
v 0.526826 6.184070 0.454468
v 0.525200 6.099440 0.462644
v 0.526826 6.014810 0.454468
v 0.531642 5.933432 0.430257
v 0.539462 5.858434 0.390940
v 0.549987 5.792697 0.338028
v 0.562812 5.738749 0.273554
v 0.577443 5.698661 0.199997
v 0.593319 5.673975 0.120183
v 0.577443 6.524905 0.115367
v 0.546301 6.500219 0.190550
v 0.517601 6.460132 0.259840
v 0.492444 6.406183 0.320573
v 0.471799 6.340446 0.370414
v 0.456458 6.265448 0.407450
v 0.447012 6.184070 0.430257
v 0.443822 6.099440 0.437958
v 0.447012 6.014810 0.430257
v 0.456458 5.933432 0.407450
v 0.471799 5.858434 0.370414
v 0.492444 5.792697 0.320573
v 0.517601 5.738749 0.259840
v 0.546301 5.698661 0.190550
v 0.577443 5.673975 0.115367
v 0.562812 6.524905 0.107546
v 0.517601 6.500219 0.175210
v 0.475934 6.460132 0.237568
v 0.439413 6.406183 0.292226
v 0.409440 6.340446 0.337083
v 0.387169 6.265448 0.370415
v 0.373454 6.184070 0.390940
v 0.368823 6.099440 0.397870
v 0.373454 6.014810 0.390940
v 0.387169 5.933432 0.370415
v 0.409440 5.858434 0.337083
v 0.439413 5.792697 0.292226
v 0.475934 5.738749 0.237568
v 0.517601 5.698661 0.175210
v 0.562812 5.673975 0.107546
v 0.549987 6.524905 0.097021
v 0.492444 6.500219 0.154564
v 0.439413 6.460132 0.207596
v 0.392930 6.406183 0.254079
v 0.354782 6.340446 0.292226
v 0.326436 6.265448 0.320572
v 0.308981 6.184070 0.338028
v 0.303087 6.099440 0.343922
v 0.308981 6.014810 0.338028
v 0.326436 5.933432 0.320572
v 0.354782 5.858434 0.292226
v 0.392930 5.792697 0.254079
v 0.439413 5.738749 0.207596
v 0.492444 5.698661 0.154564
v 0.549987 5.673975 0.097021
v 0.539463 6.524905 0.084197
v 0.471799 6.500219 0.129408
v 0.409440 6.460132 0.171075
v 0.354782 6.406183 0.207596
v 0.309926 6.340446 0.237568
v 0.276594 6.265448 0.259840
v 0.256069 6.184070 0.273554
v 0.249138 6.099440 0.278185
v 0.256069 6.014810 0.273554
v 0.276594 5.933432 0.259840
v 0.309926 5.858434 0.237568
v 0.354782 5.792697 0.207596
v 0.409440 5.738749 0.171075
v 0.471799 5.698661 0.129408
v 0.539463 5.673975 0.084197
v 0.531642 6.524905 0.069565
v 0.456458 6.500219 0.100707
v 0.387169 6.460132 0.129408
v 0.326436 6.406183 0.154564
v 0.276594 6.340446 0.175210
v 0.239558 6.265448 0.190550
v 0.216752 6.184070 0.199997
v 0.209051 6.099440 0.203187
v 0.216752 6.014810 0.199997
v 0.239558 5.933432 0.190550
v 0.276594 5.858434 0.175210
v 0.326436 5.792697 0.154564
v 0.387169 5.738749 0.129408
v 0.456458 5.698661 0.100707
v 0.531642 5.673975 0.069565
v 0.526826 6.524905 0.053689
v 0.447012 6.500219 0.069565
v 0.373454 6.460132 0.084197
v 0.308981 6.406183 0.097021
v 0.256069 6.340446 0.107546
v 0.216752 6.265448 0.115367
v 0.192540 6.184070 0.120183
v 0.184365 6.099440 0.121809
v 0.192540 6.014810 0.120183
v 0.216752 5.933432 0.115367
v 0.256069 5.858434 0.107546
v 0.308981 5.792697 0.097021
v 0.373454 5.738749 0.084197
v 0.447012 5.698661 0.069565
v 0.526826 5.673975 0.053689
v 0.525200 6.524905 0.037179
v 0.443822 6.500219 0.037179
v 0.368824 6.460132 0.037179
v 0.303087 6.406183 0.037179
v 0.249138 6.340446 0.037179
v 0.209051 6.265448 0.037179
v 0.184365 6.184070 0.037179
v 0.176030 6.099440 0.037179
v 0.184365 6.014810 0.037179
v 0.209051 5.933432 0.037179
v 0.249138 5.858434 0.037179
v 0.303087 5.792697 0.037179
v 0.368824 5.738749 0.037179
v 0.443822 5.698661 0.037179
v 0.525200 5.673975 0.037179
v 0.526826 6.524905 0.020668
v 0.447012 6.500219 0.004792
v 0.373454 6.460132 -0.009839
v 0.308981 6.406183 -0.022664
v 0.256069 6.340446 -0.033189
v 0.216752 6.265448 -0.041009
v 0.192540 6.184070 -0.045825
v 0.184365 6.099440 -0.047451
v 0.192540 6.014810 -0.045825
v 0.216752 5.933432 -0.041009
v 0.256069 5.858434 -0.033189
v 0.308981 5.792697 -0.022664
v 0.373454 5.738749 -0.009839
v 0.447012 5.698661 0.004792
v 0.526826 5.673975 0.020668
v 0.531642 6.524905 0.004792
v 0.456458 6.500219 -0.026350
v 0.387169 6.460132 -0.055050
v 0.326436 6.406183 -0.080207
v 0.276594 6.340446 -0.100852
v 0.239558 6.265448 -0.116193
v 0.216752 6.184070 -0.125639
v 0.209051 6.099440 -0.128829
v 0.216752 6.014810 -0.125639
v 0.239558 5.933432 -0.116193
v 0.276594 5.858434 -0.100852
v 0.326436 5.792697 -0.080207
v 0.387169 5.738749 -0.055050
v 0.456458 5.698661 -0.026350
v 0.531642 5.673975 0.004792
v 0.539463 6.524905 -0.009839
v 0.471799 6.500219 -0.055050
v 0.409441 6.460132 -0.096717
v 0.354782 6.406183 -0.133238
v 0.309926 6.340446 -0.163211
v 0.276594 6.265448 -0.185482
v 0.256069 6.184070 -0.199197
v 0.249139 6.099440 -0.203828
v 0.256069 6.014810 -0.199197
v 0.276594 5.933432 -0.185482
v 0.309926 5.858434 -0.163211
v 0.354782 5.792697 -0.133238
v 0.409441 5.738749 -0.096717
v 0.471799 5.698661 -0.055050
v 0.539463 5.673975 -0.009839
v 0.549987 6.524905 -0.022664
v 0.492444 6.500219 -0.080207
v 0.439413 6.460132 -0.133238
v 0.392930 6.406183 -0.179721
v 0.354783 6.340446 -0.217869
v 0.326436 6.265448 -0.246215
v 0.308981 6.184070 -0.263670
v 0.303087 6.099440 -0.269564
v 0.308981 6.014810 -0.263670
v 0.326436 5.933432 -0.246215
v 0.354783 5.858434 -0.217869
v 0.392930 5.792697 -0.179721
v 0.439413 5.738749 -0.133238
v 0.492444 5.698661 -0.080207
v 0.549987 5.673975 -0.022664
v 0.562812 6.524905 -0.033189
v 0.517601 6.500219 -0.100852
v 0.475934 6.460132 -0.163211
v 0.439413 6.406183 -0.217869
v 0.409441 6.340446 -0.262725
v 0.387169 6.265448 -0.296057
v 0.373454 6.184070 -0.316582
v 0.368824 6.099440 -0.323513
v 0.373454 6.014810 -0.316582
v 0.387169 5.933432 -0.296057
v 0.409441 5.858434 -0.262725
v 0.439413 5.792697 -0.217869
v 0.475934 5.738749 -0.163211
v 0.517601 5.698661 -0.100852
v 0.562812 5.673975 -0.033189
v 0.577443 6.524905 -0.041009
v 0.546301 6.500219 -0.116193
v 0.517601 6.460132 -0.185482
v 0.492444 6.406183 -0.246215
v 0.471799 6.340446 -0.296057
v 0.456458 6.265448 -0.333093
v 0.447012 6.184070 -0.355899
v 0.443822 6.099440 -0.363600
v 0.447012 6.014810 -0.355899
v 0.456458 5.933432 -0.333093
v 0.471799 5.858434 -0.296057
v 0.492444 5.792697 -0.246215
v 0.517601 5.738749 -0.185482
v 0.546301 5.698661 -0.116193
v 0.577443 5.673975 -0.041009
v 0.593319 6.524905 -0.045825
v 0.577443 6.500219 -0.125639
v 0.562812 6.460132 -0.199196
v 0.549987 6.406183 -0.263670
v 0.539463 6.340446 -0.316582
v 0.531642 6.265448 -0.355899
v 0.526826 6.184070 -0.380111
v 0.525200 6.099440 -0.388286
v 0.526826 6.014810 -0.380111
v 0.531642 5.933432 -0.355899
v 0.539463 5.858434 -0.316582
v 0.549987 5.792697 -0.263670
v 0.562812 5.738749 -0.199196
v 0.577443 5.698661 -0.125639
v 0.593319 5.673975 -0.045825
v 0.609830 6.524905 -0.047451
v 0.609830 6.500219 -0.128829
v 0.609830 6.406183 -0.269564
v 0.609830 6.265448 -0.363600
v 0.609830 5.933432 -0.363600
v 0.609830 5.792697 -0.269564
v 0.609830 5.738749 -0.203827
v 0.609830 5.698661 -0.128829
v 0.609830 5.673975 -0.047451
vn 0.0938 0.2890 -0.9527
vn 0.0286 -0.9565 -0.2902
vn 0.0975 0.0975 -0.9904
vn 0.0097 0.9951 -0.0980
vn 0.0097 -0.9951 -0.0980
vn 0.0975 -0.0975 -0.9904
vn 0.0286 0.9565 -0.2902
vn 0.0938 -0.2890 -0.9527
vn 0.0464 0.8810 -0.4709
vn 0.0865 -0.4696 -0.8786
vn 0.0624 0.7715 -0.6332
vn 0.0759 -0.6326 -0.7708
vn 0.0759 0.6326 -0.7708
vn 0.0624 -0.7715 -0.6332
vn 0.0865 0.4696 -0.8786
vn 0.0464 -0.8810 -0.4709
vn 0.1847 -0.7715 -0.6088
vn 0.2563 0.4696 -0.8448
vn 0.1374 -0.8810 -0.4528
vn 0.2779 0.2890 -0.9161
vn 0.0846 -0.9565 -0.2790
vn 0.2889 0.0976 -0.9524
vn 0.0286 0.9951 -0.0942
vn 0.0286 -0.9951 -0.0942
vn 0.2889 -0.0976 -0.9524
vn 0.0846 0.9565 -0.2790
vn 0.2779 -0.2890 -0.9161
vn 0.1374 0.8810 -0.4528
vn 0.2563 -0.4696 -0.8448
vn 0.1847 0.7715 -0.6088
vn 0.2248 -0.6326 -0.7412
vn 0.2248 0.6326 -0.7412
vn 0.4513 -0.2890 -0.8443
vn 0.2230 0.8810 -0.4173
vn 0.4162 -0.4696 -0.7786
vn 0.2999 0.7715 -0.5611
vn 0.3651 -0.6326 -0.6831
vn 0.3651 0.6326 -0.6831
vn 0.2999 -0.7715 -0.5611
vn 0.4162 0.4696 -0.7786
vn 0.2230 -0.8810 -0.4173
vn 0.4513 0.2890 -0.8443
vn 0.1374 -0.9565 -0.2571
vn 0.4691 0.0975 -0.8777
vn 0.0464 0.9951 -0.0869
vn 0.0464 -0.9951 -0.0869
vn 0.4691 -0.0975 -0.8777
vn 0.1374 0.9565 -0.2571
vn 0.3002 -0.8810 -0.3658
vn 0.6073 0.2890 -0.7400
vn 0.1850 -0.9565 -0.2254
vn 0.6314 0.0975 -0.7693
vn 0.0625 0.9951 -0.0761
vn 0.0625 -0.9951 -0.0761
vn 0.6314 -0.0975 -0.7693
vn 0.1850 0.9565 -0.2254
vn 0.6073 -0.2890 -0.7400
vn 0.3002 0.8810 -0.3658
vn 0.5601 -0.4696 -0.6825
vn 0.4036 0.7715 -0.4918
vn 0.4913 -0.6326 -0.5987
vn 0.4913 0.6326 -0.5987
vn 0.4036 -0.7715 -0.4918
vn 0.5601 0.4696 -0.6825
vn 0.3658 0.8810 -0.3002
vn 0.6825 -0.4696 -0.5601
vn 0.4918 0.7715 -0.4036
vn 0.5987 -0.6326 -0.4913
vn 0.5987 0.6326 -0.4913
vn 0.4918 -0.7715 -0.4036
vn 0.6825 0.4696 -0.5601
vn 0.3658 -0.8810 -0.3002
vn 0.7400 0.2890 -0.6073
vn 0.2254 -0.9565 -0.1850
vn 0.7693 0.0975 -0.6314
vn 0.0761 0.9951 -0.0625
vn 0.0761 -0.9951 -0.0625
vn 0.7693 -0.0975 -0.6314
vn 0.2254 0.9565 -0.1850
vn 0.7400 -0.2890 -0.6073
vn 0.8443 0.2890 -0.4513
vn 0.2571 -0.9565 -0.1374
vn 0.8777 0.0975 -0.4691
vn 0.0869 0.9951 -0.0464
vn 0.0869 -0.9951 -0.0464
vn 0.8777 -0.0975 -0.4691
vn 0.2571 0.9565 -0.1374
vn 0.8443 -0.2890 -0.4513
vn 0.4173 0.8810 -0.2230
vn 0.7786 -0.4696 -0.4162
vn 0.5611 0.7715 -0.2999
vn 0.6831 -0.6326 -0.3651
vn 0.6831 0.6326 -0.3651
vn 0.5611 -0.7715 -0.2999
vn 0.7786 0.4696 -0.4162
vn 0.4173 -0.8810 -0.2230
vn 0.8448 -0.4696 -0.2563
vn 0.6088 0.7715 -0.1847
vn 0.7412 -0.6326 -0.2248
vn 0.7412 0.6326 -0.2248
vn 0.6088 -0.7715 -0.1847
vn 0.8448 0.4696 -0.2563
vn 0.4528 -0.8810 -0.1374
vn 0.9161 0.2890 -0.2779
vn 0.2790 -0.9565 -0.0846
vn 0.9524 0.0975 -0.2889
vn 0.0942 0.9951 -0.0286
vn 0.0942 -0.9951 -0.0286
vn 0.9524 -0.0975 -0.2889
vn 0.2790 0.9565 -0.0846
vn 0.9161 -0.2890 -0.2779
vn 0.4528 0.8810 -0.1374
vn 0.2902 -0.9565 -0.0286
vn 0.9904 0.0975 -0.0975
vn 0.0980 0.9951 -0.0097
vn 0.0980 -0.9951 -0.0097
vn 0.9904 -0.0975 -0.0975
vn 0.2902 0.9565 -0.0286
vn 0.9527 -0.2890 -0.0938
vn 0.4709 0.8810 -0.0464
vn 0.8786 -0.4696 -0.0865
vn 0.6332 0.7715 -0.0624
vn 0.7708 -0.6326 -0.0759
vn 0.7708 0.6326 -0.0759
vn 0.6332 -0.7715 -0.0624
vn 0.8786 0.4696 -0.0865
vn 0.4709 -0.8810 -0.0464
vn 0.9527 0.2890 -0.0938
vn 0.6332 0.7715 0.0624
vn 0.7708 -0.6326 0.0759
vn 0.7708 0.6326 0.0759
vn 0.6332 -0.7715 0.0624
vn 0.8786 0.4696 0.0865
vn 0.4709 -0.8810 0.0464
vn 0.9527 0.2890 0.0938
vn 0.2902 -0.9565 0.0286
vn 0.9904 0.0975 0.0976
vn 0.0980 0.9951 0.0097
vn 0.0980 -0.9951 0.0097
vn 0.9904 -0.0975 0.0976
vn 0.2902 0.9565 0.0286
vn 0.9527 -0.2890 0.0938
vn 0.4709 0.8810 0.0464
vn 0.8786 -0.4696 0.0865
vn 0.9524 0.0975 0.2889
vn 0.0942 0.9951 0.0286
vn 0.0942 -0.9951 0.0286
vn 0.9524 -0.0975 0.2889
vn 0.2790 0.9565 0.0846
vn 0.9161 -0.2890 0.2779
vn 0.4528 0.8810 0.1374
vn 0.8448 -0.4696 0.2563
vn 0.6088 0.7715 0.1847
vn 0.7412 -0.6326 0.2248
vn 0.7412 0.6326 0.2248
vn 0.6088 -0.7715 0.1847
vn 0.8448 0.4696 0.2563
vn 0.4528 -0.8810 0.1374
vn 0.9161 0.2890 0.2779
vn 0.2790 -0.9565 0.0846
vn 0.6831 -0.6326 0.3651
vn 0.6831 0.6326 0.3651
vn 0.5611 -0.7715 0.2999
vn 0.7786 0.4696 0.4162
vn 0.4173 -0.8810 0.2230
vn 0.8443 0.2890 0.4513
vn 0.2571 -0.9565 0.1374
vn 0.8777 0.0975 0.4691
vn 0.0869 0.9951 0.0464
vn 0.0869 -0.9951 0.0464
vn 0.8777 -0.0975 0.4691
vn 0.2571 0.9565 0.1374
vn 0.8443 -0.2890 0.4513
vn 0.4173 0.8810 0.2230
vn 0.7786 -0.4696 0.4162
vn 0.5611 0.7715 0.2999
vn 0.0761 -0.9951 0.0625
vn 0.7693 -0.0975 0.6314
vn 0.2254 0.9565 0.1850
vn 0.7400 -0.2890 0.6073
vn 0.3658 0.8810 0.3002
vn 0.6825 -0.4696 0.5601
vn 0.4918 0.7715 0.4036
vn 0.5987 -0.6326 0.4913
vn 0.5987 0.6326 0.4913
vn 0.4918 -0.7715 0.4036
vn 0.6825 0.4696 0.5601
vn 0.3658 -0.8810 0.3002
vn 0.7400 0.2890 0.6073
vn 0.2254 -0.9565 0.1850
vn 0.7693 0.0975 0.6314
vn 0.0761 0.9951 0.0625
vn 0.4036 -0.7715 0.4918
vn 0.5601 0.4696 0.6825
vn 0.3002 -0.8810 0.3658
vn 0.6073 0.2890 0.7400
vn 0.1850 -0.9565 0.2254
vn 0.6314 0.0975 0.7693
vn 0.0625 0.9951 0.0761
vn 0.0625 -0.9951 0.0761
vn 0.6314 -0.0975 0.7693
vn 0.1850 0.9565 0.2254
vn 0.6073 -0.2890 0.7400
vn 0.3002 0.8810 0.3658
vn 0.5601 -0.4696 0.6825
vn 0.4036 0.7715 0.4918
vn 0.4913 -0.6326 0.5987
vn 0.4913 0.6326 0.5987
vn 0.1374 0.9565 0.2571
vn 0.4513 -0.2890 0.8443
vn 0.2230 0.8810 0.4173
vn 0.4162 -0.4696 0.7786
vn 0.2999 0.7715 0.5611
vn 0.3651 -0.6326 0.6831
vn 0.3651 0.6326 0.6831
vn 0.2999 -0.7715 0.5611
vn 0.4162 0.4696 0.7786
vn 0.2230 -0.8810 0.4173
vn 0.4513 0.2890 0.8443
vn 0.1374 -0.9565 0.2571
vn 0.4691 0.0975 0.8777
vn 0.0464 0.9951 0.0869
vn 0.0464 -0.9951 0.0869
vn 0.4691 -0.0975 0.8777
vn 0.2563 0.4696 0.8448
vn 0.1374 -0.8810 0.4528
vn 0.2779 0.2890 0.9161
vn 0.0846 -0.9565 0.2790
vn 0.2889 0.0975 0.9524
vn 0.0286 0.9951 0.0942
vn 0.0286 -0.9951 0.0942
vn 0.2889 -0.0975 0.9524
vn 0.0846 0.9565 0.2790
vn 0.2779 -0.2890 0.9161
vn 0.1374 0.8810 0.4528
vn 0.2563 -0.4696 0.8448
vn 0.1847 0.7715 0.6088
vn 0.2248 -0.6326 0.7412
vn 0.2248 0.6326 0.7412
vn 0.1847 -0.7715 0.6088
vn 0.0938 -0.2890 0.9527
vn 0.0464 0.8810 0.4709
vn 0.0865 -0.4696 0.8786
vn 0.0624 0.7715 0.6332
vn 0.0759 -0.6326 0.7708
vn 0.0759 0.6326 0.7708
vn 0.0624 -0.7715 0.6332
vn 0.0865 0.4696 0.8786
vn 0.0464 -0.8810 0.4709
vn 0.0938 0.2890 0.9527
vn 0.0286 -0.9565 0.2902
vn 0.0975 0.0975 0.9904
vn 0.0097 0.9951 0.0980
vn 0.0097 -0.9951 0.0980
vn 0.0975 -0.0975 0.9904
vn 0.0286 0.9565 0.2902
vn -0.0464 -0.8810 0.4709
vn -0.0938 0.2890 0.9527
vn -0.0286 -0.9565 0.2902
vn -0.0976 0.0975 0.9904
vn -0.0097 0.9951 0.0980
vn -0.0097 -0.9951 0.0980
vn -0.0976 -0.0975 0.9904
vn -0.0286 0.9565 0.2902
vn -0.0938 -0.2890 0.9527
vn -0.0464 0.8810 0.4709
vn -0.0865 -0.4696 0.8786
vn -0.0624 0.7715 0.6332
vn -0.0759 -0.6326 0.7708
vn -0.0759 0.6326 0.7708
vn -0.0624 -0.7715 0.6332
vn -0.0865 0.4696 0.8786
vn -0.1374 0.8810 0.4528
vn -0.2563 -0.4696 0.8448
vn -0.1847 0.7715 0.6088
vn -0.2248 -0.6326 0.7412
vn -0.2248 0.6326 0.7412
vn -0.1847 -0.7715 0.6088
vn -0.2563 0.4696 0.8448
vn -0.1374 -0.8810 0.4528
vn -0.2779 0.2890 0.9161
vn -0.0846 -0.9565 0.2790
vn -0.2889 0.0975 0.9524
vn -0.0286 0.9951 0.0942
vn -0.0286 -0.9951 0.0942
vn -0.2889 -0.0975 0.9524
vn -0.0846 0.9565 0.2790
vn -0.2779 -0.2890 0.9161
vn -0.4513 0.2890 0.8443
vn -0.1374 -0.9565 0.2571
vn -0.4691 0.0975 0.8777
vn -0.0464 0.9951 0.0869
vn -0.0464 -0.9951 0.0869
vn -0.4691 -0.0975 0.8777
vn -0.1374 0.9565 0.2571
vn -0.4513 -0.2890 0.8443
vn -0.2230 0.8810 0.4173
vn -0.4162 -0.4696 0.7786
vn -0.2999 0.7715 0.5611
vn -0.3651 -0.6326 0.6831
vn -0.3651 0.6326 0.6831
vn -0.2999 -0.7715 0.5611
vn -0.4162 0.4696 0.7786
vn -0.2230 -0.8810 0.4173
vn -0.5601 -0.4696 0.6825
vn -0.4036 0.7715 0.4918
vn -0.4913 -0.6326 0.5987
vn -0.4913 0.6326 0.5987
vn -0.4036 -0.7715 0.4918
vn -0.5601 0.4696 0.6825
vn -0.3002 -0.8810 0.3658
vn -0.6073 0.2890 0.7400
vn -0.1850 -0.9565 0.2254
vn -0.6314 0.0975 0.7693
vn -0.0625 0.9951 0.0761
vn -0.0625 -0.9951 0.0761
vn -0.6314 -0.0975 0.7693
vn -0.1850 0.9565 0.2254
vn -0.6073 -0.2890 0.7400
vn -0.3002 0.8810 0.3658
vn -0.2254 -0.9565 0.1850
vn -0.7693 0.0975 0.6314
vn -0.0761 0.9951 0.0625
vn -0.0761 -0.9951 0.0625
vn -0.7693 -0.0975 0.6314
vn -0.2254 0.9565 0.1850
vn -0.7400 -0.2890 0.6073
vn -0.3658 0.8810 0.3002
vn -0.6825 -0.4696 0.5601
vn -0.4918 0.7715 0.4036
vn -0.5987 -0.6326 0.4913
vn -0.5987 0.6326 0.4913
vn -0.4918 -0.7715 0.4036
vn -0.6825 0.4696 0.5601
vn -0.3658 -0.8810 0.3002
vn -0.7400 0.2890 0.6073
vn -0.6831 -0.6326 0.3651
vn -0.6831 0.6326 0.3651
vn -0.5611 -0.7715 0.2999
vn -0.7786 0.4696 0.4162
vn -0.4173 -0.8810 0.2230
vn -0.8443 0.2890 0.4513
vn -0.2571 -0.9565 0.1374
vn -0.8777 0.0975 0.4691
vn -0.0869 0.9951 0.0464
vn -0.0869 -0.9951 0.0464
vn -0.8777 -0.0975 0.4691
vn -0.2571 0.9565 0.1374
vn -0.8443 -0.2890 0.4513
vn -0.4173 0.8810 0.2230
vn -0.7786 -0.4696 0.4162
vn -0.5611 0.7715 0.2999
vn -0.0942 0.9951 0.0286
vn -0.0942 -0.9951 0.0286
vn -0.9524 -0.0975 0.2889
vn -0.2790 0.9565 0.0846
vn -0.9161 -0.2890 0.2779
vn -0.4528 0.8810 0.1374
vn -0.8448 -0.4696 0.2563
vn -0.6088 0.7715 0.1847
vn -0.7412 -0.6326 0.2248
vn -0.7412 0.6326 0.2248
vn -0.6088 -0.7715 0.1847
vn -0.8448 0.4696 0.2563
vn -0.4528 -0.8810 0.1374
vn -0.9161 0.2890 0.2779
vn -0.2790 -0.9565 0.0846
vn -0.9524 0.0975 0.2889
vn -0.7708 0.6326 0.0759
vn -0.6332 -0.7715 0.0624
vn -0.8786 0.4696 0.0865
vn -0.4709 -0.8810 0.0464
vn -0.9527 0.2890 0.0938
vn -0.2902 -0.9565 0.0286
vn -0.9904 0.0975 0.0975
vn -0.0980 0.9951 0.0097
vn -0.0980 -0.9951 0.0097
vn -0.9904 -0.0975 0.0975
vn -0.2902 0.9565 0.0286
vn -0.9527 -0.2890 0.0938
vn -0.4709 0.8810 0.0464
vn -0.8786 -0.4696 0.0865
vn -0.6332 0.7715 0.0624
vn -0.7708 -0.6326 0.0759
vn -0.9904 -0.0975 -0.0976
vn -0.2902 0.9565 -0.0286
vn -0.9527 -0.2890 -0.0938
vn -0.4709 0.8810 -0.0464
vn -0.8786 -0.4696 -0.0865
vn -0.6332 0.7715 -0.0624
vn -0.7708 -0.6326 -0.0759
vn -0.7708 0.6326 -0.0759
vn -0.6332 -0.7715 -0.0624
vn -0.8786 0.4696 -0.0865
vn -0.4709 -0.8810 -0.0464
vn -0.9527 0.2890 -0.0938
vn -0.2902 -0.9565 -0.0286
vn -0.9904 0.0975 -0.0976
vn -0.0980 0.9951 -0.0097
vn -0.0980 -0.9951 -0.0097
vn -0.6088 -0.7715 -0.1847
vn -0.8448 0.4696 -0.2563
vn -0.4528 -0.8810 -0.1374
vn -0.9161 0.2890 -0.2779
vn -0.2790 -0.9565 -0.0846
vn -0.9524 0.0975 -0.2889
vn -0.0942 0.9951 -0.0286
vn -0.0942 -0.9951 -0.0286
vn -0.9524 -0.0975 -0.2889
vn -0.2790 0.9565 -0.0846
vn -0.9161 -0.2890 -0.2779
vn -0.4528 0.8810 -0.1374
vn -0.8448 -0.4696 -0.2563
vn -0.6088 0.7715 -0.1847
vn -0.7412 -0.6326 -0.2248
vn -0.7412 0.6326 -0.2248
vn -0.2571 0.9565 -0.1374
vn -0.8443 -0.2890 -0.4513
vn -0.4173 0.8810 -0.2231
vn -0.7786 -0.4696 -0.4162
vn -0.5611 0.7715 -0.2999
vn -0.6831 -0.6326 -0.3651
vn -0.6831 0.6326 -0.3651
vn -0.5611 -0.7715 -0.2999
vn -0.7786 0.4696 -0.4162
vn -0.4173 -0.8810 -0.2231
vn -0.8443 0.2890 -0.4513
vn -0.2571 -0.9565 -0.1374
vn -0.8777 0.0975 -0.4691
vn -0.0869 0.9951 -0.0464
vn -0.0869 -0.9951 -0.0464
vn -0.8777 -0.0975 -0.4691
vn -0.6825 0.4696 -0.5601
vn -0.3658 -0.8810 -0.3002
vn -0.7400 0.2890 -0.6073
vn -0.2254 -0.9565 -0.1850
vn -0.7693 0.0975 -0.6314
vn -0.0761 0.9951 -0.0625
vn -0.0761 -0.9951 -0.0625
vn -0.7693 -0.0975 -0.6314
vn -0.2254 0.9565 -0.1850
vn -0.7400 -0.2890 -0.6073
vn -0.3658 0.8810 -0.3002
vn -0.6825 -0.4696 -0.5601
vn -0.4918 0.7715 -0.4036
vn -0.5987 -0.6326 -0.4913
vn -0.5987 0.6326 -0.4913
vn -0.4918 -0.7715 -0.4036
vn -0.6073 -0.2890 -0.7400
vn -0.3002 0.8810 -0.3658
vn -0.5601 -0.4696 -0.6825
vn -0.4036 0.7715 -0.4918
vn -0.4913 -0.6326 -0.5987
vn -0.4913 0.6326 -0.5987
vn -0.4036 -0.7715 -0.4918
vn -0.5601 0.4696 -0.6825
vn -0.3002 -0.8810 -0.3658
vn -0.6073 0.2890 -0.7400
vn -0.1850 -0.9565 -0.2254
vn -0.6314 0.0975 -0.7693
vn -0.0625 0.9951 -0.0761
vn -0.0625 -0.9951 -0.0761
vn -0.6314 -0.0975 -0.7693
vn -0.1850 0.9565 -0.2254
vn -0.2230 -0.8810 -0.4173
vn -0.4513 0.2890 -0.8443
vn -0.1374 -0.9565 -0.2571
vn -0.4691 0.0975 -0.8777
vn -0.0464 0.9951 -0.0869
vn -0.0464 -0.9951 -0.0869
vn -0.4691 -0.0975 -0.8777
vn -0.1374 0.9565 -0.2571
vn -0.4513 -0.2890 -0.8443
vn -0.2230 0.8810 -0.4173
vn -0.4162 -0.4696 -0.7786
vn -0.2999 0.7715 -0.5611
vn -0.3651 -0.6326 -0.6831
vn -0.3651 0.6326 -0.6831
vn -0.2999 -0.7715 -0.5611
vn -0.4162 0.4696 -0.7786
vn -0.2563 -0.4696 -0.8448
vn -0.1847 0.7715 -0.6088
vn -0.2248 -0.6326 -0.7412
vn -0.2248 0.6326 -0.7412
vn -0.1847 -0.7715 -0.6088
vn -0.2563 0.4696 -0.8448
vn -0.1374 -0.8810 -0.4528
vn -0.2779 0.2890 -0.9161
vn -0.0846 -0.9565 -0.2790
vn -0.2889 0.0975 -0.9524
vn -0.0286 0.9951 -0.0942
vn -0.0286 -0.9951 -0.0942
vn -0.2889 -0.0975 -0.9524
vn -0.0846 0.9565 -0.2790
vn -0.2779 -0.2890 -0.9161
vn -0.1374 0.8810 -0.4528
vn -0.0286 -0.9565 -0.2902
vn -0.0976 0.0975 -0.9904
vn -0.0097 0.9951 -0.0980
vn -0.0097 -0.9951 -0.0980
vn -0.0976 -0.0975 -0.9904
vn -0.0286 0.9565 -0.2902
vn -0.0938 -0.2890 -0.9527
vn -0.0464 0.8810 -0.4709
vn -0.0865 -0.4696 -0.8786
vn -0.0624 0.7715 -0.6332
vn -0.0759 -0.6326 -0.7708
vn -0.0759 0.6326 -0.7708
vn -0.0624 -0.7715 -0.6332
vn -0.0865 0.4696 -0.8786
vn -0.0464 -0.8810 -0.4709
vn -0.0938 0.2890 -0.9527
vt 0.750000 0.562500
vt 0.750000 0.625000
vt 0.718750 0.625000
vt 0.718750 0.562500
vt 0.750000 0.062500
vt 0.750000 0.125000
vt 0.718750 0.125000
vt 0.718750 0.062500
vt 0.750000 0.500000
vt 0.718750 0.500000
vt 0.750000 0.937500
vt 0.734375 1.000000
vt 0.718750 0.937500
vt 0.734375 0.000000
vt 0.750000 0.437500
vt 0.718750 0.437500
vt 0.750000 0.875000
vt 0.718750 0.875000
vt 0.750000 0.375000
vt 0.718750 0.375000
vt 0.750000 0.812500
vt 0.718750 0.812500
vt 0.750000 0.312500
vt 0.718750 0.312500
vt 0.750000 0.750000
vt 0.718750 0.750000
vt 0.750000 0.250000
vt 0.718750 0.250000
vt 0.750000 0.687500
vt 0.718750 0.687500
vt 0.750000 0.187500
vt 0.718750 0.187500
vt 0.687500 0.250000
vt 0.687500 0.187500
vt 0.687500 0.687500
vt 0.687500 0.625000
vt 0.687500 0.125000
vt 0.687500 0.562500
vt 0.687500 0.062500
vt 0.687500 0.500000
vt 0.703125 1.000000
vt 0.687500 0.937500
vt 0.703125 0.000000
vt 0.687500 0.437500
vt 0.687500 0.875000
vt 0.687500 0.375000
vt 0.687500 0.812500
vt 0.687500 0.312500
vt 0.687500 0.750000
vt 0.656250 0.437500
vt 0.656250 0.375000
vt 0.656250 0.875000
vt 0.656250 0.812500
vt 0.656250 0.312500
vt 0.656250 0.750000
vt 0.656250 0.250000
vt 0.656250 0.687500
vt 0.656250 0.187500
vt 0.656250 0.625000
vt 0.656250 0.125000
vt 0.656250 0.562500
vt 0.656250 0.062500
vt 0.656250 0.500000
vt 0.671875 1.000000
vt 0.656250 0.937500
vt 0.671875 0.000000
vt 0.625000 0.187500
vt 0.625000 0.125000
vt 0.625000 0.625000
vt 0.625000 0.562500
vt 0.625000 0.062500
vt 0.625000 0.500000
vt 0.640625 1.000000
vt 0.625000 0.937500
vt 0.640625 0.000000
vt 0.625000 0.437500
vt 0.625000 0.875000
vt 0.625000 0.375000
vt 0.625000 0.812500
vt 0.625000 0.312500
vt 0.625000 0.750000
vt 0.625000 0.250000
vt 0.625000 0.687500
vt 0.593750 0.875000
vt 0.593750 0.812500
vt 0.593750 0.375000
vt 0.593750 0.312500
vt 0.593750 0.750000
vt 0.593750 0.250000
vt 0.593750 0.687500
vt 0.593750 0.187500
vt 0.593750 0.625000
vt 0.593750 0.125000
vt 0.593750 0.562500
vt 0.593750 0.062500
vt 0.593750 0.500000
vt 0.609375 1.000000
vt 0.593750 0.937500
vt 0.609375 0.000000
vt 0.593750 0.437500
vt 0.562500 0.625000
vt 0.562500 0.562500
vt 0.562500 0.125000
vt 0.562500 0.062500
vt 0.562500 0.500000
vt 0.578125 1.000000
vt 0.562500 0.937500
vt 0.578125 0.000000
vt 0.562500 0.437500
vt 0.562500 0.875000
vt 0.562500 0.375000
vt 0.562500 0.812500
vt 0.562500 0.312500
vt 0.562500 0.750000
vt 0.562500 0.250000
vt 0.562500 0.687500
vt 0.562500 0.187500
vt 0.531250 0.375000
vt 0.531250 0.312500
vt 0.531250 0.812500
vt 0.531250 0.750000
vt 0.531250 0.250000
vt 0.531250 0.687500
vt 0.531250 0.187500
vt 0.531250 0.625000
vt 0.531250 0.125000
vt 0.531250 0.562500
vt 0.531250 0.062500
vt 0.531250 0.500000
vt 0.546875 1.000000
vt 0.531250 0.937500
vt 0.546875 0.000000
vt 0.531250 0.437500
vt 0.531250 0.875000
vt 0.500000 0.125000
vt 0.500000 0.062500
vt 0.500000 0.562500
vt 0.500000 0.500000
vt 0.515625 1.000000
vt 0.500000 0.937500
vt 0.515625 0.000000
vt 0.500000 0.437500
vt 0.500000 0.875000
vt 0.500000 0.375000
vt 0.500000 0.812500
vt 0.500000 0.312500
vt 0.500000 0.750000
vt 0.500000 0.250000
vt 0.500000 0.687500
vt 0.500000 0.187500
vt 0.500000 0.625000
vt 0.468750 0.812500
vt 0.468750 0.750000
vt 0.468750 0.312500
vt 0.468750 0.250000
vt 0.468750 0.687500
vt 0.468750 0.187500
vt 0.468750 0.625000
vt 0.468750 0.125000
vt 0.468750 0.562500
vt 0.468750 0.062500
vt 0.468750 0.500000
vt 0.484375 1.000000
vt 0.468750 0.937500
vt 0.484375 0.000000
vt 0.468750 0.437500
vt 0.468750 0.875000
vt 0.468750 0.375000
vt 0.437500 0.562500
vt 0.437500 0.500000
vt 0.453125 1.000000
vt 0.437500 0.937500
vt 0.453125 0.000000
vt 0.437500 0.062500
vt 0.437500 0.437500
vt 0.437500 0.875000
vt 0.437500 0.375000
vt 0.437500 0.812500
vt 0.437500 0.312500
vt 0.437500 0.750000
vt 0.437500 0.250000
vt 0.437500 0.687500
vt 0.437500 0.187500
vt 0.437500 0.625000
vt 0.437500 0.125000
vt 0.406250 0.312500
vt 0.406250 0.250000
vt 0.406250 0.750000
vt 0.406250 0.687500
vt 0.406250 0.187500
vt 0.406250 0.625000
vt 0.406250 0.125000
vt 0.406250 0.562500
vt 0.406250 0.062500
vt 0.406250 0.500000
vt 0.421875 1.000000
vt 0.406250 0.937500
vt 0.421875 0.000000
vt 0.406250 0.437500
vt 0.406250 0.875000
vt 0.406250 0.375000
vt 0.406250 0.812500
vt 0.390625 0.000000
vt 0.375000 0.062500
vt 0.375000 0.500000
vt 0.375000 0.437500
vt 0.375000 0.937500
vt 0.375000 0.875000
vt 0.375000 0.375000
vt 0.375000 0.812500
vt 0.375000 0.312500
vt 0.375000 0.750000
vt 0.375000 0.250000
vt 0.375000 0.687500
vt 0.375000 0.187500
vt 0.375000 0.625000
vt 0.375000 0.125000
vt 0.375000 0.562500
vt 0.390625 1.000000
vt 0.343750 0.250000
vt 0.343750 0.187500
vt 0.343750 0.687500
vt 0.343750 0.625000
vt 0.343750 0.125000
vt 0.343750 0.562500
vt 0.343750 0.062500
vt 0.343750 0.500000
vt 0.359375 1.000000
vt 0.343750 0.937500
vt 0.359375 0.000000
vt 0.343750 0.437500
vt 0.343750 0.875000
vt 0.343750 0.375000
vt 0.343750 0.812500
vt 0.343750 0.312500
vt 0.343750 0.750000
vt 0.312500 0.937500
vt 0.312500 0.875000
vt 0.312500 0.437500
vt 0.312500 0.375000
vt 0.312500 0.812500
vt 0.312500 0.312500
vt 0.312500 0.750000
vt 0.312500 0.250000
vt 0.312500 0.687500
vt 0.312500 0.187500
vt 0.312500 0.625000
vt 0.312500 0.125000
vt 0.312500 0.562500
vt 0.312500 0.062500
vt 0.312500 0.500000
vt 0.328125 1.000000
vt 0.328125 0.000000
vt 0.281250 0.687500
vt 0.281250 0.625000
vt 0.281250 0.187500
vt 0.281250 0.125000
vt 0.281250 0.562500
vt 0.281250 0.062500
vt 0.281250 0.500000
vt 0.296875 1.000000
vt 0.281250 0.937500
vt 0.296875 0.000000
vt 0.281250 0.437500
vt 0.281250 0.875000
vt 0.281250 0.375000
vt 0.281250 0.812500
vt 0.281250 0.312500
vt 0.281250 0.750000
vt 0.281250 0.250000
vt 0.250000 0.437500
vt 0.250000 0.375000
vt 0.250000 0.875000
vt 0.250000 0.812500
vt 0.250000 0.312500
vt 0.250000 0.750000
vt 0.250000 0.250000
vt 0.250000 0.687500
vt 0.250000 0.187500
vt 0.250000 0.625000
vt 0.250000 0.125000
vt 0.250000 0.562500
vt 0.250000 0.062500
vt 0.250000 0.500000
vt 0.265625 1.000000
vt 0.250000 0.937500
vt 0.265625 0.000000
vt 0.218750 0.187500
vt 0.218750 0.125000
vt 0.218750 0.625000
vt 0.218750 0.562500
vt 0.218750 0.062500
vt 0.218750 0.500000
vt 0.234375 1.000000
vt 0.218750 0.937500
vt 0.234375 0.000000
vt 0.218750 0.437500
vt 0.218750 0.875000
vt 0.218750 0.375000
vt 0.218750 0.812500
vt 0.218750 0.312500
vt 0.218750 0.750000
vt 0.218750 0.250000
vt 0.218750 0.687500
vt 0.187500 0.875000
vt 0.187500 0.812500
vt 0.187500 0.375000
vt 0.187500 0.312500
vt 0.187500 0.750000
vt 0.187500 0.250000
vt 0.187500 0.687500
vt 0.187500 0.187500
vt 0.187500 0.625000
vt 0.187500 0.125000
vt 0.187500 0.562500
vt 0.187500 0.062500
vt 0.187500 0.500000
vt 0.203125 1.000000
vt 0.187500 0.937500
vt 0.203125 0.000000
vt 0.187500 0.437500
vt 0.156250 0.625000
vt 0.156250 0.562500
vt 0.156250 0.125000
vt 0.156250 0.062500
vt 0.156250 0.500000
vt 0.171875 1.000000
vt 0.156250 0.937500
vt 0.171875 0.000000
vt 0.156250 0.437500
vt 0.156250 0.875000
vt 0.156250 0.375000
vt 0.156250 0.812500
vt 0.156250 0.312500
vt 0.156250 0.750000
vt 0.156250 0.250000
vt 0.156250 0.687500
vt 0.156250 0.187500
vt 0.125000 0.375000
vt 0.125000 0.312500
vt 0.125000 0.812500
vt 0.125000 0.750000
vt 0.125000 0.250000
vt 0.125000 0.687500
vt 0.125000 0.187500
vt 0.125000 0.625000
vt 0.125000 0.125000
vt 0.125000 0.562500
vt 0.125000 0.062500
vt 0.125000 0.500000
vt 0.140625 1.000000
vt 0.125000 0.937500
vt 0.140625 0.000000
vt 0.125000 0.437500
vt 0.125000 0.875000
vt 0.093750 0.125000
vt 0.093750 0.062500
vt 0.093750 0.562500
vt 0.093750 0.500000
vt 0.109375 1.000000
vt 0.093750 0.937500
vt 0.109375 0.000000
vt 0.093750 0.437500
vt 0.093750 0.875000
vt 0.093750 0.375000
vt 0.093750 0.812500
vt 0.093750 0.312500
vt 0.093750 0.750000
vt 0.093750 0.250000
vt 0.093750 0.687500
vt 0.093750 0.187500
vt 0.093750 0.625000
vt 0.062500 0.312500
vt 0.062500 0.250000
vt 0.062500 0.750000
vt 0.062500 0.687500
vt 0.062500 0.187500
vt 0.062500 0.625000
vt 0.062500 0.125000
vt 0.062500 0.562500
vt 0.062500 0.062500
vt 0.062500 0.500000
vt 0.078125 1.000000
vt 0.062500 0.937500
vt 0.078125 0.000000
vt 0.062500 0.437500
vt 0.062500 0.875000
vt 0.062500 0.375000
vt 0.062500 0.812500
vt 0.046875 1.000000
vt 0.031250 0.937500
vt 0.046875 0.000000
vt 0.031250 0.062500
vt 0.031250 0.500000
vt 0.031250 0.437500
vt 0.031250 0.875000
vt 0.031250 0.375000
vt 0.031250 0.812500
vt 0.031250 0.312500
vt 0.031250 0.750000
vt 0.031250 0.250000
vt 0.031250 0.687500
vt 0.031250 0.187500
vt 0.031250 0.625000
vt 0.031250 0.125000
vt 0.031250 0.562500
vt 0.000000 0.750000
vt 0.000000 0.687500
vt 0.000000 0.250000
vt 0.000000 0.187500
vt 0.000000 0.625000
vt 0.000000 0.125000
vt 0.000000 0.562500
vt 0.000000 0.062500
vt 0.000000 0.500000
vt 0.015625 1.000000
vt 0.000000 0.937500
vt 0.015625 0.000000
vt 0.000000 0.437500
vt 0.000000 0.875000
vt 0.000000 0.375000
vt 0.000000 0.812500
vt 0.000000 0.312500
vt 1.000000 0.437500
vt 1.000000 0.500000
vt 0.968750 0.500000
vt 0.968750 0.437500
vt 1.000000 0.875000
vt 1.000000 0.937500
vt 0.968750 0.937500
vt 0.968750 0.875000
vt 1.000000 0.375000
vt 0.968750 0.375000
vt 1.000000 0.812500
vt 0.968750 0.812500
vt 1.000000 0.312500
vt 0.968750 0.312500
vt 1.000000 0.750000
vt 0.968750 0.750000
vt 1.000000 0.250000
vt 0.968750 0.250000
vt 1.000000 0.687500
vt 0.968750 0.687500
vt 1.000000 0.187500
vt 0.968750 0.187500
vt 1.000000 0.625000
vt 0.968750 0.625000
vt 1.000000 0.125000
vt 0.968750 0.125000
vt 1.000000 0.562500
vt 0.968750 0.562500
vt 1.000000 0.062500
vt 0.968750 0.062500
vt 0.984375 1.000000
vt 0.984375 0.000000
vt 0.937500 0.250000
vt 0.937500 0.187500
vt 0.937500 0.687500
vt 0.937500 0.625000
vt 0.937500 0.125000
vt 0.937500 0.562500
vt 0.937500 0.062500
vt 0.937500 0.500000
vt 0.953125 1.000000
vt 0.937500 0.937500
vt 0.953125 0.000000
vt 0.937500 0.437500
vt 0.937500 0.875000
vt 0.937500 0.375000
vt 0.937500 0.812500
vt 0.937500 0.312500
vt 0.937500 0.750000
vt 0.906250 0.937500
vt 0.906250 0.875000
vt 0.906250 0.437500
vt 0.906250 0.375000
vt 0.906250 0.812500
vt 0.906250 0.312500
vt 0.906250 0.750000
vt 0.906250 0.250000
vt 0.906250 0.687500
vt 0.906250 0.187500
vt 0.906250 0.625000
vt 0.906250 0.125000
vt 0.906250 0.562500
vt 0.906250 0.062500
vt 0.906250 0.500000
vt 0.921875 1.000000
vt 0.921875 0.000000
vt 0.875000 0.687500
vt 0.875000 0.625000
vt 0.875000 0.187500
vt 0.875000 0.125000
vt 0.875000 0.562500
vt 0.875000 0.062500
vt 0.875000 0.500000
vt 0.890625 1.000000
vt 0.875000 0.937500
vt 0.890625 0.000000
vt 0.875000 0.437500
vt 0.875000 0.875000
vt 0.875000 0.375000
vt 0.875000 0.812500
vt 0.875000 0.312500
vt 0.875000 0.750000
vt 0.875000 0.250000
vt 0.843750 0.437500
vt 0.843750 0.375000
vt 0.843750 0.875000
vt 0.843750 0.812500
vt 0.843750 0.312500
vt 0.843750 0.750000
vt 0.843750 0.250000
vt 0.843750 0.687500
vt 0.843750 0.187500
vt 0.843750 0.625000
vt 0.843750 0.125000
vt 0.843750 0.562500
vt 0.843750 0.062500
vt 0.843750 0.500000
vt 0.859375 1.000000
vt 0.843750 0.937500
vt 0.859375 0.000000
vt 0.812500 0.187500
vt 0.812500 0.125000
vt 0.812500 0.625000
vt 0.812500 0.562500
vt 0.812500 0.062500
vt 0.812500 0.500000
vt 0.828125 1.000000
vt 0.812500 0.937500
vt 0.828125 0.000000
vt 0.812500 0.437500
vt 0.812500 0.875000
vt 0.812500 0.375000
vt 0.812500 0.812500
vt 0.812500 0.312500
vt 0.812500 0.750000
vt 0.812500 0.250000
vt 0.812500 0.687500
vt 0.781250 0.375000
vt 0.781250 0.312500
vt 0.781250 0.812500
vt 0.781250 0.750000
vt 0.781250 0.250000
vt 0.781250 0.687500
vt 0.781250 0.187500
vt 0.781250 0.625000
vt 0.781250 0.125000
vt 0.781250 0.562500
vt 0.781250 0.062500
vt 0.781250 0.500000
vt 0.796875 1.000000
vt 0.781250 0.937500
vt 0.796875 0.000000
vt 0.781250 0.437500
vt 0.781250 0.875000
vt 0.765625 1.000000
vt 0.765625 0.000000
s 0
usemtl Material.004
f 1044/1094/1073 1517/1095/1073 1054/1096/1073 1055/1097/1073
f 1522/1098/1074 1521/1099/1074 1062/1100/1074 1063/1101/1074
f 1045/1102/1075 1044/1094/1075 1055/1097/1075 1056/1103/1075
f 1514/1104/1076 1041/1105/1076 1049/1106/1076
f 1048/1107/1077 1522/1098/1077 1063/1101/1077
f 1046/1108/1078 1045/1102/1078 1056/1103/1078 1057/1109/1078
f 1515/1110/1079 1514/1104/1079 1049/1106/1079 1050/1111/1079
f 1518/1112/1080 1046/1108/1080 1057/1109/1080 1058/1113/1080
f 1042/1114/1081 1515/1110/1081 1050/1111/1081 1051/1115/1081
f 1047/1116/1082 1518/1112/1082 1058/1113/1082 1059/1117/1082
f 1516/1118/1083 1042/1114/1083 1051/1115/1083 1052/1119/1083
f 1519/1120/1084 1047/1116/1084 1059/1117/1084 1060/1121/1084
f 1043/1122/1085 1516/1118/1085 1052/1119/1085 1053/1123/1085
f 1520/1124/1086 1519/1120/1086 1060/1121/1086 1061/1125/1086
f 1517/1095/1087 1043/1122/1087 1053/1123/1087 1054/1096/1087
f 1521/1099/1088 1520/1124/1088 1061/1125/1088 1062/1100/1088
f 1061/1125/1089 1060/1121/1089 1075/1126/1089 1076/1127/1089
f 1054/1096/1090 1053/1123/1090 1068/1128/1090 1069/1129/1090
f 1062/1100/1091 1061/1125/1091 1076/1127/1091 1077/1130/1091
f 1055/1097/1092 1054/1096/1092 1069/1129/1092 1070/1131/1092
f 1063/1101/1093 1062/1100/1093 1077/1130/1093 1078/1132/1093
f 1056/1103/1094 1055/1097/1094 1070/1131/1094 1071/1133/1094
f 1049/1106/1095 1041/1134/1095 1064/1135/1095
f 1048/1136/1096 1063/1101/1096 1078/1132/1096
f 1057/1109/1097 1056/1103/1097 1071/1133/1097 1072/1137/1097
f 1050/1111/1098 1049/1106/1098 1064/1135/1098 1065/1138/1098
f 1058/1113/1099 1057/1109/1099 1072/1137/1099 1073/1139/1099
f 1051/1115/1100 1050/1111/1100 1065/1138/1100 1066/1140/1100
f 1059/1117/1101 1058/1113/1101 1073/1139/1101 1074/1141/1101
f 1052/1119/1102 1051/1115/1102 1066/1140/1102 1067/1142/1102
f 1060/1121/1103 1059/1117/1103 1074/1141/1103 1075/1126/1103
f 1053/1123/1104 1052/1119/1104 1067/1142/1104 1068/1128/1104
f 1073/1139/1105 1072/1137/1105 1087/1143/1105 1088/1144/1105
f 1066/1140/1106 1065/1138/1106 1080/1145/1106 1081/1146/1106
f 1074/1141/1107 1073/1139/1107 1088/1144/1107 1089/1147/1107
f 1067/1142/1108 1066/1140/1108 1081/1146/1108 1082/1148/1108
f 1075/1126/1109 1074/1141/1109 1089/1147/1109 1090/1149/1109
f 1068/1128/1110 1067/1142/1110 1082/1148/1110 1083/1150/1110
f 1076/1127/1111 1075/1126/1111 1090/1149/1111 1091/1151/1111
f 1069/1129/1112 1068/1128/1112 1083/1150/1112 1084/1152/1112
f 1077/1130/1113 1076/1127/1113 1091/1151/1113 1092/1153/1113
f 1070/1131/1114 1069/1129/1114 1084/1152/1114 1085/1154/1114
f 1078/1132/1115 1077/1130/1115 1092/1153/1115 1093/1155/1115
f 1071/1133/1116 1070/1131/1116 1085/1154/1116 1086/1156/1116
f 1064/1135/1117 1041/1157/1117 1079/1158/1117
f 1048/1159/1118 1078/1132/1118 1093/1155/1118
f 1072/1137/1119 1071/1133/1119 1086/1156/1119 1087/1143/1119
f 1065/1138/1120 1064/1135/1120 1079/1158/1120 1080/1145/1120
f 1092/1153/1121 1091/1151/1121 1106/1160/1121 1107/1161/1121
f 1085/1154/1122 1084/1152/1122 1099/1162/1122 1100/1163/1122
f 1093/1155/1123 1092/1153/1123 1107/1161/1123 1108/1164/1123
f 1086/1156/1124 1085/1154/1124 1100/1163/1124 1101/1165/1124
f 1079/1158/1125 1041/1166/1125 1094/1167/1125
f 1048/1168/1126 1093/1155/1126 1108/1164/1126
f 1087/1143/1127 1086/1156/1127 1101/1165/1127 1102/1169/1127
f 1080/1145/1128 1079/1158/1128 1094/1167/1128 1095/1170/1128
f 1088/1144/1129 1087/1143/1129 1102/1169/1129 1103/1171/1129
f 1081/1146/1130 1080/1145/1130 1095/1170/1130 1096/1172/1130
f 1089/1147/1131 1088/1144/1131 1103/1171/1131 1104/1173/1131
f 1082/1148/1132 1081/1146/1132 1096/1172/1132 1097/1174/1132
f 1090/1149/1133 1089/1147/1133 1104/1173/1133 1105/1175/1133
f 1083/1150/1134 1082/1148/1134 1097/1174/1134 1098/1176/1134
f 1091/1151/1135 1090/1149/1135 1105/1175/1135 1106/1160/1135
f 1084/1152/1136 1083/1150/1136 1098/1176/1136 1099/1162/1136
f 1096/1172/1137 1095/1170/1137 1110/1177/1137 1111/1178/1137
f 1104/1173/1138 1103/1171/1138 1118/1179/1138 1119/1180/1138
f 1097/1174/1139 1096/1172/1139 1111/1178/1139 1112/1181/1139
f 1105/1175/1140 1104/1173/1140 1119/1180/1140 1120/1182/1140
f 1098/1176/1141 1097/1174/1141 1112/1181/1141 1113/1183/1141
f 1106/1160/1142 1105/1175/1142 1120/1182/1142 1121/1184/1142
f 1099/1162/1143 1098/1176/1143 1113/1183/1143 1114/1185/1143
f 1107/1161/1144 1106/1160/1144 1121/1184/1144 1122/1186/1144
f 1100/1163/1145 1099/1162/1145 1114/1185/1145 1115/1187/1145
f 1108/1164/1146 1107/1161/1146 1122/1186/1146 1123/1188/1146
f 1101/1165/1147 1100/1163/1147 1115/1187/1147 1116/1189/1147
f 1094/1167/1148 1041/1190/1148 1109/1191/1148
f 1048/1192/1149 1108/1164/1149 1123/1188/1149
f 1102/1169/1150 1101/1165/1150 1116/1189/1150 1117/1193/1150
f 1095/1170/1151 1094/1167/1151 1109/1191/1151 1110/1177/1151
f 1103/1171/1152 1102/1169/1152 1117/1193/1152 1118/1179/1152
f 1115/1187/1153 1114/1185/1153 1129/1194/1153 1130/1195/1153
f 1123/1188/1154 1122/1186/1154 1137/1196/1154 1138/1197/1154
f 1116/1189/1155 1115/1187/1155 1130/1195/1155 1131/1198/1155
f 1109/1191/1156 1041/1199/1156 1124/1200/1156
f 1048/1201/1157 1123/1188/1157 1138/1197/1157
f 1117/1193/1158 1116/1189/1158 1131/1198/1158 1132/1202/1158
f 1110/1177/1159 1109/1191/1159 1124/1200/1159 1125/1203/1159
f 1118/1179/1160 1117/1193/1160 1132/1202/1160 1133/1204/1160
f 1111/1178/1161 1110/1177/1161 1125/1203/1161 1126/1205/1161
f 1119/1180/1162 1118/1179/1162 1133/1204/1162 1134/1206/1162
f 1112/1181/1163 1111/1178/1163 1126/1205/1163 1127/1207/1163
f 1120/1182/1164 1119/1180/1164 1134/1206/1164 1135/1208/1164
f 1113/1183/1165 1112/1181/1165 1127/1207/1165 1128/1209/1165
f 1121/1184/1166 1120/1182/1166 1135/1208/1166 1136/1210/1166
f 1114/1185/1167 1113/1183/1167 1128/1209/1167 1129/1194/1167
f 1122/1186/1168 1121/1184/1168 1136/1210/1168 1137/1196/1168
f 1134/1206/1169 1133/1204/1169 1148/1211/1169 1149/1212/1169
f 1127/1207/1170 1126/1205/1170 1141/1213/1170 1142/1214/1170
f 1135/1208/1171 1134/1206/1171 1149/1212/1171 1150/1215/1171
f 1128/1209/1172 1127/1207/1172 1142/1214/1172 1143/1216/1172
f 1136/1210/1173 1135/1208/1173 1150/1215/1173 1151/1217/1173
f 1129/1194/1174 1128/1209/1174 1143/1216/1174 1144/1218/1174
f 1137/1196/1175 1136/1210/1175 1151/1217/1175 1152/1219/1175
f 1130/1195/1176 1129/1194/1176 1144/1218/1176 1145/1220/1176
f 1138/1197/1177 1137/1196/1177 1152/1219/1177 1153/1221/1177
f 1131/1198/1178 1130/1195/1178 1145/1220/1178 1146/1222/1178
f 1124/1200/1179 1041/1223/1179 1139/1224/1179
f 1048/1225/1180 1138/1197/1180 1153/1221/1180
f 1132/1202/1181 1131/1198/1181 1146/1222/1181 1147/1226/1181
f 1125/1203/1182 1124/1200/1182 1139/1224/1182 1140/1227/1182
f 1133/1204/1183 1132/1202/1183 1147/1226/1183 1148/1211/1183
f 1126/1205/1184 1125/1203/1184 1140/1227/1184 1141/1213/1184
f 1153/1221/1185 1152/1219/1185 1167/1228/1185 1168/1229/1185
f 1146/1222/1186 1145/1220/1186 1160/1230/1186 1161/1231/1186
f 1139/1224/1187 1041/1232/1187 1154/1233/1187
f 1048/1234/1188 1153/1221/1188 1168/1229/1188
f 1147/1226/1189 1146/1222/1189 1161/1231/1189 1162/1235/1189
f 1140/1227/1190 1139/1224/1190 1154/1233/1190 1155/1236/1190
f 1148/1211/1191 1147/1226/1191 1162/1235/1191 1163/1237/1191
f 1141/1213/1192 1140/1227/1192 1155/1236/1192 1156/1238/1192
f 1149/1212/1193 1148/1211/1193 1163/1237/1193 1164/1239/1193
f 1142/1214/1194 1141/1213/1194 1156/1238/1194 1157/1240/1194
f 1150/1215/1195 1149/1212/1195 1164/1239/1195 1165/1241/1195
f 1143/1216/1196 1142/1214/1196 1157/1240/1196 1158/1242/1196
f 1151/1217/1197 1150/1215/1197 1165/1241/1197 1166/1243/1197
f 1144/1218/1198 1143/1216/1198 1158/1242/1198 1159/1244/1198
f 1152/1219/1199 1151/1217/1199 1166/1243/1199 1167/1228/1199
f 1145/1220/1200 1144/1218/1200 1159/1244/1200 1160/1230/1200
f 1157/1240/1201 1156/1238/1201 1171/1245/1201 1172/1246/1201
f 1165/1241/1202 1164/1239/1202 1179/1247/1202 1180/1248/1202
f 1158/1242/1203 1157/1240/1203 1172/1246/1203 1173/1249/1203
f 1166/1243/1204 1165/1241/1204 1180/1248/1204 1181/1250/1204
f 1159/1244/1205 1158/1242/1205 1173/1249/1205 1174/1251/1205
f 1167/1228/1206 1166/1243/1206 1181/1250/1206 1182/1252/1206
f 1160/1230/1207 1159/1244/1207 1174/1251/1207 1175/1253/1207
f 1168/1229/1208 1167/1228/1208 1182/1252/1208 1183/1254/1208
f 1161/1231/1209 1160/1230/1209 1175/1253/1209 1176/1255/1209
f 1154/1233/1210 1041/1256/1210 1169/1257/1210
f 1048/1258/1211 1168/1229/1211 1183/1254/1211
f 1162/1235/1212 1161/1231/1212 1176/1255/1212 1177/1259/1212
f 1155/1236/1213 1154/1233/1213 1169/1257/1213 1170/1260/1213
f 1163/1237/1214 1162/1235/1214 1177/1259/1214 1178/1261/1214
f 1156/1238/1215 1155/1236/1215 1170/1260/1215 1171/1245/1215
f 1164/1239/1216 1163/1237/1216 1178/1261/1216 1179/1247/1216
f 1176/1255/1217 1175/1253/1217 1190/1262/1217 1191/1263/1217
f 1169/1257/1218 1041/1264/1218 1184/1265/1218
f 1048/1266/1219 1183/1254/1219 1198/1267/1219
f 1177/1259/1220 1176/1255/1220 1191/1263/1220 1192/1268/1220
f 1170/1260/1221 1169/1257/1221 1184/1265/1221 1185/1269/1221
f 1178/1261/1222 1177/1259/1222 1192/1268/1222 1193/1270/1222
f 1171/1245/1223 1170/1260/1223 1185/1269/1223 1186/1271/1223
f 1179/1247/1224 1178/1261/1224 1193/1270/1224 1194/1272/1224
f 1172/1246/1225 1171/1245/1225 1186/1271/1225 1187/1273/1225
f 1180/1248/1226 1179/1247/1226 1194/1272/1226 1195/1274/1226
f 1173/1249/1227 1172/1246/1227 1187/1273/1227 1188/1275/1227
f 1181/1250/1228 1180/1248/1228 1195/1274/1228 1196/1276/1228
f 1174/1251/1229 1173/1249/1229 1188/1275/1229 1189/1277/1229
f 1182/1252/1230 1181/1250/1230 1196/1276/1230 1197/1278/1230
f 1175/1253/1231 1174/1251/1231 1189/1277/1231 1190/1262/1231
f 1183/1254/1232 1182/1252/1232 1197/1278/1232 1198/1267/1232
f 1195/1274/1233 1194/1272/1233 1209/1279/1233 1210/1280/1233
f 1188/1275/1234 1187/1273/1234 1202/1281/1234 1203/1282/1234
f 1196/1276/1235 1195/1274/1235 1210/1280/1235 1211/1283/1235
f 1189/1277/1236 1188/1275/1236 1203/1282/1236 1204/1284/1236
f 1197/1278/1237 1196/1276/1237 1211/1283/1237 1212/1285/1237
f 1190/1262/1238 1189/1277/1238 1204/1284/1238 1205/1286/1238
f 1198/1267/1239 1197/1278/1239 1212/1285/1239 1213/1287/1239
f 1191/1263/1240 1190/1262/1240 1205/1286/1240 1206/1288/1240
f 1184/1265/1241 1041/1289/1241 1199/1290/1241
f 1048/1291/1242 1198/1267/1242 1213/1287/1242
f 1192/1268/1243 1191/1263/1243 1206/1288/1243 1207/1292/1243
f 1185/1269/1244 1184/1265/1244 1199/1290/1244 1200/1293/1244
f 1193/1270/1245 1192/1268/1245 1207/1292/1245 1208/1294/1245
f 1186/1271/1246 1185/1269/1246 1200/1293/1246 1201/1295/1246
f 1194/1272/1247 1193/1270/1247 1208/1294/1247 1209/1279/1247
f 1187/1273/1248 1186/1271/1248 1201/1295/1248 1202/1281/1248
f 1048/1296/1249 1213/1287/1249 1228/1297/1249
f 1207/1292/1250 1206/1288/1250 1221/1298/1250 1222/1299/1250
f 1200/1293/1251 1199/1290/1251 1214/1300/1251 1215/1301/1251
f 1208/1294/1252 1207/1292/1252 1222/1299/1252 1223/1302/1252
f 1201/1295/1253 1200/1293/1253 1215/1301/1253 1216/1303/1253
f 1209/1279/1254 1208/1294/1254 1223/1302/1254 1224/1304/1254
f 1202/1281/1255 1201/1295/1255 1216/1303/1255 1217/1305/1255
f 1210/1280/1256 1209/1279/1256 1224/1304/1256 1225/1306/1256
f 1203/1282/1257 1202/1281/1257 1217/1305/1257 1218/1307/1257
f 1211/1283/1258 1210/1280/1258 1225/1306/1258 1226/1308/1258
f 1204/1284/1259 1203/1282/1259 1218/1307/1259 1219/1309/1259
f 1212/1285/1260 1211/1283/1260 1226/1308/1260 1227/1310/1260
f 1205/1286/1261 1204/1284/1261 1219/1309/1261 1220/1311/1261
f 1213/1287/1262 1212/1285/1262 1227/1310/1262 1228/1297/1262
f 1206/1288/1263 1205/1286/1263 1220/1311/1263 1221/1298/1263
f 1199/1290/1264 1041/1312/1264 1214/1300/1264
f 1226/1308/1265 1225/1306/1265 1240/1313/1265 1241/1314/1265
f 1219/1309/1266 1218/1307/1266 1233/1315/1266 1234/1316/1266
f 1227/1310/1267 1226/1308/1267 1241/1314/1267 1242/1317/1267
f 1220/1311/1268 1219/1309/1268 1234/1316/1268 1235/1318/1268
f 1228/1297/1269 1227/1310/1269 1242/1317/1269 1243/1319/1269
f 1221/1298/1270 1220/1311/1270 1235/1318/1270 1236/1320/1270
f 1214/1300/1271 1041/1321/1271 1229/1322/1271
f 1048/1323/1272 1228/1297/1272 1243/1319/1272
f 1222/1299/1273 1221/1298/1273 1236/1320/1273 1237/1324/1273
f 1215/1301/1274 1214/1300/1274 1229/1322/1274 1230/1325/1274
f 1223/1302/1275 1222/1299/1275 1237/1324/1275 1238/1326/1275
f 1216/1303/1276 1215/1301/1276 1230/1325/1276 1231/1327/1276
f 1224/1304/1277 1223/1302/1277 1238/1326/1277 1239/1328/1277
f 1217/1305/1278 1216/1303/1278 1231/1327/1278 1232/1329/1278
f 1225/1306/1279 1224/1304/1279 1239/1328/1279 1240/1313/1279
f 1218/1307/1280 1217/1305/1280 1232/1329/1280 1233/1315/1280
f 1230/1325/1281 1229/1322/1281 1244/1330/1281 1245/1331/1281
f 1238/1326/1282 1237/1324/1282 1252/1332/1282 1253/1333/1282
f 1231/1327/1283 1230/1325/1283 1245/1331/1283 1246/1334/1283
f 1239/1328/1284 1238/1326/1284 1253/1333/1284 1254/1335/1284
f 1232/1329/1285 1231/1327/1285 1246/1334/1285 1247/1336/1285
f 1240/1313/1286 1239/1328/1286 1254/1335/1286 1255/1337/1286
f 1233/1315/1287 1232/1329/1287 1247/1336/1287 1248/1338/1287
f 1241/1314/1288 1240/1313/1288 1255/1337/1288 1256/1339/1288
f 1234/1316/1289 1233/1315/1289 1248/1338/1289 1249/1340/1289
f 1242/1317/1290 1241/1314/1290 1256/1339/1290 1257/1341/1290
f 1235/1318/1291 1234/1316/1291 1249/1340/1291 1250/1342/1291
f 1243/1319/1292 1242/1317/1292 1257/1341/1292 1258/1343/1292
f 1236/1320/1293 1235/1318/1293 1250/1342/1293 1251/1344/1293
f 1229/1322/1294 1041/1345/1294 1244/1330/1294
f 1048/1346/1295 1243/1319/1295 1258/1343/1295
f 1237/1324/1296 1236/1320/1296 1251/1344/1296 1252/1332/1296
f 1249/1340/1297 1248/1338/1297 1263/1347/1297 1264/1348/1297
f 1257/1341/1298 1256/1339/1298 1271/1349/1298 1272/1350/1298
f 1250/1342/1299 1249/1340/1299 1264/1348/1299 1265/1351/1299
f 1258/1343/1300 1257/1341/1300 1272/1350/1300 1273/1352/1300
f 1251/1344/1301 1250/1342/1301 1265/1351/1301 1266/1353/1301
f 1244/1330/1302 1041/1354/1302 1259/1355/1302
f 1048/1356/1303 1258/1343/1303 1273/1352/1303
f 1252/1332/1304 1251/1344/1304 1266/1353/1304 1267/1357/1304
f 1245/1331/1305 1244/1330/1305 1259/1355/1305 1260/1358/1305
f 1253/1333/1306 1252/1332/1306 1267/1357/1306 1268/1359/1306
f 1246/1334/1307 1245/1331/1307 1260/1358/1307 1261/1360/1307
f 1254/1335/1308 1253/1333/1308 1268/1359/1308 1269/1361/1308
f 1247/1336/1309 1246/1334/1309 1261/1360/1309 1262/1362/1309
f 1255/1337/1310 1254/1335/1310 1269/1361/1310 1270/1363/1310
f 1248/1338/1311 1247/1336/1311 1262/1362/1311 1263/1347/1311
f 1256/1339/1312 1255/1337/1312 1270/1363/1312 1271/1349/1312
f 1268/1359/1313 1267/1357/1313 1282/1364/1313 1283/1365/1313
f 1261/1360/1314 1260/1358/1314 1275/1366/1314 1276/1367/1314
f 1269/1361/1315 1268/1359/1315 1283/1365/1315 1284/1368/1315
f 1262/1362/1316 1261/1360/1316 1276/1367/1316 1277/1369/1316
f 1270/1363/1317 1269/1361/1317 1284/1368/1317 1285/1370/1317
f 1263/1347/1318 1262/1362/1318 1277/1369/1318 1278/1371/1318
f 1271/1349/1319 1270/1363/1319 1285/1370/1319 1286/1372/1319
f 1264/1348/1320 1263/1347/1320 1278/1371/1320 1279/1373/1320
f 1272/1350/1321 1271/1349/1321 1286/1372/1321 1287/1374/1321
f 1265/1351/1322 1264/1348/1322 1279/1373/1322 1280/1375/1322
f 1273/1352/1323 1272/1350/1323 1287/1374/1323 1288/1376/1323
f 1266/1353/1324 1265/1351/1324 1280/1375/1324 1281/1377/1324
f 1259/1355/1325 1041/1378/1325 1274/1379/1325
f 1048/1380/1326 1273/1352/1326 1288/1376/1326
f 1267/1357/1327 1266/1353/1327 1281/1377/1327 1282/1364/1327
f 1260/1358/1328 1259/1355/1328 1274/1379/1328 1275/1366/1328
f 1287/1374/1329 1286/1372/1329 1301/1381/1329 1302/1382/1329
f 1280/1375/1330 1279/1373/1330 1294/1383/1330 1295/1384/1330
f 1288/1376/1331 1287/1374/1331 1302/1382/1331 1303/1385/1331
f 1281/1377/1332 1280/1375/1332 1295/1384/1332 1296/1386/1332
f 1274/1379/1333 1041/1387/1333 1289/1388/1333
f 1048/1389/1334 1288/1376/1334 1303/1385/1334
f 1282/1364/1335 1281/1377/1335 1296/1386/1335 1297/1390/1335
f 1275/1366/1336 1274/1379/1336 1289/1388/1336 1290/1391/1336
f 1283/1365/1337 1282/1364/1337 1297/1390/1337 1298/1392/1337
f 1276/1367/1338 1275/1366/1338 1290/1391/1338 1291/1393/1338
f 1284/1368/1339 1283/1365/1339 1298/1392/1339 1299/1394/1339
f 1277/1369/1340 1276/1367/1340 1291/1393/1340 1292/1395/1340
f 1285/1370/1341 1284/1368/1341 1299/1394/1341 1300/1396/1341
f 1278/1371/1342 1277/1369/1342 1292/1395/1342 1293/1397/1342
f 1286/1372/1343 1285/1370/1343 1300/1396/1343 1301/1381/1343
f 1279/1373/1344 1278/1371/1344 1293/1397/1344 1294/1383/1344
f 1291/1393/1345 1290/1391/1345 1305/1398/1345 1306/1399/1345
f 1299/1394/1346 1298/1392/1346 1313/1400/1346 1314/1401/1346
f 1292/1395/1347 1291/1393/1347 1306/1399/1347 1307/1402/1347
f 1300/1396/1348 1299/1394/1348 1314/1401/1348 1315/1403/1348
f 1293/1397/1349 1292/1395/1349 1307/1402/1349 1308/1404/1349
f 1301/1381/1350 1300/1396/1350 1315/1403/1350 1316/1405/1350
f 1294/1383/1351 1293/1397/1351 1308/1404/1351 1309/1406/1351
f 1302/1382/1352 1301/1381/1352 1316/1405/1352 1317/1407/1352
f 1295/1384/1353 1294/1383/1353 1309/1406/1353 1310/1408/1353
f 1303/1385/1354 1302/1382/1354 1317/1407/1354 1318/1409/1354
f 1296/1386/1355 1295/1384/1355 1310/1408/1355 1311/1410/1355
f 1289/1388/1356 1041/1411/1356 1304/1412/1356
f 1048/1413/1357 1303/1385/1357 1318/1409/1357
f 1297/1390/1358 1296/1386/1358 1311/1410/1358 1312/1414/1358
f 1290/1391/1359 1289/1388/1359 1304/1412/1359 1305/1398/1359
f 1298/1392/1360 1297/1390/1360 1312/1414/1360 1313/1400/1360
f 1310/1408/1361 1309/1406/1361 1324/1415/1361 1325/1416/1361
f 1318/1409/1362 1317/1407/1362 1332/1417/1362 1333/1418/1362
f 1311/1410/1363 1310/1408/1363 1325/1416/1363 1326/1419/1363
f 1304/1412/1364 1041/1420/1364 1319/1421/1364
f 1048/1422/1365 1318/1409/1365 1333/1418/1365
f 1312/1414/1366 1311/1410/1366 1326/1419/1366 1327/1423/1366
f 1305/1398/1367 1304/1412/1367 1319/1421/1367 1320/1424/1367
f 1313/1400/1368 1312/1414/1368 1327/1423/1368 1328/1425/1368
f 1306/1399/1369 1305/1398/1369 1320/1424/1369 1321/1426/1369
f 1314/1401/1370 1313/1400/1370 1328/1425/1370 1329/1427/1370
f 1307/1402/1371 1306/1399/1371 1321/1426/1371 1322/1428/1371
f 1315/1403/1372 1314/1401/1372 1329/1427/1372 1330/1429/1372
f 1308/1404/1373 1307/1402/1373 1322/1428/1373 1323/1430/1373
f 1316/1405/1374 1315/1403/1374 1330/1429/1374 1331/1431/1374
f 1309/1406/1375 1308/1404/1375 1323/1430/1375 1324/1415/1375
f 1317/1407/1376 1316/1405/1376 1331/1431/1376 1332/1417/1376
f 1329/1427/1377 1328/1425/1377 1343/1432/1377 1344/1433/1377
f 1322/1428/1378 1321/1426/1378 1336/1434/1378 1337/1435/1378
f 1330/1429/1379 1329/1427/1379 1344/1433/1379 1345/1436/1379
f 1323/1430/1380 1322/1428/1380 1337/1435/1380 1338/1437/1380
f 1331/1431/1381 1330/1429/1381 1345/1436/1381 1346/1438/1381
f 1324/1415/1382 1323/1430/1382 1338/1437/1382 1339/1439/1382
f 1332/1417/1383 1331/1431/1383 1346/1438/1383 1347/1440/1383
f 1325/1416/1384 1324/1415/1384 1339/1439/1384 1340/1441/1384
f 1333/1418/1385 1332/1417/1385 1347/1440/1385 1348/1442/1385
f 1326/1419/1386 1325/1416/1386 1340/1441/1386 1341/1443/1386
f 1319/1421/1387 1041/1444/1387 1334/1445/1387
f 1048/1446/1388 1333/1418/1388 1348/1442/1388
f 1327/1423/1389 1326/1419/1389 1341/1443/1389 1342/1447/1389
f 1320/1424/1390 1319/1421/1390 1334/1445/1390 1335/1448/1390
f 1328/1425/1391 1327/1423/1391 1342/1447/1391 1343/1432/1391
f 1321/1426/1392 1320/1424/1392 1335/1448/1392 1336/1434/1392
f 1348/1442/1393 1347/1440/1393 1362/1449/1393 1363/1450/1393
f 1341/1443/1394 1340/1441/1394 1355/1451/1394 1356/1452/1394
f 1334/1445/1395 1041/1453/1395 1349/1454/1395
f 1048/1455/1396 1348/1442/1396 1363/1450/1396
f 1342/1447/1397 1341/1443/1397 1356/1452/1397 1357/1456/1397
f 1335/1448/1398 1334/1445/1398 1349/1454/1398 1350/1457/1398
f 1343/1432/1399 1342/1447/1399 1357/1456/1399 1358/1458/1399
f 1336/1434/1400 1335/1448/1400 1350/1457/1400 1351/1459/1400
f 1344/1433/1401 1343/1432/1401 1358/1458/1401 1359/1460/1401
f 1337/1435/1402 1336/1434/1402 1351/1459/1402 1352/1461/1402
f 1345/1436/1403 1344/1433/1403 1359/1460/1403 1360/1462/1403
f 1338/1437/1404 1337/1435/1404 1352/1461/1404 1353/1463/1404
f 1346/1438/1405 1345/1436/1405 1360/1462/1405 1361/1464/1405
f 1339/1439/1406 1338/1437/1406 1353/1463/1406 1354/1465/1406
f 1347/1440/1407 1346/1438/1407 1361/1464/1407 1362/1449/1407
f 1340/1441/1408 1339/1439/1408 1354/1465/1408 1355/1451/1408
f 1360/1462/1409 1359/1460/1409 1374/1466/1409 1375/1467/1409
f 1353/1463/1410 1352/1461/1410 1367/1468/1410 1368/1469/1410
f 1361/1464/1411 1360/1462/1411 1375/1467/1411 1376/1470/1411
f 1354/1465/1412 1353/1463/1412 1368/1469/1412 1369/1471/1412
f 1362/1449/1413 1361/1464/1413 1376/1470/1413 1377/1472/1413
f 1355/1451/1414 1354/1465/1414 1369/1471/1414 1370/1473/1414
f 1363/1450/1415 1362/1449/1415 1377/1472/1415 1378/1474/1415
f 1356/1452/1416 1355/1451/1416 1370/1473/1416 1371/1475/1416
f 1349/1454/1417 1041/1476/1417 1364/1477/1417
f 1048/1478/1418 1363/1450/1418 1378/1474/1418
f 1357/1456/1419 1356/1452/1419 1371/1475/1419 1372/1479/1419
f 1350/1457/1420 1349/1454/1420 1364/1477/1420 1365/1480/1420
f 1358/1458/1421 1357/1456/1421 1372/1479/1421 1373/1481/1421
f 1351/1459/1422 1350/1457/1422 1365/1480/1422 1366/1482/1422
f 1359/1460/1423 1358/1458/1423 1373/1481/1423 1374/1466/1423
f 1352/1461/1424 1351/1459/1424 1366/1482/1424 1367/1468/1424
f 1364/1477/1425 1041/1483/1425 1379/1484/1425
f 1048/1485/1426 1378/1474/1426 1393/1486/1426
f 1372/1479/1427 1371/1475/1427 1386/1487/1427 1387/1488/1427
f 1365/1480/1428 1364/1477/1428 1379/1484/1428 1380/1489/1428
f 1373/1481/1429 1372/1479/1429 1387/1488/1429 1388/1490/1429
f 1366/1482/1430 1365/1480/1430 1380/1489/1430 1381/1491/1430
f 1374/1466/1431 1373/1481/1431 1388/1490/1431 1389/1492/1431
f 1367/1468/1432 1366/1482/1432 1381/1491/1432 1382/1493/1432
f 1375/1467/1433 1374/1466/1433 1389/1492/1433 1390/1494/1433
f 1368/1469/1434 1367/1468/1434 1382/1493/1434 1383/1495/1434
f 1376/1470/1435 1375/1467/1435 1390/1494/1435 1391/1496/1435
f 1369/1471/1436 1368/1469/1436 1383/1495/1436 1384/1497/1436
f 1377/1472/1437 1376/1470/1437 1391/1496/1437 1392/1498/1437
f 1370/1473/1438 1369/1471/1438 1384/1497/1438 1385/1499/1438
f 1378/1474/1439 1377/1472/1439 1392/1498/1439 1393/1486/1439
f 1371/1475/1440 1370/1473/1440 1385/1499/1440 1386/1487/1440
f 1383/1495/1441 1382/1493/1441 1397/1500/1441 1398/1501/1441
f 1391/1496/1442 1390/1494/1442 1405/1502/1442 1406/1503/1442
f 1384/1497/1443 1383/1495/1443 1398/1501/1443 1399/1504/1443
f 1392/1498/1444 1391/1496/1444 1406/1503/1444 1407/1505/1444
f 1385/1499/1445 1384/1497/1445 1399/1504/1445 1400/1506/1445
f 1393/1486/1446 1392/1498/1446 1407/1505/1446 1408/1507/1446
f 1386/1487/1447 1385/1499/1447 1400/1506/1447 1401/1508/1447
f 1379/1484/1448 1041/1509/1448 1394/1510/1448
f 1048/1511/1449 1393/1486/1449 1408/1507/1449
f 1387/1488/1450 1386/1487/1450 1401/1508/1450 1402/1512/1450
f 1380/1489/1451 1379/1484/1451 1394/1510/1451 1395/1513/1451
f 1388/1490/1452 1387/1488/1452 1402/1512/1452 1403/1514/1452
f 1381/1491/1453 1380/1489/1453 1395/1513/1453 1396/1515/1453
f 1389/1492/1454 1388/1490/1454 1403/1514/1454 1404/1516/1454
f 1382/1493/1455 1381/1491/1455 1396/1515/1455 1397/1500/1455
f 1390/1494/1456 1389/1492/1456 1404/1516/1456 1405/1502/1456
f 1402/1517/1457 1401/1518/1457 1416/1519/1457 1417/1520/1457
f 1395/1521/1458 1394/1522/1458 1409/1523/1458 1410/1524/1458
f 1403/1525/1459 1402/1517/1459 1417/1520/1459 1418/1526/1459
f 1396/1527/1460 1395/1521/1460 1410/1524/1460 1411/1528/1460
f 1404/1529/1461 1403/1525/1461 1418/1526/1461 1419/1530/1461
f 1397/1531/1462 1396/1527/1462 1411/1528/1462 1412/1532/1462
f 1405/1533/1463 1404/1529/1463 1419/1530/1463 1420/1534/1463
f 1398/1535/1464 1397/1531/1464 1412/1532/1464 1413/1536/1464
f 1406/1537/1465 1405/1533/1465 1420/1534/1465 1421/1538/1465
f 1399/1539/1466 1398/1535/1466 1413/1536/1466 1414/1540/1466
f 1407/1541/1467 1406/1537/1467 1421/1538/1467 1422/1542/1467
f 1400/1543/1468 1399/1539/1468 1414/1540/1468 1415/1544/1468
f 1408/1545/1469 1407/1541/1469 1422/1542/1469 1423/1546/1469
f 1401/1518/1470 1400/1543/1470 1415/1544/1470 1416/1519/1470
f 1394/1522/1471 1041/1547/1471 1409/1523/1471
f 1048/1548/1472 1408/1545/1472 1423/1546/1472
f 1421/1538/1473 1420/1534/1473 1435/1549/1473 1436/1550/1473
f 1414/1540/1474 1413/1536/1474 1428/1551/1474 1429/1552/1474
f 1422/1542/1475 1421/1538/1475 1436/1550/1475 1437/1553/1475
f 1415/1544/1476 1414/1540/1476 1429/1552/1476 1430/1554/1476
f 1423/1546/1477 1422/1542/1477 1437/1553/1477 1438/1555/1477
f 1416/1519/1478 1415/1544/1478 1430/1554/1478 1431/1556/1478
f 1409/1523/1479 1041/1557/1479 1424/1558/1479
f 1048/1559/1480 1423/1546/1480 1438/1555/1480
f 1417/1520/1481 1416/1519/1481 1431/1556/1481 1432/1560/1481
f 1410/1524/1482 1409/1523/1482 1424/1558/1482 1425/1561/1482
f 1418/1526/1483 1417/1520/1483 1432/1560/1483 1433/1562/1483
f 1411/1528/1484 1410/1524/1484 1425/1561/1484 1426/1563/1484
f 1419/1530/1485 1418/1526/1485 1433/1562/1485 1434/1564/1485
f 1412/1532/1486 1411/1528/1486 1426/1563/1486 1427/1565/1486
f 1420/1534/1487 1419/1530/1487 1434/1564/1487 1435/1549/1487
f 1413/1536/1488 1412/1532/1488 1427/1565/1488 1428/1551/1488
f 1425/1561/1489 1424/1558/1489 1439/1566/1489 1440/1567/1489
f 1433/1562/1490 1432/1560/1490 1447/1568/1490 1448/1569/1490
f 1426/1563/1491 1425/1561/1491 1440/1567/1491 1441/1570/1491
f 1434/1564/1492 1433/1562/1492 1448/1569/1492 1449/1571/1492
f 1427/1565/1493 1426/1563/1493 1441/1570/1493 1442/1572/1493
f 1435/1549/1494 1434/1564/1494 1449/1571/1494 1450/1573/1494
f 1428/1551/1495 1427/1565/1495 1442/1572/1495 1443/1574/1495
f 1436/1550/1496 1435/1549/1496 1450/1573/1496 1451/1575/1496
f 1429/1552/1497 1428/1551/1497 1443/1574/1497 1444/1576/1497
f 1437/1553/1498 1436/1550/1498 1451/1575/1498 1452/1577/1498
f 1430/1554/1499 1429/1552/1499 1444/1576/1499 1445/1578/1499
f 1438/1555/1500 1437/1553/1500 1452/1577/1500 1453/1579/1500
f 1431/1556/1501 1430/1554/1501 1445/1578/1501 1446/1580/1501
f 1424/1558/1502 1041/1581/1502 1439/1566/1502
f 1048/1582/1503 1438/1555/1503 1453/1579/1503
f 1432/1560/1504 1431/1556/1504 1446/1580/1504 1447/1568/1504
f 1444/1576/1505 1443/1574/1505 1458/1583/1505 1459/1584/1505
f 1452/1577/1506 1451/1575/1506 1466/1585/1506 1467/1586/1506
f 1445/1578/1507 1444/1576/1507 1459/1584/1507 1460/1587/1507
f 1453/1579/1508 1452/1577/1508 1467/1586/1508 1468/1588/1508
f 1446/1580/1509 1445/1578/1509 1460/1587/1509 1461/1589/1509
f 1439/1566/1510 1041/1590/1510 1454/1591/1510
f 1048/1592/1511 1453/1579/1511 1468/1588/1511
f 1447/1568/1512 1446/1580/1512 1461/1589/1512 1462/1593/1512
f 1440/1567/1513 1439/1566/1513 1454/1591/1513 1455/1594/1513
f 1448/1569/1514 1447/1568/1514 1462/1593/1514 1463/1595/1514
f 1441/1570/1515 1440/1567/1515 1455/1594/1515 1456/1596/1515
f 1449/1571/1516 1448/1569/1516 1463/1595/1516 1464/1597/1516
f 1442/1572/1517 1441/1570/1517 1456/1596/1517 1457/1598/1517
f 1450/1573/1518 1449/1571/1518 1464/1597/1518 1465/1599/1518
f 1443/1574/1519 1442/1572/1519 1457/1598/1519 1458/1583/1519
f 1451/1575/1520 1450/1573/1520 1465/1599/1520 1466/1585/1520
f 1463/1595/1521 1462/1593/1521 1477/1600/1521 1478/1601/1521
f 1456/1596/1522 1455/1594/1522 1470/1602/1522 1471/1603/1522
f 1464/1597/1523 1463/1595/1523 1478/1601/1523 1479/1604/1523
f 1457/1598/1524 1456/1596/1524 1471/1603/1524 1472/1605/1524
f 1465/1599/1525 1464/1597/1525 1479/1604/1525 1480/1606/1525
f 1458/1583/1526 1457/1598/1526 1472/1605/1526 1473/1607/1526
f 1466/1585/1527 1465/1599/1527 1480/1606/1527 1481/1608/1527
f 1459/1584/1528 1458/1583/1528 1473/1607/1528 1474/1609/1528
f 1467/1586/1529 1466/1585/1529 1481/1608/1529 1482/1610/1529
f 1460/1587/1530 1459/1584/1530 1474/1609/1530 1475/1611/1530
f 1468/1588/1531 1467/1586/1531 1482/1610/1531 1483/1612/1531
f 1461/1589/1532 1460/1587/1532 1475/1611/1532 1476/1613/1532
f 1454/1591/1533 1041/1614/1533 1469/1615/1533
f 1048/1616/1534 1468/1588/1534 1483/1612/1534
f 1462/1593/1535 1461/1589/1535 1476/1613/1535 1477/1600/1535
f 1455/1594/1536 1454/1591/1536 1469/1615/1536 1470/1602/1536
f 1482/1610/1537 1481/1608/1537 1496/1617/1537 1497/1618/1537
f 1475/1611/1538 1474/1609/1538 1489/1619/1538 1490/1620/1538
f 1483/1612/1539 1482/1610/1539 1497/1618/1539 1498/1621/1539
f 1476/1613/1540 1475/1611/1540 1490/1620/1540 1491/1622/1540
f 1469/1615/1541 1041/1623/1541 1484/1624/1541
f 1048/1625/1542 1483/1612/1542 1498/1621/1542
f 1477/1600/1543 1476/1613/1543 1491/1622/1543 1492/1626/1543
f 1470/1602/1544 1469/1615/1544 1484/1624/1544 1485/1627/1544
f 1478/1601/1545 1477/1600/1545 1492/1626/1545 1493/1628/1545
f 1471/1603/1546 1470/1602/1546 1485/1627/1546 1486/1629/1546
f 1479/1604/1547 1478/1601/1547 1493/1628/1547 1494/1630/1547
f 1472/1605/1548 1471/1603/1548 1486/1629/1548 1487/1631/1548
f 1480/1606/1549 1479/1604/1549 1494/1630/1549 1495/1632/1549
f 1473/1607/1550 1472/1605/1550 1487/1631/1550 1488/1633/1550
f 1481/1608/1551 1480/1606/1551 1495/1632/1551 1496/1617/1551
f 1474/1609/1552 1473/1607/1552 1488/1633/1552 1489/1619/1552
f 1494/1630/1553 1493/1628/1553 1508/1634/1553 1509/1635/1553
f 1487/1631/1554 1486/1629/1554 1501/1636/1554 1502/1637/1554
f 1495/1632/1555 1494/1630/1555 1509/1635/1555 1510/1638/1555
f 1488/1633/1556 1487/1631/1556 1502/1637/1556 1503/1639/1556
f 1496/1617/1557 1495/1632/1557 1510/1638/1557 1511/1640/1557
f 1489/1619/1558 1488/1633/1558 1503/1639/1558 1504/1641/1558
f 1497/1618/1559 1496/1617/1559 1511/1640/1559 1512/1642/1559
f 1490/1620/1560 1489/1619/1560 1504/1641/1560 1505/1643/1560
f 1498/1621/1561 1497/1618/1561 1512/1642/1561 1513/1644/1561
f 1491/1622/1562 1490/1620/1562 1505/1643/1562 1506/1645/1562
f 1484/1624/1563 1041/1646/1563 1499/1647/1563
f 1048/1648/1564 1498/1621/1564 1513/1644/1564
f 1492/1626/1565 1491/1622/1565 1506/1645/1565 1507/1649/1565
f 1485/1627/1566 1484/1624/1566 1499/1647/1566 1500/1650/1566
f 1493/1628/1567 1492/1626/1567 1507/1649/1567 1508/1634/1567
f 1486/1629/1568 1485/1627/1568 1500/1650/1568 1501/1636/1568
f 1513/1644/1569 1512/1642/1569 1521/1099/1569 1522/1098/1569
f 1506/1645/1570 1505/1643/1570 1044/1094/1570 1045/1102/1570
f 1499/1647/1571 1041/1651/1571 1514/1104/1571
f 1048/1652/1572 1513/1644/1572 1522/1098/1572
f 1507/1649/1573 1506/1645/1573 1045/1102/1573 1046/1108/1573
f 1500/1650/1574 1499/1647/1574 1514/1104/1574 1515/1110/1574
f 1508/1634/1575 1507/1649/1575 1046/1108/1575 1518/1112/1575
f 1501/1636/1576 1500/1650/1576 1515/1110/1576 1042/1114/1576
f 1509/1635/1577 1508/1634/1577 1518/1112/1577 1047/1116/1577
f 1502/1637/1578 1501/1636/1578 1042/1114/1578 1516/1118/1578
f 1510/1638/1579 1509/1635/1579 1047/1116/1579 1519/1120/1579
f 1503/1639/1580 1502/1637/1580 1516/1118/1580 1043/1122/1580
f 1511/1640/1581 1510/1638/1581 1519/1120/1581 1520/1124/1581
f 1504/1641/1582 1503/1639/1582 1043/1122/1582 1517/1095/1582
f 1512/1642/1583 1511/1640/1583 1520/1124/1583 1521/1099/1583
f 1505/1643/1584 1504/1641/1584 1517/1095/1584 1044/1094/1584
