# Blender 5.1.2
# www.blender.org
mtllib model.mtl
o Gatekeeper_Soldiers
v -0.538700 6.196200 0.378500
v -0.617400 6.442500 0.229800
v -0.423100 6.521000 0.251199
v -0.639200 6.448800 -0.202700
v -0.398600 6.524600 -0.183100
v -0.570300 6.192800 -0.373800
v 0.000000 6.429100 -0.462000
v 0.000000 5.800100 -0.680200
v 0.398600 6.524600 -0.183100
v 0.335900 5.800100 -0.585600
v 0.570300 6.192900 -0.373800
v 0.543800 5.949400 -0.294500
v 0.644000 5.936700 -0.265200
v 0.673900 5.800100 0.021400
v 0.644000 5.936700 0.259100
v 0.543800 5.949400 0.337200
v 0.538700 6.196100 0.378500
v 0.335900 5.800100 0.628300
v 0.423100 6.521000 0.251199
v 0.000000 5.800100 0.723000
v -0.644000 5.936700 -0.265200
v -0.543800 5.949400 -0.294500
v -0.335900 5.800100 -0.585600
v 0.576100 6.568300 -0.236900
v 0.609700 6.547600 0.305900
v 0.309600 6.045400 0.793400
v 0.002600 5.813800 0.989700
v -0.310000 6.045900 0.793000
v 0.000000 6.037700 1.021399
v -0.333500 6.209300 0.779800
v 0.000000 6.336300 0.875800
v -0.609700 6.547600 0.305900
v -0.576100 6.568300 -0.236900
v 0.930700 6.195000 -0.355600
v 0.930800 5.955000 -0.251500
v 2.195800 6.184700 -0.422200
v 2.195800 5.867500 -0.240100
v 2.461300 6.190500 -0.427200
v 2.461300 5.863700 -0.243000
v 3.728100 6.120700 -0.412500
v 3.744200 5.881400 -0.285400
v 3.704400 6.240500 0.579100
v 3.744200 5.935400 0.469100
v 2.463600 6.195400 0.428500
v 2.463300 5.863600 0.247100
v 2.194100 6.184200 0.422100
v 2.194100 5.867500 0.241600
v 0.930700 6.194600 0.355500
v 0.930800 5.954800 0.251200
v 3.830200 6.449100 -0.265900
v 2.461300 6.474400 -0.242800
v 2.195800 6.471200 -0.239800
v 0.930500 6.428600 -0.189700
v 0.639200 6.448900 -0.202600
v 0.617400 6.442400 0.229900
v 3.810700 6.493700 0.345900
v 2.460300 6.474300 0.252600
v 2.194600 6.471100 0.245300
v 0.930500 6.427700 0.223200
v 2.484000 5.576700 -0.523000
v 3.744200 5.827700 -0.300000
v 2.473300 6.054200 -0.722900
v 3.728100 6.111100 -0.431400
v 2.541000 6.709500 -0.492400
v 3.830200 6.500000 -0.279900
v 2.528200 6.798400 0.469499
v 3.810700 6.552800 0.352399
v 2.457600 6.293100 0.982700
v 3.704400 6.252900 0.689800
v 2.484000 5.684400 0.809700
v 3.744200 5.891600 0.576100
v 3.553800 6.650600 0.006199
v 3.553800 6.450600 0.047100
v 3.553800 6.602900 -0.319301
v 3.553800 6.402900 -0.319300
v 3.753800 6.602900 -0.319301
v 3.753800 6.402900 -0.319300
v 3.753800 6.650600 0.006199
v 3.753800 6.450600 0.047100
v 0.000000 6.503500 -0.563300
v -0.335900 5.800100 0.628300
v -0.543800 5.949400 0.337200
v -0.644000 5.936700 0.259100
v -0.673900 5.800100 0.021400
v 0.334900 6.210400 0.778199
v 2.496400 6.162700 0.108100
v 4.077500 6.541200 -0.308401
v 4.079900 6.549400 0.390799
v 3.961700 6.240600 0.822300
v 3.961900 5.860400 0.721800
v 4.051300 5.792800 0.359400
v 4.515500 5.729800 0.892700
v 4.555300 5.904900 0.546900
v 4.962400 5.704000 0.959000
v 4.984800 5.833200 0.728700
v 5.057400 5.866100 0.911200
v 5.025200 6.047300 0.860800
v 5.002500 5.918300 1.090899
v 4.556200 6.168600 0.743600
v 4.516100 6.023200 1.088899
v 4.653500 6.024500 0.610900
v 4.642700 6.218400 0.742600
v 5.132300 5.999100 0.673800
v 5.132100 6.211100 0.780700
v 5.813600 6.048000 0.468200
v 5.852200 6.232500 0.537300
v 5.890300 6.035100 0.064600
v 5.978300 6.226400 0.065300
v 5.813600 6.048800 -0.339100
v 5.852100 6.233400 -0.407800
v 5.132300 6.000300 -0.527600
v 5.132100 6.212600 -0.663100
v 4.655200 6.024500 -0.516800
v 4.654900 6.220000 -0.646900
v 3.999400 5.810600 -0.414500
v 4.006200 6.167900 -0.520100
v 4.236800 5.932400 0.106500
v 4.654600 6.529800 0.427099
v 4.654700 6.539900 -0.347201
v 4.029900 5.797900 -0.100900
v 5.131800 6.530400 -0.352401
v 5.131800 6.519800 0.437200
v 5.813200 6.417900 -0.338700
v 5.889700 6.494000 0.065000
v 5.813200 6.417200 0.468600
v -0.930700 6.194900 0.355500
v -0.930800 5.955000 0.251400
v -0.930800 5.954800 -0.251400
v -0.930700 6.194600 -0.355600
v -0.930500 6.427900 0.223100
v -0.930500 6.428400 -0.189800
v -2.195900 6.184300 -0.422200
v -2.195900 5.867500 -0.239900
v -2.194100 5.867500 0.241800
v -2.194100 6.184600 0.422100
v -3.704400 6.241000 0.579000
v -2.464200 6.195800 0.428600
v -3.744200 5.935900 0.469200
v -2.463800 5.863700 0.247300
v -3.744200 5.881300 -0.285100
v -2.460800 5.863700 -0.241700
v -3.728100 6.120400 -0.412400
v -2.461000 6.190100 -0.427200
v -2.194600 6.471100 0.245100
v -2.195800 6.471200 -0.240000
v -2.459700 6.474300 0.252300
v -2.461000 6.474400 -0.243000
v -3.830200 6.448800 -0.266000
v -3.810700 6.493800 0.345700
v -2.541000 6.708900 -0.492501
v -3.830200 6.499700 -0.280000
v -2.473300 6.053500 -0.722800
v -3.728100 6.110700 -0.431400
v -2.484000 5.576300 -0.522500
v -3.744200 5.827500 -0.299700
v -2.484000 5.685400 0.809900
v -3.744200 5.892200 0.576200
v -2.457600 6.294200 0.982500
v -3.704400 6.253500 0.689600
v -2.528100 6.798700 0.469099
v -3.810700 6.553000 0.352199
v -3.554000 6.450600 0.047100
v -3.554000 6.650600 0.006199
v -3.554000 6.402900 -0.319300
v -3.554000 6.602900 -0.319301
v -3.754000 6.402900 -0.319300
v -3.754000 6.602900 -0.319301
v -3.754000 6.450600 0.047100
v -3.754000 6.650600 0.006199
v -2.496400 6.162800 0.108100
v -4.077500 6.540900 -0.308601
v -4.006200 6.167500 -0.520100
v -3.999400 5.810300 -0.414200
v -4.654900 6.219600 -0.647000
v -4.655200 6.024100 -0.516600
v -5.132100 6.212100 -0.663100
v -5.132300 6.000000 -0.527400
v -5.852100 6.233300 -0.407800
v -5.813600 6.048700 -0.338900
v -5.978300 6.226700 0.065200
v -5.890300 6.035400 0.064700
v -5.852200 6.233200 0.537300
v -5.813600 6.048600 0.468400
v -5.132100 6.212100 0.780600
v -5.132400 6.000000 0.674000
v -4.642700 6.219100 0.742500
v -4.653500 6.025100 0.611000
v -4.556200 6.169300 0.743600
v -4.555300 5.905500 0.547100
v -5.025300 6.048200 0.860600
v -4.984800 5.833900 0.728700
v -5.057500 5.867000 0.911200
v -4.962600 5.705000 0.959100
v -5.002700 5.919400 1.090899
v -4.515600 5.730700 0.893100
v -4.516200 6.024200 1.089000
v -3.961900 5.861100 0.722100
v -3.961700 6.241400 0.822300
v -4.236800 5.932600 0.106700
v -4.029900 5.797800 -0.100600
v -4.051300 5.793200 0.359800
v -4.079800 6.549700 0.390500
v -4.654600 6.539600 -0.347401
v -4.654600 6.530200 0.426899
v -5.131800 6.530100 -0.352601
v -5.131800 6.520300 0.436899
v -5.813200 6.417800 -0.338900
v -5.889700 6.494300 0.064700
v -5.813200 6.417800 0.468400
v 0.779900 1.997200 0.525100
v 1.285600 1.970000 0.003800
v 0.797500 1.175400 0.422300
v 1.199800 1.205100 -0.000000
v 0.867200 0.899000 0.572700
v 1.310400 0.847300 0.410800
v 1.277800 0.995600 0.877500
v 1.565400 0.770100 1.259600
v 1.151200 1.122800 1.359700
v 1.387400 0.919800 1.753500
v 0.874300 0.954600 1.963800
v 1.551200 0.473400 1.937000
v 0.855900 0.510900 2.175200
v 1.480900 0.068900 1.849700
v 0.831600 0.069200 2.081900
v 0.222300 0.069600 1.855700
v 0.201800 0.544300 1.943400
v 0.397300 0.971800 1.758100
v 0.643500 1.149500 1.362000
v 0.202400 0.838000 1.265700
v 0.504700 1.036200 0.881000
v 0.366400 0.894400 0.414300
v 0.372700 1.145700 -0.000000
v 1.758300 0.400000 1.193800
v 1.701000 0.068700 1.146000
v 0.073300 0.069600 1.153600
v 0.052600 0.486500 1.201600
v 1.314500 0.414200 -0.569800
v 1.275300 0.069200 -0.537500
v 0.352900 0.069700 -0.533400
v 0.352300 0.459600 -0.565600
v 0.404000 0.736800 -0.322400
v 0.854900 0.717700 -0.621600
v 0.797500 1.175400 -0.493700
v 1.254500 0.694800 -0.324100
v 0.838600 0.442900 -0.755400
v 0.819800 0.069500 -0.726000
v 0.947100 1.805300 0.113200
v 0.947100 1.666600 0.098500
v 1.029800 1.805300 0.313200
v 1.029800 1.666600 0.298500
v 0.779800 1.805300 0.569900
v 0.779800 1.666600 0.555200
v 0.529800 1.805300 0.313200
v 0.529800 1.666600 0.298500
v 0.612600 1.805300 0.113200
v 0.612600 1.666600 0.098500
v 0.779800 1.805300 0.369900
v 0.779800 1.666600 0.355200
v 0.947100 1.493200 0.063300
v 0.947100 1.359700 0.048600
v 1.029800 1.493200 0.263300
v 1.029800 1.359700 0.248600
v 0.779800 1.493200 0.520000
v 0.779800 1.359700 0.505300
v 0.529800 1.493200 0.263300
v 0.529800 1.359700 0.248600
v 0.612600 1.493200 0.063300
v 0.612600 1.359700 0.048600
v 0.779800 1.493200 0.320000
v 0.779800 1.359700 0.305300
v 1.068200 1.912600 0.003600
v 0.775300 1.954300 0.356800
v -0.431100 1.904300 0.003600
v -0.259400 1.949600 0.003800
v -0.775300 1.954300 0.356800
v -0.779900 1.995500 0.525300
v -1.068200 1.912600 0.003600
v -1.285800 1.968500 0.003800
v -1.199800 1.205100 -0.000000
v -0.797500 1.175400 0.422300
v -1.310400 0.847300 0.410800
v -0.867200 0.899000 0.572700
v -1.277800 0.995600 0.877500
v -0.504700 1.036200 0.881000
v -1.151200 1.122800 1.359700
v -0.643500 1.149500 1.362000
v -0.874300 0.954600 1.963800
v -0.397300 0.971800 1.758100
v -0.855900 0.510900 2.175200
v -0.201800 0.544300 1.943400
v -0.831600 0.069200 2.081900
v -0.222300 0.069600 1.855700
v -1.480900 0.068900 1.849700
v -0.073300 0.069600 1.153600
v -1.701000 0.068700 1.146000
v -0.352900 0.069700 -0.533400
v -1.275300 0.069200 -0.537500
v -0.819800 0.069500 -0.726000
v -1.314500 0.414200 -0.569800
v -0.838600 0.442900 -0.755400
v -1.254500 0.694800 -0.324100
v -0.854900 0.717700 -0.621600
v -0.797500 1.175400 -0.493700
v -1.551200 0.473400 1.937000
v -1.387400 0.919800 1.753500
v -1.565400 0.770100 1.259600
v -0.372700 1.145700 -0.000000
v -0.404000 0.736800 -0.322400
v -0.366400 0.894400 0.414300
v -0.352300 0.459700 -0.565600
v -0.052600 0.486500 1.201600
v -0.202400 0.838000 1.265700
v -1.758300 0.400000 1.193800
v -0.612700 1.805300 0.113200
v -0.612700 1.666600 0.098500
v -0.530000 1.805300 0.313200
v -0.530000 1.666600 0.298500
v -0.780000 1.805300 0.569900
v -0.780000 1.666600 0.555200
v -1.030000 1.805300 0.313200
v -1.030000 1.666600 0.298500
v -0.947300 1.805300 0.113200
v -0.947300 1.666600 0.098500
v -0.780000 1.805300 0.369900
v -0.780000 1.666600 0.355200
v -0.612700 1.493200 0.063300
v -0.612700 1.359700 0.048600
v -0.530000 1.493200 0.263300
v -0.530000 1.359700 0.248600
v -0.780000 1.493200 0.520000
v -0.780000 1.359700 0.505300
v -1.030000 1.493200 0.263300
v -1.030000 1.359700 0.248600
v -0.947300 1.493200 0.063300
v -0.947300 1.359700 0.048600
v -0.780000 1.493200 0.320000
v -0.780000 1.359700 0.305300
v 0.000000 4.172800 -0.979700
v 0.000000 4.555600 -0.938400
v -0.556100 4.172800 -0.840100
v -0.508500 4.555600 -0.804200
v -0.961900 4.172800 -0.336000
v -0.900500 4.555600 -0.332700
v -1.034000 4.172800 0.442400
v -0.973900 4.555600 0.438600
v -0.579600 4.173200 0.917900
v -0.509900 4.555600 0.917800
v 0.000000 4.173200 1.049500
v 0.000000 4.555600 1.052000
v 0.579600 4.173200 0.917900
v 0.509900 4.555600 0.917800
v 1.034000 4.172800 0.442400
v 0.973900 4.555600 0.438600
v 0.961900 4.172800 -0.336000
v 0.900500 4.555600 -0.332700
v 0.556100 4.172800 -0.840100
v 0.508500 4.555600 -0.804200
v 0.631600 3.787200 0.793000
v 1.079500 3.478100 0.203600
v 0.698400 3.313500 0.514400
v 1.016300 2.544400 0.004000
v 0.749800 2.529800 0.355600
v 1.045500 2.092700 0.003600
v 0.768100 2.054100 0.342800
v 0.776100 1.880700 -0.356800
v 0.759400 2.107700 -0.348200
v 0.749800 2.529800 -0.355600
v 0.702200 3.312700 -0.514400
v 1.079500 3.478100 -0.177700
v 0.637100 3.787200 -0.722400
v -0.631600 3.787200 0.793000
v 0.000000 3.787200 0.914300
v -0.184200 3.332600 0.412800
v 0.000000 3.322300 0.394800
v -0.184000 3.333800 -0.393400
v 0.000000 3.335400 -0.332200
v 0.000000 3.787200 -0.843600
v 0.184000 3.333800 -0.393400
v 0.184200 3.332600 0.412800
v -0.637100 3.787200 -0.722400
v 0.221400 3.224900 0.244900
v 0.221400 3.226600 -0.218900
v 0.399800 2.515300 0.004000
v 0.430700 2.076900 0.003600
v 0.431100 1.904300 0.003600
v 0.246800 4.158800 1.006100
v -0.247700 4.159600 1.006100
v 0.296100 4.118800 1.076100
v -0.297200 4.119600 1.076100
v 0.246800 4.158800 1.146000
v -0.247700 4.159600 1.146000
v 0.197400 4.198900 1.076100
v -0.198100 4.199500 1.076100
v 0.198100 4.518900 1.076100
v 0.247700 4.558800 1.006100
v -0.197400 4.519500 1.076100
v -0.246800 4.559600 1.006100
v 0.297200 4.598800 1.076100
v -0.296100 4.599600 1.076100
v -0.246800 4.559600 1.146000
v 0.247700 4.558800 1.146000
v 0.259500 1.951300 0.003800
v 0.780400 1.938500 -0.514900
v -0.776100 1.880700 -0.356800
v -0.780500 1.937000 -0.515100
v -0.702200 3.312700 -0.514400
v -0.221400 3.226600 -0.218900
v -0.221400 3.224900 0.244900
v -0.698400 3.313500 0.514400
v -0.399800 2.515300 0.004000
v -0.749800 2.529800 0.355600
v -0.430700 2.076900 0.003600
v -0.768100 2.054100 0.342800
v -0.759400 2.107700 -0.348200
v -0.749800 2.529800 -0.355600
v -1.045500 2.092700 0.003600
v -1.016300 2.544400 0.004000
v -1.079500 3.478100 0.203600
v -1.079500 3.478100 -0.177700
v 0.224100 4.964300 0.796700
v 0.037000 4.964300 0.838500
v 0.138400 4.802300 0.852700
v 0.077800 5.005800 1.021100
v 0.179200 4.843800 1.035300
v 0.279600 5.020800 1.045200
v 0.366200 4.843800 0.993500
v 0.451900 5.005800 0.937600
v 0.325400 4.802300 0.811000
v 0.411100 4.964300 0.755000
v 0.000000 5.200900 -0.813600
v -0.420400 5.200900 -0.701400
v 0.420400 5.200900 -0.701400
v 0.766900 5.200900 -0.321400
v 0.826800 5.200900 0.417900
v 0.420400 5.200900 0.794600
v 0.000000 5.200900 0.906800
v -0.420400 5.200900 0.794600
v -0.826800 5.200900 0.417900
v -0.766900 5.200900 -0.321400
v 0.122700 5.126300 0.782500
v 0.163500 5.167800 0.965100
v 0.350500 5.167800 0.923400
v 0.309800 5.126300 0.740800
v 0.000000 6.818000 -0.293400
v -0.336700 6.820800 0.018999
v 0.000000 6.823700 0.331499
v -0.037600 5.500400 0.683900
v 0.048100 5.662400 0.627900
v 0.003200 5.541900 0.866500
v 0.088900 5.703900 0.810500
v 0.204900 5.556900 0.890600
v 0.275900 5.703900 0.768700
v 0.377300 5.541900 0.782900
v 0.235200 5.662400 0.586100
v 0.336500 5.500400 0.600300
v 0.063800 5.338400 0.698100
v 0.104500 5.379900 0.880700
v 0.250800 5.338400 0.656300
v 0.291600 5.379900 0.838900
v -0.514900 5.500400 0.491600
v -0.413100 5.662400 0.502400
v -0.598700 5.541900 0.658800
v -0.497000 5.703900 0.669700
v -0.457700 5.556900 0.805100
v -0.325600 5.703900 0.755600
v -0.256100 5.541900 0.830600
v -0.241800 5.662400 0.588300
v -0.172200 5.500400 0.663400
v -0.445300 5.338400 0.566700
v -0.529200 5.379900 0.733900
v -0.274000 5.338400 0.652600
v -0.357900 5.379900 0.819800
v -0.595700 4.964300 0.646200
v -0.493900 5.126300 0.657100
v -0.679600 5.005800 0.813500
v -0.577800 5.167800 0.824300
v -0.538500 5.020800 0.959700
v -0.406500 5.167800 0.910200
v -0.336900 5.005800 0.985300
v -0.322600 5.126300 0.743000
v -0.253100 4.964300 0.818000
v -0.526100 4.802300 0.721300
v -0.610000 4.843800 0.888600
v -0.354800 4.802300 0.807200
v -0.438700 4.843800 0.974500
v 0.336700 6.820800 0.018999
v 0.000000 6.756900 -0.221501
v 0.275300 6.756900 0.021399
v -0.275300 6.756900 0.021399
v 0.000000 6.756900 0.264199
v -2.022900 8.516758 0.402405
v -2.220200 8.576859 0.087705
v -2.022900 8.997058 0.303005
v -2.220200 8.817059 0.038005
v -2.022900 9.266459 -0.106995
v -2.220200 8.951658 -0.166995
v -2.022900 9.166959 -0.587294
v -2.220200 8.901958 -0.407195
v -2.022900 8.757059 -0.856594
v -2.220200 8.696959 -0.541794
v -2.022900 8.276758 -0.757194
v -2.220200 8.456859 -0.492095
v -2.022900 8.007459 -0.347195
v -2.220200 8.322159 -0.287195
v -2.022900 8.106858 0.133105
v -2.220200 8.371859 -0.046995
v 2.022900 8.276758 -0.757194
v 1.332100 8.276758 -0.757194
v 2.022900 8.007459 -0.347195
v 1.332100 8.007459 -0.347195
v 2.022900 8.106858 0.133105
v 1.332100 8.106858 0.133105
v 2.022900 8.516758 0.402405
v 1.332100 8.516758 0.402405
v 2.022900 8.997058 0.303005
v 1.332100 8.997058 0.303005
v 2.022900 9.266459 -0.106995
v 1.332100 9.266459 -0.106995
v 2.022900 9.166959 -0.587294
v 1.332100 9.166959 -0.587294
v 2.022900 8.757059 -0.856594
v 1.332100 8.757059 -0.856594
v -1.332100 8.276758 -0.757194
v -1.332100 8.757059 -0.856594
v -1.332100 9.166959 -0.587294
v -1.332100 9.266459 -0.106995
v -1.332100 8.997058 0.303005
v -1.332100 8.516758 0.402405
v -1.332100 8.106858 0.133105
v -1.332100 8.007459 -0.347195
v 2.220200 8.456859 -0.492095
v 2.220200 8.696959 -0.541794
v 2.220200 8.901958 -0.407195
v 2.220200 8.951658 -0.166995
v 2.220200 8.817059 0.038005
v 2.220200 8.576859 0.087705
v 2.220200 8.371859 -0.046995
v 2.220200 8.322159 -0.287195
v -2.220200 8.636959 -0.227095
v 2.220200 8.636959 -0.227095
v 0.604105 9.081811 1.195645
v 0.849005 8.980311 1.195645
v 0.604105 9.231411 1.705545
v 0.954804 9.086111 1.705545
v 0.604105 9.165010 1.953545
v 0.907905 9.039211 1.953545
v 0.604105 8.983411 2.135145
v 0.779505 8.910811 2.135145
v 0.604105 8.735412 2.201545
v 0.852105 8.735412 2.135145
v 0.779505 8.560111 2.135145
v 1.033705 8.735412 1.953545
v 0.907905 8.431711 1.953545
v 1.100105 8.735412 1.705545
v 0.954804 8.384711 1.705545
v 0.950505 8.735412 1.195645
v 0.849005 8.490512 1.195645
v 0.359205 8.980311 1.195645
v 0.253405 9.086111 1.705545
v 0.257805 8.735412 1.195645
v 0.108105 8.735412 1.705545
v 0.359205 8.490512 1.195645
v 0.253405 8.384711 1.705545
v 0.604105 8.389011 1.195645
v 0.604105 8.239411 1.705545
v 0.300405 9.039211 1.953545
v 0.174604 8.735412 1.953545
v 0.300405 8.431711 1.953545
v 0.604105 8.305911 1.953545
v 0.428805 8.910811 2.135145
v 0.356105 8.735412 2.135145
v 0.428805 8.560111 2.135145
v 0.604105 8.487411 2.135145
v -0.604105 9.082511 1.195645
v -0.604105 9.231411 1.705545
v -0.849504 8.980811 1.195645
v -0.954805 9.086111 1.705545
v -0.951206 8.735412 1.195645
v -1.100105 8.735412 1.705545
v -0.849504 8.490012 1.195645
v -0.954805 8.384711 1.705545
v -0.604105 8.388311 1.195645
v -0.604105 8.239411 1.705545
v -0.358704 8.490012 1.195645
v -0.253405 8.384711 1.705545
v -0.257004 8.735412 1.195645
v -0.108104 8.735412 1.705545
v -0.358704 8.980811 1.195645
v -0.253405 9.086111 1.705545
v -0.300404 9.039211 1.953545
v -0.604105 9.165010 1.953545
v -0.907806 9.039211 1.953545
v -1.033605 8.735412 1.953545
v -0.907806 8.431711 1.953545
v -0.604105 8.305911 1.953545
v -0.300404 8.431711 1.953545
v -0.174504 8.735412 1.953545
v -0.428704 8.910811 2.135145
v -0.604105 8.983411 2.135145
v -0.779405 8.910811 2.135145
v -0.852104 8.735412 2.135145
v -0.779405 8.560111 2.135145
v -0.604105 8.487411 2.135145
v -0.428704 8.560111 2.135145
v -0.356104 8.735412 2.135145
v -0.604105 8.735412 2.201545
v -1.319900 8.856300 0.850699
v -1.193000 9.244300 1.017799
v -1.228000 8.504600 1.080699
v -0.874100 9.052900 1.430699
v -1.064400 8.251100 1.495299
v 0.000000 8.389900 1.812499
v -0.816300 7.956000 2.068399
v 0.000000 7.990600 2.278199
v -0.921900 7.502300 2.238899
v 0.001600 7.519100 2.531500
v -0.841700 7.438400 2.220000
v 0.001600 7.453800 2.487099
v -1.559000 7.801100 0.643499
v -1.500700 8.110400 0.333299
v -1.442700 9.544000 0.261699
v -0.915000 9.809300 1.304499
v -0.957700 9.362000 1.413699
v 0.000000 9.895600 1.559299
v 0.000000 9.456500 1.707699
v 0.915000 9.809300 1.304499
v 0.957700 9.362000 1.413699
v 1.193000 9.244300 1.017799
v 0.874100 9.052900 1.430699
v 0.000000 8.856100 1.740799
v 1.064400 8.251100 1.495299
v 1.228000 8.504600 1.080699
v 1.559000 7.801100 0.643499
v 1.500700 8.110400 0.333299
v 1.667900 7.390100 0.386699
v 1.301100 7.390100 -0.696701
v 1.442800 6.883700 0.590699
v 1.132800 6.874700 -0.578301
v 0.881400 6.539000 0.849200
v 0.001600 6.429700 0.338300
v 0.001600 6.443900 0.950500
v -0.881400 6.539000 0.849200
v 0.841700 7.438400 2.220000
v 0.921900 7.502300 2.238899
v 1.392300 7.398700 1.508299
v 1.474900 7.466600 1.506099
v 1.497400 7.354200 0.649199
v 1.640000 7.384300 0.513199
v 1.256600 6.925600 1.366099
v 1.331100 6.865500 1.357599
v 0.651400 6.715200 1.978199
v 0.713500 6.662200 1.966100
v 0.001600 6.654100 2.179199
v 0.001600 6.595200 2.186199
v -0.651400 6.715200 1.978199
v -0.713500 6.662200 1.966100
v -1.256600 6.925600 1.366099
v -1.331100 6.865500 1.357599
v -1.497400 7.354200 0.649199
v -1.640000 7.384300 0.513199
v -1.392300 7.398700 1.508299
v -1.474900 7.466600 1.506099
v -1.324700 7.891400 1.486299
v -1.442800 6.883700 0.590699
v -1.667900 7.390100 0.386699
v -1.301100 7.390100 -0.696701
v -1.108300 9.291500 -0.706301
v 0.001600 7.390100 -1.293901
v 0.000000 9.203200 -1.242701
v 1.108300 9.291500 -0.706301
v 1.442700 9.544000 0.261699
v 1.319900 8.856300 0.850699
v 0.001600 6.770700 -1.012000
v -1.132800 6.874700 -0.578301
v 0.816300 7.956000 2.068399
v 1.324700 7.891400 1.486299
v 0.001600 6.926100 1.367200
v 0.001500 7.355600 0.649199
v 0.861600 10.723959 -0.556995
v 0.497400 10.636158 -0.910395
v 1.393700 10.169958 -0.735895
v 0.804600 10.011957 -1.323595
v 1.679300 9.371959 -0.854295
v 0.939900 9.200758 -1.528995
v 1.784500 8.795158 -0.871395
v 0.998800 8.610258 -1.530295
v 1.731400 8.153459 -0.789695
v 0.998800 7.984758 -1.409095
v 1.514900 7.628859 -0.675295
v 0.944000 7.501559 -1.132695
v 1.352400 7.485259 -0.533795
v 0.842800 7.375759 -0.919195
v 0.000000 7.952358 0.042805
v 0.000000 7.321358 -1.138395
v -0.842800 7.375759 -0.919195
v 0.000000 7.440558 -1.378195
v -0.944000 7.501559 -1.132695
v 0.000000 7.923759 -1.684695
v -0.998800 7.984758 -1.409095
v 0.000000 8.549258 -1.805895
v -0.998800 8.610258 -1.530295
v 0.000000 9.140058 -1.788395
v -0.939900 9.200758 -1.528995
v 0.000000 9.959959 -1.532795
v -0.804600 10.011957 -1.323595
v 0.000000 10.604057 -1.039794
v -0.497400 10.636158 -0.910395
v 0.994900 10.843958 -0.074295
v 1.609300 10.363958 0.045005
v 0.861600 10.963858 0.408505
v 1.393700 10.557959 0.825905
v 0.497400 11.051659 0.761905
v 0.804600 10.699959 1.397505
v 0.000000 11.083757 0.891305
v 0.000000 10.751959 1.606805
v -0.497400 11.051659 0.761905
v -0.804600 10.699959 1.397505
v -0.861600 10.963858 0.408505
v -1.393700 10.557959 0.825905
v -0.994900 10.843958 -0.074295
v -1.609300 10.363958 0.045005
v -0.861600 10.723959 -0.556995
v -1.393700 10.169958 -0.735895
v 1.879800 9.641158 0.216105
v 1.627900 9.867758 1.128305
v 0.939900 10.033657 1.796005
v 0.000000 10.094358 2.040405
v -0.939900 10.033657 1.796005
v -1.627900 9.867758 1.128305
v -1.879800 9.641158 0.216105
v -1.679300 9.371959 -0.854295
v -1.784500 8.795158 -0.871395
v -1.731400 8.153459 -0.789695
v -1.514900 7.628859 -0.675295
v -1.352400 7.485259 -0.533795
v -1.563000 7.737759 0.150205
v 0.000000 8.519558 0.404605
v -1.685600 8.304858 0.511905
v 0.000000 9.138658 0.295405
v -1.685600 8.924058 0.402705
v -1.459800 9.127257 1.220605
v -1.924700 9.092058 0.359405
v -1.635100 9.319658 1.275605
v -1.924700 8.472959 0.468705
v -1.836900 7.905859 0.106905
v -0.944000 9.486259 1.946305
v -0.842800 9.275958 1.819406
v 0.000000 9.330458 2.038605
v 0.842800 9.275958 1.819406
v 0.000000 9.547258 2.191805
v 0.944000 9.486259 1.946305
v 1.635100 9.319658 1.275605
v 1.459800 9.127257 1.220605
v 1.685600 8.924058 0.402705
v 1.685600 8.304858 0.511905
v 1.563000 7.737759 0.150205
v 1.836900 7.905859 0.106905
v 1.924700 8.472959 0.468705
v 1.924700 9.092058 0.359405
v 0.687700 11.589157 -0.677695
v 0.397100 11.519058 -0.959794
v 0.000000 11.493359 -1.062995
v -0.397100 11.519058 -0.959794
v -0.687700 11.589157 -0.677695
v -0.794100 11.684858 -0.292295
v -0.687700 11.780558 0.093005
v -0.397100 11.850658 0.375105
v 0.000000 11.876257 0.478305
v 0.397100 11.850658 0.375105
v 0.687700 11.780558 0.093005
v 0.794100 11.684858 -0.292295
v 0.531900 11.798258 -0.635794
v 0.307100 11.724358 -0.854195
v 0.000000 11.704557 -0.934094
v -0.307100 11.724358 -0.854195
v -0.531900 11.798258 -0.635794
v -0.614200 11.872358 -0.337695
v -0.531900 11.946358 -0.039695
v -0.307100 12.000557 0.178505
v 0.000000 12.004559 0.266205
v 0.307100 12.000557 0.178505
v 0.531900 11.946358 -0.039695
v 0.614200 11.872358 -0.337695
v 0.000000 12.001957 -0.369895
v -8.263400 -0.122900 -1.970900
v -8.263400 0.129100 -1.970900
v 2.689500 0.128700 -1.456900
v 2.883700 0.503100 -2.203600
v 2.689500 0.069200 -1.456900
v 2.883700 0.443600 -2.203600
vn -0.8716 -0.0624 0.4863
vn -0.1815 0.7728 0.6082
vn -0.3406 0.0605 0.9383
vn -0.1827 0.9334 -0.3087
vn -0.4121 0.2001 -0.8889
vn -0.2193 0.2000 -0.9549
vn 0.5327 0.0039 -0.8463
vn -0.0000 0.3408 -0.9401
vn -0.0337 -0.5632 -0.8256
vn 0.4247 0.2485 -0.8706
vn 0.2021 0.1180 -0.9722
vn 0.7088 -0.1481 -0.6897
vn 0.3785 -0.6695 -0.6392
vn 0.9874 -0.1579 -0.0124
vn 0.4718 -0.7193 0.5100
vn 0.7610 -0.0086 0.6487
vn 0.3406 0.0602 0.9383
vn 0.4470 0.2883 0.8468
vn 0.8154 -0.0663 0.5750
vn -0.0628 -0.2995 0.9520
vn -0.6894 -0.2388 -0.6839
vn -0.2425 -0.7326 -0.6360
vn -0.4736 0.2494 -0.8447
vn 0.9432 -0.1961 0.2680
vn 0.8046 0.0771 -0.5888
vn 0.8072 -0.5413 0.2356
vn 0.0008 -0.7317 0.6817
vn -0.8050 -0.5435 0.2380
vn 0.0002 0.1110 0.9938
vn -0.5767 0.3572 0.7347
vn -0.0000 0.6015 0.7989
vn -0.9466 0.1230 0.2980
vn -0.7218 -0.4539 -0.5226
vn -0.0323 0.0434 -0.9985
vn 0.0040 -0.8419 -0.5397
vn -0.0129 0.2043 -0.9788
vn -0.0303 -0.8006 -0.5984
vn -0.0073 0.0016 -1.0000
vn -0.0138 -0.8613 -0.5078
vn -0.0026 -0.2058 -0.9786
vn 0.0133 -0.9498 -0.3126
vn -0.0798 0.0536 0.9954
vn -0.0691 -0.6955 0.7152
vn -0.1059 0.3273 0.9390
vn -0.0206 -0.8557 0.5171
vn -0.0371 0.0140 0.9992
vn -0.0436 -0.8962 0.4415
vn 0.0065 0.0374 0.9993
vn 0.0180 -0.7581 0.6518
vn 0.0172 0.7281 -0.6852
vn -0.0108 0.8722 -0.4890
vn -0.0313 0.8804 -0.4732
vn 0.0117 0.8855 -0.4645
vn 0.1356 0.9184 -0.3718
vn 0.2106 0.8348 0.5086
vn -0.0217 0.9718 0.2350
vn -0.0467 0.8910 0.4516
vn -0.0351 0.8732 0.4860
vn 0.0095 0.8652 0.5013
vn -0.4433 -0.1249 -0.8876
vn -0.0037 -0.9288 -0.3705
vn -0.7136 -0.6028 -0.3569
vn -0.0854 0.0718 -0.9938
vn -0.4743 0.5886 -0.6546
vn 0.0509 0.8671 -0.4956
vn -0.4547 0.8786 0.1457
vn 0.0584 0.9382 0.3412
vn -0.4853 0.4088 0.7729
vn -0.0302 0.3003 0.9534
vn -0.3547 -0.7317 0.5821
vn -0.2292 -0.7726 0.5920
vn -0.7973 0.3946 -0.4567
vn -0.8263 -0.3271 0.4584
vn -0.3255 0.7740 0.5430
vn -0.3545 -0.7026 -0.6170
vn 0.3140 0.6208 -0.7184
vn 0.8346 -0.4139 -0.3634
vn 0.8088 0.4814 0.3377
vn 0.3448 -0.5453 0.7641
vn 0.1106 -0.4048 -0.9077
vn -0.5121 0.2968 0.8060
vn -0.8498 -0.0046 0.5271
vn -0.1648 -0.8871 0.4312
vn -0.9873 0.1120 -0.1123
vn 0.5771 0.3573 0.7344
vn -0.9992 0.0369 -0.0121
vn -0.1162 0.8915 -0.4379
vn -0.0333 0.9008 0.4330
vn -0.2844 0.1823 0.9412
vn -0.4111 -0.7051 0.5778
vn 0.0568 -0.9964 -0.0623
vn -0.1997 -0.8497 0.4879
vn 0.4709 -0.6702 -0.5736
vn 0.4424 -0.8966 0.0186
vn 0.7220 -0.3060 -0.6206
vn 0.9840 -0.1780 -0.0028
vn 0.7410 0.5826 -0.3340
vn 0.4899 0.1508 0.8586
vn 0.3597 0.4967 0.7899
vn -0.1188 0.3132 0.9422
vn 0.2845 -0.8706 0.4014
vn 0.0383 0.2007 0.9789
vn 0.0085 -0.8662 0.4997
vn 0.1708 0.1220 0.9777
vn 0.3189 -0.8580 0.4027
vn 0.8065 -0.0942 0.5837
vn 0.7739 -0.6289 0.0742
vn 0.9995 0.0127 -0.0300
vn 0.5123 -0.7889 -0.3395
vn 0.5826 0.0314 -0.8122
vn 0.1201 -0.8619 -0.4926
vn 0.0935 0.0985 -0.9907
vn 0.1158 -0.9301 -0.3486
vn -0.0876 -0.0070 -0.9961
vn -0.1055 -0.6851 -0.7208
vn -0.2241 0.2520 -0.9414
vn 0.4956 -0.8539 -0.1585
vn 0.0105 0.9667 0.2556
vn -0.0432 0.8345 -0.5493
vn 0.2327 -0.9725 0.0024
vn 0.0975 0.8951 -0.4351
vn 0.0473 0.9451 0.3233
vn 0.5235 0.7511 -0.4022
vn 0.6015 0.7988 0.0110
vn 0.5585 0.6384 0.5297
vn -0.0015 -0.8361 0.5486
vn -0.0064 0.0381 0.9993
vn -0.0097 -0.8465 -0.5324
vn -0.0024 0.0985 -0.9951
vn -0.0095 0.8656 0.5006
vn -0.0119 0.8852 -0.4651
vn 0.0323 0.0424 -0.9986
vn 0.0380 -0.8644 -0.5014
vn 0.0376 -0.8548 0.5176
vn 0.0372 0.0148 0.9992
vn 0.0690 -0.6950 0.7157
vn 0.0799 0.0546 0.9953
vn 0.1059 0.3280 0.9387
vn 0.0205 -0.8554 0.5176
vn -0.0131 -0.9500 -0.3120
vn 0.0132 -0.8621 -0.5066
vn 0.0028 -0.2076 -0.9782
vn 0.0066 -0.0002 -1.0000
vn 0.0351 0.8736 0.4853
vn 0.0314 0.8801 -0.4737
vn 0.0467 0.8913 0.4510
vn 0.0107 0.8719 -0.4896
vn -0.0173 0.7276 -0.6858
vn 0.0205 0.9719 0.2345
vn 0.4463 0.1076 -0.8884
vn -0.0832 0.7922 -0.6045
vn 0.6740 0.6027 -0.4271
vn 0.0807 -0.0376 -0.9960
vn 0.4893 -0.6276 -0.6056
vn 0.0416 -0.9655 -0.2572
vn 0.5007 -0.7825 0.3700
vn 0.1605 -0.7138 0.6817
vn 0.4836 0.0733 0.8722
vn 0.0334 0.4817 0.8757
vn 0.3232 0.8993 0.2947
vn -0.0296 0.9672 0.2525
vn -0.3545 -0.7025 -0.6170
vn -0.7973 0.3948 -0.4566
vn -0.8264 -0.3271 0.4584
vn 0.9992 0.0370 -0.0122
vn 0.1516 0.8244 -0.5454
vn 0.2634 0.1295 -0.9560
vn 0.1055 -0.6858 -0.7201
vn 0.0838 0.0994 -0.9915
vn -0.1421 -0.9054 -0.4000
vn -0.0936 0.0977 -0.9908
vn -0.0963 -0.8648 -0.4928
vn -0.6693 0.0814 -0.7385
vn -0.4348 -0.8566 -0.2777
vn -0.9993 -0.0376 0.0077
vn -0.7741 -0.6287 0.0746
vn -0.7202 0.0673 0.6905
vn -0.3701 -0.7884 0.4914
vn -0.1413 0.1927 0.9710
vn -0.0325 -0.8652 0.5003
vn -0.0433 0.0951 0.9945
vn -0.2294 -0.9131 0.3371
vn -0.3597 0.4977 0.7893
vn -0.4706 -0.6709 -0.5732
vn -0.7408 0.5823 -0.3349
vn -0.7217 -0.3066 -0.6206
vn -0.9840 -0.1780 -0.0031
vn -0.4425 -0.8966 0.0191
vn -0.4904 0.1515 0.8582
vn 0.1180 -0.9205 0.3724
vn 0.1860 0.1528 0.9706
vn 0.4370 -0.6605 0.6105
vn 0.2532 0.2977 0.9205
vn -0.4957 -0.8541 -0.1577
vn -0.2327 -0.9725 0.0033
vn -0.0567 -0.9965 -0.0613
vn 0.0289 0.9271 0.3737
vn 0.0001 0.9196 -0.3928
vn -0.0019 0.9260 0.3774
vn -0.0974 0.8947 -0.4359
vn -0.0765 0.9252 0.3718
vn -0.3570 0.8335 -0.4217
vn -0.7079 0.7045 -0.0509
vn -0.6224 0.5969 0.5062
vn 0.1880 0.1233 0.9744
vn 0.4347 0.8554 0.2816
vn -0.3021 0.8449 0.4415
vn 0.9417 0.3353 -0.0267
vn 0.0348 0.9631 0.2667
vn 0.7680 0.6338 -0.0914
vn 0.3161 0.9190 -0.2354
vn 0.7987 0.6017 0.0001
vn 0.2952 0.9552 0.0221
vn 0.5895 0.7130 0.3796
vn 0.0330 0.7276 0.6852
vn 0.7260 0.2400 0.6444
vn -0.0029 -0.0010 1.0000
vn 0.5526 -0.6396 0.5343
vn -0.0062 -0.6020 0.7985
vn -0.3821 -0.7936 0.4735
vn -0.7525 0.2081 0.6249
vn -0.6334 0.6884 0.3534
vn -0.2502 0.9649 0.0799
vn -0.7457 0.6662 0.0076
vn -0.1661 0.9610 -0.2211
vn -0.7744 0.6301 -0.0562
vn -0.9650 0.2413 0.1026
vn 0.9882 0.1516 0.0208
vn 0.6351 -0.7712 -0.0430
vn -0.6775 -0.7334 0.0565
vn -0.9753 0.2209 -0.0042
vn 0.7724 0.1967 -0.6039
vn 0.3609 -0.8786 -0.3127
vn -0.6616 -0.5296 -0.5309
vn -0.8214 0.2924 -0.4897
vn -0.7281 0.4220 -0.5401
vn -0.0570 0.4717 -0.8799
vn -0.0432 0.1673 -0.9850
vn 0.7868 0.3987 -0.4712
vn -0.1467 0.2333 -0.9613
vn 0.1155 -0.4152 -0.9024
vn 0.7869 0.6167 -0.0206
vn 0.6667 -0.6925 -0.2757
vn 0.6403 0.7211 -0.2648
vn 0.8434 -0.3971 0.3619
vn 0.2013 0.7832 0.5883
vn -0.1830 -0.8250 0.5347
vn -0.8676 0.3296 0.3722
vn -0.7890 -0.6140 -0.0209
vn -0.6401 0.7211 -0.2650
vn -0.6666 -0.6925 -0.2760
vn -0.0000 1.0000 -0.0000
vn -0.0000 -1.0000 -0.0000
vn 0.6402 0.7211 -0.2647
vn 0.8429 -0.3984 0.3616
vn 0.2017 0.7823 0.5893
vn -0.1826 -0.8258 0.5336
vn -0.8680 0.3284 0.3724
vn 0.5941 0.7983 -0.0988
vn 0.1009 0.9833 0.1513
vn -0.0983 0.9824 0.1586
vn 0.4813 0.8139 -0.3253
vn 0.5914 0.8039 0.0624
vn 0.0574 0.7710 0.6343
vn -0.4640 0.8835 0.0638
vn -0.2156 0.9751 0.0527
vn -0.9595 0.2415 -0.1449
vn -0.0414 0.3502 0.9358
vn -0.7675 0.6406 0.0229
vn 0.0844 0.9712 0.2227
vn -0.3161 0.9190 -0.2354
vn 0.1661 0.9610 -0.2211
vn -0.2952 0.9552 0.0221
vn 0.2502 0.9649 0.0799
vn -0.0876 0.7565 0.6481
vn 0.4907 0.7090 0.5064
vn 0.0014 0.1229 0.9924
vn 0.7396 0.1772 0.6493
vn 0.1094 -0.4918 0.8638
vn 0.6491 -0.6610 0.3764
vn -0.4787 -0.7460 0.4630
vn 0.5349 -0.8448 0.0119
vn -0.6351 -0.7712 -0.0431
vn 0.5766 -0.6735 -0.4626
vn -0.4664 -0.7870 -0.4039
vn -0.1155 -0.4152 -0.9024
vn -0.8047 0.1669 -0.5697
vn 0.0421 0.3077 -0.9506
vn -0.7341 0.4363 -0.5203
vn -0.0317 0.4497 -0.8926
vn 0.2094 0.0637 -0.9758
vn -0.7261 0.2400 0.6444
vn -0.5895 0.7130 0.3796
vn -0.7987 0.6017 0.0001
vn 0.9651 0.2411 0.1026
vn 0.7281 0.4221 -0.5401
vn 0.7744 0.6302 -0.0561
vn 0.8214 0.2925 -0.4897
vn 0.9896 0.1437 -0.0105
vn 0.7683 0.6397 0.0231
vn -0.9882 0.1516 0.0208
vn -0.8681 0.3283 0.3724
vn -0.7890 -0.6140 -0.0211
vn -0.4848 0.0242 -0.8743
vn -0.0850 0.1515 -0.9848
vn 0.0124 -0.0984 -0.9951
vn -0.5846 0.1658 -0.7942
vn -0.8941 0.0649 -0.4431
vn -0.9061 0.1761 -0.3847
vn -0.9458 0.0418 0.3221
vn -0.9265 0.1843 0.3280
vn -0.5447 -0.0232 0.8383
vn -0.4866 0.1371 0.8628
vn -0.0753 -0.1546 0.9851
vn -0.0053 0.1165 0.9932
vn 0.4041 -0.0980 0.9094
vn 0.4998 0.1647 0.8503
vn 0.8864 0.0362 0.4616
vn 0.9229 0.1931 0.3332
vn 0.9407 0.0995 -0.3243
vn 0.9097 0.1796 -0.3744
vn 0.5321 -0.0360 -0.8459
vn 0.4844 0.1673 -0.8587
vn 0.3504 -0.4360 0.8289
vn 0.9296 -0.0879 0.3580
vn 0.1331 -0.4530 0.8815
vn 0.9962 -0.0870 0.0073
vn 0.0645 -0.0730 0.9952
vn 0.9977 0.0674 0.0049
vn 0.0427 0.0623 0.9971
vn 0.0350 0.0323 -0.9989
vn -0.0641 0.9773 -0.2018
vn 0.0602 -0.0699 -0.9957
vn 0.1275 -0.4216 -0.8978
vn 0.8981 -0.0650 -0.4350
vn 0.4410 -0.2974 -0.8468
vn -0.3850 -0.3782 0.8418
vn 0.0400 -0.5438 0.8383
vn 0.3636 -0.7971 0.4821
vn 0.0224 -0.9258 0.3773
vn 0.2311 -0.8510 -0.4716
vn 0.0135 -0.9583 -0.2856
vn 0.0351 -0.5548 -0.8313
vn -0.4166 -0.7671 -0.4879
vn -0.2533 -0.8681 0.4270
vn -0.3596 -0.3376 -0.8699
vn -0.8026 -0.5045 0.3183
vn -0.7468 -0.5367 -0.3929
vn -0.9534 -0.3017 0.0056
vn -0.9991 -0.0414 0.0115
vn -0.5890 0.8055 0.0651
vn 0.6552 -0.6989 -0.2868
vn -0.2385 -0.2524 -0.9378
vn -0.2375 0.2535 -0.9377
vn -0.5263 -0.8352 0.1596
vn 0.0002 -0.2227 0.9749
vn -0.2375 0.2532 0.9378
vn -0.5231 0.8372 0.1596
vn 0.7775 0.6178 -0.1176
vn -0.8838 -0.4678 0.0005
vn 0.2377 -0.2535 -0.9377
vn 0.4241 -0.9056 0.0004
vn 0.2380 0.2524 -0.9379
vn 0.6864 0.7268 0.0231
vn -0.7752 0.6205 0.1184
vn 0.2866 -0.0005 0.9580
vn 0.0003 0.0002 1.0000
vn -0.4762 0.8152 -0.3298
vn 0.3554 0.8509 -0.3870
vn -0.1895 0.9038 -0.3837
vn -0.3507 0.8505 -0.3919
vn -0.1253 -0.3928 -0.9110
vn 0.8100 -0.4983 -0.3093
vn 0.7369 -0.5414 0.4048
vn -0.1331 -0.4530 0.8815
vn 0.9534 -0.3017 0.0056
vn -0.0645 -0.0730 0.9952
vn 0.9991 -0.0414 0.0115
vn -0.0427 0.0623 0.9971
vn -0.0438 0.0210 -0.9988
vn -0.0352 -0.1309 -0.9908
vn -0.9965 0.0832 -0.0026
vn -0.9974 -0.0696 0.0202
vn -0.9296 -0.0879 0.3580
vn -0.8965 -0.0485 -0.4403
vn -0.4885 -0.8724 0.0164
vn -0.9517 -0.1083 -0.2873
vn -0.2129 -0.2167 -0.9527
vn -0.8041 0.0884 0.5879
vn -0.2244 -0.5380 0.8126
vn 0.2128 0.2166 0.9528
vn 0.4515 -0.6883 0.5677
vn 0.9778 0.0883 0.1899
vn 0.6743 -0.7382 0.0171
vn 0.9759 -0.0001 -0.2180
vn 0.0370 0.2079 -0.9774
vn -0.5142 0.2052 -0.8328
vn 0.5572 0.2229 -0.7999
vn 0.8842 0.2254 -0.4091
vn 0.9312 0.2675 0.2477
vn 0.5529 0.2588 0.7920
vn 0.0872 0.2573 0.9624
vn -0.3966 0.2595 0.8805
vn -0.8578 0.2789 0.4318
vn -0.9011 0.2295 -0.3680
vn -0.6743 0.7383 -0.0171
vn -0.2439 0.8997 0.3621
vn 0.4839 0.8022 0.3498
vn 0.4472 0.8455 -0.2919
vn 0.1128 0.9863 -0.1201
vn 0.0421 0.9856 -0.1637
vn -0.0892 0.9648 0.2475
vn -0.6743 0.7382 -0.0171
vn -0.9759 -0.0000 0.2181
vn -0.2438 0.8997 0.3621
vn 0.2128 0.2168 0.9528
vn 0.4839 0.8022 0.3497
vn 0.9396 0.2348 0.2490
vn 0.9673 -0.1845 -0.1742
vn -0.6031 -0.7382 0.3023
vn -0.1672 -0.6883 0.7059
vn 0.3642 -0.9224 0.1282
vn 0.6687 -0.5593 0.4899
vn -0.9947 0.0883 -0.0531
vn -0.5117 0.7382 -0.4396
vn -0.8940 -0.0000 -0.4481
vn -0.4182 0.8995 0.1263
vn -0.4376 0.2165 0.8727
vn 0.1541 0.8020 0.5771
vn 0.5706 0.2346 0.7870
vn 0.5309 0.8456 0.0564
vn 0.8594 -0.1842 0.4770
vn -0.6584 -0.7382 -0.1470
vn -0.5759 -0.6883 0.4411
vn 0.2010 -0.9224 0.3299
vn 0.2082 -0.5593 0.8024
vn -0.5116 0.7381 -0.4398
vn -0.8939 -0.0000 -0.4483
vn -0.4181 0.8996 0.1263
vn -0.4376 0.2167 0.8727
vn 0.5311 0.8454 0.0565
vn -0.6583 -0.7382 -0.1470
vn 0.2010 -0.9224 0.3298
vn -0.1341 0.9036 0.4069
vn -0.0350 0.9914 0.1260
vn -0.5153 0.8366 -0.1862
vn 0.5027 0.8491 0.1619
vn 0.1388 0.8884 -0.4376
vn -0.4977 0.3849 0.7773
vn -0.9333 -0.0673 0.3526
vn -0.3998 -0.2613 0.8786
vn -0.9453 0.2185 0.2422
vn -0.4977 0.8218 0.2774
vn -0.9453 0.3258 0.0167
vn -0.4977 0.7772 -0.3850
vn -0.9453 0.2422 -0.2185
vn -0.4977 0.2774 -0.8218
vn -0.9453 0.0167 -0.3257
vn -0.4977 -0.3850 -0.7772
vn -0.9453 -0.2185 -0.2422
vn -0.4977 -0.8218 -0.2774
vn -0.9453 -0.3258 -0.0168
vn -0.5667 -0.7159 0.4077
vn -0.9630 -0.2228 0.1513
vn 0.4977 -0.8218 -0.2774
vn -0.0000 -0.6698 -0.7426
vn 0.4977 -0.3850 -0.7772
vn -0.0000 -0.9987 -0.0515
vn 0.4977 -0.7773 0.3849
vn -0.0001 -0.7426 0.6697
vn 0.4977 -0.2774 0.8218
vn -0.0001 -0.0516 0.9987
vn 0.4976 0.3849 0.7773
vn -0.0000 0.6697 0.7427
vn 0.4977 0.8218 0.2774
vn -0.0000 0.9987 0.0515
vn 0.4977 0.7772 -0.3850
vn -0.0000 0.7426 -0.6698
vn 0.4977 0.2774 -0.8218
vn -0.0000 0.0516 -0.9987
vn -0.0000 -0.0516 0.9987
vn -0.0000 -0.7426 0.6697
vn 0.9453 0.0167 -0.3257
vn 0.9453 -0.2185 -0.2422
vn 0.9453 0.2422 -0.2185
vn 0.9453 0.3258 0.0167
vn 0.9453 0.2185 0.2422
vn 0.9453 -0.0168 0.3258
vn 0.9453 -0.2423 0.2185
vn 0.9453 -0.3258 -0.0168
vn -1.0000 -0.0000 -0.0000
vn 1.0000 -0.0000 -0.0000
vn -0.0000 0.9945 -0.1051
vn 0.5799 0.7654 -0.2791
vn -0.0000 0.9596 -0.2815
vn 0.7070 0.7071 -0.0113
vn -0.0000 0.9055 0.4244
vn 0.6224 0.5992 0.5036
vn -0.0000 0.5716 0.8205
vn 0.4245 0.3402 0.8391
vn -0.0000 -0.0000 1.0000
vn 0.4958 -0.0001 0.8684
vn 0.4246 -0.3402 0.8390
vn 0.8160 -0.0001 0.5780
vn 0.6224 -0.5991 0.5036
vn 0.9967 -0.0000 0.0810
vn 0.7069 -0.7072 -0.0115
vn 0.9595 -0.0000 -0.2816
vn 0.5799 -0.7654 -0.2791
vn -0.5800 0.7653 -0.2791
vn -0.7068 0.7073 -0.0120
vn -0.9512 0.1312 -0.2792
vn -0.9999 0.0003 -0.0118
vn -0.7654 -0.5799 -0.2792
vn -0.7073 -0.7069 -0.0116
vn -0.1312 -0.9513 -0.2791
vn -0.0000 -0.9999 -0.0110
vn -0.6224 0.5990 0.5037
vn -0.8637 -0.0165 0.5037
vn -0.5990 -0.6224 0.5038
vn 0.0164 -0.8637 0.5037
vn -0.4246 0.3403 0.8390
vn -0.5408 -0.0597 0.8390
vn -0.3403 -0.4246 0.8390
vn 0.0595 -0.5409 0.8390
vn -0.5802 0.7656 -0.2779
vn 0.0002 0.9999 -0.0110
vn 0.1312 0.9516 -0.2779
vn -0.9516 0.1312 -0.2779
vn -0.9999 0.0004 -0.0119
vn -0.7656 -0.5802 -0.2779
vn -0.7073 -0.7068 -0.0118
vn -0.1312 -0.9516 -0.2779
vn -0.0003 -0.9999 -0.0117
vn 0.5802 -0.7656 -0.2779
vn 0.7067 -0.7074 -0.0120
vn 0.9516 -0.1312 -0.2779
vn 0.9999 -0.0004 -0.0114
vn 0.7656 0.5802 -0.2779
vn 0.7067 0.7074 -0.0121
vn 0.5991 0.6225 0.5036
vn -0.0166 0.8638 0.5036
vn 0.8637 0.0165 0.5037
vn 0.3403 0.4245 0.8390
vn -0.0596 0.5408 0.8390
vn 0.5408 0.0596 0.8390
vn -0.8899 0.1489 0.4312
vn -0.8698 0.0949 0.4842
vn -0.9290 0.0662 0.3640
vn -0.5552 0.0694 0.8288
vn -0.6947 0.4402 0.5688
vn -0.0000 0.5171 0.8560
vn -0.5084 0.5472 0.6649
vn 0.0001 0.5567 0.8307
vn -0.4994 -0.0192 0.8662
vn 0.0004 -0.2506 0.9681
vn -0.2858 -0.8301 0.4788
vn 0.0002 -0.8747 0.4846
vn -0.9411 0.2580 0.2185
vn -0.9906 0.1362 -0.0122
vn -0.9278 0.3571 0.1078
vn -0.5755 0.7356 0.3573
vn -0.5573 0.1162 0.8222
vn -0.0799 0.8799 0.4685
vn -0.0061 0.1667 0.9860
vn 0.4832 0.7841 0.3894
vn 0.5674 0.0578 0.8214
vn 0.8698 0.0949 0.4842
vn 0.6001 0.0692 0.7970
vn 0.0667 0.0745 0.9950
vn 0.9411 0.2580 0.2185
vn 0.8899 0.1489 0.4312
vn 0.6947 0.4402 0.5688
vn 0.9906 0.1362 -0.0122
vn 0.9978 -0.0595 -0.0308
vn 0.7854 -0.1297 -0.6053
vn 0.8187 -0.5723 -0.0469
vn 0.4860 -0.7333 -0.4755
vn 0.3299 -0.9440 0.0117
vn 0.0003 -0.9905 -0.1375
vn 0.0265 -0.9962 0.0835
vn -0.2811 -0.9594 0.0242
vn 0.2188 -0.8524 0.4749
vn 0.5385 -0.1566 0.8279
vn 0.3645 -0.9000 0.2390
vn 0.8518 -0.2976 0.4312
vn 0.6033 -0.5011 0.6204
vn 0.9382 0.0434 0.3434
vn 0.2531 0.7921 0.5554
vn 0.8312 -0.1086 0.5453
vn 0.3008 0.6776 0.6711
vn 0.4384 -0.5213 0.7322
vn 0.0685 0.5383 0.8400
vn -0.0966 -0.6263 0.7735
vn -0.2591 0.6031 0.7544
vn -0.6048 -0.4124 0.6813
vn -0.3421 0.7293 0.5925
vn -0.7995 0.1632 0.5781
vn -0.4408 0.3823 0.8121
vn -0.9452 -0.1769 0.2743
vn -0.3134 -0.9329 0.1771
vn -0.8430 -0.2426 0.4801
vn -0.8576 0.3729 0.3542
vn -0.7359 -0.6764 0.0311
vn -0.9914 -0.1112 -0.0688
vn -0.7415 -0.1379 -0.6567
vn -0.5384 0.5916 -0.6000
vn -0.0116 -0.1877 -0.9822
vn 0.0968 0.6546 -0.7498
vn 0.6355 0.5608 -0.5307
vn 0.9278 0.3571 0.1078
vn 0.9290 0.0662 0.3640
vn -0.0903 -0.6984 -0.7100
vn -0.5632 -0.7405 -0.3667
vn 0.5084 0.5472 0.6649
vn 0.8576 0.3729 0.3542
vn -0.0001 0.9139 0.4060
vn 0.0001 -0.8787 0.4775
vn 0.6282 0.5828 -0.5155
vn 0.4879 0.3468 -0.8011
vn 0.7895 0.3629 -0.4950
vn 0.3872 0.4718 -0.7921
vn 0.8068 0.2764 -0.5222
vn 0.4495 0.1865 -0.8736
vn 0.8744 0.0346 -0.4840
vn 0.4715 -0.0606 -0.8798
vn 0.8746 -0.2173 -0.4334
vn 0.4705 -0.3215 -0.8217
vn 0.7755 -0.4989 -0.3868
vn 0.3802 -0.7098 -0.5929
vn 0.3299 -0.9423 0.0575
vn 0.1270 -0.9898 -0.0652
vn -0.0138 -0.8076 0.5896
vn -0.0000 -0.9998 0.0179
vn -0.1893 -0.9750 -0.1161
vn -0.0000 -0.8027 -0.5963
vn -0.4179 -0.6344 -0.6503
vn -0.0000 -0.4216 -0.9068
vn -0.4760 -0.2759 -0.8350
vn -0.0000 -0.1175 -0.9931
vn -0.4705 -0.0114 -0.8823
vn -0.0000 0.1204 -0.9927
vn -0.4125 0.1957 -0.8897
vn -0.0000 0.4024 -0.9155
vn -0.3872 0.4718 -0.7921
vn 0.0391 0.3589 -0.9325
vn -0.4100 0.3363 -0.8478
vn 0.8451 0.5224 -0.1137
vn 0.8017 0.5804 -0.1429
vn 0.7230 0.6255 0.2933
vn 0.7109 0.6601 0.2425
vn 0.4080 0.6997 0.5865
vn 0.4191 0.7318 0.5374
vn -0.0155 0.7254 0.6882
vn 0.0140 0.7592 0.6507
vn -0.4352 0.6956 0.5716
vn -0.3949 0.7349 0.5513
vn -0.7389 0.6184 0.2674
vn -0.6974 0.6654 0.2663
vn -0.8456 0.5141 -0.1440
vn -0.8120 0.5696 -0.1271
vn -0.7255 0.4105 -0.5524
vn -0.6931 0.5140 -0.5054
vn 0.9746 0.2211 0.0342
vn 0.8045 0.3121 0.5053
vn 0.4436 0.4164 0.7936
vn -0.0366 0.3930 0.9188
vn -0.5655 0.3700 0.7371
vn -0.8703 0.3145 0.3790
vn -0.9756 0.2162 -0.0379
vn -0.7618 0.2375 -0.6027
vn -0.8751 -0.0036 -0.4839
vn -0.8678 -0.2693 -0.4175
vn -0.7435 -0.5807 -0.3316
vn -0.3018 -0.9438 0.1348
vn -0.1298 -0.7469 0.6521
vn 0.0159 -0.1904 0.9816
vn -0.1481 -0.1980 0.9689
vn 0.0061 -0.8119 0.5838
vn -0.1383 -0.3183 0.9378
vn -0.3490 -0.8356 0.4241
vn -0.9343 -0.2102 0.2878
vn -0.8319 -0.1281 0.5400
vn -0.8504 -0.1154 0.5134
vn -0.7390 -0.6154 0.2741
vn -0.4420 -0.2046 0.8734
vn -0.1502 -0.8212 0.5506
vn -0.0000 -0.8631 0.5050
vn 0.2105 -0.7923 0.5727
vn -0.0000 -0.3270 0.9450
vn 0.4825 -0.0526 0.8743
vn 0.7774 -0.3599 0.5159
vn 0.2425 -0.8978 0.3676
vn 0.2395 -0.4214 0.8747
vn 0.0597 -0.1966 0.9787
vn 0.2659 -0.7403 0.6174
vn 0.7793 -0.6114 0.1374
vn 0.8718 -0.2714 0.4079
vn 0.8985 -0.0597 0.4349
vn 0.7592 0.3469 -0.5507
vn 0.4236 0.2814 -0.8610
vn -0.0121 0.2602 -0.9655
vn -0.4471 0.2913 -0.8457
vn -0.7648 0.3577 -0.5359
vn -0.8817 0.4604 -0.1033
vn -0.7576 0.5675 0.3223
vn -0.4312 0.6451 0.6309
vn 0.0157 0.6814 0.7317
vn 0.4449 0.6470 0.6193
vn 0.7686 0.5623 0.3049
vn 0.8822 0.4543 -0.1238
vn 0.4341 0.7419 -0.5111
vn 0.2164 0.7012 -0.6794
vn -0.0387 0.6913 -0.7216
vn -0.2901 0.7049 -0.6472
vn -0.4828 0.7525 -0.4478
vn -0.5452 0.8224 -0.1623
vn -0.4524 0.8864 0.0975
vn -0.2205 0.9353 0.2769
vn 0.0412 0.9442 0.3269
vn 0.2943 0.9235 0.2460
vn 0.4930 0.8696 0.0289
vn 0.5449 0.8030 -0.2413
vn -0.0000 0.9683 -0.2498
vt 0.768900 0.636000
vt 0.781600 0.646200
vt 0.776400 0.575400
vt 0.783000 0.851900
vt 0.767300 0.842600
vt 0.778500 0.933300
vt 0.643600 0.989000
vt 0.741300 0.811400
vt 0.741300 0.965600
vt 0.704200 0.811400
vt 0.663600 0.907700
vt 0.652400 0.848000
vt 0.638300 0.844900
vt 0.599000 0.811400
vt 0.561100 0.844900
vt 0.534100 0.848000
vt 0.525200 0.908500
vt 0.421400 0.811400
vt 0.421700 0.988100
vt 0.375600 0.811400
vt 0.087600 0.907700
vt 0.098900 0.848000
vt 0.113000 0.844900
vt 0.047000 0.811400
vt 0.107700 0.989000
vt 0.010000 0.811400
vt 0.010000 0.965600
vt 0.460600 0.040800
vt 0.441300 0.184000
vt 0.455800 0.044300
vt 0.445500 0.183400
vt 0.408100 0.006400
vt 0.373900 0.061400
vt 0.373900 0.006400
vt 0.339600 0.006500
vt 0.373900 0.048400
vt 0.339500 0.054300
vt 0.373900 0.102500
vt 0.287200 0.040800
vt 0.302300 0.031600
vt 0.291900 0.044300
vt 0.306400 0.184000
vt 0.933900 0.529700
vt 0.929900 0.545400
vt 0.933200 0.545400
vt 0.930000 0.529800
vt 0.934000 0.526600
vt 0.931200 0.526600
vt 0.926500 0.511500
vt 0.923100 0.511200
vt 0.921800 0.525300
vt 0.923600 0.525400
vt 0.921900 0.530100
vt 0.923600 0.530100
vt 0.923100 0.545500
vt 0.924500 0.545500
vt 0.901600 0.958700
vt 0.991000 0.882000
vt 0.984300 0.951800
vt 0.901600 0.871000
vt 0.884300 0.956400
vt 0.884300 0.869600
vt 0.801700 0.924700
vt 0.801700 0.845700
vt 0.989700 0.590900
vt 0.901600 0.635300
vt 0.884200 0.638800
vt 0.801700 0.649300
vt 0.801700 0.586400
vt 0.884200 0.554700
vt 0.901800 0.551600
vt 0.982800 0.510800
vt 0.783600 0.333400
vt 0.850100 0.306700
vt 0.784200 0.259800
vt 0.849100 0.343600
vt 0.787400 0.434300
vt 0.854900 0.394200
vt 0.786700 0.448000
vt 0.853800 0.401100
vt 0.782700 0.370200
vt 0.847800 0.362100
vt 0.784200 0.276400
vt 0.850100 0.315000
vt 0.146300 0.308400
vt 0.146300 0.393900
vt 0.146300 0.368700
vt 0.092900 0.308400
vt 0.092900 0.368700
vt 0.092900 0.393900
vt 0.936800 0.593800
vt 0.941600 0.593600
vt 0.938300 0.591300
vt 0.943500 0.591000
vt 0.946900 0.593800
vt 0.373900 0.040600
vt 0.373900 0.167900
vt 0.329600 0.988100
vt 0.329900 0.811400
vt 0.226100 0.908500
vt 0.217100 0.848000
vt 0.190200 0.844900
vt 0.152300 0.811400
vt 0.408400 0.054300
vt 0.759400 0.350100
vt 0.869000 0.399600
vt 0.862400 0.360500
vt 0.862400 0.311000
vt 0.867500 0.302200
vt 0.893900 0.283400
vt 0.896200 0.310400
vt 0.919300 0.279400
vt 0.920600 0.299300
vt 0.924700 0.304400
vt 0.922900 0.332300
vt 0.921600 0.312400
vt 0.896200 0.351000
vt 0.893900 0.328600
vt 0.901700 0.328800
vt 0.901100 0.358700
vt 0.929000 0.324900
vt 0.928900 0.357500
vt 0.967700 0.332400
vt 0.969900 0.360800
vt 0.972000 0.330400
vt 0.977000 0.359900
vt 0.864600 0.304500
vt 0.864900 0.351000
vt 0.878100 0.320400
vt 0.901800 0.406700
vt 0.901800 0.408200
vt 0.866300 0.302800
vt 0.928900 0.406700
vt 0.928900 0.405100
vt 0.967700 0.389400
vt 0.972000 0.401100
vt 0.869200 0.400700
vt 0.675300 0.433300
vt 0.707800 0.474200
vt 0.679300 0.478600
vt 0.708000 0.438100
vt 0.639500 0.388600
vt 0.652100 0.380300
vt 0.615900 0.404200
vt 0.586200 0.367800
vt 0.578500 0.424800
vt 0.547900 0.392000
vt 0.531600 0.397600
vt 0.533700 0.319800
vt 0.515200 0.325900
vt 0.540500 0.254400
vt 0.522500 0.254500
vt 0.533200 0.331300
vt 0.547600 0.400400
vt 0.578300 0.429100
vt 0.585800 0.378800
vt 0.615600 0.410800
vt 0.651800 0.387900
vt 0.708000 0.428500
vt 0.591400 0.307900
vt 0.595100 0.254400
vt 0.590700 0.321900
vt 0.728200 0.310200
vt 0.725600 0.254500
vt 0.727800 0.317600
vt 0.709000 0.362400
vt 0.742000 0.359300
vt 0.740800 0.433300
vt 0.709100 0.355600
vt 0.742500 0.314900
vt 0.740300 0.254500
vt 0.235900 0.381000
vt 0.235900 0.303400
vt 0.138900 0.381000
vt 0.138900 0.303400
vt 0.041900 0.381000
vt 0.041900 0.303400
vt 0.707700 0.487900
vt 0.680300 0.487900
vt 0.707800 0.471100
vt 0.558400 0.004500
vt 0.514000 0.240600
vt 0.514000 0.004500
vt 0.556800 0.240600
vt 0.607800 0.004500
vt 0.606500 0.240600
vt 0.664100 0.004500
vt 0.665500 0.240600
vt 0.708700 0.004700
vt 0.714200 0.240600
vt 0.752700 0.004700
vt 0.752700 0.240600
vt 0.796700 0.004700
vt 0.791300 0.240600
vt 0.841400 0.004500
vt 0.839900 0.240600
vt 0.897600 0.004500
vt 0.899000 0.240600
vt 0.947000 0.004500
vt 0.948600 0.240600
vt 0.991500 0.004500
vt 0.991500 0.240600
vt 0.804200 0.523700
vt 0.766400 0.637000
vt 0.766300 0.517200
vt 0.834600 0.685200
vt 0.850800 0.587800
vt 0.926300 0.755500
vt 0.927700 0.615000
vt 0.970600 0.755700
vt 0.974400 0.620100
vt 0.988300 0.755700
vt 0.984200 0.614500
vt 0.969200 0.896300
vt 0.991500 0.899800
vt 0.927700 0.899300
vt 0.850800 0.926500
vt 0.834600 0.820500
vt 0.804200 0.969700
vt 0.766400 0.846800
vt 0.766400 0.982700
vt 0.926700 0.558500
vt 0.923900 0.562200
vt 0.926500 0.562200
vt 0.924200 0.558500
vt 0.935000 0.550000
vt 0.935200 0.551600
vt 0.947800 0.550000
vt 0.947300 0.551700
vt 0.957100 0.555600
vt 0.954900 0.555600
vt 0.950200 0.548000
vt 0.956100 0.562700
vt 0.959600 0.562700
vt 0.933600 0.548000
vt 0.937500 0.546600
vt 0.945800 0.546700
vt 0.941900 0.535400
vt 0.947500 0.535600
vt 0.941900 0.528100
vt 0.948000 0.528900
vt 0.941800 0.525600
vt 0.948100 0.525300
vt 0.935900 0.527600
vt 0.935700 0.526400
vt 0.936300 0.535600
vt 0.479300 0.404400
vt 0.404800 0.410000
vt 0.472500 0.409900
vt 0.398000 0.404600
vt 0.465800 0.415400
vt 0.411600 0.415500
vt 0.465900 0.459300
vt 0.472600 0.464800
vt 0.411700 0.459400
vt 0.404900 0.464900
vt 0.479400 0.470200
vt 0.398100 0.470300
vt 0.736700 0.469100
vt 0.735700 0.487800
vt 0.069300 0.022800
vt 0.012000 0.121900
vt 0.126500 0.121900
vt 0.183800 0.022800
vt 0.241000 0.121900
vt 0.010000 0.664600
vt 0.049500 0.664600
vt 0.010000 0.506500
vt 0.052400 0.506500
vt 0.741300 0.664600
vt 0.701800 0.664600
vt 0.639100 0.664600
vt 0.547700 0.664600
vt 0.421000 0.664600
vt 0.375600 0.664600
vt 0.330300 0.664600
vt 0.203600 0.664600
vt 0.698800 0.506500
vt 0.633400 0.506500
vt 0.554700 0.506500
vt 0.422900 0.506500
vt 0.375600 0.506500
vt 0.328300 0.506500
vt 0.196600 0.506500
vt 0.112200 0.664600
vt 0.117900 0.506500
vt 0.069300 0.221100
vt 0.183800 0.221100
vt 0.373900 0.228300
vt 0.316900 0.228300
vt 0.373900 0.236000
vt 0.430800 0.228300
vt 0.420400 0.236000
vt 0.327300 0.236000
vt 0.945900 0.602800
vt 0.937200 0.602800
vt 0.941500 0.602800
vt 0.741300 0.506500
vt 0.152500 0.435400
vt 0.125600 0.321000
vt 0.126100 0.435400
vt 0.152500 0.321000
vt 0.173500 0.435400
vt 0.173600 0.321000
vt 0.192800 0.435400
vt 0.192800 0.321000
vt 0.219100 0.435400
vt 0.219100 0.321000
vt 0.240600 0.435400
vt 0.240100 0.321000
vt 0.043700 0.435400
vt 0.015400 0.321000
vt 0.016500 0.435400
vt 0.043200 0.321000
vt 0.086100 0.435400
vt 0.086300 0.321000
vt 0.016500 0.495700
vt 0.043700 0.495700
vt 0.086100 0.495700
vt 0.126100 0.495700
vt 0.152500 0.495700
vt 0.173500 0.495700
vt 0.192800 0.495700
vt 0.219100 0.495700
vt 0.240600 0.495700
vt 0.182300 0.255900
vt 0.500000 1.000000
vt 0.806200 0.806200
vt 0.500000 0.933000
vt 0.853600 0.853600
vt 0.500000 0.667500
vt 0.618400 0.618400
vt 0.500000 0.500000
vt 0.667500 0.500000
vt 0.618400 0.381600
vt 0.933000 0.500000
vt 0.806200 0.193800
vt 1.000000 0.500000
vt 0.853600 0.146400
vt 0.193800 0.806200
vt 0.146400 0.853600
vt 0.067000 0.500000
vt 0.000000 0.500000
vt 0.193800 0.193800
vt 0.146400 0.146400
vt 0.500000 0.067000
vt 0.500000 0.000000
vt 0.381600 0.618400
vt 0.332500 0.500000
vt 0.381600 0.381600
vt 0.500000 0.332500
vt 0.155400 0.923300
vt 0.161400 0.979800
vt 0.177500 0.950200
vt 0.121800 0.965200
vt 0.115600 0.903900
vt 0.085200 0.914500
vt 0.060600 0.881400
vt 0.040500 0.884000
vt 0.044200 0.846700
vt 0.016100 0.848000
vt 0.050100 0.840400
vt 0.024500 0.841500
vt 0.298100 0.929800
vt 0.303300 0.922600
vt 0.295200 0.926300
vt 0.306900 0.925800
vt 0.300800 0.933500
vt 0.307600 0.938500
vt 0.298900 0.937500
vt 0.295900 0.940300
vt 0.295000 0.937900
vt 0.291600 0.941300
vt 0.291000 0.937400
vt 0.294000 0.935500
vt 0.290400 0.933500
vt 0.306300 0.918300
vt 0.319000 0.918300
vt 0.303900 0.913100
vt 0.317600 0.913200
vt 0.300800 0.909600
vt 0.313200 0.909700
vt 0.299700 0.908600
vt 0.092000 0.950200
vt 0.114400 0.837900
vt 0.114600 0.844000
vt 0.199900 0.835400
vt 0.209900 0.837700
vt 0.126700 0.800000
vt 0.128800 0.798100
vt 0.072700 0.785500
vt 0.070400 0.782500
vt 0.053500 0.780900
vt 0.049300 0.777400
vt 0.116500 0.876500
vt 0.197400 0.869600
vt 0.202400 0.799500
vt 0.177600 0.773100
vt 0.167900 0.765900
vt 0.222000 0.838200
vt 0.320100 0.936500
vt 0.326000 0.918300
vt 0.326100 0.936000
vt 0.324100 0.913200
vt 0.208400 0.207700
vt 0.192700 0.207700
vt 0.200300 0.197900
vt 0.189700 0.227600
vt 0.208400 0.227700
vt 0.191100 0.229700
vt 0.197900 0.231600
vt 0.224000 0.207700
vt 0.216500 0.197900
vt 0.227000 0.227600
vt 0.225700 0.229700
vt 0.208400 0.195000
vt 0.208400 0.232300
vt 0.218800 0.231600
vt 0.487000 0.694800
vt 0.487100 0.708000
vt 0.488100 0.694900
vt 0.487200 0.677700
vt 0.488600 0.677800
vt 0.487200 0.663000
vt 0.488600 0.663100
vt 0.487000 0.589800
vt 0.488200 0.590000
vt 0.485400 0.528400
vt 0.485500 0.707900
vt 0.485500 0.694600
vt 0.484500 0.707800
vt 0.483900 0.694500
vt 0.482800 0.694400
vt 0.485400 0.677500
vt 0.483700 0.677400
vt 0.482300 0.677200
vt 0.485400 0.589600
vt 0.483800 0.589400
vt 0.485400 0.662800
vt 0.483600 0.662600
vt 0.482300 0.662500
vt 0.482600 0.589300
vt 0.051400 0.051200
vt 0.036800 0.149700
vt 0.036800 0.051200
vt 0.051400 0.149700
vt 0.066100 0.051200
vt 0.066100 0.149700
vt 0.080700 0.051200
vt 0.080700 0.149700
vt 0.095300 0.051200
vt 0.095300 0.149700
vt 0.110000 0.051200
vt 0.110000 0.149700
vt 0.124600 0.051200
vt 0.124600 0.149700
vt 0.139200 0.051200
vt 0.139200 0.149700
vt 0.153900 0.051200
vt 0.153900 0.149700
vt 0.168500 0.051200
vt 0.168500 0.149700
vt 0.183100 0.051200
vt 0.183100 0.149700
vt 0.197700 0.051200
vt 0.197700 0.149700
vt 0.212400 0.051200
vt 0.212400 0.149700
vt 0.036800 0.175100
vt 0.051400 0.175100
vt 0.066100 0.175100
vt 0.080700 0.175100
vt 0.095300 0.175100
vt 0.110000 0.175100
vt 0.124600 0.175100
vt 0.139200 0.175100
vt 0.153900 0.175100
vt 0.168500 0.175100
vt 0.183100 0.175100
vt 0.197700 0.175100
vt 0.212400 0.175100
vt 0.124600 0.203300
s 1
usemtl Material03
f 3/1/1 2/2/2 1/3/3
f 3/1/1 4/4/4 2/2/2
f 5/5/5 4/4/4 3/1/1
f 5/5/5 6/6/6 4/4/4
f 9/7/7 8/8/8 7/9/9
f 9/7/7 10/10/10 8/8/8
f 11/11/11 10/10/10 9/7/7
f 11/11/11 12/12/12 10/10/10
f 13/13/13 12/12/12 11/11/11
f 13/13/13 14/14/14 12/12/12
f 15/15/15 14/14/14 13/13/13
f 15/15/15 16/16/16 14/14/14
f 17/17/17 16/16/16 15/15/15
f 17/17/17 18/18/18 16/16/16
f 19/19/19 18/18/18 17/17/17
f 19/19/19 20/20/20 18/18/18
f 6/21/6 22/22/21 21/23/22
f 6/21/6 23/24/23 22/22/21
f 5/25/5 23/24/23 6/21/6
f 5/25/5 8/26/8 23/24/23
f 7/27/9 8/26/8 5/25/5
f 25/28/24 9/29/7 24/30/25
f 25/28/24 19/31/19 9/29/7
f 26/32/26 19/31/19 25/28/24
f 26/32/26 20/33/20 19/31/19
f 27/34/27 20/33/20 26/32/26
f 27/34/27 28/35/28 20/33/20
f 29/36/29 28/35/28 27/34/27
f 29/36/29 30/37/30 28/35/28
f 31/38/31 30/37/30 29/36/29
f 32/39/32 28/35/28 30/37/30
f 32/39/32 3/40/1 28/35/28
f 33/41/33 3/40/1 32/39/32
f 33/41/33 5/42/5 3/40/1
f 36/43/34 35/44/35 34/45/36
f 36/43/34 37/46/37 35/44/35
f 38/47/38 37/46/37 36/43/34
f 38/47/38 39/48/39 37/46/37
f 40/49/40 39/48/39 38/47/38
f 40/49/40 41/50/41 39/48/39
f 44/51/42 43/50/43 42/49/44
f 44/51/42 45/52/45 43/50/43
f 46/53/46 45/52/45 44/51/42
f 46/53/46 47/54/47 45/52/45
f 48/55/48 47/54/47 46/53/46
f 48/55/48 49/56/49 47/54/47
f 39/48/39 47/54/47 37/46/37
f 39/48/39 45/52/45 47/54/47
f 41/50/41 45/52/45 39/48/39
f 41/50/41 43/50/43 45/52/45
f 38/57/38 50/58/50 40/59/40
f 38/57/38 51/60/51 50/58/50
f 36/61/34 51/60/51 38/57/38
f 36/61/34 52/62/52 51/60/51
f 34/63/36 52/62/52 36/61/34
f 34/63/36 53/64/53 52/62/52
f 11/6/11 53/64/53 34/63/36
f 11/6/11 54/4/54 53/64/53
f 9/5/7 54/4/54 11/6/11
f 9/5/7 55/2/55 54/4/54
f 19/1/19 55/2/55 9/5/7
f 19/1/19 17/3/17 55/2/55
f 51/60/51 56/65/56 50/58/50
f 51/60/51 57/66/57 56/65/56
f 52/62/52 57/66/57 51/60/51
f 52/62/52 58/67/58 57/66/57
f 53/64/53 58/67/58 52/62/52
f 53/64/53 59/68/59 58/67/58
f 54/4/54 59/68/59 53/64/53
f 54/4/54 55/2/55 59/68/59
f 48/69/48 55/2/55 17/3/17
f 48/69/48 59/68/59 55/2/55
f 46/70/46 59/68/59 48/69/48
f 46/70/46 58/67/58 59/68/59
f 44/71/42 58/67/58 46/70/46
f 44/71/42 57/66/57 58/67/58
f 42/72/44 57/66/57 44/71/42
f 42/72/44 56/65/56 57/66/57
f 62/73/60 61/74/61 60/75/62
f 62/73/60 63/76/63 61/74/61
f 64/77/64 63/76/63 62/73/60
f 64/77/64 65/78/65 63/76/63
f 66/79/66 65/78/65 64/77/64
f 66/79/66 67/80/67 65/78/65
f 68/81/68 67/80/67 66/79/66
f 68/81/68 69/82/69 67/80/67
f 70/83/70 69/82/69 68/81/68
f 70/83/70 71/84/71 69/82/69
f 74/85/72 73/86/73 72/87/74
f 74/85/72 75/85/75 73/86/73
f 76/88/76 75/85/75 74/85/72
f 76/88/76 77/88/77 75/85/75
f 78/89/78 77/88/77 76/88/76
f 78/89/78 79/90/79 77/88/77
f 72/87/74 79/90/79 78/89/78
f 72/87/74 73/86/73 79/90/79
f 17/91/17 49/92/49 48/92/48
f 49/92/49 17/91/17 15/93/15
f 15/93/15 35/92/35 49/92/49
f 35/92/35 15/93/15 13/94/13
f 11/95/11 35/92/35 13/94/13
f 35/92/35 11/95/11 34/92/36
f 80/96/80 9/29/7 7/97/9
f 9/29/7 80/96/80 24/30/25
f 7/97/9 33/41/33 80/96/80
f 33/41/33 7/97/9 5/42/5
f 3/98/1 81/99/81 20/20/20
f 81/99/81 3/98/1 1/100/3
f 1/100/3 82/101/82 81/99/81
f 82/101/82 1/100/3 83/102/83
f 21/23/22 82/101/82 83/102/83
f 82/101/82 21/23/22 84/103/84
f 22/22/21 84/103/84 21/23/22
f 26/32/26 29/36/29 27/34/27
f 29/36/29 26/32/26 85/104/85
f 25/28/24 85/104/85 26/32/26
f 29/36/29 85/104/85 31/38/31
f 3/40/1 20/33/20 28/35/28
f 35/44/35 47/54/47 49/56/49
f 47/54/47 35/44/35 37/46/37
f 61/74/61 70/83/70 60/75/62
f 70/83/70 61/74/61 71/84/71
f 86/105/86 66/79/66 64/77/64
f 66/79/66 86/105/86 68/81/68
f 70/83/70 68/81/68 86/105/86
f 62/73/60 86/105/86 64/77/64
f 86/105/86 62/73/60 60/75/62
f 86/105/86 60/75/62 70/83/70
f 75/85/75 79/90/79 73/86/73
f 79/90/79 75/85/75 77/88/77
f 72/87/74 76/88/76 74/85/72
f 76/88/76 72/87/74 78/89/78
f 67/80/67 87/106/87 65/78/65
f 67/80/67 88/106/88 87/106/87
f 69/82/69 88/106/88 67/80/67
f 69/82/69 89/107/89 88/106/88
f 71/84/71 89/107/89 69/82/69
f 71/84/71 90/108/90 89/107/89
f 91/109/91 90/108/90 71/84/71
f 91/109/91 92/110/92 90/108/90
f 93/111/93 92/110/92 91/109/91
f 93/111/93 94/112/94 92/110/92
f 95/113/95 94/112/94 93/111/93
f 95/113/95 96/114/96 94/112/94
f 97/115/97 96/114/96 95/113/95
f 97/115/97 98/116/98 96/114/96
f 99/117/99 98/116/98 97/115/97
f 99/117/99 100/118/100 98/116/98
f 89/107/89 100/118/100 99/117/99
f 89/107/89 92/110/92 100/118/100
f 90/108/90 92/110/92 89/107/89
f 93/111/93 97/115/97 95/113/95
f 93/111/93 99/117/99 97/115/97
f 101/119/101 99/117/99 93/111/93
f 101/119/101 102/120/102 99/117/99
f 103/121/103 102/120/102 101/119/101
f 103/121/103 104/122/104 102/120/102
f 105/123/105 104/122/104 103/121/103
f 105/123/105 106/124/106 104/122/104
f 107/125/107 106/124/106 105/123/105
f 107/125/107 108/126/108 106/124/106
f 109/123/109 108/126/108 107/125/107
f 109/123/109 110/124/110 108/126/108
f 111/121/111 110/124/110 109/123/109
f 111/121/111 112/122/112 110/124/110
f 113/119/113 112/122/112 111/121/111
f 113/119/113 114/120/114 112/122/112
f 115/127/115 114/120/114 113/119/113
f 115/127/115 116/128/116 114/120/114
f 63/76/63 116/128/116 115/127/115
f 63/76/63 87/106/87 116/128/116
f 65/78/65 87/106/87 63/76/63
f 105/123/105 109/123/109 107/125/107
f 105/123/105 111/121/111 109/123/109
f 103/121/103 111/121/111 105/123/105
f 103/121/103 113/119/113 111/121/111
f 101/119/101 113/119/113 103/121/103
f 101/119/101 117/129/117 113/119/113
f 93/111/93 117/129/117 101/119/101
f 93/111/93 91/109/91 117/129/117
f 102/120/102 89/107/89 99/117/99
f 102/120/102 88/106/88 89/107/89
f 118/130/118 88/106/88 102/120/102
f 118/130/118 87/106/87 88/106/88
f 119/131/119 87/106/87 118/130/118
f 119/131/119 116/128/116 87/106/87
f 114/120/114 116/128/116 119/131/119
f 115/127/115 61/74/61 63/76/63
f 115/127/115 120/132/120 61/74/61
f 113/119/113 120/132/120 115/127/115
f 113/119/113 117/129/117 120/132/120
f 119/131/119 112/122/112 114/120/114
f 119/131/119 121/133/121 112/122/112
f 118/130/118 121/133/121 119/131/119
f 118/130/118 122/134/122 121/133/121
f 102/120/102 122/134/122 118/130/118
f 102/120/102 104/122/104 122/134/122
f 121/133/121 110/124/110 112/122/112
f 121/133/121 123/135/123 110/124/110
f 122/134/122 123/135/123 121/133/121
f 122/134/122 124/136/124 123/135/123
f 125/135/125 124/136/124 122/134/122
f 125/135/125 108/126/108 124/136/124
f 106/124/106 108/126/108 125/135/125
f 92/110/92 98/116/98 100/118/100
f 98/116/98 92/110/92 94/112/94
f 98/116/98 94/112/94 96/114/96
f 91/109/91 120/132/120 117/129/117
f 120/132/120 91/109/91 61/74/61
f 71/84/71 61/74/61 91/109/91
f 108/126/108 123/135/123 124/136/124
f 123/135/123 108/126/108 110/124/110
f 104/122/104 125/135/125 122/134/122
f 125/135/125 104/122/104 106/124/106
f 127/92/126 1/91/3 126/92/127
f 127/92/126 83/93/83 1/91/3
f 128/92/128 83/93/83 127/92/126
f 128/92/128 21/94/22 83/93/83
f 129/92/129 21/94/22 128/92/128
f 129/92/129 6/95/6 21/94/22
f 2/2/2 126/69/127 1/3/3
f 2/2/2 130/68/130 126/69/127
f 4/4/4 130/68/130 2/2/2
f 4/4/4 131/64/131 130/68/130
f 6/6/6 131/64/131 4/4/4
f 6/6/6 129/63/129 131/64/131
f 128/44/128 132/43/132 129/45/129
f 128/44/128 133/46/133 132/43/132
f 127/56/126 133/46/133 128/44/128
f 127/56/126 134/54/134 133/46/133
f 126/55/127 134/54/134 127/56/126
f 126/55/127 135/53/135 134/54/134
f 138/50/136 137/51/137 136/49/138
f 138/50/136 139/52/139 137/51/137
f 140/50/140 139/52/139 138/50/136
f 140/50/140 141/48/141 139/52/139
f 142/49/142 141/48/141 140/50/140
f 142/49/142 143/47/143 141/48/141
f 139/52/139 135/53/135 137/51/137
f 139/52/139 134/54/134 135/53/135
f 141/48/141 134/54/134 139/52/139
f 141/48/141 133/46/133 134/54/134
f 143/47/143 133/46/133 141/48/141
f 143/47/143 132/43/132 133/46/133
f 130/68/130 135/70/135 126/69/127
f 130/68/130 144/67/144 135/70/135
f 131/64/131 144/67/144 130/68/130
f 131/64/131 145/62/145 144/67/144
f 129/63/129 145/62/145 131/64/131
f 129/63/129 132/61/132 145/62/145
f 144/67/144 137/71/137 135/70/135
f 144/67/144 146/66/146 137/71/137
f 145/62/145 146/66/146 144/67/144
f 145/62/145 147/60/147 146/66/146
f 132/61/132 147/60/147 145/62/145
f 132/61/132 143/57/143 147/60/147
f 148/58/148 143/57/143 142/59/142
f 148/58/148 147/60/147 143/57/143
f 149/65/149 147/60/147 148/58/148
f 149/65/149 146/66/146 147/60/147
f 136/72/138 146/66/146 149/65/149
f 136/72/138 137/71/137 146/66/146
f 152/73/150 151/78/151 150/77/152
f 152/73/150 153/76/153 151/78/151
f 154/75/154 153/76/153 152/73/150
f 154/75/154 155/74/155 153/76/153
f 156/83/156 155/74/155 154/75/154
f 156/83/156 157/84/157 155/74/155
f 158/81/158 157/84/157 156/83/156
f 158/81/158 159/82/159 157/84/157
f 160/79/160 159/82/159 158/81/158
f 160/79/160 161/80/161 159/82/159
f 164/88/77 163/89/78 162/90/79
f 164/88/77 165/88/76 163/89/78
f 166/85/162 165/88/76 164/88/77
f 166/85/162 167/85/163 165/88/76
f 168/86/164 167/85/163 166/85/162
f 168/86/164 169/87/74 167/85/163
f 162/90/79 169/87/74 168/86/164
f 162/90/79 163/89/78 169/87/74
f 151/78/151 160/79/160 150/77/152
f 160/79/160 151/78/151 161/80/161
f 170/105/165 150/77/152 160/79/160
f 150/77/152 170/105/165 152/73/150
f 154/75/154 152/73/150 170/105/165
f 158/81/158 170/105/165 160/79/160
f 170/105/165 158/81/158 156/83/156
f 170/105/165 156/83/156 154/75/154
f 169/87/74 165/88/76 167/85/163
f 165/88/76 169/87/74 163/89/78
f 166/85/162 162/90/79 168/86/164
f 162/90/79 166/85/162 164/88/77
f 153/76/153 171/106/166 151/78/151
f 153/76/153 172/128/167 171/106/166
f 173/127/168 172/128/167 153/76/153
f 173/127/168 174/120/169 172/128/167
f 175/119/170 174/120/169 173/127/168
f 175/119/170 176/122/171 174/120/169
f 177/121/172 176/122/171 175/119/170
f 177/121/172 178/124/173 176/122/171
f 179/123/174 178/124/173 177/121/172
f 179/123/174 180/126/175 178/124/173
f 181/125/176 180/126/175 179/123/174
f 181/125/176 182/124/177 180/126/175
f 183/123/178 182/124/177 181/125/176
f 183/123/178 184/122/179 182/124/177
f 185/121/180 184/122/179 183/123/178
f 185/121/180 186/120/181 184/122/179
f 187/119/182 186/120/181 185/121/180
f 187/119/182 188/117/183 186/120/181
f 189/111/184 188/117/183 187/119/182
f 189/111/184 190/115/185 188/117/183
f 191/113/186 190/115/185 189/111/184
f 191/113/186 192/114/187 190/115/185
f 193/112/188 192/114/187 191/113/186
f 193/112/188 194/116/189 192/114/187
f 195/110/190 194/116/189 193/112/188
f 195/110/190 196/118/191 194/116/189
f 197/108/192 196/118/191 195/110/190
f 197/108/192 198/107/193 196/118/191
f 157/84/157 198/107/193 197/108/192
f 157/84/157 159/82/159 198/107/193
f 179/123/174 183/123/178 181/125/176
f 179/123/174 185/121/180 183/123/178
f 177/121/172 185/121/180 179/123/174
f 177/121/172 187/119/182 185/121/180
f 175/119/170 187/119/182 177/121/172
f 175/119/170 199/129/194 187/119/182
f 200/132/195 199/129/194 175/119/170
f 200/132/195 201/109/196 199/129/194
f 155/74/155 201/109/196 200/132/195
f 155/74/155 157/84/157 201/109/196
f 194/116/189 190/115/185 192/114/187
f 194/116/189 188/117/183 190/115/185
f 196/118/191 188/117/183 194/116/189
f 196/118/191 198/107/193 188/117/183
f 189/111/184 193/112/188 191/113/186
f 189/111/184 195/110/190 193/112/188
f 201/109/196 195/110/190 189/111/184
f 201/109/196 197/108/192 195/110/190
f 157/84/157 197/108/192 201/109/196
f 198/107/193 186/120/181 188/117/183
f 198/107/193 202/137/197 186/120/181
f 159/82/159 202/137/197 198/107/193
f 159/82/159 161/80/161 202/137/197
f 171/106/166 161/80/161 151/78/151
f 171/106/166 202/137/197 161/80/161
f 203/131/198 202/137/197 171/106/166
f 203/131/198 204/130/199 202/137/197
f 205/133/200 204/130/199 203/131/198
f 205/133/200 206/134/201 204/130/199
f 207/135/202 206/134/201 205/133/200
f 207/135/202 208/136/203 206/134/201
f 178/124/173 208/136/203 207/135/202
f 178/124/173 180/126/175 208/136/203
f 205/133/200 178/124/173 207/135/202
f 205/133/200 176/122/171 178/124/173
f 203/131/198 176/122/171 205/133/200
f 203/131/198 174/120/169 176/122/171
f 171/106/166 174/120/169 203/131/198
f 171/106/166 172/128/167 174/120/169
f 204/130/199 186/120/181 202/137/197
f 204/130/199 184/122/179 186/120/181
f 206/134/201 184/122/179 204/130/199
f 206/134/201 182/124/177 184/122/179
f 209/135/204 182/124/177 206/134/201
f 209/135/204 180/126/175 182/124/177
f 208/136/203 180/126/175 209/135/204
f 173/127/168 200/132/195 175/119/170
f 200/132/195 173/127/168 155/74/155
f 153/76/153 155/74/155 173/127/168
f 199/129/194 189/111/184 187/119/182
f 189/111/184 199/129/194 201/109/196
f 206/134/201 208/136/203 209/135/204
f 212/138/205 211/139/206 210/140/207
f 212/138/205 213/141/208 211/139/206
f 214/142/209 213/141/208 212/138/205
f 214/142/209 215/143/210 213/141/208
f 216/144/211 215/143/210 214/142/209
f 216/144/211 217/145/212 215/143/210
f 218/146/213 217/145/212 216/144/211
f 218/146/213 219/147/214 217/145/212
f 220/148/215 219/147/214 218/146/213
f 220/148/215 221/149/216 219/147/214
f 222/150/217 221/149/216 220/148/215
f 222/150/217 223/151/218 221/149/216
f 224/152/219 223/151/218 222/150/217
f 224/152/219 225/151/220 223/151/218
f 222/150/217 225/151/220 224/152/219
f 222/150/217 226/153/221 225/151/220
f 220/148/215 226/153/221 222/150/217
f 220/148/215 227/154/222 226/153/221
f 228/155/223 227/154/222 220/148/215
f 228/155/223 229/156/224 227/154/222
f 230/157/225 229/156/224 228/155/223
f 230/157/225 231/158/226 229/156/224
f 214/142/209 231/158/226 230/157/225
f 214/142/209 232/159/227 231/158/226
f 212/138/205 232/159/227 214/142/209
f 230/157/225 216/144/211 214/142/209
f 230/157/225 218/146/213 216/144/211
f 228/155/223 218/146/213 230/157/225
f 228/155/223 220/148/215 218/146/213
f 221/149/216 217/145/212 219/147/214
f 221/149/216 233/160/228 217/145/212
f 223/151/218 233/160/228 221/149/216
f 223/151/218 234/161/229 233/160/228
f 225/151/220 234/161/229 223/151/218
f 225/151/220 235/161/230 234/161/229
f 226/153/221 235/161/230 225/151/220
f 226/153/221 236/162/231 235/161/230
f 227/154/222 236/162/231 226/153/221
f 227/154/222 229/156/224 236/162/231
f 233/160/228 215/143/210 217/145/212
f 233/160/228 237/163/232 215/143/210
f 234/161/229 237/163/232 233/160/228
f 234/161/229 238/164/233 237/163/232
f 235/161/230 238/164/233 234/161/229
f 235/161/230 239/164/234 238/164/233
f 236/162/231 239/164/234 235/161/230
f 236/162/231 240/165/235 239/164/234
f 231/158/226 240/165/235 236/162/231
f 231/158/226 241/166/236 240/165/235
f 232/159/227 241/166/236 231/158/226
f 232/159/227 242/167/237 241/166/236
f 243/168/238 242/167/237 232/159/227
f 243/168/238 244/169/239 242/167/237
f 213/141/208 244/169/239 243/168/238
f 213/141/208 215/143/210 244/169/239
f 237/163/232 244/169/239 215/143/210
f 237/163/232 242/167/237 244/169/239
f 245/170/240 242/167/237 237/163/232
f 245/170/240 241/166/236 242/167/237
f 240/165/235 241/166/236 245/170/240
f 245/170/240 239/164/234 240/165/235
f 245/170/240 246/171/241 239/164/234
f 237/163/232 246/171/241 245/170/240
f 237/163/232 238/164/233 246/171/241
f 249/172/242 248/173/243 247/172/244
f 249/172/242 250/173/245 248/173/243
f 251/174/246 250/173/245 249/172/242
f 251/174/246 252/175/247 250/173/245
f 253/176/248 252/175/247 251/174/246
f 253/176/248 254/177/249 252/175/247
f 255/176/250 254/177/249 253/176/248
f 255/176/250 256/177/251 254/177/249
f 257/174/252 249/172/242 247/172/244
f 257/174/252 251/174/246 249/172/242
f 255/176/250 251/174/246 257/174/252
f 255/176/250 253/176/248 251/174/246
f 252/175/247 248/173/243 250/173/245
f 252/175/247 258/175/253 248/173/243
f 254/177/249 258/175/253 252/175/247
f 254/177/249 256/177/251 258/175/253
f 261/172/242 260/173/243 259/172/254
f 261/172/242 262/173/255 260/173/243
f 263/174/256 262/173/255 261/172/242
f 263/174/256 264/175/257 262/173/255
f 265/176/258 264/175/257 263/174/256
f 265/176/258 266/177/249 264/175/257
f 267/176/250 266/177/249 265/176/258
f 267/176/250 268/177/251 266/177/249
f 269/174/252 261/172/242 259/172/254
f 269/174/252 263/174/256 261/172/242
f 267/176/250 263/174/256 269/174/252
f 267/176/250 265/176/258 263/174/256
f 264/175/257 260/173/243 262/173/255
f 264/175/257 270/175/253 260/173/243
f 266/177/249 270/175/253 264/175/257
f 266/177/249 268/177/251 270/175/253
f 271/178/259 210/140/207 211/139/206
f 210/140/207 271/178/259 272/179/260
f 231/158/226 236/162/231 229/156/224
f 238/164/233 239/164/234 246/171/241
f 275/179/261 274/180/262 273/178/263
f 275/179/261 276/140/264 274/180/262
f 277/178/265 276/140/264 275/179/261
f 277/178/265 278/139/266 276/140/264
f 279/141/267 276/140/264 278/139/266
f 279/141/267 280/138/268 276/140/264
f 281/143/269 280/138/268 279/141/267
f 281/143/269 282/142/270 280/138/268
f 283/144/271 282/142/270 281/143/269
f 283/144/271 284/157/272 282/142/270
f 285/146/273 284/157/272 283/144/271
f 285/146/273 286/155/274 284/157/272
f 287/148/275 286/155/274 285/146/273
f 287/148/275 288/154/276 286/155/274
f 289/150/277 288/154/276 287/148/275
f 289/150/277 290/153/278 288/154/276
f 291/152/279 290/153/278 289/150/277
f 291/152/279 292/151/280 290/153/278
f 293/151/281 292/151/280 291/152/279
f 293/151/281 294/161/282 292/151/280
f 295/161/283 294/161/282 293/151/281
f 295/161/283 296/164/284 294/161/282
f 297/164/285 296/164/284 295/161/283
f 297/164/285 298/171/286 296/164/284
f 299/163/287 298/171/286 297/164/285
f 299/163/287 300/170/288 298/171/286
f 301/169/289 300/170/288 299/163/287
f 301/169/289 302/167/290 300/170/288
f 279/141/267 302/167/290 301/169/289
f 279/141/267 303/168/291 302/167/290
f 289/150/277 293/151/281 291/152/279
f 289/150/277 304/149/292 293/151/281
f 287/148/275 304/149/292 289/150/277
f 287/148/275 305/147/293 304/149/292
f 285/146/273 305/147/293 287/148/275
f 285/146/273 306/145/294 305/147/293
f 283/144/271 306/145/294 285/146/273
f 283/144/271 281/143/269 306/145/294
f 307/159/295 302/167/290 303/168/291
f 307/159/295 308/166/296 302/167/290
f 309/158/297 308/166/296 307/159/295
f 309/158/297 310/165/298 308/166/296
f 311/162/299 310/165/298 309/158/297
f 311/162/299 296/164/284 310/165/298
f 294/161/282 296/164/284 311/162/299
f 311/162/299 292/151/280 294/161/282
f 311/162/299 290/153/278 292/151/280
f 312/156/300 290/153/278 311/162/299
f 312/156/300 288/154/276 290/153/278
f 286/155/274 288/154/276 312/156/300
f 282/142/270 307/159/295 280/138/268
f 282/142/270 309/158/297 307/159/295
f 284/157/272 309/158/297 282/142/270
f 284/157/272 312/156/300 309/158/297
f 286/155/274 312/156/300 284/157/272
f 306/145/294 304/149/292 305/147/293
f 306/145/294 313/160/301 304/149/292
f 281/143/269 313/160/301 306/145/294
f 281/143/269 299/163/287 313/160/301
f 295/161/283 299/163/287 297/164/285
f 295/161/283 313/160/301 299/163/287
f 293/151/281 313/160/301 295/161/283
f 293/151/281 304/149/292 313/160/301
f 316/172/242 315/173/243 314/172/244
f 316/172/242 317/173/245 315/173/243
f 318/174/246 317/173/245 316/172/242
f 318/174/246 319/175/247 317/173/245
f 320/176/248 319/175/247 318/174/246
f 320/176/248 321/177/249 319/175/247
f 322/176/250 321/177/249 320/176/248
f 322/176/250 323/177/251 321/177/249
f 324/174/252 316/172/242 314/172/244
f 324/174/252 318/174/246 316/172/242
f 322/176/250 318/174/246 324/174/252
f 322/176/250 320/176/248 318/174/246
f 319/175/247 315/173/243 317/173/245
f 319/175/247 325/175/253 315/173/243
f 321/177/249 325/175/253 319/175/247
f 321/177/249 323/177/251 325/175/253
f 328/172/242 327/173/243 326/172/254
f 328/172/242 329/173/255 327/173/243
f 330/174/256 329/173/255 328/172/242
f 330/174/256 331/175/257 329/173/255
f 332/176/302 331/175/257 330/174/256
f 332/176/302 333/177/303 331/175/257
f 334/176/250 333/177/303 332/176/302
f 334/176/250 335/177/251 333/177/303
f 336/174/252 328/172/242 326/172/254
f 336/174/252 330/174/256 328/172/242
f 334/176/250 330/174/256 336/174/252
f 334/176/250 332/176/302 330/174/256
f 331/175/257 327/173/243 329/173/255
f 331/175/257 337/175/253 327/173/243
f 333/177/303 337/175/253 331/175/257
f 333/177/303 335/177/251 337/175/253
f 276/140/264 307/159/295 274/180/262
f 307/159/295 276/140/264 280/138/268
f 301/169/289 281/143/269 279/141/267
f 281/143/269 301/169/289 299/163/287
f 308/166/296 300/170/288 302/167/290
f 300/170/288 308/166/296 310/165/298
f 296/164/284 300/170/288 310/165/298
f 300/170/288 296/164/284 298/171/286
f 311/162/299 309/158/297 312/156/300
f 340/181/304 339/182/305 338/183/306
f 340/181/304 341/184/307 339/182/305
f 342/185/308 341/184/307 340/181/304
f 342/185/308 343/186/309 341/184/307
f 344/187/310 343/186/309 342/185/308
f 344/187/310 345/188/311 343/186/309
f 346/189/312 345/188/311 344/187/310
f 346/189/312 347/190/313 345/188/311
f 348/191/314 347/190/313 346/189/312
f 348/191/314 349/192/315 347/190/313
f 350/193/316 349/192/315 348/191/314
f 350/193/316 351/194/317 349/192/315
f 352/195/318 351/194/317 350/193/316
f 352/195/318 353/196/319 351/194/317
f 354/197/320 353/196/319 352/195/318
f 354/197/320 355/198/321 353/196/319
f 356/199/322 355/198/321 354/197/320
f 356/199/322 357/200/323 355/198/321
f 338/201/306 357/200/323 356/199/322
f 338/201/306 339/202/305 357/200/323
f 358/203/324 352/204/318 350/205/316
f 358/203/324 359/206/325 352/204/318
f 360/207/326 359/206/325 358/203/324
f 360/207/326 361/208/327 359/206/325
f 362/209/328 361/208/327 360/207/326
f 362/209/328 363/210/329 361/208/327
f 364/211/330 363/210/329 362/209/328
f 364/211/330 271/212/259 363/210/329
f 272/213/260 271/212/259 364/211/330
f 366/214/331 271/212/259 365/215/332
f 366/214/331 363/210/329 271/212/259
f 367/216/333 363/210/329 366/214/331
f 367/216/333 361/208/327 363/210/329
f 368/217/334 361/208/327 367/216/333
f 368/217/334 369/218/335 361/208/327
f 370/219/336 369/218/335 368/217/334
f 370/219/336 354/220/320 369/218/335
f 356/221/322 354/220/320 370/219/336
f 371/222/337 348/223/314 346/224/312
f 371/222/337 372/225/338 348/223/314
f 373/226/339 372/225/338 371/222/337
f 373/226/339 374/227/340 372/225/338
f 375/228/341 374/227/340 373/226/339
f 375/228/341 376/229/342 374/227/340
f 377/230/343 376/229/342 375/228/341
f 377/230/343 378/228/344 376/229/342
f 370/231/336 378/228/344 377/230/343
f 370/231/336 368/232/334 378/228/344
f 372/225/338 350/224/316 348/223/314
f 372/225/338 358/222/324 350/224/316
f 374/227/340 358/222/324 372/225/338
f 374/227/340 379/226/345 358/222/324
f 376/229/342 379/226/345 374/227/340
f 376/229/342 378/228/344 379/226/345
f 377/230/343 356/233/322 370/231/336
f 377/230/343 338/234/306 356/233/322
f 380/231/346 338/234/306 377/230/343
f 380/231/346 340/233/304 338/234/306
f 379/226/345 360/235/326 358/222/324
f 379/226/345 381/236/347 360/235/326
f 378/228/344 381/236/347 379/226/345
f 378/228/344 382/237/348 381/236/347
f 368/232/334 382/237/348 378/228/344
f 368/232/334 383/238/349 382/237/348
f 367/239/333 383/238/349 368/232/334
f 367/239/333 384/240/350 383/238/349
f 366/241/331 384/240/350 367/239/333
f 366/241/331 385/242/351 384/240/350
f 365/243/332 385/242/351 366/241/331
f 364/244/330 385/242/351 272/245/260
f 364/244/330 384/240/350 385/242/351
f 362/246/328 384/240/350 364/244/330
f 362/246/328 383/238/349 384/240/350
f 360/235/326 383/238/349 362/246/328
f 360/235/326 381/236/347 383/238/349
f 388/247/352 387/248/353 386/249/354
f 388/247/352 389/250/355 387/248/353
f 390/249/356 389/250/355 388/247/352
f 390/249/356 391/248/357 389/250/355
f 392/251/358 391/248/357 390/249/356
f 392/251/358 393/252/359 391/248/357
f 386/249/354 393/252/359 392/251/358
f 386/249/354 387/248/353 393/252/359
f 394/253/360 386/249/354 392/251/358
f 394/253/360 395/254/361 386/249/354
f 396/255/362 395/254/361 394/253/360
f 396/255/362 397/256/363 395/254/361
f 393/252/359 397/256/363 396/255/362
f 393/252/359 387/248/353 397/256/363
f 395/254/361 388/247/352 386/249/354
f 395/254/361 398/257/364 388/247/352
f 397/256/363 398/257/364 395/254/361
f 397/256/363 399/258/365 398/257/364
f 387/248/353 399/258/365 397/256/363
f 387/248/353 389/250/355 399/258/365
f 391/248/357 399/258/365 389/250/355
f 391/248/357 400/256/366 399/258/365
f 393/252/359 400/256/366 391/248/357
f 393/252/359 396/255/362 400/256/366
f 398/257/364 390/249/356 388/247/352
f 398/257/364 401/254/367 390/249/356
f 399/258/365 401/254/367 398/257/364
f 399/258/365 400/256/366 401/254/367
f 344/204/310 371/203/337 346/205/312
f 342/220/308 340/221/304 380/219/346
f 272/179/260 402/180/368 210/140/207
f 402/180/368 272/179/260 385/178/351
f 385/178/351 403/259/369 402/180/368
f 403/259/369 385/178/351 365/260/332
f 365/260/332 211/139/206 403/259/369
f 211/139/206 365/260/332 271/178/259
f 210/140/207 232/159/227 212/138/205
f 232/159/227 210/140/207 402/180/368
f 402/180/368 243/168/238 232/159/227
f 243/168/238 402/180/368 403/259/369
f 403/259/369 213/141/208 243/168/238
f 213/141/208 403/259/369 211/139/206
f 369/218/335 359/206/325 361/208/327
f 359/206/325 369/218/335 354/220/320
f 352/204/318 359/206/325 354/220/320
f 380/231/346 377/230/343 375/228/341
f 383/238/349 381/236/347 382/237/348
f 396/255/362 401/254/367 400/256/366
f 401/254/367 396/255/362 394/253/360
f 394/253/360 390/249/356 401/254/367
f 390/249/356 394/253/360 392/251/358
f 404/260/370 278/139/266 277/178/265
f 404/260/370 405/259/371 278/139/266
f 273/178/263 405/259/371 404/260/370
f 273/178/263 274/180/262 405/259/371
f 405/259/371 279/141/267 278/139/266
f 405/259/371 303/168/291 279/141/267
f 274/180/262 303/168/291 405/259/371
f 274/180/262 307/159/295 303/168/291
f 375/228/341 406/232/372 380/231/346
f 375/228/341 407/237/373 406/232/372
f 373/226/339 407/237/373 375/228/341
f 373/226/339 408/236/374 407/237/373
f 409/235/375 408/236/374 373/226/339
f 409/235/375 410/238/376 408/236/374
f 411/246/377 410/238/376 409/235/375
f 411/246/377 412/240/378 410/238/376
f 413/244/379 412/240/378 411/246/377
f 413/244/379 273/242/263 412/240/378
f 275/245/261 273/242/263 413/244/379
f 414/241/380 273/242/263 404/243/370
f 414/241/380 412/240/378 273/242/263
f 415/239/381 412/240/378 414/241/380
f 415/239/381 410/238/376 412/240/378
f 406/232/372 410/238/376 415/239/381
f 406/232/372 407/237/373 410/238/376
f 413/211/379 277/212/265 275/213/261
f 413/211/379 416/210/382 277/212/265
f 411/209/377 416/210/382 413/211/379
f 411/209/377 417/208/383 416/210/382
f 409/207/375 417/208/383 411/209/377
f 409/207/375 418/206/384 417/208/383
f 371/203/337 418/206/384 409/207/375
f 371/203/337 344/204/310 418/206/384
f 416/210/382 404/215/370 277/212/265
f 416/210/382 414/214/380 404/215/370
f 417/208/383 414/214/380 416/210/382
f 417/208/383 415/216/381 414/214/380
f 419/218/385 415/216/381 417/208/383
f 419/218/385 406/217/372 415/216/381
f 342/220/308 406/217/372 419/218/385
f 342/220/308 380/219/346 406/217/372
f 409/235/375 373/226/339 371/222/337
f 410/238/376 407/237/373 408/236/374
f 418/206/384 419/218/385 417/208/383
f 419/218/385 418/206/384 342/220/308
f 344/204/310 342/220/308 418/206/384
f 422/261/386 421/262/387 420/263/388
f 422/261/386 423/262/389 421/262/387
f 424/261/390 423/262/389 422/261/386
f 424/261/390 425/263/391 423/262/389
f 426/264/392 425/263/391 424/261/390
f 426/264/392 427/265/393 425/263/391
f 428/264/394 427/265/393 426/264/392
f 428/264/394 429/265/395 427/265/393
f 430/266/396 23/24/23 8/26/8
f 430/266/396 431/267/397 23/24/23
f 339/268/305 431/267/397 430/266/396
f 339/268/305 341/269/307 431/267/397
f 10/10/10 430/270/396 8/8/8
f 10/10/10 432/271/398 430/270/396
f 12/12/12 432/271/398 10/10/10
f 12/12/12 433/272/399 432/271/398
f 14/14/14 433/272/399 12/12/12
f 14/14/14 434/273/400 433/272/399
f 16/16/16 434/273/400 14/14/14
f 16/16/16 435/274/401 434/273/400
f 18/18/18 435/274/401 16/16/16
f 18/18/18 436/275/402 435/274/401
f 20/20/20 436/275/402 18/18/18
f 20/20/20 437/276/403 436/275/402
f 81/99/81 437/276/403 20/20/20
f 81/99/81 438/277/404 437/276/403
f 82/101/82 438/277/404 81/99/81
f 82/101/82 84/103/84 438/277/404
f 433/272/399 357/278/323 432/271/398
f 433/272/399 355/279/321 357/278/323
f 434/273/400 355/279/321 433/272/399
f 434/273/400 353/280/319 355/279/321
f 435/274/401 353/280/319 434/273/400
f 435/274/401 351/281/317 353/280/319
f 436/275/402 351/281/317 435/274/401
f 436/275/402 349/282/315 351/281/317
f 437/276/403 349/282/315 436/275/402
f 437/276/403 347/283/313 349/282/315
f 438/277/404 347/283/313 437/276/403
f 438/277/404 345/284/311 347/283/313
f 439/285/405 345/284/311 438/277/404
f 439/285/405 343/286/309 345/284/311
f 431/267/397 343/286/309 439/285/405
f 431/267/397 341/269/307 343/286/309
f 423/262/389 440/287/406 421/262/387
f 423/262/389 441/287/407 440/287/406
f 425/263/391 441/287/407 423/262/389
f 425/263/391 442/288/408 441/287/407
f 427/265/393 442/288/408 425/263/391
f 427/265/393 443/288/409 442/288/408
f 429/265/395 443/288/409 427/265/393
f 33/41/33 444/289/410 80/96/80
f 33/41/33 445/290/411 444/289/410
f 32/39/32 445/290/411 33/41/33
f 32/39/32 446/289/412 445/290/411
f 30/37/30 446/289/412 32/39/32
f 30/37/30 31/38/31 446/289/412
f 449/262/389 448/287/413 447/262/414
f 449/262/389 450/287/415 448/287/413
f 451/263/416 450/287/415 449/262/389
f 451/263/416 452/288/417 450/287/415
f 453/265/418 452/288/417 451/263/416
f 453/265/418 454/288/409 452/288/417
f 455/265/419 454/288/409 453/265/418
f 456/261/420 449/262/389 447/262/414
f 456/261/420 457/261/421 449/262/389
f 458/264/422 457/261/421 456/261/420
f 458/264/422 459/264/423 457/261/421
f 455/265/419 459/264/423 458/264/422
f 455/265/419 453/265/418 459/264/423
f 462/262/424 461/287/425 460/262/426
f 462/262/424 463/287/427 461/287/425
f 464/263/428 463/287/427 462/262/424
f 464/263/428 465/288/429 463/287/427
f 466/265/430 465/288/429 464/263/428
f 466/265/430 467/288/431 465/288/429
f 468/265/432 467/288/431 466/265/430
f 469/261/433 462/262/424 460/262/426
f 469/261/433 470/261/434 462/262/424
f 471/264/435 470/261/434 469/261/433
f 471/264/435 472/264/436 470/261/434
f 468/265/432 472/264/436 471/264/435
f 468/265/432 466/265/430 472/264/436
f 475/262/424 474/287/437 473/262/438
f 475/262/424 476/287/439 474/287/437
f 477/263/440 476/287/439 475/262/424
f 477/263/440 478/288/429 476/287/439
f 479/265/430 478/288/429 477/263/440
f 479/265/430 480/288/441 478/288/429
f 481/265/432 480/288/441 479/265/430
f 482/261/442 475/262/424 473/262/438
f 482/261/442 483/261/434 475/262/424
f 484/264/443 483/261/434 482/261/442
f 484/264/443 485/264/436 483/261/434
f 481/265/432 485/264/436 484/264/443
f 481/265/432 479/265/430 485/264/436
f 487/291/444 486/292/445 444/289/410
f 486/292/445 487/291/444 488/293/446
f 489/294/447 444/289/410 445/290/411
f 444/289/410 489/294/447 487/291/444
f 490/291/448 445/290/411 446/289/412
f 445/290/411 490/291/448 489/294/447
f 488/293/446 446/289/412 486/292/445
f 446/289/412 488/293/446 490/291/448
f 487/295/444 490/296/448 488/297/446
f 490/296/448 487/295/444 489/297/447
f 422/261/386 426/264/392 424/261/390
f 426/264/392 422/261/386 428/264/394
f 430/270/396 357/278/323 339/298/305
f 357/278/323 430/270/396 432/271/398
f 84/103/84 439/285/405 438/277/404
f 439/285/405 84/103/84 22/22/21
f 439/285/405 23/24/23 431/267/397
f 23/24/23 439/285/405 22/22/21
f 443/288/409 441/287/407 442/288/408
f 441/287/407 443/288/409 440/287/406
f 444/289/410 24/30/25 80/96/80
f 24/30/25 444/289/410 486/292/445
f 486/292/445 25/28/24 24/30/25
f 25/28/24 486/292/445 446/289/412
f 446/289/412 85/104/85 25/28/24
f 85/104/85 446/289/412 31/38/31
f 454/288/409 450/287/415 452/288/417
f 450/287/415 454/288/409 448/287/413
f 451/263/416 459/264/423 453/265/418
f 459/264/423 451/263/416 457/261/421
f 449/262/389 457/261/421 451/263/416
f 467/288/431 463/287/427 465/288/429
f 463/287/427 467/288/431 461/287/425
f 464/263/428 472/264/436 466/265/430
f 472/264/436 464/263/428 470/261/434
f 462/262/424 470/261/434 464/263/428
f 480/288/441 476/287/439 478/288/429
f 476/287/439 480/288/441 474/287/437
f 477/263/440 485/264/436 479/265/430
f 485/264/436 477/263/440 483/261/434
f 475/262/424 483/261/434 477/263/440
f 493/299/449 492/300/450 491/301/451
f 493/299/449 494/302/452 492/300/450
f 495/303/453 494/302/452 493/299/449
f 495/303/453 496/304/454 494/302/452
f 497/305/455 496/304/454 495/303/453
f 497/305/455 498/306/456 496/304/454
f 499/307/457 498/306/456 497/305/455
f 499/307/457 500/308/458 498/306/456
f 501/309/459 500/308/458 499/307/457
f 501/309/459 502/310/460 500/308/458
f 503/311/461 502/312/460 501/313/459
f 503/311/461 504/314/462 502/312/460
f 505/315/463 504/314/462 503/311/461
f 505/315/463 506/316/464 504/314/462
f 509/311/465 508/317/466 507/313/467
f 509/311/465 510/318/468 508/317/466
f 511/315/469 510/318/468 509/311/465
f 511/315/469 512/319/470 510/318/468
f 513/301/471 512/319/470 511/315/469
f 513/301/471 514/320/472 512/319/470
f 515/299/473 514/320/472 513/301/471
f 515/299/473 516/321/474 514/320/472
f 517/303/475 516/321/474 515/299/473
f 517/303/475 518/322/476 516/321/474
f 519/305/477 518/322/476 517/303/475
f 519/305/477 520/323/478 518/322/476
f 521/307/479 520/323/478 519/305/477
f 521/307/479 522/324/480 520/323/478
f 507/309/467 522/324/480 521/307/479
f 507/309/467 508/325/466 522/324/480
f 492/300/450 505/315/463 491/301/451
f 505/315/463 492/300/450 506/316/464
f 501/309/459 524/324/480 523/325/466
f 524/324/480 501/309/459 499/307/457
f 499/307/457 525/323/478 524/324/480
f 525/323/478 499/307/457 497/305/455
f 497/305/455 526/322/476 525/323/478
f 526/322/476 497/305/455 495/303/453
f 495/303/453 527/321/474 526/322/476
f 527/321/474 495/303/453 493/299/449
f 493/299/449 528/320/481 527/321/474
f 528/320/481 493/299/449 491/301/451
f 491/301/451 529/319/482 528/320/481
f 529/319/482 491/301/451 505/315/463
f 505/315/463 530/318/468 529/319/482
f 530/318/468 505/315/463 503/311/461
f 503/311/461 523/317/466 530/318/468
f 523/317/466 503/311/461 501/313/459
f 507/309/467 532/308/483 531/310/484
f 532/308/483 507/309/467 521/307/479
f 521/307/479 533/306/485 532/308/483
f 533/306/485 521/307/479 519/305/477
f 519/305/477 534/304/486 533/306/485
f 534/304/486 519/305/477 517/303/475
f 517/303/475 535/302/487 534/304/486
f 535/302/487 517/303/475 515/299/473
f 515/299/473 536/300/488 535/302/487
f 536/300/488 515/299/473 513/301/471
f 513/301/471 537/316/489 536/300/488
f 537/316/489 513/301/471 511/315/469
f 511/315/469 538/314/490 537/316/489
f 538/314/490 511/315/469 509/311/465
f 509/311/465 531/312/484 538/314/490
f 531/312/484 509/311/465 507/313/467
f 539/326/491 502/310/460 504/314/462
f 502/310/460 539/326/491 500/308/458
f 498/306/456 500/308/458 539/326/491
f 506/316/464 539/326/491 504/314/462
f 539/326/491 506/316/464 492/300/450
f 494/302/452 539/326/491 492/300/450
f 539/326/491 494/302/452 496/304/454
f 496/304/454 498/306/456 539/326/491
f 540/326/492 531/310/484 532/308/483
f 531/310/484 540/326/492 538/314/490
f 537/316/489 538/314/490 540/326/492
f 540/326/492 536/300/488 537/316/489
f 536/300/488 540/326/492 535/302/487
f 534/304/486 535/302/487 540/326/492
f 540/326/492 533/306/485 534/304/486
f 533/306/485 540/326/492 532/308/483
usemtl Material02
f 543/327/493 542/328/494 541/329/495
f 543/327/493 544/330/496 542/328/494
f 545/329/497 544/330/496 543/327/493
f 545/329/497 546/328/498 544/330/496
f 547/331/499 546/328/498 545/329/497
f 547/331/499 548/332/500 546/328/498
f 549/333/501 548/332/500 547/331/499
f 549/333/501 550/334/502 548/332/500
f 551/335/503 550/334/502 549/333/501
f 551/335/503 552/336/504 550/334/502
f 553/337/505 552/336/504 551/335/503
f 553/337/505 554/338/506 552/336/504
f 555/339/507 554/338/506 553/337/505
f 555/339/507 556/336/508 554/338/506
f 557/337/509 556/336/508 555/339/507
f 544/330/496 556/336/508 542/328/494
f 544/330/496 554/338/506 556/336/508
f 546/328/498 554/338/506 544/330/496
f 546/328/498 552/336/504 554/338/506
f 548/332/500 552/336/504 546/328/498
f 548/332/500 550/334/502 552/336/504
f 558/340/510 543/327/493 541/329/495
f 558/340/510 559/341/511 543/327/493
f 560/342/512 559/341/511 558/340/510
f 560/342/512 561/343/513 559/341/511
f 562/344/514 561/343/513 560/342/512
f 562/344/514 563/345/515 561/343/513
f 564/346/516 563/345/515 562/344/514
f 564/346/516 565/347/517 563/345/515
f 557/337/509 565/347/517 564/346/516
f 557/337/509 555/339/507 565/347/517
f 559/341/511 545/329/497 543/327/493
f 559/341/511 566/340/518 545/329/497
f 561/343/513 566/340/518 559/341/511
f 561/343/513 567/342/519 566/340/518
f 563/345/515 567/342/519 561/343/513
f 563/345/515 568/344/520 567/342/519
f 565/347/517 568/344/520 563/345/515
f 565/347/517 569/346/521 568/344/520
f 555/339/507 569/346/521 565/347/517
f 555/339/507 553/337/505 569/346/521
f 566/340/518 547/331/499 545/329/497
f 566/340/518 570/348/522 547/331/499
f 567/342/519 570/348/522 566/340/518
f 567/342/519 571/349/523 570/348/522
f 568/344/520 571/349/523 567/342/519
f 568/344/520 572/350/524 571/349/523
f 569/346/521 572/350/524 568/344/520
f 569/346/521 573/351/525 572/350/524
f 553/337/505 573/351/525 569/346/521
f 553/337/505 551/335/503 573/351/525
f 570/348/522 549/333/501 547/331/499
f 549/333/501 570/348/522 571/349/523
f 572/350/524 549/333/501 571/349/523
f 549/333/501 572/350/524 573/351/525
f 573/351/525 551/335/503 549/333/501
f 576/328/526 575/327/527 574/329/528
f 576/328/526 577/330/511 575/327/527
f 578/336/529 577/330/511 576/328/526
f 578/336/529 579/338/530 577/330/511
f 580/337/531 579/338/530 578/336/529
f 580/337/531 581/339/532 579/338/530
f 582/346/533 581/339/532 580/337/531
f 582/346/533 583/347/534 581/339/532
f 584/344/535 583/347/534 582/346/533
f 584/344/535 585/345/536 583/347/534
f 586/342/537 585/345/536 584/344/535
f 586/342/537 587/343/538 585/345/536
f 588/340/539 587/343/538 586/342/537
f 588/340/539 589/341/540 587/343/538
f 574/329/528 589/341/540 588/340/539
f 574/329/528 575/327/527 589/341/540
f 575/327/527 590/340/541 589/341/540
f 575/327/527 591/329/542 590/340/541
f 577/330/511 591/329/542 575/327/527
f 577/330/511 592/328/518 591/329/542
f 579/338/530 592/328/518 577/330/511
f 579/338/530 593/336/519 592/328/518
f 581/339/532 593/336/519 579/338/530
f 581/339/532 594/337/520 593/336/519
f 583/347/534 594/337/520 581/339/532
f 583/347/534 595/346/521 594/337/520
f 585/345/536 595/346/521 583/347/534
f 585/345/536 596/344/505 595/346/521
f 587/343/538 596/344/505 585/345/536
f 587/343/538 597/342/543 596/344/505
f 589/341/540 597/342/543 587/343/538
f 589/341/540 590/340/541 597/342/543
f 591/329/542 598/348/544 590/340/541
f 591/329/542 599/331/545 598/348/544
f 592/328/518 599/331/545 591/329/542
f 592/328/518 600/332/522 599/331/545
f 593/336/519 600/332/522 592/328/518
f 593/336/519 601/334/523 600/332/522
f 594/337/520 601/334/523 593/336/519
f 594/337/520 602/335/524 601/334/523
f 595/346/521 602/335/524 594/337/520
f 595/346/521 603/351/525 602/335/524
f 596/344/505 603/351/525 595/346/521
f 596/344/505 604/350/503 603/351/525
f 597/342/543 604/350/503 596/344/505
f 597/342/543 605/349/546 604/350/503
f 590/340/541 605/349/546 597/342/543
f 590/340/541 598/348/544 605/349/546
f 599/331/545 606/333/501 598/348/544
f 606/333/501 599/331/545 600/332/522
f 601/334/523 606/333/501 600/332/522
f 606/333/501 601/334/523 602/335/524
f 606/333/501 605/349/546 598/348/544
f 605/349/546 606/333/501 604/350/503
f 603/351/525 604/350/503 606/333/501
f 603/351/525 606/333/501 602/335/524
usemtl Material01
f 609/352/547 608/353/548 607/354/549
f 609/352/547 610/355/550 608/353/548
f 611/356/551 610/355/550 609/352/547
f 611/356/551 612/357/552 610/355/550
f 613/358/553 612/357/552 611/356/551
f 613/358/553 614/359/554 612/357/552
f 615/360/555 614/359/554 613/358/553
f 615/360/555 616/361/556 614/359/554
f 617/362/557 616/361/556 615/360/555
f 617/362/557 618/363/558 616/361/556
f 609/364/547 619/365/559 611/366/551
f 609/364/547 620/367/560 619/365/559
f 607/368/549 620/367/560 609/364/547
f 607/368/549 621/369/561 620/367/560
f 608/370/548 621/369/561 607/368/549
f 608/370/548 622/371/562 621/369/561
f 623/372/563 622/371/562 608/370/548
f 623/372/563 624/373/564 622/371/562
f 625/374/565 624/373/564 623/372/563
f 625/374/565 626/371/566 624/373/564
f 627/372/567 626/371/566 625/374/565
f 627/372/567 628/370/568 626/371/566
f 629/375/569 628/370/568 627/372/567
f 610/375/550 623/372/563 608/370/548
f 610/375/550 625/374/565 623/372/563
f 630/376/570 625/374/565 610/375/550
f 630/376/570 627/372/567 625/374/565
f 629/375/569 627/372/567 630/376/570
f 633/365/571 632/364/572 631/366/573
f 633/365/571 634/367/574 632/364/572
f 635/377/575 634/367/574 633/365/571
f 635/377/575 636/378/576 634/367/574
f 637/379/577 636/378/576 635/377/575
f 637/379/577 638/380/578 636/378/576
f 639/381/579 638/380/578 637/379/577
f 639/381/579 640/382/580 638/380/578
f 641/383/581 640/382/580 639/381/579
f 641/383/581 642/381/582 640/382/580
f 612/357/552 630/384/570 610/355/550
f 612/357/552 629/355/569 630/384/570
f 631/356/573 629/355/569 612/357/552
f 631/356/573 632/352/572 629/355/569
f 643/362/583 616/361/556 618/363/558
f 643/362/583 644/360/584 616/361/556
f 645/385/585 644/360/584 643/362/583
f 645/385/585 646/386/586 644/360/584
f 647/387/587 646/386/586 645/385/585
f 647/387/587 648/388/588 646/386/586
f 649/389/589 648/388/588 647/387/587
f 649/389/589 650/390/590 648/388/588
f 651/391/591 650/390/590 649/389/589
f 651/391/591 652/392/592 650/390/590
f 653/393/593 652/392/592 651/391/591
f 653/393/593 654/394/594 652/392/592
f 655/391/595 654/394/594 653/393/593
f 655/391/595 656/392/596 654/394/594
f 657/389/597 656/392/596 655/391/595
f 657/389/597 658/390/598 656/392/596
f 659/387/599 658/390/598 657/389/597
f 659/387/599 660/388/600 658/390/598
f 661/385/601 660/388/600 659/387/599
f 661/385/601 662/386/602 660/388/600
f 617/362/557 662/386/602 661/385/601
f 617/362/557 615/360/555 662/386/602
f 613/358/553 662/386/602 615/360/555
f 613/358/553 663/395/603 662/386/602
f 611/356/551 663/395/603 613/358/553
f 611/356/551 619/396/559 663/395/603
f 664/397/604 658/390/598 660/388/600
f 664/397/604 656/392/596 658/390/598
f 642/398/582 656/392/596 664/397/604
f 642/398/582 654/394/594 656/392/596
f 641/399/581 654/394/594 642/398/582
f 641/399/581 652/392/592 654/394/594
f 639/398/579 652/392/592 641/399/581
f 639/398/579 650/390/590 652/392/592
f 637/397/577 650/390/590 639/398/579
f 637/397/577 648/388/588 650/390/590
f 635/400/575 648/388/588 637/397/577
f 635/400/575 633/396/571 648/388/588
f 620/367/560 665/377/605 619/365/559
f 620/367/560 666/378/606 665/377/605
f 667/401/607 666/378/606 620/367/560
f 667/401/607 668/402/608 666/378/606
f 669/403/609 668/402/608 667/401/607
f 669/403/609 636/378/576 668/402/608
f 670/401/610 636/378/576 669/403/609
f 670/401/610 634/367/574 636/378/576
f 671/369/611 634/367/574 670/401/610
f 671/369/611 672/368/612 634/367/574
f 628/370/568 672/368/612 671/369/611
f 624/373/564 667/401/607 622/371/562
f 624/373/564 669/403/609 667/401/607
f 626/371/566 669/403/609 624/373/564
f 626/371/566 670/401/610 669/403/609
f 671/369/611 670/401/610 626/371/566
f 638/380/578 668/402/608 636/378/576
f 638/380/578 673/404/613 668/402/608
f 640/382/580 673/404/613 638/380/578
f 640/382/580 674/380/614 673/404/613
f 642/381/582 674/380/614 640/382/580
f 642/381/582 664/379/604 674/380/614
f 644/360/584 614/359/554 616/361/556
f 644/360/584 675/358/615 614/359/554
f 646/386/586 675/358/615 644/360/584
f 646/386/586 676/395/616 675/358/615
f 648/388/588 676/395/616 646/386/586
f 648/388/588 633/396/571 676/395/616
f 631/356/573 676/395/616 633/396/571
f 631/356/573 675/358/615 676/395/616
f 612/357/552 675/358/615 631/356/573
f 612/357/552 614/359/554 675/358/615
f 677/405/617 657/406/597 655/407/595
f 677/405/617 659/408/599 657/406/597
f 678/409/618 659/408/599 677/405/617
f 678/409/618 661/410/601 659/408/599
f 617/411/557 661/410/601 678/409/618
f 649/412/589 677/405/617 651/413/591
f 649/412/589 678/409/618 677/405/617
f 647/414/587 678/409/618 649/412/589
f 647/414/587 645/415/585 678/409/618
f 628/353/568 632/352/572 672/354/612
f 632/352/572 628/353/568 629/355/569
f 663/395/603 660/388/600 662/386/602
f 660/388/600 663/395/603 619/396/559
f 665/400/605 660/388/600 619/396/559
f 660/388/600 665/400/605 664/397/604
f 634/367/574 672/368/612 632/364/572
f 621/369/561 667/401/607 620/367/560
f 667/401/607 621/369/561 622/371/562
f 628/370/568 671/369/611 626/371/566
f 673/404/613 666/378/606 668/402/608
f 666/378/606 673/404/613 674/380/614
f 674/380/614 665/377/605 666/378/606
f 665/377/605 674/380/614 664/379/604
f 653/416/593 677/405/617 655/407/595
f 677/405/617 653/416/593 651/413/591
f 678/409/618 618/417/558 617/411/557
f 618/417/558 678/409/618 643/418/583
f 645/415/585 643/418/583 678/409/618
f 681/419/619 680/420/620 679/420/621
f 681/419/619 682/421/622 680/420/620
f 683/422/623 682/421/622 681/419/619
f 683/422/623 684/423/624 682/421/622
f 685/424/625 684/423/624 683/422/623
f 685/424/625 686/425/626 684/423/624
f 687/424/627 686/425/626 685/424/625
f 687/424/627 688/425/628 686/425/626
f 689/424/629 688/425/628 687/424/627
f 689/424/629 690/425/630 688/425/628
f 691/426/631 690/425/630 689/424/629
f 691/426/631 692/427/632 690/425/630
f 693/428/633 692/427/632 691/426/631
f 693/428/633 694/427/634 692/427/632
f 695/427/635 694/427/634 693/428/633
f 695/427/635 696/425/636 694/427/634
f 697/425/637 696/425/636 695/427/635
f 697/425/637 698/425/638 696/425/636
f 699/425/639 698/425/638 697/425/637
f 699/425/639 700/425/640 698/425/638
f 701/425/641 700/425/640 699/425/639
f 701/425/641 702/423/642 700/425/640
f 703/423/643 702/423/642 701/425/641
f 703/423/643 704/421/644 702/423/642
f 705/421/645 704/421/644 703/423/643
f 705/421/645 706/420/646 704/421/644
f 707/420/647 706/420/646 705/421/645
f 682/421/622 706/420/646 680/420/620
f 682/421/622 704/421/644 706/420/646
f 684/423/624 704/421/644 682/421/622
f 684/423/624 702/423/642 704/421/644
f 686/425/626 702/423/642 684/423/624
f 686/425/626 700/425/640 702/423/642
f 688/425/628 700/425/640 686/425/626
f 688/425/628 698/425/638 700/425/640
f 690/425/630 698/425/638 688/425/628
f 690/425/630 696/425/636 698/425/638
f 692/427/632 696/425/636 690/425/630
f 692/427/632 694/427/634 696/425/636
f 708/429/648 681/419/619 679/420/621
f 708/429/648 709/430/649 681/419/619
f 710/431/650 709/430/649 708/429/648
f 710/431/650 711/432/651 709/430/649
f 712/431/652 711/432/651 710/431/650
f 712/431/652 713/433/653 711/432/651
f 714/431/654 713/433/653 712/431/652
f 714/431/654 715/433/655 713/433/653
f 716/431/656 715/433/655 714/431/654
f 716/431/656 717/433/657 715/433/655
f 718/431/658 717/433/657 716/431/656
f 718/431/658 719/432/659 717/433/657
f 720/429/660 719/432/659 718/431/658
f 720/429/660 721/430/661 719/432/659
f 722/420/662 721/430/661 720/429/660
f 722/420/662 723/419/663 721/430/661
f 707/420/647 723/419/663 722/420/662
f 707/420/647 705/421/645 723/419/663
f 709/430/649 683/422/623 681/419/619
f 709/430/649 724/434/664 683/422/623
f 711/432/651 724/434/664 709/430/649
f 711/432/651 725/435/665 724/434/664
f 713/433/653 725/435/665 711/432/651
f 713/433/653 726/436/666 725/435/665
f 715/433/655 726/436/666 713/433/653
f 715/433/655 727/436/667 726/436/666
f 717/433/657 727/436/667 715/433/655
f 717/433/657 728/436/668 727/436/667
f 719/432/659 728/436/668 717/433/657
f 719/432/659 729/435/669 728/436/668
f 721/430/661 729/435/669 719/432/659
f 721/430/661 730/434/670 729/435/669
f 723/419/663 730/434/670 721/430/661
f 723/419/663 731/422/671 730/434/670
f 705/421/645 731/422/671 723/419/663
f 705/421/645 703/423/643 731/422/671
f 701/425/641 731/422/671 703/423/643
f 701/425/641 732/424/672 731/422/671
f 699/425/639 732/424/672 701/425/641
f 699/425/639 733/424/673 732/424/672
f 697/425/637 733/424/673 699/425/639
f 697/425/637 734/424/674 733/424/673
f 695/427/635 734/424/674 697/425/637
f 695/427/635 735/426/675 734/424/674
f 693/428/633 735/426/675 695/427/635
f 693/428/633 736/437/676 735/426/675
f 737/428/677 736/437/676 693/428/633
f 737/428/677 738/437/678 736/437/676
f 739/428/679 738/437/678 737/428/677
f 739/428/679 740/437/680 738/437/678
f 741/438/681 740/437/680 739/428/679
f 741/438/681 742/439/682 740/437/680
f 743/440/683 742/439/682 741/438/681
f 743/440/683 730/434/670 742/439/682
f 729/435/669 730/434/670 743/440/683
f 732/424/672 730/434/670 731/422/671
f 732/424/672 742/439/682 730/434/670
f 733/424/673 742/439/682 732/424/672
f 733/424/673 744/439/684 742/439/682
f 734/424/674 744/439/684 733/424/673
f 734/424/674 745/439/685 744/439/684
f 735/426/675 745/439/685 734/424/674
f 735/426/675 736/437/676 745/439/685
f 744/439/684 740/437/680 742/439/682
f 744/439/684 738/437/678 740/437/680
f 745/439/685 738/437/678 744/439/684
f 745/439/685 736/437/676 738/437/678
f 743/440/683 728/436/668 729/435/669
f 743/440/683 746/441/686 728/436/668
f 741/438/681 746/441/686 743/440/683
f 741/438/681 747/442/687 746/441/686
f 739/428/679 747/442/687 741/438/681
f 739/428/679 748/442/688 747/442/687
f 749/442/689 748/442/688 739/428/679
f 749/442/689 750/441/690 748/442/688
f 751/441/691 750/441/690 749/442/689
f 751/441/691 727/436/667 750/441/690
f 726/436/666 727/436/667 751/441/691
f 750/441/690 747/442/687 748/442/688
f 750/441/690 746/441/686 747/442/687
f 727/436/667 746/441/686 750/441/690
f 727/436/667 728/436/668 746/441/686
f 751/441/691 725/435/665 726/436/666
f 751/441/691 752/440/692 725/435/665
f 749/442/689 752/440/692 751/441/691
f 749/442/689 753/438/693 752/440/692
f 739/428/679 753/438/693 749/442/689
f 739/428/679 754/437/694 753/438/693
f 737/428/677 754/437/694 739/428/679
f 737/428/677 755/437/695 754/437/694
f 693/428/633 755/437/695 737/428/677
f 693/428/633 756/437/696 755/437/695
f 691/426/631 756/437/696 693/428/633
f 691/426/631 757/439/697 756/437/696
f 689/424/629 757/439/697 691/426/631
f 689/424/629 758/439/698 757/439/697
f 687/424/627 758/439/698 689/424/629
f 687/424/627 759/439/699 758/439/698
f 685/424/625 759/439/699 687/424/627
f 685/424/625 724/434/664 759/439/699
f 683/422/623 724/434/664 685/424/625
f 758/439/698 756/437/696 757/439/697
f 758/439/698 755/437/695 756/437/696
f 759/439/699 755/437/695 758/439/698
f 759/439/699 754/437/694 755/437/695
f 752/440/692 754/437/694 759/439/699
f 752/440/692 753/438/693 754/437/694
f 752/440/692 724/434/664 725/435/665
f 724/434/664 752/440/692 759/439/699
usemtl Material04
f 680/443/620 760/444/700 679/445/621
f 680/443/620 761/446/701 760/444/700
f 706/447/646 761/446/701 680/443/620
f 706/447/646 762/448/702 761/446/701
f 707/449/647 762/448/702 706/447/646
f 707/449/647 763/450/703 762/448/702
f 722/451/662 763/450/703 707/449/647
f 722/451/662 764/452/704 763/450/703
f 720/453/660 764/452/704 722/451/662
f 720/453/660 765/454/705 764/452/704
f 718/455/658 765/454/705 720/453/660
f 718/455/658 766/456/706 765/454/705
f 716/457/656 766/456/706 718/455/658
f 716/457/656 767/458/707 766/456/706
f 714/459/654 767/458/707 716/457/656
f 714/459/654 768/460/708 767/458/707
f 712/461/652 768/460/708 714/459/654
f 712/461/652 769/462/709 768/460/708
f 710/463/650 769/462/709 712/461/652
f 710/463/650 770/464/710 769/462/709
f 708/465/648 770/464/710 710/463/650
f 708/465/648 771/466/711 770/464/710
f 679/467/621 771/466/711 708/465/648
f 679/467/621 760/468/700 771/466/711
f 761/446/701 772/469/712 760/444/700
f 761/446/701 773/470/713 772/469/712
f 762/448/702 773/470/713 761/446/701
f 762/448/702 774/471/714 773/470/713
f 763/450/703 774/471/714 762/448/702
f 763/450/703 775/472/715 774/471/714
f 764/452/704 775/472/715 763/450/703
f 764/452/704 776/473/716 775/472/715
f 765/454/705 776/473/716 764/452/704
f 765/454/705 777/474/717 776/473/716
f 766/456/706 777/474/717 765/454/705
f 766/456/706 778/475/718 777/474/717
f 767/458/707 778/475/718 766/456/706
f 767/458/707 779/476/719 778/475/718
f 768/460/708 779/476/719 767/458/707
f 768/460/708 780/477/720 779/476/719
f 769/462/709 780/477/720 768/460/708
f 769/462/709 781/478/721 780/477/720
f 770/464/710 781/478/721 769/462/709
f 770/464/710 782/479/722 781/478/721
f 771/466/711 782/479/722 770/464/710
f 771/466/711 783/480/723 782/479/722
f 760/468/700 783/480/723 771/466/711
f 760/468/700 772/481/712 783/480/723
f 773/470/713 784/482/724 772/469/712
f 784/482/724 773/470/713 774/471/714
f 775/472/715 784/482/724 774/471/714
f 784/482/724 775/472/715 776/473/716
f 784/482/724 783/480/723 772/481/712
f 783/480/723 784/482/724 782/479/722
f 781/478/721 782/479/722 784/482/724
f 784/482/724 780/477/720 781/478/721
f 780/477/720 784/482/724 779/476/719
f 778/475/718 779/476/719 784/482/724
f 784/482/724 777/474/717 778/475/718
f 777/474/717 784/482/724 776/473/716
l 785 786
l 787 788
l 790 789
