# Blender 5.1.2
# www.blender.org
mtllib newSoldier.mtl
o soldier_arm_left
v 0.643939 6.233697 -0.402783
v 0.454337 6.046289 -0.294183
v 0.454337 6.046289 0.230117
v 0.631612 6.262969 0.349517
v 0.818402 5.918332 -0.384583
v 0.607769 5.803292 -0.280483
v 1.415300 4.802851 -0.451183
v 1.136851 4.650923 -0.269083
v 1.547557 4.572565 -0.456183
v 1.260681 4.416039 -0.271983
v 2.093039 3.427093 -0.441483
v 1.890685 3.298344 -0.314383
v 2.186852 3.505278 0.550117
v 1.938087 3.324208 0.440117
v 1.552960 4.572893 0.399517
v 1.261551 4.414235 0.218117
v 1.414047 4.804104 0.393117
v 1.136037 4.652415 0.212617
v 0.818050 5.918140 0.326517
v 0.607594 5.803196 0.222217
v 2.430222 3.494759 -0.294883
v 1.796774 4.708543 -0.271783
v 1.666800 4.940075 -0.268783
v 1.023367 6.030394 -0.218683
v 0.901665 6.295830 -0.231583
v 0.885517 6.311853 0.200917
v 2.460033 3.533239 0.316917
v 1.796207 4.709373 0.223617
v 1.666136 4.941081 0.216317
v 1.022578 6.029963 0.194217
v 1.019616 4.258648 -0.551983
v 1.843545 3.272623 -0.328983
v 1.433656 4.496747 -0.751883
v 2.084611 3.422495 -0.460383
v 2.041326 4.751184 -0.521383
v 2.474903 3.519139 -0.308883
v 2.113235 4.805001 0.440515
v 2.511913 3.561546 0.323415
v 1.635850 4.624955 0.953717
v 2.197737 3.511217 0.660817
v 1.114158 4.310233 0.780717
v 1.899639 3.303229 0.547117
v 2.474719 3.833904 -0.022785
v 2.299152 3.738111 0.018117
v 2.432846 3.811057 -0.348285
v 2.257279 3.715264 -0.348283
v 2.528639 3.635491 -0.348285
v 2.353073 3.539698 -0.348283
v 2.570512 3.658338 -0.022785
v 2.394946 3.562544 0.018117
v 1.539965 4.528438 0.079117
v 2.629519 3.321784 -0.337384
v 2.637866 3.323605 0.361815
v 2.310177 3.279460 0.793317
v 1.976521 3.097181 0.692817
v 1.959999 2.986325 0.330417
v 2.127032 2.548660 0.863717
v 2.299803 2.597589 0.517917
v 2.318434 2.143998 0.930017
v 2.442578 2.186218 0.699717
v 2.506232 2.138245 0.882217
v 2.649873 2.253300 0.831817
v 2.525760 2.211440 1.061916
v 2.531719 2.723102 0.714617
v 2.384875 2.688662 1.059916
v 2.451826 2.568670 0.581917
v 2.616866 2.671022 0.713617
v 2.658859 2.136198 0.644817
v 2.844864 2.237914 0.751717
v 3.028105 1.561551 0.439217
v 3.208552 1.616036 0.508317
v 3.053517 1.488043 0.035617
v 3.263596 1.502419 0.036317
v 3.028807 1.561935 -0.368083
v 3.209295 1.616555 -0.436783
v 2.659912 2.136772 -0.556583
v 2.846181 2.238633 -0.692083
v 2.452641 2.567178 -0.545783
v 2.624113 2.661079 -0.675883
v 1.950766 3.040410 -0.443483
v 2.267673 3.205575 -0.549083
v 2.171393 2.890350 0.077517
v 2.895922 2.809726 0.398115
v 2.904837 2.814476 -0.376184
v 1.954226 3.007553 -0.129883
v 3.125011 2.391111 -0.381384
v 3.115707 2.386034 0.408217
v 3.352623 1.739072 -0.367683
v 3.456067 1.708367 0.036017
v 3.352009 1.738737 0.439617
vn 0.0226 0.0492 -0.9985
vn -0.7370 -0.4067 -0.5398
vn 0.1731 0.1092 -0.9788
vn -0.7175 -0.3570 -0.5982
vn -0.0021 0.0072 -1.0000
vn -0.7628 -0.4005 -0.5078
vn -0.1816 -0.0961 -0.9787
vn -0.8273 -0.4666 -0.3128
vn 0.0088 0.0957 0.9954
vn -0.6438 -0.2727 0.7150
vn 0.2366 0.2497 0.9390
vn -0.7610 -0.3918 0.5171
vn -0.0055 0.0393 0.9992
vn -0.8075 -0.3909 0.4416
vn 0.0359 0.0122 0.9993
vn -0.6570 -0.3790 0.6517
vn 0.6476 0.3338 -0.6850
vn 0.7605 0.4272 -0.4890
vn 0.7579 0.4492 -0.4732
vn 0.7829 0.4139 -0.4645
vn 0.2005 -0.1207 -0.9722
vn 0.8710 0.3208 -0.3720
vn 0.8426 0.4845 0.2350
vn 0.7598 0.4678 0.4516
vn 0.7497 0.4491 0.4860
vn 0.7640 0.4061 0.5013
vn 0.8337 0.2150 0.5086
vn 0.2161 -0.2699 0.9383
vn -0.3219 0.3297 -0.8875
vn -0.8171 -0.4416 -0.3705
vn -0.8710 0.3374 -0.3571
vn 0.0220 0.1091 -0.9938
vn 0.2897 0.6984 -0.6544
vn 0.7854 0.3707 -0.4958
vn 0.5533 0.8201 0.1460
vn 0.8515 0.3981 0.3412
vn 0.1261 0.6217 0.7730
vn 0.2491 0.1704 0.9534
vn -0.8123 -0.0387 0.5820
vn -0.7880 -0.1692 0.5919
vn -0.0352 0.8888 -0.4569
vn -0.6830 0.5685 0.4586
vn 0.5234 0.6567 0.5430
vn -0.7866 -0.0250 -0.6169
vn 0.6954 0.0213 -0.7183
vn 0.0364 -0.9309 -0.3635
vn 0.8101 -0.4792 0.3378
vn -0.3133 -0.5641 0.7640
vn -0.4056 -0.7585 0.5101
vn -0.4067 -0.6527 -0.6392
vn -0.4462 0.8949 -0.0121
vn 0.7269 0.5290 -0.4379
vn 0.7749 0.4606 0.4328
vn 0.0241 0.3372 0.9411
vn -0.8158 0.0232 0.5778
vn -0.8475 -0.5271 -0.0623
vn -0.8417 -0.2318 0.4877
vn -0.3628 -0.7344 -0.5736
vn -0.5752 -0.8178 0.0190
vn 0.0771 -0.7802 -0.6208
vn 0.3152 -0.9490 -0.0027
vn 0.8665 -0.3712 -0.3337
vn 0.3670 -0.3579 0.8586
vn 0.6081 -0.0780 0.7900
vn 0.2180 0.2543 0.9422
vn -0.6281 -0.6665 0.4016
vn 0.1945 0.0625 0.9789
vn -0.7563 -0.4223 0.4997
vn 0.1889 -0.0915 0.9777
vn -0.6002 -0.6911 0.4027
vn 0.3036 -0.7529 0.5839
vn -0.1817 -0.9806 0.0742
vn 0.4899 -0.8713 -0.0300
vn -0.4471 -0.8275 -0.3395
vn 0.3066 -0.4964 -0.8121
vn -0.6991 -0.5183 -0.4926
vn 0.1313 -0.0349 -0.9907
vn -0.7610 -0.5470 -0.3489
vn -0.0478 0.0737 -0.9961
vn -0.6521 -0.2357 -0.7206
vn 0.1139 0.3174 -0.9414
vn -0.5124 -0.8440 -0.1584
vn 0.8536 0.4538 0.2559
vn 0.7120 0.4377 -0.5490
vn -0.7423 -0.6701 0.0024
vn 0.8324 0.3431 -0.4351
vn 0.8523 0.4112 0.3233
vn 0.9099 -0.0999 -0.4025
vn 0.9893 -0.1454 0.0110
vn 0.8279 -0.1845 0.5297
vt 0.933900 0.529700
vt 0.929900 0.545400
vt 0.933200 0.545400
vt 0.930000 0.529800
vt 0.934000 0.526600
vt 0.931200 0.526600
vt 0.926500 0.511500
vt 0.923100 0.511200
vt 0.921800 0.525300
vt 0.923600 0.525400
vt 0.921900 0.530100
vt 0.923600 0.530100
vt 0.923100 0.545500
vt 0.924500 0.545500
vt 0.901600 0.958700
vt 0.991000 0.882000
vt 0.984300 0.951800
vt 0.901600 0.871000
vt 0.884300 0.956400
vt 0.884300 0.869600
vt 0.801700 0.924700
vt 0.801700 0.845700
vt 0.778500 0.933300
vt 0.783000 0.851900
vt 0.989700 0.590900
vt 0.901600 0.635300
vt 0.884200 0.638800
vt 0.801700 0.649300
vt 0.781600 0.646200
vt 0.801700 0.586400
vt 0.776400 0.575400
vt 0.884200 0.554700
vt 0.901800 0.551600
vt 0.982800 0.510800
vt 0.783600 0.333400
vt 0.850100 0.306700
vt 0.784200 0.259800
vt 0.849100 0.343600
vt 0.787400 0.434300
vt 0.854900 0.394200
vt 0.786700 0.448000
vt 0.853800 0.401100
vt 0.782700 0.370200
vt 0.847800 0.362100
vt 0.784200 0.276400
vt 0.850100 0.315000
vt 0.146300 0.308400
vt 0.146300 0.393900
vt 0.146300 0.368700
vt 0.092900 0.308400
vt 0.092900 0.368700
vt 0.092900 0.393900
vt 0.936800 0.593800
vt 0.941600 0.593600
vt 0.938300 0.591300
vt 0.943500 0.591000
vt 0.946900 0.593800
vt 0.759400 0.350100
vt 0.869000 0.399600
vt 0.862400 0.360500
vt 0.862400 0.311000
vt 0.867500 0.302200
vt 0.893900 0.283400
vt 0.896200 0.310400
vt 0.919300 0.279400
vt 0.920600 0.299300
vt 0.924700 0.304400
vt 0.922900 0.332300
vt 0.921600 0.312400
vt 0.896200 0.351000
vt 0.893900 0.328600
vt 0.901700 0.328800
vt 0.901100 0.358700
vt 0.929000 0.324900
vt 0.928900 0.357500
vt 0.967700 0.332400
vt 0.969900 0.360800
vt 0.972000 0.330400
vt 0.977000 0.359900
vt 0.864600 0.304500
vt 0.864900 0.351000
vt 0.878100 0.320400
vt 0.901800 0.406700
vt 0.901800 0.408200
vt 0.866300 0.302800
vt 0.928900 0.406700
vt 0.928900 0.405100
vt 0.967700 0.389400
vt 0.972000 0.401100
s 1
usemtl Material03
f 7/1/1 6/2/2 5/3/3
f 7/1/1 8/4/4 6/2/2
f 9/5/5 8/4/4 7/1/1
f 9/5/5 10/6/6 8/4/4
f 11/7/7 10/6/6 9/5/5
f 11/7/7 12/8/8 10/6/6
f 15/9/9 14/8/10 13/7/11
f 15/9/9 16/10/12 14/8/10
f 17/11/13 16/10/12 15/9/9
f 17/11/13 18/12/14 16/10/12
f 19/13/15 18/12/14 17/11/13
f 19/13/15 20/14/16 18/12/14
f 10/6/6 18/12/14 8/4/4
f 10/6/6 16/10/12 18/12/14
f 12/8/8 16/10/12 10/6/6
f 12/8/8 14/8/10 16/10/12
f 9/15/5 21/16/17 11/17/7
f 9/15/5 22/18/18 21/16/17
f 7/19/1 22/18/18 9/15/5
f 7/19/1 23/20/19 22/18/18
f 5/21/3 23/20/19 7/19/1
f 5/21/3 24/22/20 23/20/19
f 1/23/21 24/22/20 5/21/3
f 1/23/21 25/24/22 24/22/20
f 22/18/18 27/25/23 21/16/17
f 22/18/18 28/26/24 27/25/23
f 23/20/19 28/26/24 22/18/18
f 23/20/19 29/27/25 28/26/24
f 24/22/20 29/27/25 23/20/19
f 24/22/20 30/28/26 29/27/25
f 25/24/22 30/28/26 24/22/20
f 25/24/22 26/29/27 30/28/26
f 19/30/15 26/29/27 4/31/28
f 19/30/15 30/28/26 26/29/27
f 17/32/13 30/28/26 19/30/15
f 17/32/13 29/27/25 30/28/26
f 15/33/9 29/27/25 17/32/13
f 15/33/9 28/26/24 29/27/25
f 13/34/11 28/26/24 15/33/9
f 13/34/11 27/25/23 28/26/24
f 33/35/29 32/36/30 31/37/31
f 33/35/29 34/38/32 32/36/30
f 35/39/33 34/38/32 33/35/29
f 35/39/33 36/40/34 34/38/32
f 37/41/35 36/40/34 35/39/33
f 37/41/35 38/42/36 36/40/34
f 39/43/37 38/42/36 37/41/35
f 39/43/37 40/44/38 38/42/36
f 41/45/39 40/44/38 39/43/37
f 41/45/39 42/46/40 40/44/38
f 45/47/41 44/48/42 43/49/43
f 45/47/41 46/47/44 44/48/42
f 47/50/45 46/47/44 45/47/41
f 47/50/45 48/50/46 46/47/44
f 49/51/47 48/50/46 47/50/45
f 49/51/47 50/52/48 48/50/46
f 43/49/43 50/52/48 49/51/47
f 43/49/43 44/48/42 50/52/48
f 4/53/28 20/54/16 19/54/15
f 20/54/16 4/53/28 3/55/49
f 3/55/49 6/54/2 20/54/16
f 6/54/2 3/55/49 2/56/50
f 1/57/21 6/54/2 2/56/50
f 6/54/2 1/57/21 5/54/3
f 18/12/14 6/2/2 8/4/4
f 32/36/30 41/45/39 31/37/31
f 41/45/39 32/36/30 42/46/40
f 51/58/51 37/41/35 35/39/33
f 37/41/35 51/58/51 39/43/37
f 41/45/39 39/43/37 51/58/51
f 33/35/29 51/58/51 35/39/33
f 51/58/51 33/35/29 31/37/31
f 51/58/51 31/37/31 41/45/39
f 46/47/44 50/52/48 44/48/42
f 50/52/48 46/47/44 48/50/46
f 43/49/43 47/50/45 45/47/41
f 47/50/45 43/49/43 49/51/47
f 38/42/36 52/59/52 36/40/34
f 38/42/36 53/59/53 52/59/52
f 40/44/38 53/59/53 38/42/36
f 40/44/38 54/60/54 53/59/53
f 42/46/40 54/60/54 40/44/38
f 42/46/40 55/61/55 54/60/54
f 56/62/56 55/61/55 42/46/40
f 56/62/56 57/63/57 55/61/55
f 58/64/58 57/63/57 56/62/56
f 58/64/58 59/65/59 57/63/57
f 60/66/60 59/65/59 58/64/58
f 60/66/60 61/67/61 59/65/59
f 62/68/62 61/67/61 60/66/60
f 62/68/62 63/69/63 61/67/61
f 64/70/64 63/69/63 62/68/62
f 64/70/64 65/71/65 63/69/63
f 54/60/54 65/71/65 64/70/64
f 54/60/54 57/63/57 65/71/65
f 55/61/55 57/63/57 54/60/54
f 58/64/58 62/68/62 60/66/60
f 58/64/58 64/70/64 62/68/62
f 66/72/66 64/70/64 58/64/58
f 66/72/66 67/73/67 64/70/64
f 68/74/68 67/73/67 66/72/66
f 68/74/68 69/75/69 67/73/67
f 70/76/70 69/75/69 68/74/68
f 70/76/70 71/77/71 69/75/69
f 72/78/72 71/77/71 70/76/70
f 72/78/72 73/79/73 71/77/71
f 74/76/74 73/79/73 72/78/72
f 74/76/74 75/77/75 73/79/73
f 76/74/76 75/77/75 74/76/74
f 76/74/76 77/75/77 75/77/75
f 78/72/78 77/75/77 76/74/76
f 78/72/78 79/73/79 77/75/77
f 80/80/80 79/73/79 78/72/78
f 80/80/80 81/81/81 79/73/79
f 34/38/32 81/81/81 80/80/80
f 34/38/32 52/59/52 81/81/81
f 36/40/34 52/59/52 34/38/32
f 70/76/70 74/76/74 72/78/72
f 70/76/70 76/74/76 74/76/74
f 68/74/68 76/74/76 70/76/70
f 68/74/68 78/72/78 76/74/76
f 66/72/66 78/72/78 68/74/68
f 66/72/66 82/82/82 78/72/78
f 58/64/58 82/82/82 66/72/66
f 58/64/58 56/62/56 82/82/82
f 67/73/67 54/60/54 64/70/64
f 67/73/67 53/59/53 54/60/54
f 83/83/83 53/59/53 67/73/67
f 83/83/83 52/59/52 53/59/53
f 84/84/84 52/59/52 83/83/83
f 84/84/84 81/81/81 52/59/52
f 79/73/79 81/81/81 84/84/84
f 80/80/80 32/36/30 34/38/32
f 80/80/80 85/85/85 32/36/30
f 78/72/78 85/85/85 80/80/80
f 78/72/78 82/82/82 85/85/85
f 84/84/84 77/75/77 79/73/79
f 84/84/84 86/86/86 77/75/77
f 83/83/83 86/86/86 84/84/84
f 83/83/83 87/87/87 86/86/86
f 67/73/67 87/87/87 83/83/83
f 67/73/67 69/75/69 87/87/87
f 86/86/86 75/77/75 77/75/77
f 86/86/86 88/88/88 75/77/75
f 87/87/87 88/88/88 86/86/86
f 87/87/87 89/89/89 88/88/88
f 90/88/90 89/89/89 87/87/87
f 90/88/90 73/79/73 89/89/89
f 71/77/71 73/79/73 90/88/90
f 57/63/57 63/69/63 65/71/65
f 63/69/63 57/63/57 59/65/59
f 63/69/63 59/65/59 61/67/61
f 56/62/56 85/85/85 82/82/82
f 85/85/85 56/62/56 32/36/30
f 42/46/40 32/36/30 56/62/56
f 73/79/73 88/88/88 89/89/89
f 88/88/88 73/79/73 75/77/75
f 69/75/69 90/88/90 87/87/87
f 90/88/90 69/75/69 71/77/71
o soldier_arm_right
v -0.758607 6.166861 0.405727
v -1.015578 6.195558 0.257027
v -1.030228 6.178228 -0.175473
v -0.768403 6.136626 -0.346573
v -0.564696 5.964805 -0.237973
v -0.535388 6.061461 -0.267273
v -0.535388 6.061461 0.364427
v -0.564696 5.964805 0.286327
v -0.917437 5.808477 0.382727
v -0.698474 5.710458 0.278627
v -0.698292 5.710377 -0.224173
v -0.917162 5.808355 -0.328373
v -1.130058 5.903771 0.250327
v -1.130515 5.903975 -0.162573
v -1.424218 4.649160 -0.394973
v -1.135014 4.519842 -0.212673
v -1.134279 4.521485 0.269027
v -1.423757 4.650927 0.449327
v -2.091753 3.295209 0.606227
v -1.544237 4.408926 0.455827
v -1.829477 3.134334 0.496427
v -1.240902 4.273727 0.274527
v -1.779633 3.112046 -0.257873
v -1.239678 4.276465 -0.214473
v -1.991333 3.224344 -0.385173
v -1.537727 4.409521 -0.399973
v -1.685504 4.767420 0.272327
v -1.686086 4.766365 -0.212773
v -1.796640 4.526718 0.279527
v -1.797262 4.525573 -0.215773
v -2.332804 3.265192 -0.238773
v -2.365924 3.301363 0.372927
v -2.043992 4.548265 -0.465274
v -2.379270 3.285970 -0.252773
v -1.418047 4.342531 -0.695573
v -1.982478 3.220385 -0.404173
v -0.986784 4.137969 -0.495273
v -1.730519 3.090084 -0.272473
v -1.086380 4.182504 0.837127
v -1.789583 3.116495 0.603427
v -1.631371 4.455118 1.009727
v -2.103164 3.300312 0.716827
v -2.120703 4.596698 0.496325
v -2.419967 3.325528 0.379425
v -2.221701 3.518068 0.074327
v -2.404279 3.599708 0.033425
v -2.178156 3.498596 -0.292073
v -2.360734 3.580237 -0.292075
v -2.259797 3.316018 -0.292073
v -2.442375 3.397659 -0.292075
v -2.303342 3.335489 0.074327
v -2.485920 3.417130 0.033425
v -1.527256 4.366060 0.135327
v -2.517830 3.077030 -0.281374
v -2.147851 2.989696 -0.492873
v -1.818991 2.850093 -0.386973
v -2.460214 2.418771 -0.619773
v -2.281866 2.338693 -0.489373
v -2.648162 1.980078 -0.635873
v -2.454619 1.893315 -0.500173
v -2.961421 1.331450 -0.380573
v -2.777186 1.291241 -0.311673
v -3.006911 1.213549 0.092427
v -2.796353 1.215794 0.091927
v -2.961371 1.331318 0.564527
v -2.777095 1.291201 0.495627
v -2.648162 1.980078 0.807827
v -2.454660 1.893224 0.701227
v -2.454778 2.429704 0.769727
v -2.282086 2.340653 0.638227
v -2.374006 2.488340 0.770827
v -2.132818 2.381478 0.574327
v -2.454943 2.010670 0.887827
v -2.242778 1.960164 0.755927
v -2.302671 1.907309 0.938427
v -2.116045 1.927812 0.986327
v -2.328137 1.978725 1.118126
v -1.957039 2.346366 0.920327
v -2.225217 2.465626 1.116227
v -1.850058 2.905064 0.749327
v -2.197149 3.060486 0.849527
v -2.027545 2.683296 0.133927
v -1.820030 2.817147 -0.073373
v -1.824566 2.795734 0.387027
v -2.526802 3.078522 0.417727
v -2.752217 2.549670 -0.320174
v -2.743636 2.545832 0.454125
v -2.938339 2.110160 -0.325374
v -2.929392 2.106159 0.464125
v -3.113970 1.442275 -0.311673
v -3.215034 1.403666 0.091927
v -3.113970 1.442275 0.495627
v -1.041328 6.147712 -0.128130
v -1.041378 6.147734 -0.174039
v -0.739954 6.025288 0.366301
v -1.000319 6.135377 0.276569
v -1.035391 6.145057 0.255867
v -0.810168 6.050518 0.398260
v -0.941092 6.108945 0.314474
v -0.999267 6.131224 0.277918
v -0.807028 6.057606 0.398715
v -0.740874 6.032272 0.368246
vn -0.2721 -0.1186 -0.9549
vn -0.0634 -0.7268 -0.6839
vn 0.5698 -0.5204 -0.6360
vn -0.3427 -0.7776 0.5271
vn -0.1944 -0.2860 0.9383
vn 0.7409 -0.5167 0.4290
vn 0.7626 -0.3427 0.5486
vn 0.4134 -0.1726 0.8941
vn 0.0117 -0.0608 0.9981
vn -0.0374 0.0097 0.9993
vn 0.7688 -0.3544 -0.5324
vn -0.0909 0.0380 -0.9951
vn -0.7795 0.1498 0.6082
vn -0.4309 0.1509 0.8897
vn -0.4289 0.1947 0.8821
vn -0.2021 -0.0814 0.9760
vn -0.7962 0.3563 0.4890
vn -0.8180 0.3466 -0.4590
vn -0.8921 0.1736 -0.4170
vn -0.9267 0.2143 -0.3089
vn -0.0255 0.0468 -0.9986
vn 0.8046 -0.3182 -0.5014
vn 0.7957 -0.3146 0.5176
vn 0.0018 0.0400 0.9992
vn 0.6627 -0.2208 0.7156
vn -0.0172 0.0952 0.9953
vn -0.2561 0.2305 0.9388
vn 0.7892 -0.3305 0.5176
vn 0.8618 -0.3997 -0.3122
vn 0.7924 -0.3399 -0.5066
vn 0.1904 -0.0821 -0.9783
vn 0.0029 0.0059 -1.0000
vn -0.7904 0.3511 0.5019
vn -0.7833 0.3886 0.4852
vn -0.7906 0.3879 -0.4737
vn -0.7946 0.4065 0.4510
vn -0.7916 0.3657 -0.4896
vn -0.6714 0.2813 -0.6856
vn -0.8789 0.4154 0.2345
vn 0.0842 0.4515 -0.8883
vn -0.7572 0.2475 -0.6045
vn -0.2753 0.8612 -0.4273
vn 0.0672 0.0583 -0.9960
vn 0.7729 0.1904 -0.6053
vn 0.8983 -0.3561 -0.2575
vn 0.9186 0.1377 0.3703
vn 0.7173 -0.1450 0.6815
vn 0.1303 0.4716 0.8721
vn -0.4259 0.2270 0.8758
vn -0.6888 0.6623 0.2947
vn -0.8950 0.3678 0.2525
vn 0.7187 0.5928 -0.3634
vn -0.1095 0.9348 0.3378
vn 0.6386 0.0925 0.7640
vn -0.4384 0.5402 -0.7183
vn 0.4965 -0.6106 -0.6170
vn -0.6859 -0.5665 -0.4569
vn -0.0386 -0.8878 0.4585
vn -0.8395 0.0186 0.5430
vn 0.3740 0.9273 -0.0122
vn -0.6907 0.4749 -0.5454
vn -0.0107 0.2933 -0.9560
vn 0.6693 -0.1838 -0.7199
vn -0.0565 0.1171 -0.9915
vn 0.7685 -0.4992 -0.4002
vn -0.1274 -0.0456 -0.9908
vn 0.7502 -0.4409 -0.4928
vn -0.3475 -0.5778 -0.7385
vn 0.6043 -0.7467 -0.2779
vn -0.3736 -0.9276 0.0077
vn 0.2583 -0.9632 0.0745
vn -0.3554 -0.6300 0.6905
vn 0.5685 -0.6599 0.4913
vn -0.2336 -0.0503 0.9710
vn 0.7766 -0.3829 0.5003
vn -0.1045 -0.0007 0.9945
vn 0.7399 -0.5820 0.3373
vn -0.6010 -0.1253 0.7894
vn 0.4202 -0.7034 -0.5732
vn -0.8341 -0.4385 -0.3346
vn -0.0147 -0.7839 -0.6207
vn -0.2392 -0.9710 -0.0031
vn 0.6379 -0.7699 0.0193
vn -0.3385 -0.3859 0.8582
vn 0.8885 -0.2680 0.3724
vn -0.0638 0.2322 0.9706
vn 0.7814 0.1293 0.6105
vn -0.1686 0.3528 0.9204
vn 0.5774 -0.8011 -0.1576
vn 0.7928 -0.6094 0.0033
vn 0.8866 -0.4585 -0.0613
vn -0.8346 0.4048 0.3737
vn -0.8394 0.3755 -0.3929
vn -0.8461 0.3763 0.3775
vn -0.8565 0.2763 -0.4359
vn -0.8757 0.3077 0.3721
vn -0.9066 0.0142 -0.4218
vn -0.9322 -0.3584 -0.0509
vn -0.7990 -0.3243 0.5064
vn -0.4862 0.1875 0.8535
vn -0.9637 0.2656 0.0261
vn 0.4514 -0.2030 0.8689
vt 0.087600 0.907700
vt 0.098900 0.848000
vt 0.113000 0.844900
vt 0.217100 0.848000
vt 0.226100 0.908500
vt 0.190200 0.844900
vt 0.941600 0.593600
vt 0.938289 0.593738
vt 0.938358 0.593735
vt 0.938300 0.591300
vt 0.943500 0.591000
vt 0.946900 0.593800
vt 0.781600 0.646200
vt 0.784725 0.636903
vt 0.784690 0.618858
vt 0.784113 0.578753
vt 0.776400 0.575400
vt 0.785079 0.646737
vt 0.778500 0.933300
vt 0.801700 0.845700
vt 0.785079 0.851211
vt 0.783000 0.851900
vt 0.801700 0.924700
vt 0.929900 0.545400
vt 0.933900 0.529700
vt 0.933200 0.545400
vt 0.930000 0.529800
vt 0.924500 0.545500
vt 0.923100 0.545500
vt 0.923600 0.530100
vt 0.921900 0.530100
vt 0.923100 0.511200
vt 0.921800 0.525300
vt 0.926500 0.511500
vt 0.923600 0.525400
vt 0.931200 0.526600
vt 0.934000 0.526600
vt 0.801700 0.649300
vt 0.884200 0.554700
vt 0.801700 0.586400
vt 0.884200 0.638800
vt 0.884300 0.869600
vt 0.884300 0.956400
vt 0.901800 0.551600
vt 0.901600 0.635300
vt 0.901600 0.871000
vt 0.901600 0.958700
vt 0.991000 0.882000
vt 0.984300 0.951800
vt 0.989700 0.590900
vt 0.982800 0.510800
vt 0.783600 0.333400
vt 0.854900 0.394200
vt 0.787400 0.434300
vt 0.849100 0.343600
vt 0.784200 0.259800
vt 0.850100 0.306700
vt 0.784200 0.276400
vt 0.850100 0.315000
vt 0.782700 0.370200
vt 0.847800 0.362100
vt 0.786700 0.448000
vt 0.853800 0.401100
vt 0.092900 0.308400
vt 0.092900 0.368700
vt 0.092900 0.393900
vt 0.146300 0.308400
vt 0.146300 0.393900
vt 0.146300 0.368700
vt 0.759400 0.350100
vt 0.869000 0.399600
vt 0.864900 0.351000
vt 0.864600 0.304500
vt 0.901100 0.358700
vt 0.901700 0.328800
vt 0.928900 0.357500
vt 0.929000 0.324900
vt 0.969900 0.360800
vt 0.967700 0.332400
vt 0.977000 0.359900
vt 0.972000 0.330400
vt 0.896200 0.351000
vt 0.896200 0.310400
vt 0.922900 0.332300
vt 0.920600 0.299300
vt 0.924700 0.304400
vt 0.919300 0.279400
vt 0.921600 0.312400
vt 0.893900 0.283400
vt 0.893900 0.328600
vt 0.862400 0.311000
vt 0.862400 0.360500
vt 0.878100 0.320400
vt 0.866300 0.302800
vt 0.867500 0.302200
vt 0.869200 0.400700
vt 0.901800 0.408200
vt 0.901800 0.406700
vt 0.928900 0.406700
vt 0.928900 0.405100
vt 0.967700 0.389400
vt 0.972000 0.401100
vt 0.784941 0.636261
vt 0.785079 0.829374
vt 0.938215 0.593741
vt 0.938263 0.593739
vt 0.784613 0.578971
vt 0.936800 0.593800
s 1
usemtl Material03
f 94/90/91 96/91/92 95/92/93
f 97/93/94 91/94/95 98/95/96
f 100/96/97 185/97/98 188/98/99 99/96/100
f 100/96/97 98/99/96 185/97/98
f 101/96/101 98/99/96 100/96/97
f 101/96/101 95/100/93 98/99/96
f 102/96/102 95/100/93 101/96/101
f 102/96/102 94/101/91 95/100/93
f 92/102/103 186/103/104 189/104/105 191/105/106 91/106/95
f 92/102/103 187/107/107 186/103/104
f 94/108/91 104/109/108 184/110/109 93/111/110
f 94/108/91 102/112/102 104/109/108
f 101/113/101 105/114/111 102/115/102
f 101/113/101 106/116/112 105/114/111
f 100/117/97 106/116/112 101/113/101
f 99/118/100 107/119/113 100/117/97
f 99/118/100 108/120/114 107/119/113
f 111/121/115 110/122/116 109/123/117
f 111/121/115 112/124/118 110/122/116
f 113/121/119 112/124/118 111/121/115
f 113/121/119 114/125/120 112/124/118
f 115/123/121 114/125/120 113/121/119
f 115/123/121 116/126/122 114/125/120
f 112/124/118 108/120/114 110/122/116
f 112/124/118 107/119/113 108/120/114
f 114/125/120 107/119/113 112/124/118
f 114/125/120 106/116/112 107/119/113
f 116/126/122 106/116/112 114/125/120
f 116/126/122 105/114/111 106/116/112
f 103/127/123 108/128/114 99/129/100
f 103/127/123 117/130/124 108/128/114
f 104/109/108 117/130/124 103/127/123
f 104/109/108 118/131/125 117/130/124
f 102/112/102 118/131/125 104/109/108
f 102/112/102 105/132/111 118/131/125
f 117/130/124 110/133/116 108/128/114
f 117/130/124 119/134/126 110/133/116
f 118/131/125 119/134/126 117/130/124
f 118/131/125 120/135/127 119/134/126
f 105/132/111 120/135/127 118/131/125
f 105/132/111 116/136/122 120/135/127
f 121/137/128 116/136/122 115/138/121
f 121/137/128 120/135/127 116/136/122
f 122/139/129 120/135/127 121/137/128
f 122/139/129 119/134/126 120/135/127
f 109/140/117 119/134/126 122/139/129
f 109/140/117 110/133/116 119/134/126
f 125/141/130 124/142/131 123/143/132
f 125/141/130 126/144/133 124/142/131
f 127/145/134 126/144/133 125/141/130
f 127/145/134 128/146/135 126/144/133
f 129/147/136 128/146/135 127/145/134
f 129/147/136 130/148/137 128/146/135
f 131/149/138 130/148/137 129/147/136
f 131/149/138 132/150/139 130/148/137
f 133/151/140 132/150/139 131/149/138
f 133/151/140 134/152/141 132/150/139
f 137/153/142 136/154/143 135/155/144
f 137/153/142 138/153/145 136/154/143
f 139/156/146 138/153/145 137/153/142
f 139/156/146 140/156/147 138/153/145
f 141/157/148 140/156/147 139/156/146
f 141/157/148 142/158/149 140/156/147
f 135/155/144 142/158/149 141/157/148
f 135/155/144 136/154/143 142/158/149
f 124/142/131 133/151/140 123/143/132
f 133/151/140 124/142/131 134/152/141
f 143/159/150 123/143/132 133/151/140
f 123/143/132 143/159/150 125/141/130
f 127/145/134 125/141/130 143/159/150
f 131/149/138 143/159/150 133/151/140
f 143/159/150 131/149/138 129/147/136
f 143/159/150 129/147/136 127/145/134
f 142/158/149 138/153/145 140/156/147
f 138/153/145 142/158/149 136/154/143
f 139/156/146 135/155/144 141/157/148
f 135/155/144 139/156/146 137/153/142
f 126/144/133 144/160/151 124/142/131
f 126/144/133 145/161/152 144/160/151
f 146/162/153 145/161/152 126/144/133
f 146/162/153 147/163/154 145/161/152
f 148/164/155 147/163/154 146/162/153
f 148/164/155 149/165/156 147/163/154
f 150/166/157 149/165/156 148/164/155
f 150/166/157 151/167/158 149/165/156
f 152/168/159 151/167/158 150/166/157
f 152/168/159 153/169/160 151/167/158
f 154/170/161 153/169/160 152/168/159
f 154/170/161 155/167/162 153/169/160
f 156/168/163 155/167/162 154/170/161
f 156/168/163 157/165/164 155/167/162
f 158/166/165 157/165/164 156/168/163
f 158/166/165 159/163/166 157/165/164
f 160/164/167 159/163/166 158/166/165
f 160/164/167 161/171/168 159/163/166
f 162/172/169 161/171/168 160/164/167
f 162/172/169 163/173/170 161/171/168
f 164/174/171 163/173/170 162/172/169
f 164/174/171 165/175/172 163/173/170
f 166/176/173 165/175/172 164/174/171
f 166/176/173 167/177/174 165/175/172
f 168/178/175 167/177/174 166/176/173
f 168/178/175 169/179/176 167/177/174
f 170/180/177 169/179/176 168/178/175
f 170/180/177 171/181/178 169/179/176
f 130/148/137 171/181/178 170/180/177
f 130/148/137 132/150/139 171/181/178
f 152/168/159 156/168/163 154/170/161
f 152/168/159 158/166/165 156/168/163
f 150/166/157 158/166/165 152/168/159
f 150/166/157 160/164/167 158/166/165
f 148/164/155 160/164/167 150/166/157
f 148/164/155 172/182/179 160/164/167
f 173/183/180 172/182/179 148/164/155
f 173/183/180 174/184/181 172/182/179
f 128/146/135 174/184/181 173/183/180
f 128/146/135 130/148/137 174/184/181
f 167/177/174 163/173/170 165/175/172
f 167/177/174 161/171/168 163/173/170
f 169/179/176 161/171/168 167/177/174
f 169/179/176 171/181/178 161/171/168
f 162/172/169 166/176/173 164/174/171
f 162/172/169 168/178/175 166/176/173
f 174/184/181 168/178/175 162/172/169
f 174/184/181 170/180/177 168/178/175
f 130/148/137 170/180/177 174/184/181
f 171/181/178 159/163/166 161/171/168
f 171/181/178 175/185/182 159/163/166
f 132/150/139 175/185/182 171/181/178
f 132/150/139 134/152/141 175/185/182
f 144/160/151 134/152/141 124/142/131
f 144/160/151 175/185/182 134/152/141
f 176/186/183 175/185/182 144/160/151
f 176/186/183 177/187/184 175/185/182
f 178/188/185 177/187/184 176/186/183
f 178/188/185 179/189/186 177/187/184
f 180/190/187 179/189/186 178/188/185
f 180/190/187 181/191/188 179/189/186
f 151/167/158 181/191/188 180/190/187
f 151/167/158 153/169/160 181/191/188
f 178/188/185 151/167/158 180/190/187
f 178/188/185 149/165/156 151/167/158
f 176/186/183 149/165/156 178/188/185
f 176/186/183 147/163/154 149/165/156
f 144/160/151 147/163/154 176/186/183
f 144/160/151 145/161/152 147/163/154
f 177/187/184 159/163/166 175/185/182
f 177/187/184 157/165/164 159/163/166
f 179/189/186 157/165/164 177/187/184
f 179/189/186 155/167/162 157/165/164
f 182/190/189 155/167/162 179/189/186
f 182/190/189 153/169/160 155/167/162
f 181/191/188 153/169/160 182/190/189
f 146/162/153 173/183/180 148/164/155
f 173/183/180 146/162/153 128/146/135
f 126/144/133 128/146/135 146/162/153
f 172/182/179 162/172/169 160/164/167
f 162/172/169 172/182/179 174/184/181
f 179/189/186 181/191/188 182/190/189
f 186/103/104 187/107/107 190/192/190
f 187/107/107 183/193/191 103/127/123
f 183/193/191 184/110/109 104/109/108 103/127/123
f 188/98/99 185/97/98 192/194/192 191/195/106
f 185/97/98 98/99/96 192/194/192
f 188/196/99 189/104/105 190/192/190 99/129/100
f 192/194/192 98/99/96 91/197/95
f 190/192/190 187/107/107 103/127/123 99/129/100
f 190/192/190 189/104/105 186/103/104
f 191/195/106 192/194/192 91/197/95
f 191/105/106 189/104/105 188/196/99
o soldier_head
v -2.022900 8.516758 0.402403
v -2.220200 8.576859 0.087703
v -2.022900 8.997058 0.303003
v -2.220200 8.817059 0.038003
v -2.022900 9.266459 -0.106997
v -2.220200 8.951658 -0.166997
v -2.022900 9.166959 -0.587296
v -2.220200 8.901958 -0.407197
v -2.022900 8.757059 -0.856596
v -2.220200 8.696959 -0.541796
v -2.022900 8.276758 -0.757196
v -2.220200 8.456859 -0.492097
v -2.022900 8.007459 -0.347197
v -2.220200 8.322159 -0.287197
v -2.022900 8.106858 0.133103
v -2.220200 8.371859 -0.046997
v 2.022900 8.276758 -0.757196
v 1.332100 8.276758 -0.757196
v 2.022900 8.007459 -0.347197
v 1.332100 8.007459 -0.347197
v 2.022900 8.106858 0.133103
v 1.332100 8.106858 0.133103
v 2.022900 8.516758 0.402403
v 1.332100 8.516758 0.402403
v 2.022900 8.997058 0.303003
v 1.332100 8.997058 0.303003
v 2.022900 9.266459 -0.106997
v 1.332100 9.266459 -0.106997
v 2.022900 9.166959 -0.587296
v 1.332100 9.166959 -0.587296
v 2.022900 8.757059 -0.856596
v 1.332100 8.757059 -0.856596
v -1.332100 8.276758 -0.757196
v -1.332100 8.757059 -0.856596
v -1.332100 9.166959 -0.587296
v -1.332100 9.266459 -0.106997
v -1.332100 8.997058 0.303003
v -1.332100 8.516758 0.402403
v -1.332100 8.106858 0.133103
v -1.332100 8.007459 -0.347197
v 2.220200 8.456859 -0.492097
v 2.220200 8.696959 -0.541796
v 2.220200 8.901958 -0.407197
v 2.220200 8.951658 -0.166997
v 2.220200 8.817059 0.038003
v 2.220200 8.576859 0.087703
v 2.220200 8.371859 -0.046997
v 2.220200 8.322159 -0.287197
v -2.220200 8.636959 -0.227097
v 2.220200 8.636959 -0.227097
v 0.604105 9.081811 1.195643
v 0.849005 8.980311 1.195643
v 0.604105 9.231411 1.705543
v 0.954804 9.086111 1.705543
v 0.604105 9.165010 1.953543
v 0.907905 9.039211 1.953543
v 0.604105 8.983411 2.135143
v 0.779505 8.910811 2.135143
v 0.604105 8.735412 2.201543
v 0.852105 8.735412 2.135143
v 0.779505 8.560111 2.135143
v 1.033705 8.735412 1.953543
v 0.907905 8.431711 1.953543
v 1.100105 8.735412 1.705543
v 0.954804 8.384711 1.705543
v 0.950505 8.735412 1.195643
v 0.849005 8.490512 1.195643
v 0.359205 8.980311 1.195643
v 0.253405 9.086111 1.705543
v 0.257805 8.735412 1.195643
v 0.108105 8.735412 1.705543
v 0.359205 8.490512 1.195643
v 0.253405 8.384711 1.705543
v 0.604105 8.389011 1.195643
v 0.604105 8.239411 1.705543
v 0.300405 9.039211 1.953543
v 0.174604 8.735412 1.953543
v 0.300405 8.431711 1.953543
v 0.604105 8.305911 1.953543
v 0.428805 8.910811 2.135143
v 0.356105 8.735412 2.135143
v 0.428805 8.560111 2.135143
v 0.604105 8.487411 2.135143
v -0.604105 9.082511 1.195643
v -0.604105 9.231411 1.705543
v -0.849504 8.980811 1.195643
v -0.954805 9.086111 1.705543
v -0.951206 8.735412 1.195643
v -1.100105 8.735412 1.705543
v -0.849504 8.490012 1.195643
v -0.954805 8.384711 1.705543
v -0.604105 8.388311 1.195643
v -0.604105 8.239411 1.705543
v -0.358704 8.490012 1.195643
v -0.253405 8.384711 1.705543
v -0.257004 8.735412 1.195643
v -0.108104 8.735412 1.705543
v -0.358704 8.980811 1.195643
v -0.253405 9.086111 1.705543
v -0.300404 9.039211 1.953543
v -0.604105 9.165010 1.953543
v -0.907806 9.039211 1.953543
v -1.033605 8.735412 1.953543
v -0.907806 8.431711 1.953543
v -0.604105 8.305911 1.953543
v -0.300404 8.431711 1.953543
v -0.174504 8.735412 1.953543
v -0.428704 8.910811 2.135143
v -0.604105 8.983411 2.135143
v -0.779405 8.910811 2.135143
v -0.852104 8.735412 2.135143
v -0.779405 8.560111 2.135143
v -0.604105 8.487411 2.135143
v -0.428704 8.560111 2.135143
v -0.356104 8.735412 2.135143
v -0.604105 8.735412 2.201543
v -1.319900 8.856300 0.850697
v -1.193000 9.244300 1.017797
v -1.228000 8.504600 1.080697
v -0.874100 9.052900 1.430697
v -1.064400 8.251100 1.495297
v 0.000000 8.389900 1.812497
v -0.816300 7.956000 2.068397
v 0.000000 7.990600 2.278197
v -0.921900 7.502300 2.238899
v 0.001600 7.519100 2.531500
v -0.841700 7.438400 2.220000
v 0.001600 7.453800 2.487098
v -1.559000 7.801100 0.643497
v -1.500700 8.110400 0.333297
v -1.442700 9.544000 0.261697
v -0.915000 9.809300 1.304497
v -0.957700 9.362000 1.413697
v 0.000000 9.895600 1.559297
v 0.000000 9.456500 1.707697
v 0.915000 9.809300 1.304497
v 0.957700 9.362000 1.413697
v 1.193000 9.244300 1.017797
v 0.874100 9.052900 1.430697
v 0.000000 8.856100 1.740797
v 1.064400 8.251100 1.495297
v 1.228000 8.504600 1.080697
v 1.559000 7.801100 0.643497
v 1.500700 8.110400 0.333297
v 1.667900 7.390100 0.386697
v 1.301100 7.390100 -0.696703
v 1.442800 6.883700 0.590697
v 1.132800 6.874700 -0.578303
v 0.881400 6.539000 0.849200
v 0.001600 6.429700 0.338300
v 0.001600 6.443900 0.950500
v -0.881400 6.539000 0.849200
v 0.841700 7.438400 2.220000
v 0.921900 7.502300 2.238899
v 1.392300 7.398700 1.508297
v 1.474900 7.466600 1.506097
v 1.497400 7.354200 0.649197
v 1.640000 7.384300 0.513197
v 1.256600 6.925600 1.366099
v 1.331100 6.865500 1.357599
v 0.651400 6.715200 1.978199
v 0.713500 6.662200 1.966100
v 0.001600 6.654100 2.179199
v 0.001600 6.595200 2.186198
v -0.651400 6.715200 1.978199
v -0.713500 6.662200 1.966100
v -1.256600 6.925600 1.366099
v -1.331100 6.865500 1.357599
v -1.497400 7.354200 0.649197
v -1.640000 7.384300 0.513197
v -1.392300 7.398700 1.508297
v -1.474900 7.466600 1.506097
v -1.324700 7.891400 1.486297
v -1.442800 6.883700 0.590697
v -1.667900 7.390100 0.386697
v -1.301100 7.390100 -0.696703
v -1.108300 9.291500 -0.706303
v 0.001600 7.390100 -1.293903
v 0.000000 9.203200 -1.242703
v 1.108300 9.291500 -0.706303
v 1.442700 9.544000 0.261697
v 1.319900 8.856300 0.850697
v 0.001600 6.770700 -1.012000
v -1.132800 6.874700 -0.578303
v 0.816300 7.956000 2.068397
v 1.324700 7.891400 1.486297
v 0.001600 6.926100 1.367200
v 0.001500 7.355600 0.649197
v 0.861600 10.723959 -0.556997
v 0.497400 10.636158 -0.910397
v 1.393700 10.169958 -0.735897
v 0.804600 10.011957 -1.323597
v 1.679300 9.371959 -0.854297
v 0.939900 9.200758 -1.528997
v 1.784500 8.795158 -0.871397
v 0.998800 8.610258 -1.530297
v 1.731400 8.153459 -0.789697
v 0.998800 7.984758 -1.409097
v 1.514900 7.628859 -0.675297
v 0.944000 7.501559 -1.132697
v 1.352400 7.485259 -0.533797
v 0.842800 7.375759 -0.919197
v 0.000000 7.952358 0.042803
v 0.000000 7.321358 -1.138397
v -0.842800 7.375759 -0.919197
v 0.000000 7.440558 -1.378197
v -0.944000 7.501559 -1.132697
v 0.000000 7.923759 -1.684697
v -0.998800 7.984758 -1.409097
v 0.000000 8.549258 -1.805897
v -0.998800 8.610258 -1.530297
v 0.000000 9.140058 -1.788397
v -0.939900 9.200758 -1.528997
v 0.000000 9.959959 -1.532797
v -0.804600 10.011957 -1.323597
v 0.000000 10.604057 -1.039796
v -0.497400 10.636158 -0.910397
v 0.994900 10.843958 -0.074297
v 1.609300 10.363958 0.045003
v 0.861600 10.963858 0.408503
v 1.393700 10.557959 0.825903
v 0.497400 11.051659 0.761903
v 0.804600 10.699959 1.397503
v 0.000000 11.083757 0.891303
v 0.000000 10.751959 1.606803
v -0.497400 11.051659 0.761903
v -0.804600 10.699959 1.397503
v -0.861600 10.963858 0.408503
v -1.393700 10.557959 0.825903
v -0.994900 10.843958 -0.074297
v -1.609300 10.363958 0.045003
v -0.861600 10.723959 -0.556997
v -1.393700 10.169958 -0.735897
v 1.879800 9.641158 0.216103
v 1.627900 9.867758 1.128303
v 0.939900 10.033657 1.796003
v 0.000000 10.094358 2.040403
v -0.939900 10.033657 1.796003
v -1.627900 9.867758 1.128303
v -1.879800 9.641158 0.216103
v -1.679300 9.371959 -0.854297
v -1.784500 8.795158 -0.871397
v -1.731400 8.153459 -0.789697
v -1.514900 7.628859 -0.675297
v -1.352400 7.485259 -0.533797
v -1.563000 7.737759 0.150203
v 0.000000 8.519558 0.404603
v -1.685600 8.304858 0.511903
v 0.000000 9.138658 0.295403
v -1.685600 8.924058 0.402703
v -1.459800 9.127257 1.220603
v -1.924700 9.092058 0.359403
v -1.635100 9.319658 1.275603
v -1.924700 8.472959 0.468703
v -1.836900 7.905859 0.106903
v -0.944000 9.486259 1.946303
v -0.842800 9.275958 1.819404
v 0.000000 9.330458 2.038603
v 0.842800 9.275958 1.819404
v 0.000000 9.547258 2.191803
v 0.944000 9.486259 1.946303
v 1.635100 9.319658 1.275603
v 1.459800 9.127257 1.220603
v 1.685600 8.924058 0.402703
v 1.685600 8.304858 0.511903
v 1.563000 7.737759 0.150203
v 1.836900 7.905859 0.106903
v 1.924700 8.472959 0.468703
v 1.924700 9.092058 0.359403
v 0.687700 11.589157 -0.677697
v 0.397100 11.519058 -0.959796
v 0.000000 11.493359 -1.062997
v -0.397100 11.519058 -0.959796
v -0.687700 11.589157 -0.677697
v -0.794100 11.684858 -0.292297
v -0.687700 11.780558 0.093003
v -0.397100 11.850658 0.375103
v 0.000000 11.876257 0.478303
v 0.397100 11.850658 0.375103
v 0.687700 11.780558 0.093003
v 0.794100 11.684858 -0.292297
v 0.531900 11.798258 -0.635796
v 0.307100 11.724358 -0.854197
v 0.000000 11.704557 -0.934096
v -0.307100 11.724358 -0.854197
v -0.531900 11.798258 -0.635796
v -0.614200 11.872358 -0.337697
v -0.531900 11.946358 -0.039697
v -0.307100 12.000557 0.178503
v 0.000000 12.004559 0.266203
v 0.307100 12.000557 0.178503
v 0.531900 11.946358 -0.039697
v 0.614200 11.872358 -0.337697
v 0.000000 12.001957 -0.369897
vn -0.4975 0.3853 0.7772
vn -0.9334 -0.0673 0.3526
vn -0.3998 -0.2613 0.8786
vn -0.9453 0.2185 0.2422
vn -0.4975 0.8220 0.2770
vn -0.9453 0.3258 0.0167
vn -0.4975 0.7771 -0.3855
vn -0.9453 0.2422 -0.2185
vn -0.4975 0.2770 -0.8221
vn -0.9453 0.0167 -0.3257
vn -0.4975 -0.3855 -0.7771
vn -0.9453 -0.2185 -0.2422
vn -0.4975 -0.8221 -0.2770
vn -0.9453 -0.3258 -0.0168
vn -0.5664 -0.7161 0.4080
vn -0.9630 -0.2228 0.1513
vn 0.4975 -0.8221 -0.2770
vn -0.0001 -0.6695 -0.7428
vn 0.4975 -0.3855 -0.7771
vn -0.0000 -0.9987 -0.0519
vn 0.4975 -0.7772 0.3853
vn -0.0001 -0.7429 0.6694
vn 0.4975 -0.2770 0.8220
vn -0.0001 -0.0520 0.9986
vn 0.4974 0.3854 0.7772
vn -0.0000 0.6694 0.7429
vn 0.4975 0.8220 0.2770
vn -0.0001 0.9987 0.0519
vn 0.4975 0.7771 -0.3855
vn -0.0000 0.7428 -0.6695
vn 0.4975 0.2770 -0.8221
vn -0.0001 0.0520 -0.9986
vn -0.0000 0.0520 -0.9986
vn -0.0000 -0.6695 -0.7428
vn -0.0000 0.9987 0.0519
vn -0.0000 -0.0520 0.9986
vn -0.0000 -0.7429 0.6694
vn 0.9453 0.0167 -0.3257
vn 0.9453 -0.2185 -0.2422
vn 0.9453 0.2422 -0.2185
vn 0.9453 0.3258 0.0167
vn 0.9453 0.2185 0.2422
vn 0.9453 -0.0168 0.3258
vn 0.9453 -0.2423 0.2185
vn 0.9453 -0.3258 -0.0168
vn -1.0000 -0.0000 -0.0000
vn 1.0000 -0.0000 -0.0000
vn -0.0000 0.9945 -0.1051
vn 0.5803 0.7651 -0.2791
vn -0.0000 0.9596 -0.2815
vn 0.7070 0.7071 -0.0113
vn -0.0000 0.9055 0.4244
vn 0.6224 0.5992 0.5036
vn -0.0000 0.5716 0.8205
vn 0.4245 0.3402 0.8391
vn -0.0000 -0.0000 1.0000
vn 0.4958 -0.0001 0.8684
vn 0.4246 -0.3402 0.8390
vn 0.8163 -0.0001 0.5777
vn 0.6224 -0.5991 0.5036
vn 0.9967 -0.0000 0.0810
vn 0.7070 -0.7071 -0.0112
vn 0.9595 -0.0000 -0.2816
vn 0.5803 -0.7651 -0.2791
vn -0.5803 0.7651 -0.2791
vn -0.7068 0.7073 -0.0119
vn -0.9513 0.1308 -0.2792
vn -0.9999 0.0002 -0.0114
vn -0.7651 -0.5803 -0.2792
vn -0.7071 -0.7070 -0.0110
vn -0.1308 -0.9513 -0.2791
vn -0.0000 -0.9999 -0.0110
vn -0.6224 0.5990 0.5037
vn -0.8637 -0.0165 0.5037
vn -0.5990 -0.6224 0.5038
vn 0.0164 -0.8637 0.5037
vn -0.4246 0.3403 0.8390
vn -0.5408 -0.0597 0.8390
vn -0.3403 -0.4246 0.8390
vn 0.0595 -0.5409 0.8390
vn -0.5805 0.7654 -0.2779
vn -0.0000 0.9999 -0.0106
vn 0.1308 0.9517 -0.2779
vn -0.7068 0.7073 -0.0120
vn -0.9517 0.1308 -0.2779
vn -0.9999 0.0004 -0.0117
vn -0.7654 -0.5805 -0.2779
vn -0.7073 -0.7069 -0.0115
vn -0.1308 -0.9517 -0.2779
vn -0.0003 -0.9999 -0.0117
vn 0.5805 -0.7654 -0.2779
vn 0.7067 -0.7074 -0.0120
vn 0.9517 -0.1308 -0.2779
vn 0.9999 -0.0003 -0.0113
vn 0.7654 0.5805 -0.2779
vn 0.7067 0.7074 -0.0120
vn 0.5991 0.6225 0.5036
vn -0.0166 0.8638 0.5036
vn 0.8637 0.0165 0.5037
vn 0.3403 0.4245 0.8390
vn -0.0596 0.5408 0.8390
vn 0.5408 0.0596 0.8390
vn -0.8899 0.1489 0.4312
vn -0.8698 0.0949 0.4842
vn -0.9290 0.0662 0.3640
vn -0.5552 0.0694 0.8288
vn -0.6947 0.4402 0.5688
vn -0.0000 0.5171 0.8560
vn -0.5084 0.5472 0.6649
vn 0.0001 0.5567 0.8307
vn -0.4997 -0.0196 0.8660
vn 0.0004 -0.2501 0.9682
vn -0.2858 -0.8301 0.4788
vn 0.0002 -0.8747 0.4846
vn -0.9411 0.2580 0.2185
vn -0.9906 0.1362 -0.0122
vn -0.9278 0.3571 0.1078
vn -0.5755 0.7356 0.3573
vn -0.5573 0.1162 0.8222
vn -0.0799 0.8799 0.4685
vn -0.0061 0.1667 0.9860
vn 0.4832 0.7841 0.3894
vn 0.5674 0.0578 0.8214
vn 0.8698 0.0949 0.4842
vn 0.6001 0.0692 0.7970
vn 0.0667 0.0745 0.9950
vn 0.9411 0.2580 0.2185
vn 0.8899 0.1489 0.4312
vn 0.6947 0.4402 0.5688
vn 0.9906 0.1362 -0.0122
vn 0.9978 -0.0595 -0.0308
vn 0.7854 -0.1297 -0.6053
vn 0.8187 -0.5723 -0.0469
vn 0.4860 -0.7333 -0.4755
vn 0.3299 -0.9440 0.0117
vn 0.0003 -0.9905 -0.1375
vn 0.0265 -0.9962 0.0835
vn -0.2811 -0.9594 0.0242
vn 0.2188 -0.8524 0.4749
vn 0.5385 -0.1566 0.8279
vn 0.3645 -0.9000 0.2390
vn 0.8518 -0.2976 0.4312
vn 0.6033 -0.5009 0.6206
vn 0.9383 0.0431 0.3432
vn 0.2531 0.7921 0.5554
vn 0.8312 -0.1086 0.5453
vn 0.3008 0.6776 0.6711
vn 0.4387 -0.5210 0.7322
vn 0.0685 0.5383 0.8400
vn -0.0966 -0.6263 0.7736
vn -0.2591 0.6031 0.7544
vn -0.6048 -0.4124 0.6813
vn -0.3421 0.7293 0.5925
vn -0.7995 0.1632 0.5781
vn -0.4408 0.3826 0.8120
vn -0.9452 -0.1769 0.2743
vn -0.3134 -0.9329 0.1771
vn -0.8430 -0.2426 0.4801
vn -0.8576 0.3729 0.3542
vn -0.7359 -0.6764 0.0311
vn -0.9914 -0.1112 -0.0688
vn -0.7415 -0.1379 -0.6567
vn -0.5384 0.5916 -0.6000
vn -0.0116 -0.1877 -0.9822
vn 0.0965 0.6543 -0.7501
vn 0.6355 0.5608 -0.5307
vn 0.9278 0.3571 0.1078
vn 0.9290 0.0662 0.3640
vn -0.0903 -0.6984 -0.7100
vn -0.5632 -0.7403 -0.3671
vn 0.5084 0.5472 0.6649
vn 0.8576 0.3729 0.3542
vn -0.0001 0.9139 0.4060
vn 0.0001 -0.8789 0.4771
vn 0.6282 0.5828 -0.5155
vn 0.4879 0.3468 -0.8011
vn 0.7893 0.3631 -0.4951
vn 0.3872 0.4718 -0.7921
vn 0.8068 0.2764 -0.5222
vn 0.4495 0.1865 -0.8736
vn 0.8744 0.0346 -0.4840
vn 0.4715 -0.0606 -0.8798
vn 0.8746 -0.2173 -0.4334
vn 0.4705 -0.3215 -0.8217
vn 0.7754 -0.4993 -0.3867
vn 0.3802 -0.7098 -0.5929
vn 0.3299 -0.9423 0.0575
vn 0.1270 -0.9898 -0.0652
vn -0.0138 -0.8076 0.5896
vn -0.0000 -0.9998 0.0179
vn -0.1891 -0.9751 -0.1157
vn -0.0000 -0.8024 -0.5967
vn -0.4179 -0.6344 -0.6503
vn -0.0000 -0.4216 -0.9068
vn -0.4760 -0.2759 -0.8350
vn -0.0000 -0.1175 -0.9931
vn -0.4705 -0.0114 -0.8823
vn -0.0000 0.1204 -0.9927
vn -0.4125 0.1957 -0.8897
vn -0.0000 0.4024 -0.9155
vn -0.3872 0.4718 -0.7921
vn 0.0391 0.3589 -0.9325
vn -0.4100 0.3363 -0.8478
vn 0.8451 0.5224 -0.1137
vn 0.8017 0.5804 -0.1429
vn 0.7230 0.6255 0.2933
vn 0.7109 0.6601 0.2425
vn 0.4080 0.6997 0.5865
vn 0.4191 0.7318 0.5374
vn -0.0155 0.7254 0.6882
vn 0.0140 0.7592 0.6507
vn -0.4352 0.6956 0.5716
vn -0.3949 0.7349 0.5513
vn -0.7389 0.6184 0.2674
vn -0.6974 0.6654 0.2663
vn -0.8456 0.5141 -0.1440
vn -0.8120 0.5696 -0.1271
vn -0.7255 0.4105 -0.5524
vn -0.6931 0.5140 -0.5054
vn 0.9746 0.2211 0.0342
vn 0.8045 0.3121 0.5053
vn 0.4436 0.4164 0.7936
vn -0.0366 0.3930 0.9188
vn -0.5655 0.3700 0.7371
vn -0.8703 0.3145 0.3790
vn -0.9756 0.2162 -0.0379
vn -0.7618 0.2375 -0.6027
vn -0.8751 -0.0036 -0.4839
vn -0.8678 -0.2693 -0.4175
vn -0.7435 -0.5807 -0.3316
vn -0.3018 -0.9438 0.1348
vn -0.1300 -0.7472 0.6518
vn 0.0159 -0.1904 0.9816
vn -0.1481 -0.1980 0.9689
vn 0.0061 -0.8117 0.5841
vn -0.1383 -0.3183 0.9378
vn -0.3490 -0.8356 0.4241
vn -0.9345 -0.2098 0.2877
vn -0.8318 -0.1286 0.5400
vn -0.8501 -0.1153 0.5138
vn -0.7394 -0.6151 0.2739
vn -0.4420 -0.2046 0.8734
vn -0.1502 -0.8212 0.5506
vn -0.0000 -0.8631 0.5050
vn 0.2105 -0.7923 0.5727
vn -0.0000 -0.3266 0.9452
vn 0.4824 -0.0530 0.8743
vn 0.7774 -0.3599 0.5159
vn 0.2425 -0.8978 0.3676
vn 0.2393 -0.4212 0.8748
vn 0.0600 -0.1969 0.9786
vn 0.2659 -0.7404 0.6174
vn 0.7796 -0.6110 0.1374
vn 0.8717 -0.2711 0.4082
vn 0.8987 -0.0598 0.4345
vn 0.7592 0.3469 -0.5507
vn 0.4236 0.2814 -0.8610
vn -0.0121 0.2602 -0.9655
vn -0.4471 0.2913 -0.8457
vn -0.7648 0.3577 -0.5359
vn -0.8817 0.4604 -0.1033
vn -0.7576 0.5675 0.3223
vn -0.4312 0.6450 0.6309
vn 0.0157 0.6814 0.7317
vn 0.4449 0.6470 0.6193
vn 0.7686 0.5623 0.3049
vn 0.8822 0.4543 -0.1238
vn 0.4341 0.7419 -0.5111
vn 0.2164 0.7012 -0.6794
vn -0.0387 0.6913 -0.7216
vn -0.2901 0.7049 -0.6472
vn -0.4828 0.7525 -0.4478
vn -0.5452 0.8224 -0.1623
vn -0.4524 0.8865 0.0975
vn -0.2205 0.9353 0.2769
vn 0.0412 0.9442 0.3269
vn 0.2943 0.9235 0.2460
vn 0.4930 0.8696 0.0289
vn 0.5449 0.8030 -0.2413
vn -0.0000 0.9685 -0.2492
vt 0.152500 0.435400
vt 0.125600 0.321000
vt 0.126100 0.435400
vt 0.152500 0.321000
vt 0.173500 0.435400
vt 0.173600 0.321000
vt 0.192800 0.435400
vt 0.192800 0.321000
vt 0.219100 0.435400
vt 0.219100 0.321000
vt 0.240600 0.435400
vt 0.240100 0.321000
vt 0.043700 0.435400
vt 0.015400 0.321000
vt 0.016500 0.435400
vt 0.043200 0.321000
vt 0.086100 0.435400
vt 0.086300 0.321000
vt 0.016500 0.495700
vt 0.043700 0.495700
vt 0.086100 0.495700
vt 0.126100 0.495700
vt 0.152500 0.495700
vt 0.173500 0.495700
vt 0.192800 0.495700
vt 0.219100 0.495700
vt 0.240600 0.495700
vt 0.182300 0.255900
vt 0.500000 1.000000
vt 0.806200 0.806200
vt 0.500000 0.933000
vt 0.853600 0.853600
vt 0.500000 0.667500
vt 0.618400 0.618400
vt 0.500000 0.500000
vt 0.667500 0.500000
vt 0.618400 0.381600
vt 0.933000 0.500000
vt 0.806200 0.193800
vt 1.000000 0.500000
vt 0.853600 0.146400
vt 0.193800 0.806200
vt 0.146400 0.853600
vt 0.067000 0.500000
vt 0.000000 0.500000
vt 0.193800 0.193800
vt 0.146400 0.146400
vt 0.500000 0.067000
vt 0.500000 0.000000
vt 0.381600 0.618400
vt 0.332500 0.500000
vt 0.381600 0.381600
vt 0.500000 0.332500
vt 0.155400 0.923300
vt 0.161400 0.979800
vt 0.177500 0.950200
vt 0.121800 0.965200
vt 0.115600 0.903900
vt 0.085200 0.914500
vt 0.060600 0.881400
vt 0.040500 0.884000
vt 0.044200 0.846700
vt 0.016100 0.848000
vt 0.050100 0.840400
vt 0.024500 0.841500
vt 0.298100 0.929800
vt 0.303300 0.922600
vt 0.295200 0.926300
vt 0.306900 0.925800
vt 0.300800 0.933500
vt 0.307600 0.938500
vt 0.298900 0.937500
vt 0.295900 0.940300
vt 0.295000 0.937900
vt 0.291600 0.941300
vt 0.291000 0.937400
vt 0.294000 0.935500
vt 0.290400 0.933500
vt 0.306300 0.918300
vt 0.319000 0.918300
vt 0.303900 0.913100
vt 0.317600 0.913200
vt 0.300800 0.909600
vt 0.313200 0.909700
vt 0.299700 0.908600
vt 0.092000 0.950200
vt 0.114400 0.837900
vt 0.114600 0.844000
vt 0.199900 0.835400
vt 0.209900 0.837700
vt 0.126700 0.800000
vt 0.128800 0.798100
vt 0.072700 0.785500
vt 0.070400 0.782500
vt 0.053500 0.780900
vt 0.049300 0.777400
vt 0.116500 0.876500
vt 0.197400 0.869600
vt 0.202400 0.799500
vt 0.177600 0.773100
vt 0.167900 0.765900
vt 0.222000 0.838200
vt 0.320100 0.936500
vt 0.326000 0.918300
vt 0.326100 0.936000
vt 0.324100 0.913200
vt 0.208400 0.207700
vt 0.192700 0.207700
vt 0.200300 0.197900
vt 0.189700 0.227600
vt 0.208400 0.227700
vt 0.191100 0.229700
vt 0.197900 0.231600
vt 0.224000 0.207700
vt 0.216500 0.197900
vt 0.227000 0.227600
vt 0.225700 0.229700
vt 0.208400 0.195000
vt 0.208400 0.232300
vt 0.218800 0.231600
vt 0.487000 0.694800
vt 0.487100 0.708000
vt 0.488100 0.694900
vt 0.487200 0.677700
vt 0.488600 0.677800
vt 0.487200 0.663000
vt 0.488600 0.663100
vt 0.487000 0.589800
vt 0.488200 0.590000
vt 0.485400 0.528400
vt 0.485500 0.707900
vt 0.485500 0.694600
vt 0.484500 0.707800
vt 0.483900 0.694500
vt 0.482800 0.694400
vt 0.485400 0.677500
vt 0.483700 0.677400
vt 0.482300 0.677200
vt 0.485400 0.589600
vt 0.483800 0.589400
vt 0.485400 0.662800
vt 0.483600 0.662600
vt 0.482300 0.662500
vt 0.482600 0.589300
vt 0.051400 0.051200
vt 0.036800 0.149700
vt 0.036800 0.051200
vt 0.051400 0.149700
vt 0.066100 0.051200
vt 0.066100 0.149700
vt 0.080700 0.051200
vt 0.080700 0.149700
vt 0.095300 0.051200
vt 0.095300 0.149700
vt 0.110000 0.051200
vt 0.110000 0.149700
vt 0.124600 0.051200
vt 0.124600 0.149700
vt 0.139200 0.051200
vt 0.139200 0.149700
vt 0.153900 0.051200
vt 0.153900 0.149700
vt 0.168500 0.051200
vt 0.168500 0.149700
vt 0.183100 0.051200
vt 0.183100 0.149700
vt 0.197700 0.051200
vt 0.197700 0.149700
vt 0.212400 0.051200
vt 0.212400 0.149700
vt 0.036800 0.175100
vt 0.051400 0.175100
vt 0.066100 0.175100
vt 0.080700 0.175100
vt 0.095300 0.175100
vt 0.110000 0.175100
vt 0.124600 0.175100
vt 0.139200 0.175100
vt 0.153900 0.175100
vt 0.168500 0.175100
vt 0.183100 0.175100
vt 0.197700 0.175100
vt 0.212400 0.175100
vt 0.124600 0.203300
s 1
usemtl Material03
f 195/198/193 194/199/194 193/200/195
f 195/198/193 196/201/196 194/199/194
f 197/202/197 196/201/196 195/198/193
f 197/202/197 198/203/198 196/201/196
f 199/204/199 198/203/198 197/202/197
f 199/204/199 200/205/200 198/203/198
f 201/206/201 200/205/200 199/204/199
f 201/206/201 202/207/202 200/205/200
f 203/208/203 202/207/202 201/206/201
f 203/208/203 204/209/204 202/207/202
f 205/210/205 204/211/204 203/212/203
f 205/210/205 206/213/206 204/211/204
f 207/214/207 206/213/206 205/210/205
f 207/214/207 208/215/208 206/213/206
f 211/210/209 210/216/210 209/212/211
f 211/210/209 212/217/212 210/216/210
f 213/214/213 212/217/212 211/210/209
f 213/214/213 214/218/214 212/217/212
f 215/200/215 214/218/214 213/214/213
f 215/200/215 216/219/216 214/218/214
f 217/198/217 216/219/216 215/200/215
f 217/198/217 218/220/218 216/219/216
f 219/202/219 218/220/218 217/198/217
f 219/202/219 220/221/220 218/220/218
f 221/204/221 220/221/220 219/202/219
f 221/204/221 222/222/222 220/221/220
f 223/206/223 222/222/222 221/204/221
f 223/206/223 224/223/224 222/222/222
f 209/208/211 224/223/224 223/206/223
f 209/208/211 210/224/210 224/223/224
f 194/199/194 207/214/207 193/200/195
f 207/214/207 194/199/194 208/215/208
f 203/208/203 226/223/225 225/224/226
f 226/223/225 203/208/203 201/206/201
f 201/206/201 227/222/222 226/223/225
f 227/222/222 201/206/201 199/204/199
f 199/204/199 228/221/227 227/222/222
f 228/221/227 199/204/199 197/202/197
f 197/202/197 229/220/218 228/221/227
f 229/220/218 197/202/197 195/198/193
f 195/198/193 230/219/228 229/220/218
f 230/219/228 195/198/193 193/200/195
f 193/200/195 231/218/229 230/219/228
f 231/218/229 193/200/195 207/214/207
f 207/214/207 232/217/212 231/218/229
f 232/217/212 207/214/207 205/210/205
f 205/210/205 225/216/226 232/217/212
f 225/216/226 205/210/205 203/212/203
f 209/208/211 234/207/230 233/209/231
f 234/207/230 209/208/211 223/206/223
f 223/206/223 235/205/232 234/207/230
f 235/205/232 223/206/223 221/204/221
f 221/204/221 236/203/233 235/205/232
f 236/203/233 221/204/221 219/202/219
f 219/202/219 237/201/234 236/203/233
f 237/201/234 219/202/219 217/198/217
f 217/198/217 238/199/235 237/201/234
f 238/199/235 217/198/217 215/200/215
f 215/200/215 239/215/236 238/199/235
f 239/215/236 215/200/215 213/214/213
f 213/214/213 240/213/237 239/215/236
f 240/213/237 213/214/213 211/210/209
f 211/210/209 233/211/231 240/213/237
f 233/211/231 211/210/209 209/212/211
f 241/225/238 204/209/204 206/213/206
f 204/209/204 241/225/238 202/207/202
f 200/205/200 202/207/202 241/225/238
f 208/215/208 241/225/238 206/213/206
f 241/225/238 208/215/208 194/199/194
f 196/201/196 241/225/238 194/199/194
f 241/225/238 196/201/196 198/203/198
f 198/203/198 200/205/200 241/225/238
f 242/225/239 233/209/231 234/207/230
f 233/209/231 242/225/239 240/213/237
f 239/215/236 240/213/237 242/225/239
f 242/225/239 238/199/235 239/215/236
f 238/199/235 242/225/239 237/201/234
f 236/203/233 237/201/234 242/225/239
f 242/225/239 235/205/232 236/203/233
f 235/205/232 242/225/239 234/207/230
usemtl Material02
f 245/226/240 244/227/241 243/228/242
f 245/226/240 246/229/243 244/227/241
f 247/228/244 246/229/243 245/226/240
f 247/228/244 248/227/245 246/229/243
f 249/230/246 248/227/245 247/228/244
f 249/230/246 250/231/247 248/227/245
f 251/232/248 250/231/247 249/230/246
f 251/232/248 252/233/249 250/231/247
f 253/234/250 252/233/249 251/232/248
f 253/234/250 254/235/251 252/233/249
f 255/236/252 254/235/251 253/234/250
f 255/236/252 256/237/253 254/235/251
f 257/238/254 256/237/253 255/236/252
f 257/238/254 258/235/255 256/237/253
f 259/236/256 258/235/255 257/238/254
f 246/229/243 258/235/255 244/227/241
f 246/229/243 256/237/253 258/235/255
f 248/227/245 256/237/253 246/229/243
f 248/227/245 254/235/251 256/237/253
f 250/231/247 254/235/251 248/227/245
f 250/231/247 252/233/249 254/235/251
f 260/239/257 245/226/240 243/228/242
f 260/239/257 261/240/258 245/226/240
f 262/241/259 261/240/258 260/239/257
f 262/241/259 263/242/260 261/240/258
f 264/243/261 263/242/260 262/241/259
f 264/243/261 265/244/262 263/242/260
f 266/245/263 265/244/262 264/243/261
f 266/245/263 267/246/264 265/244/262
f 259/236/256 267/246/264 266/245/263
f 259/236/256 257/238/254 267/246/264
f 261/240/258 247/228/244 245/226/240
f 261/240/258 268/239/265 247/228/244
f 263/242/260 268/239/265 261/240/258
f 263/242/260 269/241/266 268/239/265
f 265/244/262 269/241/266 263/242/260
f 265/244/262 270/243/267 269/241/266
f 267/246/264 270/243/267 265/244/262
f 267/246/264 271/245/268 270/243/267
f 257/238/254 271/245/268 267/246/264
f 257/238/254 255/236/252 271/245/268
f 268/239/265 249/230/246 247/228/244
f 268/239/265 272/247/269 249/230/246
f 269/241/266 272/247/269 268/239/265
f 269/241/266 273/248/270 272/247/269
f 270/243/267 273/248/270 269/241/266
f 270/243/267 274/249/271 273/248/270
f 271/245/268 274/249/271 270/243/267
f 271/245/268 275/250/272 274/249/271
f 255/236/252 275/250/272 271/245/268
f 255/236/252 253/234/250 275/250/272
f 272/247/269 251/232/248 249/230/246
f 251/232/248 272/247/269 273/248/270
f 274/249/271 251/232/248 273/248/270
f 251/232/248 274/249/271 275/250/272
f 275/250/272 253/234/250 251/232/248
f 278/227/273 277/226/274 276/228/275
f 278/227/273 279/229/276 277/226/274
f 280/235/277 279/229/276 278/227/273
f 280/235/277 281/237/278 279/229/276
f 282/236/279 281/237/278 280/235/277
f 282/236/279 283/238/280 281/237/278
f 284/245/281 283/238/280 282/236/279
f 284/245/281 285/246/282 283/238/280
f 286/243/283 285/246/282 284/245/281
f 286/243/283 287/244/284 285/246/282
f 288/241/285 287/244/284 286/243/283
f 288/241/285 289/242/286 287/244/284
f 290/239/287 289/242/286 288/241/285
f 290/239/287 291/240/288 289/242/286
f 276/228/275 291/240/288 290/239/287
f 276/228/275 277/226/274 291/240/288
f 277/226/274 292/239/289 291/240/288
f 277/226/274 293/228/290 292/239/289
f 279/229/276 293/228/290 277/226/274
f 279/229/276 294/227/265 293/228/290
f 281/237/278 294/227/265 279/229/276
f 281/237/278 295/235/266 294/227/265
f 283/238/280 295/235/266 281/237/278
f 283/238/280 296/236/267 295/235/266
f 285/246/282 296/236/267 283/238/280
f 285/246/282 297/245/268 296/236/267
f 287/244/284 297/245/268 285/246/282
f 287/244/284 298/243/252 297/245/268
f 289/242/286 298/243/252 287/244/284
f 289/242/286 299/241/291 298/243/252
f 291/240/288 299/241/291 289/242/286
f 291/240/288 292/239/289 299/241/291
f 293/228/290 300/247/292 292/239/289
f 293/228/290 301/230/293 300/247/292
f 294/227/265 301/230/293 293/228/290
f 294/227/265 302/231/269 301/230/293
f 295/235/266 302/231/269 294/227/265
f 295/235/266 303/233/270 302/231/269
f 296/236/267 303/233/270 295/235/266
f 296/236/267 304/234/271 303/233/270
f 297/245/268 304/234/271 296/236/267
f 297/245/268 305/250/272 304/234/271
f 298/243/252 305/250/272 297/245/268
f 298/243/252 306/249/250 305/250/272
f 299/241/291 306/249/250 298/243/252
f 299/241/291 307/248/294 306/249/250
f 292/239/289 307/248/294 299/241/291
f 292/239/289 300/247/292 307/248/294
f 301/230/293 308/232/248 300/247/292
f 308/232/248 301/230/293 302/231/269
f 303/233/270 308/232/248 302/231/269
f 308/232/248 303/233/270 304/234/271
f 308/232/248 307/248/294 300/247/292
f 307/248/294 308/232/248 306/249/250
f 305/250/272 306/249/250 308/232/248
f 305/250/272 308/232/248 304/234/271
usemtl Material01
f 311/251/295 310/252/296 309/253/297
f 311/251/295 312/254/298 310/252/296
f 313/255/299 312/254/298 311/251/295
f 313/255/299 314/256/300 312/254/298
f 315/257/301 314/256/300 313/255/299
f 315/257/301 316/258/302 314/256/300
f 317/259/303 316/258/302 315/257/301
f 317/259/303 318/260/304 316/258/302
f 319/261/305 318/260/304 317/259/303
f 319/261/305 320/262/306 318/260/304
f 311/263/295 321/264/307 313/265/299
f 311/263/295 322/266/308 321/264/307
f 309/267/297 322/266/308 311/263/295
f 309/267/297 323/268/309 322/266/308
f 310/269/296 323/268/309 309/267/297
f 310/269/296 324/270/310 323/268/309
f 325/271/311 324/270/310 310/269/296
f 325/271/311 326/272/312 324/270/310
f 327/273/313 326/272/312 325/271/311
f 327/273/313 328/270/314 326/272/312
f 329/271/315 328/270/314 327/273/313
f 329/271/315 330/269/316 328/270/314
f 331/274/317 330/269/316 329/271/315
f 312/274/298 325/271/311 310/269/296
f 312/274/298 327/273/313 325/271/311
f 332/275/318 327/273/313 312/274/298
f 332/275/318 329/271/315 327/273/313
f 331/274/317 329/271/315 332/275/318
f 335/264/319 334/263/320 333/265/321
f 335/264/319 336/266/322 334/263/320
f 337/276/323 336/266/322 335/264/319
f 337/276/323 338/277/324 336/266/322
f 339/278/325 338/277/324 337/276/323
f 339/278/325 340/279/326 338/277/324
f 341/280/327 340/279/326 339/278/325
f 341/280/327 342/281/328 340/279/326
f 343/282/329 342/281/328 341/280/327
f 343/282/329 344/280/330 342/281/328
f 314/256/300 332/283/318 312/254/298
f 314/256/300 331/254/317 332/283/318
f 333/255/321 331/254/317 314/256/300
f 333/255/321 334/251/320 331/254/317
f 345/261/331 318/260/304 320/262/306
f 345/261/331 346/259/332 318/260/304
f 347/284/333 346/259/332 345/261/331
f 347/284/333 348/285/334 346/259/332
f 349/286/335 348/285/334 347/284/333
f 349/286/335 350/287/336 348/285/334
f 351/288/337 350/287/336 349/286/335
f 351/288/337 352/289/338 350/287/336
f 353/290/339 352/289/338 351/288/337
f 353/290/339 354/291/340 352/289/338
f 355/292/341 354/291/340 353/290/339
f 355/292/341 356/293/342 354/291/340
f 357/290/343 356/293/342 355/292/341
f 357/290/343 358/291/344 356/293/342
f 359/288/345 358/291/344 357/290/343
f 359/288/345 360/289/346 358/291/344
f 361/286/347 360/289/346 359/288/345
f 361/286/347 362/287/348 360/289/346
f 363/284/349 362/287/348 361/286/347
f 363/284/349 364/285/350 362/287/348
f 319/261/305 364/285/350 363/284/349
f 319/261/305 317/259/303 364/285/350
f 315/257/301 364/285/350 317/259/303
f 315/257/301 365/294/351 364/285/350
f 313/255/299 365/294/351 315/257/301
f 313/255/299 321/295/307 365/294/351
f 366/296/352 360/289/346 362/287/348
f 366/296/352 358/291/344 360/289/346
f 344/297/330 358/291/344 366/296/352
f 344/297/330 356/293/342 358/291/344
f 343/298/329 356/293/342 344/297/330
f 343/298/329 354/291/340 356/293/342
f 341/297/327 354/291/340 343/298/329
f 341/297/327 352/289/338 354/291/340
f 339/296/325 352/289/338 341/297/327
f 339/296/325 350/287/336 352/289/338
f 337/299/323 350/287/336 339/296/325
f 337/299/323 335/295/319 350/287/336
f 322/266/308 367/276/353 321/264/307
f 322/266/308 368/277/354 367/276/353
f 369/300/355 368/277/354 322/266/308
f 369/300/355 370/301/356 368/277/354
f 371/302/357 370/301/356 369/300/355
f 371/302/357 338/277/324 370/301/356
f 372/300/358 338/277/324 371/302/357
f 372/300/358 336/266/322 338/277/324
f 373/268/359 336/266/322 372/300/358
f 373/268/359 374/267/360 336/266/322
f 330/269/316 374/267/360 373/268/359
f 326/272/312 369/300/355 324/270/310
f 326/272/312 371/302/357 369/300/355
f 328/270/314 371/302/357 326/272/312
f 328/270/314 372/300/358 371/302/357
f 373/268/359 372/300/358 328/270/314
f 340/279/326 370/301/356 338/277/324
f 340/279/326 375/303/361 370/301/356
f 342/281/328 375/303/361 340/279/326
f 342/281/328 376/279/362 375/303/361
f 344/280/330 376/279/362 342/281/328
f 344/280/330 366/278/352 376/279/362
f 346/259/332 316/258/302 318/260/304
f 346/259/332 377/257/363 316/258/302
f 348/285/334 377/257/363 346/259/332
f 348/285/334 378/294/364 377/257/363
f 350/287/336 378/294/364 348/285/334
f 350/287/336 335/295/319 378/294/364
f 333/255/321 378/294/364 335/295/319
f 333/255/321 377/257/363 378/294/364
f 314/256/300 377/257/363 333/255/321
f 314/256/300 316/258/302 377/257/363
f 379/304/365 359/305/345 357/306/343
f 379/304/365 361/307/347 359/305/345
f 380/308/366 361/307/347 379/304/365
f 380/308/366 363/309/349 361/307/347
f 319/310/305 363/309/349 380/308/366
f 351/311/337 379/304/365 353/312/339
f 351/311/337 380/308/366 379/304/365
f 349/313/335 380/308/366 351/311/337
f 349/313/335 347/314/333 380/308/366
f 330/252/316 334/251/320 374/253/360
f 334/251/320 330/252/316 331/254/317
f 365/294/351 362/287/348 364/285/350
f 362/287/348 365/294/351 321/295/307
f 367/299/353 362/287/348 321/295/307
f 362/287/348 367/299/353 366/296/352
f 336/266/322 374/267/360 334/263/320
f 323/268/309 369/300/355 322/266/308
f 369/300/355 323/268/309 324/270/310
f 330/269/316 373/268/359 328/270/314
f 375/303/361 368/277/354 370/301/356
f 368/277/354 375/303/361 376/279/362
f 376/279/362 367/276/353 368/277/354
f 367/276/353 376/279/362 366/278/352
f 355/315/341 379/304/365 357/306/343
f 379/304/365 355/315/341 353/312/339
f 380/308/366 320/316/306 319/310/305
f 320/316/306 380/308/366 345/317/331
f 347/314/333 345/317/331 380/308/366
f 383/318/367 382/319/368 381/319/369
f 383/318/367 384/320/370 382/319/368
f 385/321/371 384/320/370 383/318/367
f 385/321/371 386/322/372 384/320/370
f 387/323/373 386/322/372 385/321/371
f 387/323/373 388/324/374 386/322/372
f 389/323/375 388/324/374 387/323/373
f 389/323/375 390/324/376 388/324/374
f 391/323/377 390/324/376 389/323/375
f 391/323/377 392/324/378 390/324/376
f 393/325/379 392/324/378 391/323/377
f 393/325/379 394/326/380 392/324/378
f 395/327/381 394/326/380 393/325/379
f 395/327/381 396/326/382 394/326/380
f 397/326/383 396/326/382 395/327/381
f 397/326/383 398/324/384 396/326/382
f 399/324/385 398/324/384 397/326/383
f 399/324/385 400/324/386 398/324/384
f 401/324/387 400/324/386 399/324/385
f 401/324/387 402/324/388 400/324/386
f 403/324/389 402/324/388 401/324/387
f 403/324/389 404/322/390 402/324/388
f 405/322/391 404/322/390 403/324/389
f 405/322/391 406/320/392 404/322/390
f 407/320/393 406/320/392 405/322/391
f 407/320/393 408/319/394 406/320/392
f 409/319/395 408/319/394 407/320/393
f 384/320/370 408/319/394 382/319/368
f 384/320/370 406/320/392 408/319/394
f 386/322/372 406/320/392 384/320/370
f 386/322/372 404/322/390 406/320/392
f 388/324/374 404/322/390 386/322/372
f 388/324/374 402/324/388 404/322/390
f 390/324/376 402/324/388 388/324/374
f 390/324/376 400/324/386 402/324/388
f 392/324/378 400/324/386 390/324/376
f 392/324/378 398/324/384 400/324/386
f 394/326/380 398/324/384 392/324/378
f 394/326/380 396/326/382 398/324/384
f 410/328/396 383/318/367 381/319/369
f 410/328/396 411/329/397 383/318/367
f 412/330/398 411/329/397 410/328/396
f 412/330/398 413/331/399 411/329/397
f 414/330/400 413/331/399 412/330/398
f 414/330/400 415/332/401 413/331/399
f 416/330/402 415/332/401 414/330/400
f 416/330/402 417/332/403 415/332/401
f 418/330/404 417/332/403 416/330/402
f 418/330/404 419/332/405 417/332/403
f 420/330/406 419/332/405 418/330/404
f 420/330/406 421/331/407 419/332/405
f 422/328/408 421/331/407 420/330/406
f 422/328/408 423/329/409 421/331/407
f 424/319/410 423/329/409 422/328/408
f 424/319/410 425/318/411 423/329/409
f 409/319/395 425/318/411 424/319/410
f 409/319/395 407/320/393 425/318/411
f 411/329/397 385/321/371 383/318/367
f 411/329/397 426/333/412 385/321/371
f 413/331/399 426/333/412 411/329/397
f 413/331/399 427/334/413 426/333/412
f 415/332/401 427/334/413 413/331/399
f 415/332/401 428/335/414 427/334/413
f 417/332/403 428/335/414 415/332/401
f 417/332/403 429/335/415 428/335/414
f 419/332/405 429/335/415 417/332/403
f 419/332/405 430/335/416 429/335/415
f 421/331/407 430/335/416 419/332/405
f 421/331/407 431/334/417 430/335/416
f 423/329/409 431/334/417 421/331/407
f 423/329/409 432/333/418 431/334/417
f 425/318/411 432/333/418 423/329/409
f 425/318/411 433/321/419 432/333/418
f 407/320/393 433/321/419 425/318/411
f 407/320/393 405/322/391 433/321/419
f 403/324/389 433/321/419 405/322/391
f 403/324/389 434/323/420 433/321/419
f 401/324/387 434/323/420 403/324/389
f 401/324/387 435/323/421 434/323/420
f 399/324/385 435/323/421 401/324/387
f 399/324/385 436/323/422 435/323/421
f 397/326/383 436/323/422 399/324/385
f 397/326/383 437/325/423 436/323/422
f 395/327/381 437/325/423 397/326/383
f 395/327/381 438/336/424 437/325/423
f 439/327/425 438/336/424 395/327/381
f 439/327/425 440/336/426 438/336/424
f 441/327/427 440/336/426 439/327/425
f 441/327/427 442/336/428 440/336/426
f 443/337/429 442/336/428 441/327/427
f 443/337/429 444/338/430 442/336/428
f 445/339/431 444/338/430 443/337/429
f 445/339/431 432/333/418 444/338/430
f 431/334/417 432/333/418 445/339/431
f 434/323/420 432/333/418 433/321/419
f 434/323/420 444/338/430 432/333/418
f 435/323/421 444/338/430 434/323/420
f 435/323/421 446/338/432 444/338/430
f 436/323/422 446/338/432 435/323/421
f 436/323/422 447/338/433 446/338/432
f 437/325/423 447/338/433 436/323/422
f 437/325/423 438/336/424 447/338/433
f 446/338/432 442/336/428 444/338/430
f 446/338/432 440/336/426 442/336/428
f 447/338/433 440/336/426 446/338/432
f 447/338/433 438/336/424 440/336/426
f 445/339/431 430/335/416 431/334/417
f 445/339/431 448/340/434 430/335/416
f 443/337/429 448/340/434 445/339/431
f 443/337/429 449/341/435 448/340/434
f 441/327/427 449/341/435 443/337/429
f 441/327/427 450/341/436 449/341/435
f 451/341/437 450/341/436 441/327/427
f 451/341/437 452/340/438 450/341/436
f 453/340/439 452/340/438 451/341/437
f 453/340/439 429/335/415 452/340/438
f 428/335/414 429/335/415 453/340/439
f 452/340/438 449/341/435 450/341/436
f 452/340/438 448/340/434 449/341/435
f 429/335/415 448/340/434 452/340/438
f 429/335/415 430/335/416 448/340/434
f 453/340/439 427/334/413 428/335/414
f 453/340/439 454/339/440 427/334/413
f 451/341/437 454/339/440 453/340/439
f 451/341/437 455/337/441 454/339/440
f 441/327/427 455/337/441 451/341/437
f 441/327/427 456/336/442 455/337/441
f 439/327/425 456/336/442 441/327/427
f 439/327/425 457/336/443 456/336/442
f 395/327/381 457/336/443 439/327/425
f 395/327/381 458/336/444 457/336/443
f 393/325/379 458/336/444 395/327/381
f 393/325/379 459/338/445 458/336/444
f 391/323/377 459/338/445 393/325/379
f 391/323/377 460/338/446 459/338/445
f 389/323/375 460/338/446 391/323/377
f 389/323/375 461/338/447 460/338/446
f 387/323/373 461/338/447 389/323/375
f 387/323/373 426/333/412 461/338/447
f 385/321/371 426/333/412 387/323/373
f 460/338/446 458/336/444 459/338/445
f 460/338/446 457/336/443 458/336/444
f 461/338/447 457/336/443 460/338/446
f 461/338/447 456/336/442 457/336/443
f 454/339/440 456/336/442 461/338/447
f 454/339/440 455/337/441 456/336/442
f 454/339/440 426/333/412 427/334/413
f 426/333/412 454/339/440 461/338/447
usemtl Material04
f 382/342/368 462/343/448 381/344/369
f 382/342/368 463/345/449 462/343/448
f 408/346/394 463/345/449 382/342/368
f 408/346/394 464/347/450 463/345/449
f 409/348/395 464/347/450 408/346/394
f 409/348/395 465/349/451 464/347/450
f 424/350/410 465/349/451 409/348/395
f 424/350/410 466/351/452 465/349/451
f 422/352/408 466/351/452 424/350/410
f 422/352/408 467/353/453 466/351/452
f 420/354/406 467/353/453 422/352/408
f 420/354/406 468/355/454 467/353/453
f 418/356/404 468/355/454 420/354/406
f 418/356/404 469/357/455 468/355/454
f 416/358/402 469/357/455 418/356/404
f 416/358/402 470/359/456 469/357/455
f 414/360/400 470/359/456 416/358/402
f 414/360/400 471/361/457 470/359/456
f 412/362/398 471/361/457 414/360/400
f 412/362/398 472/363/458 471/361/457
f 410/364/396 472/363/458 412/362/398
f 410/364/396 473/365/459 472/363/458
f 381/366/369 473/365/459 410/364/396
f 381/366/369 462/367/448 473/365/459
f 463/345/449 474/368/460 462/343/448
f 463/345/449 475/369/461 474/368/460
f 464/347/450 475/369/461 463/345/449
f 464/347/450 476/370/462 475/369/461
f 465/349/451 476/370/462 464/347/450
f 465/349/451 477/371/463 476/370/462
f 466/351/452 477/371/463 465/349/451
f 466/351/452 478/372/464 477/371/463
f 467/353/453 478/372/464 466/351/452
f 467/353/453 479/373/465 478/372/464
f 468/355/454 479/373/465 467/353/453
f 468/355/454 480/374/466 479/373/465
f 469/357/455 480/374/466 468/355/454
f 469/357/455 481/375/467 480/374/466
f 470/359/456 481/375/467 469/357/455
f 470/359/456 482/376/468 481/375/467
f 471/361/457 482/376/468 470/359/456
f 471/361/457 483/377/469 482/376/468
f 472/363/458 483/377/469 471/361/457
f 472/363/458 484/378/470 483/377/469
f 473/365/459 484/378/470 472/363/458
f 473/365/459 485/379/471 484/378/470
f 462/367/448 485/379/471 473/365/459
f 462/367/448 474/380/460 485/379/471
f 475/369/461 486/381/472 474/368/460
f 486/381/472 475/369/461 476/370/462
f 477/371/463 486/381/472 476/370/462
f 486/381/472 477/371/463 478/372/464
f 486/381/472 485/379/471 474/380/460
f 485/379/471 486/381/472 484/378/470
f 483/377/469 484/378/470 486/381/472
f 486/381/472 482/376/468 483/377/469
f 482/376/468 486/381/472 481/375/467
f 480/374/466 481/375/467 486/381/472
f 486/381/472 479/373/465 480/374/466
f 479/373/465 486/381/472 478/372/464
o soldier_leg_left
v 0.779900 1.997200 0.525100
v 1.285600 1.970000 0.003800
v 0.797500 1.175400 0.422300
v 1.199800 1.205100 -0.000000
v 0.867200 0.899000 0.572700
v 1.310400 0.847300 0.410800
v 1.277800 0.995600 0.877500
v 1.565400 0.770100 1.259600
v 1.151200 1.122800 1.359700
v 1.387400 0.919800 1.753500
v 0.874300 0.954600 1.963800
v 1.551200 0.473400 1.937000
v 0.855900 0.510900 2.175200
v 1.480900 0.068900 1.849700
v 0.831600 0.069200 2.081900
v 0.222300 0.069600 1.855700
v 0.201800 0.544300 1.943400
v 0.397300 0.971800 1.758100
v 0.643500 1.149500 1.362000
v 0.202400 0.838000 1.265700
v 0.504700 1.036200 0.881000
v 0.366400 0.894400 0.414300
v 0.372700 1.145700 -0.000000
v 1.758300 0.400000 1.193800
v 1.701000 0.068700 1.146000
v 0.073300 0.069600 1.153600
v 0.052600 0.486500 1.201600
v 1.314500 0.414200 -0.569800
v 1.275300 0.069200 -0.537500
v 0.352900 0.069700 -0.533400
v 0.352300 0.459600 -0.565600
v 0.404000 0.736800 -0.322400
v 0.854900 0.717700 -0.621600
v 0.797500 1.175400 -0.493700
v 1.254500 0.694800 -0.324100
v 0.838600 0.442900 -0.755400
v 0.819800 0.069500 -0.726000
v 0.947100 1.805300 0.113200
v 0.947100 1.666600 0.098500
v 1.029800 1.805300 0.313200
v 1.029800 1.666600 0.298500
v 0.779800 1.805300 0.569900
v 0.779800 1.666600 0.555200
v 0.529800 1.805300 0.313200
v 0.529800 1.666600 0.298500
v 0.612600 1.805300 0.113200
v 0.612600 1.666600 0.098500
v 0.779800 1.805300 0.369900
v 0.779800 1.666600 0.355200
v 0.947100 1.493200 0.063300
v 0.947100 1.359700 0.048600
v 1.029800 1.493200 0.263300
v 1.029800 1.359700 0.248600
v 0.779800 1.493200 0.520000
v 0.779800 1.359700 0.505300
v 0.529800 1.493200 0.263300
v 0.529800 1.359700 0.248600
v 0.612600 1.493200 0.063300
v 0.612600 1.359700 0.048600
v 0.779800 1.493200 0.320000
v 0.779800 1.359700 0.305300
v 1.068200 1.912600 0.003600
v 0.775300 1.954300 0.356800
v 1.079500 3.478100 0.203600
v 0.698400 3.313500 0.514400
v 1.016300 2.544400 0.004000
v 0.749800 2.529800 0.355600
v 1.045500 2.092700 0.003600
v 0.768100 2.054100 0.342800
v 0.776100 1.880700 -0.356800
v 0.759400 2.107700 -0.348200
v 0.749800 2.529800 -0.355600
v 0.702200 3.312700 -0.514400
v 1.079500 3.478100 -0.177700
v 0.184000 3.333800 -0.393400
v 0.184200 3.332600 0.412800
v 0.221400 3.224900 0.244900
v 0.221400 3.226600 -0.218900
v 0.399800 2.515300 0.004000
v 0.430700 2.076900 0.003600
v 0.431100 1.904300 0.003600
v 0.259500 1.951300 0.003800
v 0.780400 1.938500 -0.514900
vn 0.1877 0.1234 0.9745
vn 0.4347 0.8554 0.2816
vn -0.3021 0.8449 0.4415
vn 0.9417 0.3353 -0.0267
vn 0.0349 0.9632 0.2664
vn 0.7679 0.6340 -0.0912
vn 0.3161 0.9190 -0.2354
vn 0.7987 0.6017 0.0001
vn 0.2952 0.9552 0.0221
vn 0.5895 0.7130 0.3796
vn 0.0330 0.7276 0.6852
vn 0.7261 0.2396 0.6445
vn -0.0029 -0.0010 1.0000
vn 0.5526 -0.6396 0.5343
vn -0.0062 -0.6024 0.7982
vn -0.3825 -0.7934 0.4735
vn -0.7525 0.2081 0.6249
vn -0.6331 0.6886 0.3536
vn -0.2502 0.9649 0.0799
vn -0.7459 0.6660 0.0077
vn -0.1664 0.9610 -0.2210
vn -0.7743 0.6304 -0.0560
vn -0.9651 0.2410 0.1023
vn 0.9882 0.1516 0.0208
vn 0.6351 -0.7712 -0.0430
vn -0.6775 -0.7334 0.0565
vn -0.9753 0.2209 -0.0042
vn 0.7724 0.1967 -0.6039
vn 0.3612 -0.8784 -0.3130
vn -0.6616 -0.5296 -0.5309
vn -0.8212 0.2924 -0.4900
vn -0.7281 0.4220 -0.5401
vn -0.0570 0.4717 -0.8799
vn -0.0432 0.1673 -0.9850
vn 0.7868 0.3987 -0.4712
vn -0.1463 0.2332 -0.9614
vn 0.1153 -0.4157 -0.9022
vn 0.7870 0.6167 -0.0201
vn 0.6669 -0.6922 -0.2758
vn 0.6405 0.7208 -0.2649
vn 0.8434 -0.3974 0.3616
vn 0.2013 0.7832 0.5883
vn -0.1830 -0.8250 0.5347
vn -0.8676 0.3300 0.3720
vn -0.7890 -0.6140 -0.0209
vn -0.6404 0.7208 -0.2651
vn -0.6668 -0.6922 -0.2761
vn -0.0000 1.0000 -0.0000
vn -0.0000 -1.0000 -0.0000
vn 0.7869 0.6167 -0.0202
vn 0.6405 0.7209 -0.2648
vn 0.8429 -0.3988 0.3613
vn 0.2017 0.7823 0.5893
vn -0.1826 -0.8258 0.5336
vn -0.8680 0.3288 0.3722
vn -0.6405 0.7208 -0.2651
vn 0.5938 0.7985 -0.0988
vn 0.1009 0.9833 0.1513
vn 0.1334 -0.4529 0.8815
vn 0.9962 -0.0870 0.0073
vn 0.9296 -0.0879 0.3580
vn 0.0645 -0.0730 0.9952
vn 0.9977 0.0674 0.0049
vn 0.0427 0.0623 0.9971
vn 0.0350 0.0323 -0.9989
vn -0.0639 0.9774 -0.2017
vn 0.0602 -0.0699 -0.9957
vn 0.1278 -0.4214 -0.8978
vn 0.8981 -0.0650 -0.4350
vn -0.2531 -0.8680 0.4272
vn -0.8026 -0.5045 0.3184
vn -0.7467 -0.5367 -0.3929
vn -0.4163 -0.7673 -0.4879
vn -0.9534 -0.3017 0.0056
vn -0.9991 -0.0414 0.0115
vn -0.5888 0.8057 0.0650
vn -0.4762 0.8151 -0.3298
vn 0.3554 0.8509 -0.3870
vt 0.675300 0.433300
vt 0.707800 0.474200
vt 0.679300 0.478600
vt 0.708000 0.438100
vt 0.639500 0.388600
vt 0.652100 0.380300
vt 0.615900 0.404200
vt 0.586200 0.367800
vt 0.578500 0.424800
vt 0.547900 0.392000
vt 0.531600 0.397600
vt 0.533700 0.319800
vt 0.515200 0.325900
vt 0.540500 0.254400
vt 0.522500 0.254500
vt 0.533200 0.331300
vt 0.547600 0.400400
vt 0.578300 0.429100
vt 0.585800 0.378800
vt 0.615600 0.410800
vt 0.651800 0.387900
vt 0.708000 0.428500
vt 0.591400 0.307900
vt 0.595100 0.254400
vt 0.590700 0.321900
vt 0.728200 0.310200
vt 0.725600 0.254500
vt 0.727800 0.317600
vt 0.709000 0.362400
vt 0.742000 0.359300
vt 0.740800 0.433300
vt 0.709100 0.355600
vt 0.742500 0.314900
vt 0.740300 0.254500
vt 0.235900 0.381000
vt 0.235900 0.303400
vt 0.138900 0.381000
vt 0.138900 0.303400
vt 0.041900 0.381000
vt 0.041900 0.303400
vt 0.707700 0.487900
vt 0.680300 0.487900
vt 0.850800 0.587800
vt 0.926300 0.755500
vt 0.834600 0.685200
vt 0.927700 0.615000
vt 0.970600 0.755700
vt 0.974400 0.620100
vt 0.988300 0.755700
vt 0.984200 0.614500
vt 0.969200 0.896300
vt 0.991500 0.899800
vt 0.927700 0.899300
vt 0.850800 0.926500
vt 0.834600 0.820500
vt 0.935000 0.550000
vt 0.937500 0.546600
vt 0.933600 0.548000
vt 0.950200 0.548000
vt 0.945800 0.546700
vt 0.947800 0.550000
vt 0.941900 0.535400
vt 0.947500 0.535600
vt 0.941900 0.528100
vt 0.948000 0.528900
vt 0.941800 0.525600
vt 0.948100 0.525300
vt 0.935900 0.527600
vt 0.935700 0.526400
vt 0.936300 0.535600
vt 0.707800 0.471100
vt 0.736700 0.469100
vt 0.735700 0.487800
s 1
usemtl Material03
f 489/382/473 488/383/474 487/384/475
f 489/382/473 490/385/476 488/383/474
f 491/386/477 490/385/476 489/382/473
f 491/386/477 492/387/478 490/385/476
f 493/388/479 492/387/478 491/386/477
f 493/388/479 494/389/480 492/387/478
f 495/390/481 494/389/480 493/388/479
f 495/390/481 496/391/482 494/389/480
f 497/392/483 496/391/482 495/390/481
f 497/392/483 498/393/484 496/391/482
f 499/394/485 498/393/484 497/392/483
f 499/394/485 500/395/486 498/393/484
f 501/396/487 500/395/486 499/394/485
f 501/396/487 502/395/488 500/395/486
f 499/394/485 502/395/488 501/396/487
f 499/394/485 503/397/489 502/395/488
f 497/392/483 503/397/489 499/394/485
f 497/392/483 504/398/490 503/397/489
f 505/399/491 504/398/490 497/392/483
f 505/399/491 506/400/492 504/398/490
f 507/401/493 506/400/492 505/399/491
f 507/401/493 508/402/494 506/400/492
f 491/386/477 508/402/494 507/401/493
f 491/386/477 509/403/495 508/402/494
f 489/382/473 509/403/495 491/386/477
f 507/401/493 493/388/479 491/386/477
f 507/401/493 495/390/481 493/388/479
f 505/399/491 495/390/481 507/401/493
f 505/399/491 497/392/483 495/390/481
f 498/393/484 494/389/480 496/391/482
f 498/393/484 510/404/496 494/389/480
f 500/395/486 510/404/496 498/393/484
f 500/395/486 511/405/497 510/404/496
f 502/395/488 511/405/497 500/395/486
f 502/395/488 512/405/498 511/405/497
f 503/397/489 512/405/498 502/395/488
f 503/397/489 513/406/499 512/405/498
f 504/398/490 513/406/499 503/397/489
f 504/398/490 506/400/492 513/406/499
f 510/404/496 492/387/478 494/389/480
f 510/404/496 514/407/500 492/387/478
f 511/405/497 514/407/500 510/404/496
f 511/405/497 515/408/501 514/407/500
f 512/405/498 515/408/501 511/405/497
f 512/405/498 516/408/502 515/408/501
f 513/406/499 516/408/502 512/405/498
f 513/406/499 517/409/503 516/408/502
f 508/402/494 517/409/503 513/406/499
f 508/402/494 518/410/504 517/409/503
f 509/403/495 518/410/504 508/402/494
f 509/403/495 519/411/505 518/410/504
f 520/412/506 519/411/505 509/403/495
f 520/412/506 521/413/507 519/411/505
f 490/385/476 521/413/507 520/412/506
f 490/385/476 492/387/478 521/413/507
f 514/407/500 521/413/507 492/387/478
f 514/407/500 519/411/505 521/413/507
f 522/414/508 519/411/505 514/407/500
f 522/414/508 518/410/504 519/411/505
f 517/409/503 518/410/504 522/414/508
f 522/414/508 516/408/502 517/409/503
f 522/414/508 523/415/509 516/408/502
f 514/407/500 523/415/509 522/414/508
f 514/407/500 515/408/501 523/415/509
f 526/416/510 525/417/511 524/416/512
f 526/416/510 527/417/513 525/417/511
f 528/418/514 527/417/513 526/416/510
f 528/418/514 529/419/515 527/417/513
f 530/420/516 529/419/515 528/418/514
f 530/420/516 531/421/517 529/419/515
f 532/420/518 531/421/517 530/420/516
f 532/420/518 533/421/519 531/421/517
f 534/418/520 526/416/510 524/416/512
f 534/418/520 528/418/514 526/416/510
f 532/420/518 528/418/514 534/418/520
f 532/420/518 530/420/516 528/418/514
f 529/419/515 525/417/511 527/417/513
f 529/419/515 535/419/521 525/417/511
f 531/421/517 535/419/521 529/419/515
f 531/421/517 533/421/519 535/419/521
f 538/416/522 537/417/511 536/416/523
f 538/416/522 539/417/524 537/417/511
f 540/418/525 539/417/524 538/416/522
f 540/418/525 541/419/526 539/417/524
f 542/420/527 541/419/526 540/418/525
f 542/420/527 543/421/517 541/419/526
f 544/420/528 543/421/517 542/420/527
f 544/420/528 545/421/519 543/421/517
f 546/418/520 538/416/522 536/416/523
f 546/418/520 540/418/525 538/416/522
f 544/420/528 540/418/525 546/418/520
f 544/420/528 542/420/527 540/418/525
f 541/419/526 537/417/511 539/417/524
f 541/419/526 547/419/521 537/417/511
f 543/421/517 547/419/521 541/419/526
f 543/421/517 545/421/519 547/419/521
f 548/422/529 487/384/475 488/383/474
f 487/384/475 548/422/529 549/423/530
f 508/402/494 513/406/499 506/400/492
f 515/408/501 516/408/502 523/415/509
f 551/424/531 552/425/532 550/426/533
f 553/427/534 552/425/532 551/424/531
f 553/427/534 554/428/535 552/425/532
f 555/429/536 554/428/535 553/427/534
f 555/429/536 548/430/529 554/428/535
f 549/431/530 548/430/529 555/429/536
f 557/432/537 548/430/529 556/433/538
f 557/432/537 554/428/535 548/430/529
f 558/434/539 554/428/535 557/432/537
f 558/434/539 552/425/532 554/428/535
f 559/435/540 552/425/532 558/434/539
f 559/435/540 560/436/541 552/425/532
f 562/437/542 563/438/543 551/439/531
f 559/440/540 564/441/544 561/442/545
f 559/440/540 565/443/546 564/441/544
f 558/444/539 565/443/546 559/440/540
f 558/444/539 566/445/547 565/443/546
f 557/446/537 566/445/547 558/444/539
f 557/446/537 567/447/548 566/445/547
f 556/448/538 567/447/548 557/446/537
f 555/449/536 567/447/548 549/450/530
f 555/449/536 566/445/547 567/447/548
f 553/451/534 566/445/547 555/449/536
f 553/451/534 565/443/546 566/445/547
f 551/439/531 565/443/546 553/451/534
f 551/439/531 563/438/543 565/443/546
f 549/423/530 568/452/549 487/384/475
f 568/452/549 549/423/530 567/422/548
f 567/422/548 569/453/550 568/452/549
f 569/453/550 567/422/548 556/454/538
f 556/454/538 488/383/474 569/453/550
f 488/383/474 556/454/538 548/422/529
f 487/384/475 509/403/495 489/382/473
f 509/403/495 487/384/475 568/452/549
f 568/452/549 520/412/506 509/403/495
f 520/412/506 568/452/549 569/453/550
f 569/453/550 490/385/476 520/412/506
f 490/385/476 569/453/550 488/383/474
f 560/436/541 550/426/533 552/425/532
f 565/443/546 563/438/543 564/441/544
o soldier_leg_right
v -0.431100 1.904300 0.003600
v -0.259400 1.949600 0.003800
v -0.775300 1.954300 0.356800
v -0.779900 1.995500 0.525300
v -1.068200 1.912600 0.003600
v -1.285800 1.968500 0.003800
v -1.199800 1.205100 -0.000000
v -0.797500 1.175400 0.422300
v -1.310400 0.847300 0.410800
v -0.867200 0.899000 0.572700
v -1.277800 0.995600 0.877500
v -0.504700 1.036200 0.881000
v -1.151200 1.122800 1.359700
v -0.643500 1.149500 1.362000
v -0.874300 0.954600 1.963800
v -0.397300 0.971800 1.758100
v -0.855900 0.510900 2.175200
v -0.201800 0.544300 1.943400
v -0.831600 0.069200 2.081900
v -0.222300 0.069600 1.855700
v -1.480900 0.068900 1.849700
v -0.073300 0.069600 1.153600
v -1.701000 0.068700 1.146000
v -0.352900 0.069700 -0.533400
v -1.275300 0.069200 -0.537500
v -0.819800 0.069500 -0.726000
v -1.314500 0.414200 -0.569800
v -0.838600 0.442900 -0.755400
v -1.254500 0.694800 -0.324100
v -0.854900 0.717700 -0.621600
v -0.797500 1.175400 -0.493700
v -1.551200 0.473400 1.937000
v -1.387400 0.919800 1.753500
v -1.565400 0.770100 1.259600
v -0.372700 1.145700 -0.000000
v -0.404000 0.736800 -0.322400
v -0.366400 0.894400 0.414300
v -0.352300 0.459700 -0.565600
v -0.052600 0.486500 1.201600
v -0.202400 0.838000 1.265700
v -1.758300 0.400000 1.193800
v -0.612700 1.805300 0.113200
v -0.612700 1.666600 0.098500
v -0.530000 1.805300 0.313200
v -0.530000 1.666600 0.298500
v -0.780000 1.805300 0.569900
v -0.780000 1.666600 0.555200
v -1.030000 1.805300 0.313200
v -1.030000 1.666600 0.298500
v -0.947300 1.805300 0.113200
v -0.947300 1.666600 0.098500
v -0.780000 1.805300 0.369900
v -0.780000 1.666600 0.355200
v -0.612700 1.493200 0.063300
v -0.612700 1.359700 0.048600
v -0.530000 1.493200 0.263300
v -0.530000 1.359700 0.248600
v -0.780000 1.493200 0.520000
v -0.780000 1.359700 0.505300
v -1.030000 1.493200 0.263300
v -1.030000 1.359700 0.248600
v -0.947300 1.493200 0.063300
v -0.947300 1.359700 0.048600
v -0.780000 1.493200 0.320000
v -0.780000 1.359700 0.305300
v -0.184200 3.332600 0.412800
v -0.184000 3.333800 -0.393400
v -0.776100 1.880700 -0.356800
v -0.780500 1.937000 -0.515100
v -0.702200 3.312700 -0.514400
v -0.221400 3.226600 -0.218900
v -0.221400 3.224900 0.244900
v -0.698400 3.313500 0.514400
v -0.399800 2.515300 0.004000
v -0.749800 2.529800 0.355600
v -0.430700 2.076900 0.003600
v -0.768100 2.054100 0.342800
v -0.759400 2.107700 -0.348200
v -0.749800 2.529800 -0.355600
v -1.045500 2.092700 0.003600
v -1.016300 2.544400 0.004000
v -1.079500 3.478100 0.203600
v -1.079500 3.478100 -0.177700
vn -0.0983 0.9824 0.1586
vn 0.4814 0.8138 -0.3254
vn 0.5913 0.8041 0.0623
vn 0.0573 0.7707 0.6346
vn -0.4638 0.8837 0.0637
vn -0.2152 0.9752 0.0528
vn -0.9595 0.2415 -0.1449
vn -0.0411 0.3500 0.9359
vn -0.7675 0.6406 0.0229
vn 0.0842 0.9713 0.2226
vn -0.3161 0.9190 -0.2354
vn 0.1664 0.9610 -0.2210
vn -0.2952 0.9552 0.0221
vn 0.2502 0.9649 0.0799
vn -0.0876 0.7565 0.6481
vn 0.4907 0.7090 0.5064
vn 0.0014 0.1229 0.9924
vn 0.7396 0.1772 0.6493
vn 0.1093 -0.4921 0.8637
vn 0.6491 -0.6610 0.3764
vn -0.4787 -0.7460 0.4630
vn 0.5353 -0.8446 0.0119
vn -0.6351 -0.7712 -0.0431
vn 0.5766 -0.6735 -0.4626
vn -0.4666 -0.7868 -0.4041
vn -0.1154 -0.4156 -0.9022
vn -0.8045 0.1671 -0.5699
vn 0.0421 0.3077 -0.9506
vn -0.7341 0.4363 -0.5203
vn -0.0317 0.4497 -0.8926
vn 0.2090 0.0638 -0.9758
vn -0.7261 0.2397 0.6445
vn -0.5895 0.7130 0.3796
vn -0.7987 0.6017 0.0001
vn 0.9652 0.2408 0.1023
vn 0.7281 0.4221 -0.5401
vn 0.7742 0.6304 -0.0560
vn 0.8212 0.2925 -0.4900
vn 0.9896 0.1437 -0.0105
vn 0.7683 0.6397 0.0231
vn -0.9882 0.1516 0.0208
vn 0.7870 0.6166 -0.0201
vn 0.6669 -0.6922 -0.2758
vn 0.6405 0.7208 -0.2649
vn 0.8434 -0.3974 0.3616
vn 0.2013 0.7832 0.5883
vn -0.1830 -0.8250 0.5347
vn -0.8676 0.3300 0.3720
vn -0.7890 -0.6140 -0.0209
vn -0.6403 0.7209 -0.2651
vn -0.6668 -0.6921 -0.2761
vn -0.0000 1.0000 -0.0000
vn -0.0000 -1.0000 -0.0000
vn 0.7869 0.6167 -0.0203
vn 0.6405 0.7209 -0.2648
vn 0.8429 -0.3987 0.3614
vn 0.2017 0.7823 0.5893
vn -0.1826 -0.8258 0.5336
vn -0.8680 0.3286 0.3722
vn -0.7890 -0.6140 -0.0211
vn -0.6404 0.7208 -0.2651
vn -0.6668 -0.6922 -0.2761
vn -0.1894 0.9039 -0.3835
vn -0.3507 0.8505 -0.3919
vn 0.2311 -0.8510 -0.4716
vn 0.8099 -0.4983 -0.3094
vn -0.1256 -0.3926 -0.9111
vn -0.1334 -0.4529 0.8815
vn 0.7369 -0.5414 0.4048
vn 0.3632 -0.7972 0.4822
vn 0.9534 -0.3017 0.0056
vn -0.0645 -0.0730 0.9952
vn 0.9991 -0.0414 0.0115
vn -0.0427 0.0623 0.9971
vn -0.0438 0.0210 -0.9988
vn -0.0352 -0.1309 -0.9908
vn -0.9965 0.0832 -0.0026
vn -0.9974 -0.0696 0.0202
vn -0.9296 -0.0879 0.3580
vn -0.8965 -0.0485 -0.4403
vt 0.680300 0.487900
vt 0.707800 0.471100
vt 0.707700 0.487900
vt 0.679300 0.478600
vt 0.707800 0.474200
vt 0.708000 0.438100
vt 0.675300 0.433300
vt 0.652100 0.380300
vt 0.639500 0.388600
vt 0.615900 0.404200
vt 0.615600 0.410800
vt 0.578500 0.424800
vt 0.578300 0.429100
vt 0.531600 0.397600
vt 0.547600 0.400400
vt 0.515200 0.325900
vt 0.533200 0.331300
vt 0.522500 0.254500
vt 0.540500 0.254400
vt 0.595100 0.254400
vt 0.725600 0.254500
vt 0.740300 0.254500
vt 0.728200 0.310200
vt 0.742500 0.314900
vt 0.709100 0.355600
vt 0.742000 0.359300
vt 0.740800 0.433300
vt 0.533700 0.319800
vt 0.547900 0.392000
vt 0.586200 0.367800
vt 0.708000 0.428500
vt 0.709000 0.362400
vt 0.651800 0.387900
vt 0.727800 0.317600
vt 0.590700 0.321900
vt 0.585800 0.378800
vt 0.591400 0.307900
vt 0.235900 0.381000
vt 0.235900 0.303400
vt 0.138900 0.381000
vt 0.138900 0.303400
vt 0.041900 0.381000
vt 0.041900 0.303400
vt 0.735700 0.487800
vt 0.736700 0.469100
vt 0.947800 0.550000
vt 0.945800 0.546700
vt 0.950200 0.548000
vt 0.933600 0.548000
vt 0.937500 0.546600
vt 0.935000 0.550000
vt 0.941900 0.535400
vt 0.936300 0.535600
vt 0.941900 0.528100
vt 0.935900 0.527600
vt 0.941800 0.525600
vt 0.935700 0.526400
vt 0.948000 0.528900
vt 0.948100 0.525300
vt 0.947500 0.535600
vt 0.974400 0.620100
vt 0.988300 0.755700
vt 0.984200 0.614500
vt 0.970600 0.755700
vt 0.927700 0.615000
vt 0.926300 0.755500
vt 0.850800 0.587800
vt 0.834600 0.685200
vt 0.991500 0.899800
vt 0.969200 0.896300
vt 0.927700 0.899300
vt 0.834600 0.820500
vt 0.850800 0.926500
s 1
usemtl Material03
f 572/455/551 571/456/552 570/457/553
f 572/455/551 573/458/554 571/456/552
f 574/457/555 573/458/554 572/455/551
f 574/457/555 575/459/556 573/458/554
f 576/460/557 573/458/554 575/459/556
f 576/460/557 577/461/558 573/458/554
f 578/462/559 577/461/558 576/460/557
f 578/462/559 579/463/560 577/461/558
f 580/464/561 579/463/560 578/462/559
f 580/464/561 581/465/562 579/463/560
f 582/466/563 581/465/562 580/464/561
f 582/466/563 583/467/564 581/465/562
f 584/468/565 583/467/564 582/466/563
f 584/468/565 585/469/566 583/467/564
f 586/470/567 585/469/566 584/468/565
f 586/470/567 587/471/568 585/469/566
f 588/472/569 587/471/568 586/470/567
f 588/472/569 589/473/570 587/471/568
f 590/473/571 589/473/570 588/472/569
f 590/473/571 591/474/572 589/473/570
f 592/474/573 591/474/572 590/473/571
f 592/474/573 593/475/574 591/474/572
f 594/475/575 593/475/574 592/474/573
f 594/475/575 595/476/576 593/475/574
f 596/477/577 595/476/576 594/475/575
f 596/477/577 597/478/578 595/476/576
f 598/479/579 597/478/578 596/477/577
f 598/479/579 599/480/580 597/478/578
f 576/460/557 599/480/580 598/479/579
f 576/460/557 600/481/581 599/480/580
f 586/470/567 590/473/571 588/472/569
f 586/470/567 601/482/582 590/473/571
f 584/468/565 601/482/582 586/470/567
f 584/468/565 602/483/583 601/482/582
f 582/466/563 602/483/583 584/468/565
f 582/466/563 603/484/584 602/483/583
f 580/464/561 603/484/584 582/466/563
f 580/464/561 578/462/559 603/484/584
f 604/485/585 599/480/580 600/481/581
f 604/485/585 605/486/586 599/480/580
f 606/487/587 605/486/586 604/485/585
f 606/487/587 607/488/588 605/486/586
f 608/489/589 607/488/588 606/487/587
f 608/489/589 593/475/574 607/488/588
f 591/474/572 593/475/574 608/489/589
f 608/489/589 589/473/570 591/474/572
f 608/489/589 587/471/568 589/473/570
f 609/490/590 587/471/568 608/489/589
f 609/490/590 585/469/566 587/471/568
f 583/467/564 585/469/566 609/490/590
f 579/463/560 604/485/585 577/461/558
f 579/463/560 606/487/587 604/485/585
f 581/465/562 606/487/587 579/463/560
f 581/465/562 609/490/590 606/487/587
f 583/467/564 609/490/590 581/465/562
f 603/484/584 601/482/582 602/483/583
f 603/484/584 610/491/591 601/482/582
f 578/462/559 610/491/591 603/484/584
f 578/462/559 596/477/577 610/491/591
f 592/474/573 596/477/577 594/475/575
f 592/474/573 610/491/591 596/477/577
f 590/473/571 610/491/591 592/474/573
f 590/473/571 601/482/582 610/491/591
f 613/492/592 612/493/593 611/492/594
f 613/492/592 614/493/595 612/493/593
f 615/494/596 614/493/595 613/492/592
f 615/494/596 616/495/597 614/493/595
f 617/496/598 616/495/597 615/494/596
f 617/496/598 618/497/599 616/495/597
f 619/496/600 618/497/599 617/496/598
f 619/496/600 620/497/601 618/497/599
f 621/494/602 613/492/592 611/492/594
f 621/494/602 615/494/596 613/492/592
f 619/496/600 615/494/596 621/494/602
f 619/496/600 617/496/598 615/494/596
f 616/495/597 612/493/593 614/493/595
f 616/495/597 622/495/603 612/493/593
f 618/497/599 622/495/603 616/495/597
f 618/497/599 620/497/601 622/495/603
f 625/492/604 624/493/593 623/492/605
f 625/492/604 626/493/606 624/493/593
f 627/494/607 626/493/606 625/492/604
f 627/494/607 628/495/608 626/493/606
f 629/496/609 628/495/608 627/494/607
f 629/496/609 630/497/610 628/495/608
f 631/496/611 630/497/610 629/496/609
f 631/496/611 632/497/612 630/497/610
f 633/494/602 625/492/604 623/492/605
f 633/494/602 627/494/607 625/492/604
f 631/496/611 627/494/607 633/494/602
f 631/496/611 629/496/609 627/494/607
f 628/495/608 624/493/593 626/493/606
f 628/495/608 634/495/603 624/493/593
f 630/497/610 634/495/603 628/495/608
f 630/497/610 632/497/612 634/495/603
f 573/458/554 604/485/585 571/456/552
f 604/485/585 573/458/554 577/461/558
f 598/479/579 578/462/559 576/460/557
f 578/462/559 598/479/579 596/477/577
f 605/486/586 597/478/578 599/480/580
f 597/478/578 605/486/586 607/488/588
f 593/475/574 597/478/578 607/488/588
f 597/478/578 593/475/574 595/476/576
f 608/489/589 606/487/587 609/490/590
f 637/498/613 575/459/556 574/457/555
f 637/498/613 638/499/614 575/459/556
f 570/457/553 638/499/614 637/498/613
f 570/457/553 571/456/552 638/499/614
f 638/499/614 576/460/557 575/459/556
f 638/499/614 600/481/581 576/460/557
f 571/456/552 600/481/581 638/499/614
f 571/456/552 604/485/585 600/481/581
f 636/500/615 640/501/616 639/502/617
f 642/503/618 641/504/619 635/505/620
f 642/503/618 643/506/621 641/504/619
f 644/507/622 643/506/621 642/503/618
f 644/507/622 645/508/623 643/506/621
f 646/509/624 645/508/623 644/507/622
f 646/509/624 570/510/553 645/508/623
f 572/511/551 570/510/553 646/509/624
f 647/512/625 570/510/553 637/513/613
f 647/512/625 645/508/623 570/510/553
f 648/514/626 645/508/623 647/512/625
f 648/514/626 643/506/621 645/508/623
f 639/502/617 643/506/621 648/514/626
f 639/502/617 640/501/616 643/506/621
f 646/515/624 574/516/555 572/517/551
f 646/515/624 649/518/627 574/516/555
f 644/519/622 649/518/627 646/515/624
f 644/519/622 650/520/628 649/518/627
f 642/521/618 650/520/628 644/519/622
f 642/521/618 651/522/629 650/520/628
f 649/518/627 637/523/613 574/516/555
f 649/518/627 647/524/625 637/523/613
f 650/520/628 647/524/625 649/518/627
f 650/520/628 648/525/626 647/524/625
f 652/526/630 648/525/626 650/520/628
f 652/526/630 639/527/617 648/525/626
f 643/506/621 640/501/616 641/504/619
f 651/522/629 652/526/630 650/520/628
o soldier_torso
v -0.538700 6.196200 0.378500
v -0.617400 6.442500 0.229800
v -0.423100 6.521000 0.251199
v -0.639200 6.448800 -0.202700
v -0.398600 6.524600 -0.183100
v -0.570300 6.192800 -0.373800
v 0.000000 6.429100 -0.462000
v 0.000000 5.800100 -0.680200
v 0.398600 6.524600 -0.183100
v 0.335900 5.800100 -0.585600
v 0.570300 6.192900 -0.373800
v 0.543800 5.949400 -0.294500
v 0.644000 5.936700 -0.265200
v 0.673900 5.800100 0.021400
v 0.644000 5.936700 0.259100
v 0.543800 5.949400 0.337200
v 0.538700 6.196100 0.378500
v 0.335900 5.800100 0.628300
v 0.423100 6.521000 0.251199
v 0.000000 5.800100 0.723000
v -0.644000 5.936700 -0.265200
v -0.543800 5.949400 -0.294500
v -0.335900 5.800100 -0.585600
v 0.576100 6.568300 -0.236900
v 0.609700 6.547600 0.305900
v 0.309600 6.045400 0.793400
v 0.002600 5.813800 0.989700
v -0.310000 6.045900 0.793000
v 0.000000 6.037700 1.021399
v -0.333500 6.209300 0.779800
v 0.000000 6.336300 0.875800
v -0.609700 6.547600 0.305900
v -0.576100 6.568300 -0.236900
v 0.639200 6.448900 -0.202600
v 0.617400 6.442400 0.229900
v 0.000000 6.503500 -0.563300
v -0.335900 5.800100 0.628300
v -0.543800 5.949400 0.337200
v -0.644000 5.936700 0.259100
v -0.673900 5.800100 0.021400
v 0.334900 6.210400 0.778199
v 0.000000 4.172800 -0.979700
v 0.000000 4.555600 -0.938400
v -0.556100 4.172800 -0.840100
v -0.508500 4.555600 -0.804200
v -0.961900 4.172800 -0.336000
v -0.900500 4.555600 -0.332700
v -1.034000 4.172800 0.442400
v -0.973900 4.555600 0.438600
v -0.579600 4.173200 0.917900
v -0.509900 4.555600 0.917800
v 0.000000 4.173200 1.049500
v 0.000000 4.555600 1.052000
v 0.579600 4.173200 0.917900
v 0.509900 4.555600 0.917800
v 1.034000 4.172800 0.442400
v 0.973900 4.555600 0.438600
v 0.961900 4.172800 -0.336000
v 0.900500 4.555600 -0.332700
v 0.556100 4.172800 -0.840100
v 0.508500 4.555600 -0.804200
v 0.631600 3.787200 0.793000
v 1.079500 3.478100 0.203600
v 0.698400 3.313500 0.514400
v 0.702200 3.312700 -0.514400
v 1.079500 3.478100 -0.177700
v 0.637100 3.787200 -0.722400
v -0.631600 3.787200 0.793000
v 0.000000 3.787200 0.914300
v -0.184200 3.332600 0.412800
v 0.000000 3.322300 0.394800
v -0.184000 3.333800 -0.393400
v 0.000000 3.335400 -0.332200
v 0.000000 3.787200 -0.843600
v 0.184000 3.333800 -0.393400
v 0.184200 3.332600 0.412800
v -0.637100 3.787200 -0.722400
v 0.221400 3.224900 0.244900
v 0.221400 3.226600 -0.218900
v 0.246800 4.158800 1.006100
v -0.247700 4.159600 1.006100
v 0.296100 4.118800 1.076100
v -0.297200 4.119600 1.076100
v 0.246800 4.158800 1.146000
v -0.247700 4.159600 1.146000
v 0.197400 4.198900 1.076100
v -0.198100 4.199500 1.076100
v 0.198100 4.518900 1.076100
v 0.247700 4.558800 1.006100
v -0.197400 4.519500 1.076100
v -0.246800 4.559600 1.006100
v 0.297200 4.598800 1.076100
v -0.296100 4.599600 1.076100
v -0.246800 4.559600 1.146000
v 0.247700 4.558800 1.146000
v -0.702200 3.312700 -0.514400
v -0.221400 3.226600 -0.218900
v -0.221400 3.224900 0.244900
v -0.698400 3.313500 0.514400
v -1.079500 3.478100 0.203600
v -1.079500 3.478100 -0.177700
v 0.224100 4.964300 0.796700
v 0.037000 4.964300 0.838500
v 0.138400 4.802300 0.852700
v 0.077800 5.005800 1.021100
v 0.179200 4.843800 1.035300
v 0.279600 5.020800 1.045200
v 0.366200 4.843800 0.993500
v 0.451900 5.005800 0.937600
v 0.325400 4.802300 0.811000
v 0.411100 4.964300 0.755000
v 0.000000 5.200900 -0.813600
v -0.420400 5.200900 -0.701400
v 0.420400 5.200900 -0.701400
v 0.766900 5.200900 -0.321400
v 0.826800 5.200900 0.417900
v 0.420400 5.200900 0.794600
v 0.000000 5.200900 0.906800
v -0.420400 5.200900 0.794600
v -0.826800 5.200900 0.417900
v -0.766900 5.200900 -0.321400
v 0.122700 5.126300 0.782500
v 0.163500 5.167800 0.965100
v 0.350500 5.167800 0.923400
v 0.309800 5.126300 0.740800
v 0.000000 6.818000 -0.293400
v -0.336700 6.820800 0.018997
v 0.000000 6.823700 0.331499
v -0.037600 5.500400 0.683900
v 0.048100 5.662400 0.627900
v 0.003200 5.541900 0.866500
v 0.088900 5.703900 0.810500
v 0.204900 5.556900 0.890600
v 0.275900 5.703900 0.768700
v 0.377300 5.541900 0.782900
v 0.235200 5.662400 0.586100
v 0.336500 5.500400 0.600300
v 0.063800 5.338400 0.698100
v 0.104500 5.379900 0.880700
v 0.250800 5.338400 0.656300
v 0.291600 5.379900 0.838900
v -0.514900 5.500400 0.491600
v -0.413100 5.662400 0.502400
v -0.598700 5.541900 0.658800
v -0.497000 5.703900 0.669700
v -0.457700 5.556900 0.805100
v -0.325600 5.703900 0.755600
v -0.256100 5.541900 0.830600
v -0.241800 5.662400 0.588300
v -0.172200 5.500400 0.663400
v -0.445300 5.338400 0.566700
v -0.529200 5.379900 0.733900
v -0.274000 5.338400 0.652600
v -0.357900 5.379900 0.819800
v -0.595700 4.964300 0.646200
v -0.493900 5.126300 0.657100
v -0.679600 5.005800 0.813500
v -0.577800 5.167800 0.824300
v -0.538500 5.020800 0.959700
v -0.406500 5.167800 0.910200
v -0.336900 5.005800 0.985300
v -0.322600 5.126300 0.743000
v -0.253100 4.964300 0.818000
v -0.526100 4.802300 0.721300
v -0.610000 4.843800 0.888600
v -0.354800 4.802300 0.807200
v -0.438700 4.843800 0.974500
v 0.336700 6.820800 0.018997
v 0.000000 6.756900 -0.221501
v 0.275300 6.756900 0.021397
v -0.275300 6.756900 0.021397
v 0.000000 6.756900 0.264197
v -0.671589 6.446476 -0.155357
v -0.671589 6.446532 -0.201266
v -0.671589 6.439973 0.228640
vn -0.8715 -0.0624 0.4863
vn -0.1817 0.7730 0.6078
vn -0.3407 0.0611 0.9382
vn -0.1827 0.9334 -0.3089
vn -0.4118 0.2004 -0.8890
vn -0.2193 0.2005 -0.9548
vn 0.5329 0.0035 -0.8462
vn -0.0000 0.3408 -0.9401
vn -0.0336 -0.5628 -0.8259
vn 0.4247 0.2485 -0.8706
vn 0.2021 0.1186 -0.9722
vn 0.7088 -0.1481 -0.6897
vn 0.3779 -0.6698 -0.6392
vn 0.9875 -0.1574 -0.0124
vn 0.4718 -0.7190 0.5103
vn 0.7610 -0.0086 0.6487
vn 0.3407 0.0607 0.9382
vn 0.4470 0.2883 0.8468
vn 0.8153 -0.0660 0.5752
vn -0.0628 -0.2995 0.9520
vn -0.4736 0.2494 -0.8447
vn -0.6896 -0.2386 -0.6837
vn 0.9434 -0.1954 0.2679
vn 0.8048 0.0764 -0.5887
vn 0.8072 -0.5413 0.2356
vn 0.0008 -0.7317 0.6816
vn -0.8050 -0.5435 0.2380
vn 0.0002 0.1110 0.9938
vn -0.5771 0.3568 0.7346
vn -0.0000 0.6015 0.7989
vn -0.9468 0.1224 0.2977
vn -0.7222 -0.4533 -0.5225
vn 0.1358 0.9181 -0.3722
vn 0.2109 0.8348 0.5086
vn 0.1105 -0.4042 -0.9080
vn -0.5121 0.2968 0.8060
vn -0.8498 -0.0046 0.5271
vn -0.2425 -0.7329 -0.6356
vn -0.1692 -0.8873 0.4289
vn -0.9873 0.1125 -0.1121
vn 0.5775 0.3569 0.7342
vn -0.1507 0.9882 0.0260
vn 0.0003 0.8723 0.4889
vn -0.2057 0.8854 -0.4169
vn -0.4848 0.0242 -0.8743
vn -0.0850 0.1515 -0.9848
vn 0.0124 -0.0984 -0.9951
vn -0.5846 0.1658 -0.7942
vn -0.8941 0.0649 -0.4431
vn -0.9061 0.1761 -0.3846
vn -0.9458 0.0418 0.3221
vn -0.9265 0.1843 0.3280
vn -0.5447 -0.0232 0.8383
vn -0.4866 0.1371 0.8628
vn -0.0753 -0.1546 0.9851
vn -0.0053 0.1165 0.9932
vn 0.4041 -0.0980 0.9094
vn 0.4998 0.1647 0.8503
vn 0.8864 0.0362 0.4616
vn 0.9229 0.1931 0.3332
vn 0.9407 0.0995 -0.3243
vn 0.9098 0.1794 -0.3744
vn 0.5321 -0.0360 -0.8459
vn 0.4844 0.1673 -0.8587
vn 0.3504 -0.4360 0.8289
vn 0.9296 -0.0879 0.3580
vn 0.1336 -0.4529 0.8815
vn 0.4410 -0.2974 -0.8468
vn 0.8982 -0.0648 -0.4348
vn 0.1280 -0.4213 -0.8978
vn -0.3850 -0.3782 0.8418
vn 0.0400 -0.5438 0.8383
vn 0.3631 -0.7973 0.4822
vn 0.0224 -0.9258 0.3773
vn 0.2311 -0.8510 -0.4716
vn 0.0135 -0.9583 -0.2856
vn 0.0351 -0.5548 -0.8313
vn -0.4161 -0.7673 -0.4881
vn -0.2530 -0.8679 0.4274
vn -0.3602 -0.3374 -0.8697
vn -0.8027 -0.5044 0.3182
vn -0.7468 -0.5366 -0.3928
vn 0.6555 -0.6989 -0.2861
vn -0.2385 -0.2524 -0.9378
vn -0.2379 0.2540 -0.9375
vn -0.5269 -0.8349 0.1592
vn 0.0009 -0.2228 0.9749
vn -0.2375 0.2532 0.9378
vn -0.5234 0.8371 0.1593
vn 0.7773 0.6181 -0.1174
vn -0.8836 -0.4682 0.0005
vn 0.2377 -0.2535 -0.9377
vn 0.4245 -0.9054 0.0004
vn 0.2380 0.2524 -0.9379
vn 0.6864 0.7268 0.0231
vn -0.7752 0.6205 0.1184
vn 0.2866 -0.0005 0.9580
vn 0.0007 0.0008 1.0000
vn -0.1258 -0.3925 -0.9111
vn 0.8101 -0.4981 -0.3091
vn 0.7369 -0.5414 0.4048
vn -0.9296 -0.0879 0.3580
vn -0.1336 -0.4530 0.8814
vn -0.8966 -0.0482 -0.4402
vn -0.4885 -0.8724 0.0164
vn -0.9519 -0.1082 -0.2867
vn -0.2129 -0.2167 -0.9527
vn -0.8041 0.0884 0.5879
vn -0.2244 -0.5381 0.8125
vn 0.2128 0.2166 0.9528
vn 0.4517 -0.6883 0.5677
vn 0.9778 0.0883 0.1900
vn 0.6739 -0.7386 0.0173
vn 0.9759 -0.0001 -0.2180
vn 0.0370 0.2079 -0.9774
vn -0.5142 0.2052 -0.8328
vn 0.5572 0.2229 -0.7999
vn 0.8842 0.2254 -0.4091
vn 0.9310 0.2675 0.2482
vn 0.5529 0.2588 0.7920
vn 0.0872 0.2573 0.9624
vn -0.3966 0.2595 0.8805
vn -0.8578 0.2789 0.4318
vn -0.9011 0.2295 -0.3680
vn -0.6738 0.7387 -0.0173
vn -0.2439 0.8996 0.3621
vn 0.4839 0.8022 0.3498
vn 0.4472 0.8455 -0.2919
vn 0.1125 0.9863 -0.1206
vn 0.0415 0.9857 -0.1634
vn -0.0892 0.9648 0.2475
vn -0.6739 0.7386 -0.0173
vn -0.9759 -0.0000 0.2181
vn -0.2439 0.8997 0.3621
vn 0.2128 0.2168 0.9528
vn 0.4839 0.8022 0.3497
vn 0.9396 0.2348 0.2490
vn 0.9674 -0.1839 -0.1744
vn -0.6027 -0.7385 0.3023
vn -0.1672 -0.6883 0.7059
vn 0.3647 -0.9223 0.1281
vn 0.6687 -0.5593 0.4899
vn -0.9947 0.0883 -0.0530
vn -0.5113 0.7386 -0.4395
vn -0.8940 -0.0000 -0.4481
vn -0.4185 0.8994 0.1263
vn -0.4376 0.2165 0.8727
vn 0.1541 0.8020 0.5771
vn 0.5706 0.2346 0.7870
vn 0.5309 0.8456 0.0564
vn 0.8595 -0.1837 0.4770
vn -0.6580 -0.7386 -0.1467
vn -0.5759 -0.6883 0.4411
vn 0.2014 -0.9221 0.3303
vn 0.2082 -0.5593 0.8024
vn -0.9947 0.0883 -0.0531
vn -0.5112 0.7385 -0.4397
vn -0.8939 -0.0000 -0.4483
vn -0.4181 0.8996 0.1263
vn -0.4376 0.2167 0.8727
vn 0.5311 0.8454 0.0565
vn 0.8596 -0.1836 0.4769
vn -0.6580 -0.7386 -0.1468
vn 0.2015 -0.9222 0.3300
vn -0.1337 0.9036 0.4070
vn -0.0344 0.9915 0.1257
vn -0.5153 0.8366 -0.1858
vn 0.5028 0.8492 0.1615
vn 0.1385 0.8884 -0.4377
vt 0.768900 0.636000
vt 0.781600 0.646200
vt 0.776400 0.575400
vt 0.783000 0.851900
vt 0.767300 0.842600
vt 0.778500 0.933300
vt 0.643600 0.989000
vt 0.741300 0.811400
vt 0.741300 0.965600
vt 0.704200 0.811400
vt 0.663600 0.907700
vt 0.652400 0.848000
vt 0.638300 0.844900
vt 0.599000 0.811400
vt 0.561100 0.844900
vt 0.534100 0.848000
vt 0.525200 0.908500
vt 0.421400 0.811400
vt 0.421700 0.988100
vt 0.375600 0.811400
vt 0.087600 0.907700
vt 0.047000 0.811400
vt 0.098900 0.848000
vt 0.107700 0.989000
vt 0.010000 0.811400
vt 0.010000 0.965600
vt 0.460600 0.040800
vt 0.441300 0.184000
vt 0.455800 0.044300
vt 0.445500 0.183400
vt 0.408100 0.006400
vt 0.373900 0.061400
vt 0.373900 0.006400
vt 0.339600 0.006500
vt 0.373900 0.048400
vt 0.339500 0.054300
vt 0.373900 0.102500
vt 0.287200 0.040800
vt 0.302300 0.031600
vt 0.291900 0.044300
vt 0.306400 0.184000
vt 0.373900 0.040600
vt 0.373900 0.167900
vt 0.329600 0.988100
vt 0.329900 0.811400
vt 0.226100 0.908500
vt 0.217100 0.848000
vt 0.113000 0.844900
vt 0.190200 0.844900
vt 0.152300 0.811400
vt 0.408400 0.054300
vt 0.785079 0.829374
vt 0.785079 0.646737
vt 0.785079 0.851211
vt 0.558400 0.004500
vt 0.514000 0.240600
vt 0.514000 0.004500
vt 0.556800 0.240600
vt 0.607800 0.004500
vt 0.606500 0.240600
vt 0.664100 0.004500
vt 0.665500 0.240600
vt 0.708700 0.004700
vt 0.714200 0.240600
vt 0.752700 0.004700
vt 0.752700 0.240600
vt 0.796700 0.004700
vt 0.791300 0.240600
vt 0.841400 0.004500
vt 0.839900 0.240600
vt 0.897600 0.004500
vt 0.899000 0.240600
vt 0.947000 0.004500
vt 0.948600 0.240600
vt 0.991500 0.004500
vt 0.991500 0.240600
vt 0.804200 0.523700
vt 0.766400 0.637000
vt 0.766300 0.517200
vt 0.834600 0.685200
vt 0.850800 0.587800
vt 0.804200 0.969700
vt 0.834600 0.820500
vt 0.850800 0.926500
vt 0.766400 0.846800
vt 0.766400 0.982700
vt 0.926700 0.558500
vt 0.923900 0.562200
vt 0.926500 0.562200
vt 0.924200 0.558500
vt 0.935000 0.550000
vt 0.935200 0.551600
vt 0.947800 0.550000
vt 0.947300 0.551700
vt 0.957100 0.555600
vt 0.954900 0.555600
vt 0.950200 0.548000
vt 0.956100 0.562700
vt 0.959600 0.562700
vt 0.933600 0.548000
vt 0.937500 0.546600
vt 0.945800 0.546700
vt 0.479300 0.404400
vt 0.404800 0.410000
vt 0.472500 0.409900
vt 0.398000 0.404600
vt 0.465800 0.415400
vt 0.411600 0.415500
vt 0.465900 0.459300
vt 0.472600 0.464800
vt 0.411700 0.459400
vt 0.404900 0.464900
vt 0.479400 0.470200
vt 0.398100 0.470300
vt 0.069300 0.022800
vt 0.012000 0.121900
vt 0.126500 0.121900
vt 0.183800 0.022800
vt 0.241000 0.121900
vt 0.010000 0.664600
vt 0.049500 0.664600
vt 0.010000 0.506500
vt 0.052400 0.506500
vt 0.741300 0.664600
vt 0.701800 0.664600
vt 0.639100 0.664600
vt 0.547700 0.664600
vt 0.421000 0.664600
vt 0.375600 0.664600
vt 0.330300 0.664600
vt 0.203600 0.664600
vt 0.698800 0.506500
vt 0.633400 0.506500
vt 0.554700 0.506500
vt 0.422900 0.506500
vt 0.375600 0.506500
vt 0.328300 0.506500
vt 0.196600 0.506500
vt 0.112200 0.664600
vt 0.117900 0.506500
vt 0.069300 0.221100
vt 0.183800 0.221100
vt 0.373900 0.228300
vt 0.316900 0.228300
vt 0.373900 0.236000
vt 0.430800 0.228300
vt 0.420400 0.236000
vt 0.327300 0.236000
vt 0.945900 0.602800
vt 0.937200 0.602800
vt 0.941500 0.602800
vt 0.741300 0.506500
s 1
usemtl Material03
f 655/528/631 654/529/632 653/530/633
f 655/528/631 656/531/634 654/529/632
f 657/532/635 656/531/634 655/528/631
f 657/532/635 658/533/636 656/531/634
f 661/534/637 660/535/638 659/536/639
f 661/534/637 662/537/640 660/535/638
f 663/538/641 662/537/640 661/534/637
f 663/538/641 664/539/642 662/537/640
f 665/540/643 664/539/642 663/538/641
f 665/540/643 666/541/644 664/539/642
f 667/542/645 666/541/644 665/540/643
f 667/542/645 668/543/646 666/541/644
f 669/544/647 668/543/646 667/542/645
f 669/544/647 670/545/648 668/543/646
f 671/546/649 670/545/648 669/544/647
f 671/546/649 672/547/650 670/545/648
f 658/548/636 675/549/651 674/550/652
f 657/551/635 675/549/651 658/548/636
f 657/551/635 660/552/638 675/549/651
f 659/553/639 660/552/638 657/551/635
f 677/554/653 661/555/637 676/556/654
f 677/554/653 671/557/649 661/555/637
f 678/558/655 671/557/649 677/554/653
f 678/558/655 672/559/650 671/557/649
f 679/560/656 672/559/650 678/558/655
f 679/560/656 680/561/657 672/559/650
f 681/562/658 680/561/657 679/560/656
f 681/562/658 682/563/659 680/561/657
f 683/564/660 682/563/659 681/562/658
f 684/565/661 680/561/657 682/563/659
f 684/565/661 655/566/631 680/561/657
f 685/567/662 655/566/631 684/565/661
f 685/567/662 657/568/635 655/566/631
f 661/532/637 686/531/663 663/533/641
f 661/532/637 687/529/664 686/531/663
f 671/528/649 687/529/664 661/532/637
f 671/528/649 669/530/647 687/529/664
f 688/569/665 661/555/637 659/570/639
f 661/555/637 688/569/665 676/556/654
f 659/570/639 685/567/662 688/569/665
f 685/567/662 659/570/639 657/568/635
f 655/571/631 689/572/666 672/547/650
f 689/572/666 655/571/631 653/573/633
f 653/573/633 690/574/667 689/572/666
f 673/575/668 690/574/667 691/576/669
f 690/574/667 673/575/668 692/577/670
f 674/550/652 692/577/670 673/575/668
f 678/558/655 681/562/658 679/560/656
f 681/562/658 678/558/655 693/578/671
f 677/554/653 693/578/671 678/558/655
f 681/562/658 693/578/671 683/564/660
f 655/566/631 672/559/650 680/561/657
f 656/531/634 825/579/672 827/580/673 654/529/632
f 656/531/634 826/581/674 825/579/672
f 696/582/675 695/583/676 694/584/677
f 696/582/675 697/585/678 695/583/676
f 698/586/679 697/585/678 696/582/675
f 698/586/679 699/587/680 697/585/678
f 700/588/681 699/587/680 698/586/679
f 700/588/681 701/589/682 699/587/680
f 702/590/683 701/589/682 700/588/681
f 702/590/683 703/591/684 701/589/682
f 704/592/685 703/591/684 702/590/683
f 704/592/685 705/593/686 703/591/684
f 706/594/687 705/593/686 704/592/685
f 706/594/687 707/595/688 705/593/686
f 708/596/689 707/595/688 706/594/687
f 708/596/689 709/597/690 707/595/688
f 710/598/691 709/597/690 708/596/689
f 710/598/691 711/599/692 709/597/690
f 712/600/693 711/599/692 710/598/691
f 712/600/693 713/601/694 711/599/692
f 694/602/677 713/601/694 712/600/693
f 694/602/677 695/603/676 713/601/694
f 714/604/695 708/605/689 706/606/687
f 714/604/695 715/607/696 708/605/689
f 716/608/697 715/607/696 714/604/695
f 719/609/698 718/610/699 717/611/700
f 719/609/698 710/612/691 718/610/699
f 712/613/693 710/612/691 719/609/698
f 720/614/701 704/615/685 702/616/683
f 720/614/701 721/617/702 704/615/685
f 722/618/703 721/617/702 720/614/701
f 722/618/703 723/619/704 721/617/702
f 724/620/705 723/619/704 722/618/703
f 724/620/705 725/621/706 723/619/704
f 726/622/707 725/621/706 724/620/705
f 726/622/707 727/620/708 725/621/706
f 719/623/698 727/620/708 726/622/707
f 719/623/698 717/624/700 727/620/708
f 721/617/702 706/616/687 704/615/685
f 721/617/702 714/614/695 706/616/687
f 723/619/704 714/614/695 721/617/702
f 723/619/704 728/618/709 714/614/695
f 725/621/706 728/618/709 723/619/704
f 725/621/706 727/620/708 728/618/709
f 726/622/707 712/625/693 719/623/698
f 726/622/707 694/626/677 712/625/693
f 729/623/710 694/626/677 726/622/707
f 729/623/710 696/625/675 694/626/677
f 728/618/709 716/627/697 714/614/695
f 727/620/708 730/628/711 728/618/709
f 727/620/708 731/629/712 730/628/711
f 734/630/713 733/631/714 732/632/715
f 734/630/713 735/633/716 733/631/714
f 736/632/717 735/633/716 734/630/713
f 736/632/717 737/631/718 735/633/716
f 738/634/719 737/631/718 736/632/717
f 738/634/719 739/635/720 737/631/718
f 732/632/715 739/635/720 738/634/719
f 732/632/715 733/631/714 739/635/720
f 740/636/721 732/632/715 738/634/719
f 740/636/721 741/637/722 732/632/715
f 742/638/723 741/637/722 740/636/721
f 742/638/723 743/639/724 741/637/722
f 739/635/720 743/639/724 742/638/723
f 739/635/720 733/631/714 743/639/724
f 741/637/722 734/630/713 732/632/715
f 741/637/722 744/640/725 734/630/713
f 743/639/724 744/640/725 741/637/722
f 743/639/724 745/641/726 744/640/725
f 733/631/714 745/641/726 743/639/724
f 733/631/714 735/633/716 745/641/726
f 737/631/718 745/641/726 735/633/716
f 737/631/718 746/639/727 745/641/726
f 739/635/720 746/639/727 737/631/718
f 739/635/720 742/638/723 746/639/727
f 744/640/725 736/632/717 734/630/713
f 744/640/725 747/637/728 736/632/717
f 745/641/726 747/637/728 744/640/725
f 745/641/726 746/639/727 747/637/728
f 700/605/681 720/604/701 702/606/683
f 698/612/679 696/613/675 729/609/710
f 715/607/696 718/610/699 710/612/691
f 708/605/689 715/607/696 710/612/691
f 729/623/710 726/622/707 724/620/705
f 742/638/723 747/637/728 746/639/727
f 747/637/728 742/638/723 740/636/721
f 740/636/721 736/632/717 747/637/728
f 736/632/717 740/636/721 738/634/719
f 724/620/705 748/624/729 729/623/710
f 722/618/703 749/629/730 724/620/705
f 722/618/703 750/628/731 749/629/730
f 720/604/701 752/607/732 751/608/733
f 720/604/701 700/605/681 752/607/732
f 698/612/679 748/611/729 753/610/734
f 698/612/679 729/609/710 748/611/729
f 751/627/733 722/618/703 720/614/701
f 753/610/734 752/607/732 698/612/679
f 700/605/681 698/612/679 752/607/732
f 756/642/735 755/643/736 754/644/737
f 756/642/735 757/643/738 755/643/736
f 758/642/739 757/643/738 756/642/735
f 758/642/739 759/644/740 757/643/738
f 760/645/741 759/644/740 758/642/739
f 760/645/741 761/646/742 759/644/740
f 762/645/743 761/646/742 760/645/741
f 762/645/743 763/646/744 761/646/742
f 764/647/745 675/549/651 660/552/638
f 764/647/745 765/648/746 675/549/651
f 695/649/676 765/648/746 764/647/745
f 695/649/676 697/650/678 765/648/746
f 662/537/640 764/651/745 660/535/638
f 662/537/640 766/652/747 764/651/745
f 664/539/642 766/652/747 662/537/640
f 664/539/642 767/653/748 766/652/747
f 666/541/644 767/653/748 664/539/642
f 666/541/644 768/654/749 767/653/748
f 668/543/646 768/654/749 666/541/644
f 668/543/646 769/655/750 768/654/749
f 670/545/648 769/655/750 668/543/646
f 670/545/648 770/656/751 769/655/750
f 672/547/650 770/656/751 670/545/648
f 672/547/650 771/657/752 770/656/751
f 689/572/666 771/657/752 672/547/650
f 689/572/666 772/658/753 771/657/752
f 690/574/667 772/658/753 689/572/666
f 690/574/667 692/577/670 772/658/753
f 767/653/748 713/659/694 766/652/747
f 767/653/748 711/660/692 713/659/694
f 768/654/749 711/660/692 767/653/748
f 768/654/749 709/661/690 711/660/692
f 769/655/750 709/661/690 768/654/749
f 769/655/750 707/662/688 709/661/690
f 770/656/751 707/662/688 769/655/750
f 770/656/751 705/663/686 707/662/688
f 771/657/752 705/663/686 770/656/751
f 771/657/752 703/664/684 705/663/686
f 772/658/753 703/664/684 771/657/752
f 772/658/753 701/665/682 703/664/684
f 773/666/754 701/665/682 772/658/753
f 773/666/754 699/667/680 701/665/682
f 765/648/746 699/667/680 773/666/754
f 765/648/746 697/650/678 699/667/680
f 757/643/738 774/668/755 755/643/736
f 757/643/738 775/668/756 774/668/755
f 759/644/740 775/668/756 757/643/738
f 759/644/740 776/669/757 775/668/756
f 761/646/742 776/669/757 759/644/740
f 761/646/742 777/669/758 776/669/757
f 763/646/744 777/669/758 761/646/742
f 685/567/662 778/670/759 688/569/665
f 685/567/662 779/671/760 778/670/759
f 684/565/661 779/671/760 685/567/662
f 684/565/661 780/670/761 779/671/760
f 682/563/659 780/670/761 684/565/661
f 682/563/659 683/564/660 780/670/761
f 783/643/738 782/668/762 781/643/763
f 783/643/738 784/668/764 782/668/762
f 785/644/765 784/668/764 783/643/738
f 785/644/765 786/669/766 784/668/764
f 787/646/767 786/669/766 785/644/765
f 787/646/767 788/669/758 786/669/766
f 789/646/768 788/669/758 787/646/767
f 790/642/769 783/643/738 781/643/763
f 790/642/769 791/642/770 783/643/738
f 792/645/771 791/642/770 790/642/769
f 792/645/771 793/645/772 791/642/770
f 789/646/768 793/645/772 792/645/771
f 789/646/768 787/646/767 793/645/772
f 796/643/773 795/668/774 794/643/775
f 796/643/773 797/668/776 795/668/774
f 798/644/777 797/668/776 796/643/773
f 798/644/777 799/669/778 797/668/776
f 800/646/779 799/669/778 798/644/777
f 800/646/779 801/669/780 799/669/778
f 802/646/781 801/669/780 800/646/779
f 803/642/782 796/643/773 794/643/775
f 803/642/782 804/642/783 796/643/773
f 805/645/784 804/642/783 803/642/782
f 805/645/784 806/645/785 804/642/783
f 802/646/781 806/645/785 805/645/784
f 802/646/781 800/646/779 806/645/785
f 809/643/786 808/668/787 807/643/788
f 809/643/786 810/668/789 808/668/787
f 811/644/790 810/668/789 809/643/786
f 811/644/790 812/669/778 810/668/789
f 813/646/779 812/669/778 811/644/790
f 813/646/779 814/669/791 812/669/778
f 815/646/792 814/669/791 813/646/779
f 816/642/793 809/643/786 807/643/788
f 816/642/793 817/642/783 809/643/786
f 818/645/794 817/642/783 816/642/793
f 818/645/794 819/645/785 817/642/783
f 815/646/792 819/645/785 818/645/794
f 815/646/792 813/646/779 819/645/785
f 821/672/795 820/673/796 778/670/759
f 820/673/796 821/672/795 822/674/797
f 823/675/798 778/670/759 779/671/760
f 778/670/759 823/675/798 821/672/795
f 824/672/799 779/671/760 780/670/761
f 779/671/760 824/672/799 823/675/798
f 822/674/797 780/670/761 820/673/796
f 780/670/761 822/674/797 824/672/799
f 821/676/795 824/677/799 822/678/797
f 824/677/799 821/676/795 823/678/798
f 756/642/735 760/645/741 758/642/739
f 760/645/741 756/642/735 762/645/743
f 764/651/745 713/659/694 695/679/676
f 713/659/694 764/651/745 766/652/747
f 692/577/670 773/666/754 772/658/753
f 773/666/754 692/577/670 674/550/652
f 773/666/754 675/549/651 765/648/746
f 675/549/651 773/666/754 674/550/652
f 777/669/758 775/668/756 776/669/757
f 775/668/756 777/669/758 774/668/755
f 778/670/759 676/556/654 688/569/665
f 676/556/654 778/670/759 820/673/796
f 820/673/796 677/554/653 676/556/654
f 677/554/653 820/673/796 780/670/761
f 780/670/761 693/578/671 677/554/653
f 693/578/671 780/670/761 683/564/660
f 788/669/758 784/668/764 786/669/766
f 784/668/764 788/669/758 782/668/762
f 785/644/765 793/645/772 787/646/767
f 793/645/772 785/644/765 791/642/770
f 783/643/738 791/642/770 785/644/765
f 801/669/780 797/668/776 799/669/778
f 797/668/776 801/669/780 795/668/774
f 798/644/777 806/645/785 800/646/779
f 806/645/785 798/644/777 804/642/783
f 796/643/773 804/642/783 798/644/777
f 814/669/791 810/668/789 812/669/778
f 810/668/789 814/669/791 808/668/787
f 811/644/790 819/645/785 813/646/779
f 819/645/785 811/644/790 817/642/783
f 809/643/786 817/642/783 811/644/790
o Sphere
v -0.726524 6.551006 0.000252
v -0.726524 6.487825 -0.208025
v -0.726524 6.384394 -0.311456
v -0.726524 6.249255 -0.367433
v -0.726524 6.176117 -0.374636
v -0.726524 6.102980 -0.367433
v -0.726524 5.967841 -0.311456
v -0.726524 5.801229 0.000252
v -0.712255 6.543802 -0.071480
v -0.698535 6.522469 -0.140455
v -0.685891 6.487825 -0.204023
v -0.674808 6.441204 -0.259741
v -0.665712 6.384394 -0.305467
v -0.658954 6.319581 -0.339445
v -0.654792 6.249255 -0.360368
v -0.653387 6.176117 -0.367433
v -0.654792 6.102980 -0.360368
v -0.658954 6.032654 -0.339445
v -0.665712 5.967841 -0.305467
v -0.674808 5.911031 -0.259741
v -0.685891 5.864409 -0.204023
v -0.698535 5.829766 -0.140455
v -0.712255 5.808433 -0.071480
v -0.698535 6.543802 -0.067318
v -0.671623 6.522469 -0.132291
v -0.646820 6.487825 -0.192171
v -0.625080 6.441204 -0.244656
v -0.607238 6.384394 -0.287729
v -0.593981 6.319581 -0.319735
v -0.585817 6.249255 -0.339445
v -0.583060 6.176117 -0.346100
v -0.585817 6.102980 -0.339445
v -0.593981 6.032654 -0.319735
v -0.607238 5.967841 -0.287729
v -0.625080 5.911031 -0.244656
v -0.646820 5.864409 -0.192171
v -0.671623 5.829766 -0.132291
v -0.698535 5.808433 -0.067318
v -0.685891 6.543802 -0.060559
v -0.646820 6.522469 -0.119034
v -0.610811 6.487825 -0.172924
v -0.579250 6.441204 -0.220159
v -0.553348 6.384394 -0.258924
v -0.534101 6.319581 -0.287729
v -0.522249 6.249255 -0.305467
v -0.518247 6.176117 -0.311456
v -0.522249 6.102980 -0.305467
v -0.534101 6.032654 -0.287729
v -0.553348 5.967841 -0.258924
v -0.579250 5.911031 -0.220159
v -0.610811 5.864409 -0.172924
v -0.646820 5.829766 -0.119034
v -0.685891 5.808433 -0.060559
v -0.674808 6.543802 -0.051464
v -0.625080 6.522469 -0.101192
v -0.579250 6.487825 -0.147022
v -0.539080 6.441204 -0.187192
v -0.506113 6.384394 -0.220159
v -0.481616 6.319581 -0.244656
v -0.466531 6.249255 -0.259741
v -0.461438 6.176117 -0.264834
v -0.466531 6.102980 -0.259741
v -0.481616 6.032654 -0.244656
v -0.506113 5.967841 -0.220159
v -0.539080 5.911031 -0.187192
v -0.579250 5.864409 -0.147022
v -0.625080 5.829766 -0.101192
v -0.674808 5.808433 -0.051464
v -0.665713 6.543802 -0.040381
v -0.607238 6.522469 -0.079452
v -0.553348 6.487825 -0.115460
v -0.506113 6.441204 -0.147022
v -0.467348 6.384394 -0.172924
v -0.438543 6.319581 -0.192171
v -0.420805 6.249255 -0.204023
v -0.414816 6.176117 -0.208025
v -0.420805 6.102980 -0.204023
v -0.438543 6.032654 -0.192171
v -0.467348 5.967841 -0.172924
v -0.506113 5.911031 -0.147022
v -0.553348 5.864409 -0.115460
v -0.607238 5.829766 -0.079452
v -0.665713 5.808433 -0.040381
v -0.658954 6.543802 -0.027736
v -0.593981 6.522469 -0.054649
v -0.534101 6.487825 -0.079452
v -0.481616 6.441204 -0.101192
v -0.438543 6.384394 -0.119034
v -0.406537 6.319581 -0.132291
v -0.386827 6.249255 -0.140455
v -0.380172 6.176117 -0.143212
v -0.386827 6.102980 -0.140455
v -0.406537 6.032654 -0.132291
v -0.438543 5.967841 -0.119034
v -0.481616 5.911031 -0.101192
v -0.534101 5.864409 -0.079452
v -0.593981 5.829766 -0.054649
v -0.658954 5.808433 -0.027736
v -0.654792 6.543802 -0.014016
v -0.585817 6.522469 -0.027736
v -0.522249 6.487825 -0.040381
v -0.466531 6.441204 -0.051464
v -0.420805 6.384394 -0.060559
v -0.386827 6.319581 -0.067318
v -0.365904 6.249255 -0.071480
v -0.358839 6.176117 -0.072885
v -0.365904 6.102980 -0.071480
v -0.386827 6.032654 -0.067318
v -0.420805 5.967841 -0.060559
v -0.466531 5.911031 -0.051464
v -0.522249 5.864409 -0.040381
v -0.585817 5.829766 -0.027736
v -0.654792 5.808433 -0.014016
v -0.653387 6.543802 0.000252
v -0.583060 6.522469 0.000252
v -0.518247 6.487825 0.000252
v -0.461438 6.441204 0.000252
v -0.414816 6.384394 0.000252
v -0.380172 6.319581 0.000252
v -0.358839 6.249255 0.000252
v -0.351636 6.176117 0.000252
v -0.358839 6.102980 0.000252
v -0.380172 6.032654 0.000252
v -0.414816 5.967841 0.000252
v -0.461438 5.911031 0.000252
v -0.518247 5.864409 0.000252
v -0.583060 5.829766 0.000252
v -0.653387 5.808433 0.000252
v -0.654792 6.543802 0.014520
v -0.585817 6.522469 0.028240
v -0.522249 6.487825 0.040885
v -0.466531 6.441204 0.051968
v -0.420805 6.384394 0.061063
v -0.386827 6.319581 0.067822
v -0.365904 6.249255 0.071984
v -0.358839 6.176117 0.073389
v -0.365904 6.102980 0.071984
v -0.386827 6.032654 0.067822
v -0.420805 5.967841 0.061063
v -0.466531 5.911031 0.051968
v -0.522249 5.864409 0.040885
v -0.585817 5.829766 0.028240
v -0.654792 5.808433 0.014520
v -0.658954 6.543802 0.028240
v -0.593981 6.522469 0.055153
v -0.534101 6.487825 0.079956
v -0.481616 6.441204 0.101696
v -0.438543 6.384394 0.119537
v -0.406537 6.319581 0.132795
v -0.386827 6.249255 0.140959
v -0.380172 6.176117 0.143715
v -0.386827 6.102980 0.140959
v -0.406537 6.032654 0.132795
v -0.438543 5.967841 0.119537
v -0.481616 5.911031 0.101696
v -0.534101 5.864409 0.079956
v -0.593981 5.829766 0.055153
v -0.658954 5.808433 0.028240
v -0.665713 6.543802 0.040885
v -0.607238 6.522469 0.079956
v -0.553348 6.487825 0.115964
v -0.506113 6.441204 0.147526
v -0.467348 6.384394 0.173428
v -0.438543 6.319581 0.192675
v -0.420805 6.249255 0.204527
v -0.414816 6.176117 0.208529
v -0.420805 6.102980 0.204527
v -0.438543 6.032654 0.192675
v -0.467348 5.967841 0.173428
v -0.506113 5.911031 0.147526
v -0.553348 5.864409 0.115964
v -0.607238 5.829766 0.079956
v -0.665713 5.808433 0.040885
v -0.674808 6.543802 0.051968
v -0.625080 6.522469 0.101696
v -0.579250 6.487825 0.147526
v -0.539080 6.441204 0.187696
v -0.506113 6.384394 0.220663
v -0.481616 6.319581 0.245159
v -0.466531 6.249255 0.260244
v -0.461438 6.176117 0.265338
v -0.466531 6.102980 0.260244
v -0.481616 6.032654 0.245159
v -0.506113 5.967841 0.220663
v -0.539080 5.911031 0.187696
v -0.579250 5.864409 0.147526
v -0.625080 5.829766 0.101696
v -0.674808 5.808433 0.051968
v -0.685891 6.543802 0.061063
v -0.646820 6.522469 0.119537
v -0.610811 6.487825 0.173428
v -0.579250 6.441204 0.220663
v -0.553348 6.384394 0.259428
v -0.534101 6.319581 0.288233
v -0.522249 6.249255 0.305971
v -0.518247 6.176117 0.311960
v -0.522249 6.102980 0.305971
v -0.534101 6.032654 0.288233
v -0.553348 5.967841 0.259428
v -0.579250 5.911031 0.220663
v -0.610811 5.864409 0.173428
v -0.646820 5.829766 0.119537
v -0.685891 5.808433 0.061063
v -0.698535 6.543802 0.067822
v -0.671623 6.522469 0.132795
v -0.646820 6.487825 0.192674
v -0.625080 6.441204 0.245159
v -0.607238 6.384394 0.288233
v -0.593981 6.319581 0.320239
v -0.585817 6.249255 0.339948
v -0.583060 6.176117 0.346603
v -0.585817 6.102980 0.339948
v -0.593981 6.032654 0.320239
v -0.607238 5.967841 0.288233
v -0.625080 5.911031 0.245159
v -0.646820 5.864409 0.192674
v -0.671623 5.829766 0.132795
v -0.698535 5.808433 0.067822
v -0.712255 6.543802 0.071984
v -0.698535 6.522469 0.140959
v -0.685891 6.487825 0.204527
v -0.674808 6.441204 0.260244
v -0.665713 6.384394 0.305971
v -0.658954 6.319581 0.339948
v -0.654792 6.249255 0.360872
v -0.653387 6.176117 0.367937
v -0.654792 6.102980 0.360872
v -0.658954 6.032654 0.339948
v -0.665713 5.967841 0.305971
v -0.674808 5.911031 0.260244
v -0.685891 5.864409 0.204527
v -0.698535 5.829766 0.140959
v -0.712255 5.808433 0.071984
v -0.726524 6.543802 0.073389
v -0.726524 6.522469 0.143715
v -0.726524 6.487825 0.208529
v -0.726524 6.441204 0.265338
v -0.726524 6.384394 0.311960
v -0.726524 6.319581 0.346603
v -0.726524 6.249255 0.367937
v -0.726524 6.176117 0.375140
v -0.726524 6.102980 0.367937
v -0.726524 6.032654 0.346603
v -0.726524 5.967841 0.311960
v -0.726524 5.911031 0.265338
v -0.726524 5.864409 0.208529
v -0.726524 5.829766 0.143715
v -0.726524 5.808433 0.073389
v -0.740792 6.543802 0.071984
v -0.754512 6.522469 0.140959
v -0.767157 6.487825 0.204527
v -0.778239 6.441204 0.260244
v -0.787335 6.384394 0.305971
v -0.794094 6.319581 0.339948
v -0.798256 6.249255 0.360872
v -0.799661 6.176117 0.367937
v -0.798256 6.102980 0.360872
v -0.794094 6.032654 0.339948
v -0.787335 5.967841 0.305971
v -0.778239 5.911031 0.260244
v -0.767157 5.864409 0.204527
v -0.754512 5.829766 0.140959
v -0.740792 5.808433 0.071984
v -0.754512 6.543802 0.067822
v -0.781425 6.522469 0.132795
v -0.806228 6.487825 0.192674
v -0.827968 6.441204 0.245159
v -0.845809 6.384394 0.288233
v -0.859067 6.319581 0.320239
v -0.867231 6.249255 0.339948
v -0.869987 6.176117 0.346603
v -0.867231 6.102980 0.339948
v -0.859067 6.032654 0.320239
v -0.845809 5.967841 0.288233
v -0.827968 5.911031 0.245159
v -0.806228 5.864409 0.192674
v -0.781425 5.829766 0.132795
v -0.754512 5.808433 0.067822
v -0.767156 6.543802 0.061063
v -0.806228 6.522469 0.119537
v -0.842236 6.487825 0.173428
v -0.873798 6.441204 0.220663
v -0.899700 6.384394 0.259428
v -0.918946 6.319581 0.288233
v -0.930799 6.249255 0.305971
v -0.934801 6.176117 0.311960
v -0.930799 6.102980 0.305971
v -0.918946 6.032654 0.288233
v -0.899700 5.967841 0.259428
v -0.873798 5.911031 0.220663
v -0.842236 5.864409 0.173428
v -0.806228 5.829766 0.119537
v -0.767156 5.808433 0.061063
v -0.778239 6.543802 0.051968
v -0.827968 6.522469 0.101696
v -0.873798 6.487825 0.147526
v -0.913968 6.441204 0.187696
v -0.946935 6.384394 0.220663
v -0.971431 6.319581 0.245159
v -0.986516 6.249255 0.260244
v -0.991610 6.176117 0.265338
v -0.986516 6.102980 0.260244
v -0.971431 6.032654 0.245159
v -0.946935 5.967841 0.220663
v -0.913968 5.911031 0.187696
v -0.873798 5.864409 0.147526
v -0.827968 5.829766 0.101696
v -0.778239 5.808433 0.051968
v -0.787335 6.543802 0.040885
v -0.845809 6.522469 0.079956
v -0.899699 6.487825 0.115964
v -0.946935 6.441204 0.147526
v -0.985700 6.384394 0.173428
v -1.014504 6.319581 0.192674
v -1.032243 6.249255 0.204527
v -1.038232 6.176117 0.208528
v -1.032243 6.102980 0.204527
v -1.014504 6.032654 0.192674
v -0.985700 5.967841 0.173428
v -0.946935 5.911031 0.147526
v -0.899699 5.864409 0.115964
v -0.845809 5.829766 0.079956
v -0.787335 5.808433 0.040885
v -0.794094 6.543802 0.028240
v -0.859067 6.522469 0.055153
v -0.918946 6.487825 0.079956
v -0.971431 6.441204 0.101696
v -1.014504 6.384394 0.119537
v -1.046511 6.319581 0.132795
v -1.066220 6.249255 0.140959
v -1.072875 6.176117 0.143715
v -1.066220 6.102980 0.140959
v -1.046511 6.032654 0.132795
v -1.014504 5.967841 0.119537
v -0.971431 5.911031 0.101696
v -0.918946 5.864409 0.079956
v -0.859067 5.829766 0.055153
v -0.794094 5.808433 0.028240
v -0.798255 6.543802 0.014520
v -0.867231 6.522469 0.028240
v -0.930798 6.487825 0.040885
v -0.986516 6.441204 0.051968
v -1.032242 6.384394 0.061063
v -1.066220 6.319581 0.067822
v -1.087144 6.249255 0.071984
v -1.094208 6.176117 0.073389
v -1.087144 6.102980 0.071984
v -1.066220 6.032654 0.067822
v -1.032242 5.967841 0.061063
v -0.986516 5.911031 0.051968
v -0.930798 5.864409 0.040885
v -0.867231 5.829766 0.028240
v -0.798255 5.808433 0.014520
v -0.799661 6.543802 0.000252
v -0.869987 6.522469 0.000252
v -0.934800 6.487825 0.000252
v -0.991610 6.441204 0.000252
v -1.038232 6.384394 0.000252
v -1.072875 6.319581 0.000252
v -1.094208 6.249255 0.000252
v -1.101412 6.176117 0.000252
v -1.094208 6.102980 0.000252
v -1.072875 6.032654 0.000252
v -1.038232 5.967841 0.000252
v -0.991610 5.911031 0.000252
v -0.934800 5.864409 0.000252
v -0.869987 5.829766 0.000252
v -0.799661 5.808433 0.000252
v -0.798255 6.543802 -0.014016
v -0.867231 6.522469 -0.027736
v -0.930798 6.487825 -0.040381
v -0.986516 6.441204 -0.051464
v -1.032242 6.384394 -0.060559
v -1.066220 6.319581 -0.067318
v -1.087143 6.249255 -0.071480
v -1.094208 6.176117 -0.072885
v -1.087143 6.102980 -0.071480
v -1.066220 6.032654 -0.067318
v -1.032242 5.967841 -0.060559
v -0.986516 5.911031 -0.051464
v -0.930798 5.864409 -0.040381
v -0.867231 5.829766 -0.027736
v -0.798255 5.808433 -0.014016
v -0.794094 6.543802 -0.027736
v -0.859067 6.522469 -0.054649
v -0.918946 6.487825 -0.079452
v -0.971431 6.441204 -0.101192
v -1.014504 6.384394 -0.119034
v -1.046511 6.319581 -0.132291
v -1.066220 6.249255 -0.140455
v -1.072875 6.176117 -0.143212
v -1.066220 6.102980 -0.140455
v -1.046511 6.032654 -0.132291
v -1.014504 5.967841 -0.119034
v -0.971431 5.911031 -0.101192
v -0.918946 5.864409 -0.079452
v -0.859067 5.829766 -0.054649
v -0.794094 5.808433 -0.027736
v -0.787335 6.543802 -0.040381
v -0.845809 6.522469 -0.079452
v -0.899699 6.487825 -0.115460
v -0.946935 6.441204 -0.147022
v -0.985699 6.384394 -0.172924
v -1.014504 6.319581 -0.192171
v -1.032242 6.249255 -0.204023
v -1.038231 6.176117 -0.208025
v -1.032242 6.102980 -0.204023
v -1.014504 6.032654 -0.192171
v -0.985699 5.967841 -0.172924
v -0.946935 5.911031 -0.147022
v -0.899699 5.864409 -0.115460
v -0.845809 5.829766 -0.079452
v -0.787335 5.808433 -0.040381
v -0.778239 6.543802 -0.051464
v -0.827968 6.522469 -0.101192
v -0.873797 6.487825 -0.147022
v -0.913968 6.441204 -0.187192
v -0.946935 6.384394 -0.220159
v -0.971431 6.319581 -0.244656
v -0.986516 6.249255 -0.259740
v -0.991609 6.176117 -0.264834
v -0.986516 6.102980 -0.259740
v -0.971431 6.032654 -0.244656
v -0.946935 5.967841 -0.220159
v -0.913968 5.911031 -0.187192
v -0.873797 5.864409 -0.147022
v -0.827968 5.829766 -0.101192
v -0.778239 5.808433 -0.051464
v -0.767156 6.543802 -0.060559
v -0.806228 6.522469 -0.119034
v -0.842236 6.487825 -0.172924
v -0.873798 6.441204 -0.220159
v -0.899699 6.384394 -0.258924
v -0.918946 6.319581 -0.287729
v -0.930798 6.249255 -0.305467
v -0.934800 6.176117 -0.311456
v -0.930798 6.102980 -0.305467
v -0.918946 6.032654 -0.287729
v -0.899699 5.967841 -0.258924
v -0.873798 5.911031 -0.220159
v -0.842236 5.864409 -0.172924
v -0.806228 5.829766 -0.119034
v -0.767156 5.808433 -0.060559
v -0.754512 6.543802 -0.067318
v -0.781425 6.522469 -0.132291
v -0.806228 6.487825 -0.192171
v -0.827968 6.441204 -0.244656
v -0.845809 6.384394 -0.287729
v -0.859067 6.319581 -0.319735
v -0.867230 6.249255 -0.339444
v -0.869987 6.176117 -0.346099
v -0.867230 6.102980 -0.339444
v -0.859067 6.032654 -0.319735
v -0.845809 5.967841 -0.287729
v -0.827968 5.911031 -0.244656
v -0.806228 5.864409 -0.192171
v -0.781425 5.829766 -0.132291
v -0.754512 5.808433 -0.067318
v -0.740792 6.543802 -0.071480
v -0.754512 6.522469 -0.140455
v -0.767156 6.487825 -0.204023
v -0.778239 6.441204 -0.259741
v -0.787335 6.384394 -0.305467
v -0.794094 6.319581 -0.339444
v -0.798255 6.249255 -0.360368
v -0.799661 6.176117 -0.367433
v -0.798255 6.102980 -0.360368
v -0.794094 6.032654 -0.339444
v -0.787335 5.967841 -0.305467
v -0.778239 5.911031 -0.259741
v -0.767156 5.864409 -0.204023
v -0.754512 5.829766 -0.140455
v -0.740792 5.808433 -0.071480
v -0.726524 6.543802 -0.072885
v -0.726524 6.522469 -0.143212
v -0.726524 6.441204 -0.264834
v -0.726524 6.319581 -0.346099
v -0.726524 6.032654 -0.346099
v -0.726524 5.911031 -0.264834
v -0.726524 5.864409 -0.208025
v -0.726524 5.829766 -0.143212
v -0.726524 5.808433 -0.072885
vn 0.0938 0.2890 -0.9527
vn 0.0286 -0.9565 -0.2902
vn 0.0975 0.0975 -0.9904
vn 0.0097 0.9951 -0.0980
vn 0.0097 -0.9951 -0.0980
vn 0.0975 -0.0975 -0.9904
vn 0.0286 0.9565 -0.2902
vn 0.0938 -0.2890 -0.9527
vn 0.0464 0.8810 -0.4709
vn 0.0865 -0.4696 -0.8786
vn 0.0624 0.7715 -0.6332
vn 0.0759 -0.6326 -0.7708
vn 0.0759 0.6326 -0.7708
vn 0.0624 -0.7715 -0.6332
vn 0.0865 0.4696 -0.8786
vn 0.0464 -0.8810 -0.4709
vn 0.1847 -0.7715 -0.6088
vn 0.2563 0.4696 -0.8448
vn 0.1374 -0.8810 -0.4528
vn 0.2779 0.2890 -0.9161
vn 0.0846 -0.9565 -0.2790
vn 0.2889 0.0976 -0.9524
vn 0.0286 0.9951 -0.0942
vn 0.0286 -0.9951 -0.0942
vn 0.2889 -0.0976 -0.9524
vn 0.0846 0.9565 -0.2790
vn 0.2779 -0.2890 -0.9161
vn 0.1374 0.8810 -0.4528
vn 0.2563 -0.4696 -0.8448
vn 0.1847 0.7715 -0.6088
vn 0.2248 -0.6326 -0.7412
vn 0.2248 0.6326 -0.7412
vn 0.4513 -0.2890 -0.8443
vn 0.2230 0.8810 -0.4173
vn 0.4162 -0.4696 -0.7786
vn 0.2999 0.7715 -0.5611
vn 0.3651 -0.6326 -0.6831
vn 0.3651 0.6326 -0.6831
vn 0.2999 -0.7715 -0.5611
vn 0.4162 0.4696 -0.7786
vn 0.2230 -0.8810 -0.4173
vn 0.4513 0.2890 -0.8443
vn 0.1374 -0.9565 -0.2571
vn 0.4691 0.0975 -0.8777
vn 0.0464 0.9951 -0.0869
vn 0.0464 -0.9951 -0.0869
vn 0.4691 -0.0975 -0.8777
vn 0.1374 0.9565 -0.2571
vn 0.3002 -0.8810 -0.3658
vn 0.6073 0.2890 -0.7400
vn 0.1850 -0.9565 -0.2254
vn 0.6314 0.0975 -0.7693
vn 0.0625 0.9951 -0.0761
vn 0.0625 -0.9951 -0.0761
vn 0.6314 -0.0975 -0.7693
vn 0.1850 0.9565 -0.2254
vn 0.6073 -0.2890 -0.7400
vn 0.3002 0.8810 -0.3658
vn 0.5601 -0.4696 -0.6825
vn 0.4036 0.7715 -0.4918
vn 0.4913 -0.6326 -0.5987
vn 0.4913 0.6326 -0.5987
vn 0.4036 -0.7715 -0.4918
vn 0.5601 0.4696 -0.6825
vn 0.3658 0.8810 -0.3002
vn 0.6825 -0.4696 -0.5601
vn 0.4918 0.7715 -0.4036
vn 0.5987 -0.6326 -0.4913
vn 0.5987 0.6326 -0.4913
vn 0.4918 -0.7715 -0.4036
vn 0.6825 0.4696 -0.5601
vn 0.3658 -0.8810 -0.3002
vn 0.7400 0.2890 -0.6073
vn 0.2254 -0.9565 -0.1850
vn 0.7693 0.0975 -0.6314
vn 0.0761 0.9951 -0.0625
vn 0.0761 -0.9951 -0.0625
vn 0.7693 -0.0975 -0.6314
vn 0.2254 0.9565 -0.1850
vn 0.7400 -0.2890 -0.6073
vn 0.8443 0.2890 -0.4513
vn 0.2571 -0.9565 -0.1374
vn 0.8777 0.0975 -0.4691
vn 0.0869 0.9951 -0.0464
vn 0.0869 -0.9951 -0.0464
vn 0.8777 -0.0975 -0.4691
vn 0.2571 0.9565 -0.1374
vn 0.8443 -0.2890 -0.4513
vn 0.4173 0.8810 -0.2230
vn 0.7786 -0.4696 -0.4162
vn 0.5611 0.7715 -0.2999
vn 0.6831 -0.6326 -0.3651
vn 0.6831 0.6326 -0.3651
vn 0.5611 -0.7715 -0.2999
vn 0.7786 0.4696 -0.4162
vn 0.4173 -0.8810 -0.2230
vn 0.8448 -0.4696 -0.2563
vn 0.6088 0.7715 -0.1847
vn 0.7412 -0.6326 -0.2248
vn 0.7412 0.6326 -0.2248
vn 0.6088 -0.7715 -0.1847
vn 0.8448 0.4696 -0.2563
vn 0.4528 -0.8810 -0.1374
vn 0.9161 0.2890 -0.2779
vn 0.2790 -0.9565 -0.0846
vn 0.9524 0.0975 -0.2889
vn 0.0942 0.9951 -0.0286
vn 0.0942 -0.9951 -0.0286
vn 0.9524 -0.0975 -0.2889
vn 0.2790 0.9565 -0.0846
vn 0.9161 -0.2890 -0.2779
vn 0.4528 0.8810 -0.1374
vn 0.2902 -0.9565 -0.0286
vn 0.9904 0.0975 -0.0975
vn 0.0980 0.9951 -0.0097
vn 0.0980 -0.9951 -0.0097
vn 0.9904 -0.0975 -0.0975
vn 0.2902 0.9565 -0.0286
vn 0.9527 -0.2890 -0.0938
vn 0.4709 0.8810 -0.0464
vn 0.8786 -0.4696 -0.0865
vn 0.6332 0.7715 -0.0624
vn 0.7708 -0.6326 -0.0759
vn 0.7708 0.6326 -0.0759
vn 0.6332 -0.7715 -0.0624
vn 0.8786 0.4696 -0.0865
vn 0.4709 -0.8810 -0.0464
vn 0.9527 0.2890 -0.0938
vn 0.6332 0.7715 0.0624
vn 0.7708 -0.6326 0.0759
vn 0.7708 0.6326 0.0759
vn 0.6332 -0.7715 0.0624
vn 0.8786 0.4696 0.0865
vn 0.4709 -0.8810 0.0464
vn 0.9527 0.2890 0.0938
vn 0.2902 -0.9565 0.0286
vn 0.9904 0.0975 0.0976
vn 0.0980 0.9951 0.0097
vn 0.0980 -0.9951 0.0097
vn 0.9904 -0.0975 0.0976
vn 0.2902 0.9565 0.0286
vn 0.9527 -0.2890 0.0938
vn 0.4709 0.8810 0.0464
vn 0.8786 -0.4696 0.0865
vn 0.9524 0.0975 0.2889
vn 0.0942 0.9951 0.0286
vn 0.0942 -0.9951 0.0286
vn 0.9524 -0.0975 0.2889
vn 0.2790 0.9565 0.0846
vn 0.9161 -0.2890 0.2779
vn 0.4528 0.8810 0.1374
vn 0.8448 -0.4696 0.2563
vn 0.6088 0.7715 0.1847
vn 0.7412 -0.6326 0.2248
vn 0.7412 0.6326 0.2248
vn 0.6088 -0.7715 0.1847
vn 0.8448 0.4696 0.2563
vn 0.4528 -0.8810 0.1374
vn 0.9161 0.2890 0.2779
vn 0.2790 -0.9565 0.0846
vn 0.6831 -0.6326 0.3651
vn 0.6831 0.6326 0.3651
vn 0.5611 -0.7715 0.2999
vn 0.7786 0.4696 0.4162
vn 0.4173 -0.8810 0.2230
vn 0.8443 0.2890 0.4513
vn 0.2571 -0.9565 0.1374
vn 0.8777 0.0975 0.4691
vn 0.0869 0.9951 0.0464
vn 0.0869 -0.9951 0.0464
vn 0.8777 -0.0975 0.4691
vn 0.2571 0.9565 0.1374
vn 0.8443 -0.2890 0.4513
vn 0.4173 0.8810 0.2230
vn 0.7786 -0.4696 0.4162
vn 0.5611 0.7715 0.2999
vn 0.0761 -0.9951 0.0625
vn 0.7693 -0.0975 0.6314
vn 0.2254 0.9565 0.1850
vn 0.7400 -0.2890 0.6073
vn 0.3658 0.8810 0.3002
vn 0.6825 -0.4696 0.5601
vn 0.4918 0.7715 0.4036
vn 0.5987 -0.6326 0.4913
vn 0.5987 0.6326 0.4913
vn 0.4918 -0.7715 0.4036
vn 0.6825 0.4696 0.5601
vn 0.3658 -0.8810 0.3002
vn 0.7400 0.2890 0.6073
vn 0.2254 -0.9565 0.1850
vn 0.7693 0.0975 0.6314
vn 0.0761 0.9951 0.0625
vn 0.4036 -0.7715 0.4918
vn 0.5601 0.4696 0.6825
vn 0.3002 -0.8810 0.3658
vn 0.6073 0.2890 0.7400
vn 0.1850 -0.9565 0.2254
vn 0.6314 0.0975 0.7693
vn 0.0625 0.9951 0.0761
vn 0.0625 -0.9951 0.0761
vn 0.6314 -0.0975 0.7693
vn 0.1850 0.9565 0.2254
vn 0.6073 -0.2890 0.7400
vn 0.3002 0.8810 0.3658
vn 0.5601 -0.4696 0.6825
vn 0.4036 0.7715 0.4918
vn 0.4913 -0.6326 0.5987
vn 0.4913 0.6326 0.5987
vn 0.1374 0.9565 0.2571
vn 0.4513 -0.2890 0.8443
vn 0.2230 0.8810 0.4173
vn 0.4162 -0.4696 0.7786
vn 0.2999 0.7715 0.5611
vn 0.3651 -0.6326 0.6831
vn 0.3651 0.6326 0.6831
vn 0.2999 -0.7715 0.5611
vn 0.4162 0.4696 0.7786
vn 0.2230 -0.8810 0.4173
vn 0.4513 0.2890 0.8443
vn 0.1374 -0.9565 0.2571
vn 0.4691 0.0975 0.8777
vn 0.0464 0.9951 0.0869
vn 0.0464 -0.9951 0.0869
vn 0.4691 -0.0975 0.8777
vn 0.2563 0.4696 0.8448
vn 0.1374 -0.8810 0.4528
vn 0.2779 0.2890 0.9161
vn 0.0846 -0.9565 0.2790
vn 0.2889 0.0975 0.9524
vn 0.0286 0.9951 0.0942
vn 0.0286 -0.9951 0.0942
vn 0.2889 -0.0975 0.9524
vn 0.0846 0.9565 0.2790
vn 0.2779 -0.2890 0.9161
vn 0.1374 0.8810 0.4528
vn 0.2563 -0.4696 0.8448
vn 0.1847 0.7715 0.6088
vn 0.2248 -0.6326 0.7412
vn 0.2248 0.6326 0.7412
vn 0.1847 -0.7715 0.6088
vn 0.0938 -0.2890 0.9527
vn 0.0464 0.8810 0.4709
vn 0.0865 -0.4696 0.8786
vn 0.0624 0.7715 0.6332
vn 0.0759 -0.6326 0.7708
vn 0.0759 0.6326 0.7708
vn 0.0624 -0.7715 0.6332
vn 0.0865 0.4696 0.8786
vn 0.0464 -0.8810 0.4709
vn 0.0938 0.2890 0.9527
vn 0.0286 -0.9565 0.2902
vn 0.0975 0.0975 0.9904
vn 0.0097 0.9951 0.0980
vn 0.0097 -0.9951 0.0980
vn 0.0975 -0.0975 0.9904
vn 0.0286 0.9565 0.2902
vn -0.0464 -0.8810 0.4709
vn -0.0938 0.2890 0.9527
vn -0.0286 -0.9565 0.2902
vn -0.0976 0.0975 0.9904
vn -0.0097 0.9951 0.0980
vn -0.0097 -0.9951 0.0980
vn -0.0976 -0.0975 0.9904
vn -0.0286 0.9565 0.2902
vn -0.0938 -0.2890 0.9527
vn -0.0464 0.8810 0.4709
vn -0.0865 -0.4696 0.8786
vn -0.0624 0.7715 0.6332
vn -0.0759 -0.6326 0.7708
vn -0.0759 0.6326 0.7708
vn -0.0624 -0.7715 0.6332
vn -0.0865 0.4696 0.8786
vn -0.1374 0.8810 0.4528
vn -0.2563 -0.4696 0.8448
vn -0.1847 0.7715 0.6088
vn -0.2248 -0.6326 0.7412
vn -0.2248 0.6326 0.7412
vn -0.1847 -0.7715 0.6088
vn -0.2563 0.4696 0.8448
vn -0.1374 -0.8810 0.4528
vn -0.2779 0.2890 0.9161
vn -0.0846 -0.9565 0.2790
vn -0.2889 0.0975 0.9524
vn -0.0286 0.9951 0.0942
vn -0.0286 -0.9951 0.0942
vn -0.2889 -0.0975 0.9524
vn -0.0846 0.9565 0.2790
vn -0.2779 -0.2890 0.9161
vn -0.4513 0.2890 0.8443
vn -0.1374 -0.9565 0.2571
vn -0.4691 0.0975 0.8777
vn -0.0464 0.9951 0.0869
vn -0.0464 -0.9951 0.0869
vn -0.4691 -0.0975 0.8777
vn -0.1374 0.9565 0.2571
vn -0.4513 -0.2890 0.8443
vn -0.2230 0.8810 0.4173
vn -0.4162 -0.4696 0.7786
vn -0.2999 0.7715 0.5611
vn -0.3651 -0.6326 0.6831
vn -0.3651 0.6326 0.6831
vn -0.2999 -0.7715 0.5611
vn -0.4162 0.4696 0.7786
vn -0.2230 -0.8810 0.4173
vn -0.5601 -0.4696 0.6825
vn -0.4036 0.7715 0.4918
vn -0.4913 -0.6326 0.5987
vn -0.4913 0.6326 0.5987
vn -0.4036 -0.7715 0.4918
vn -0.5601 0.4696 0.6825
vn -0.3002 -0.8810 0.3658
vn -0.6073 0.2890 0.7400
vn -0.1850 -0.9565 0.2254
vn -0.6314 0.0975 0.7693
vn -0.0625 0.9951 0.0761
vn -0.0625 -0.9951 0.0761
vn -0.6314 -0.0975 0.7693
vn -0.1850 0.9565 0.2254
vn -0.6073 -0.2890 0.7400
vn -0.3002 0.8810 0.3658
vn -0.2254 -0.9565 0.1850
vn -0.7693 0.0975 0.6314
vn -0.0761 0.9951 0.0625
vn -0.0761 -0.9951 0.0625
vn -0.7693 -0.0975 0.6314
vn -0.2254 0.9565 0.1850
vn -0.7400 -0.2890 0.6073
vn -0.3658 0.8810 0.3002
vn -0.6825 -0.4696 0.5601
vn -0.4918 0.7715 0.4036
vn -0.5987 -0.6326 0.4913
vn -0.5987 0.6326 0.4913
vn -0.4918 -0.7715 0.4036
vn -0.6825 0.4696 0.5601
vn -0.3658 -0.8810 0.3002
vn -0.7400 0.2890 0.6073
vn -0.6831 -0.6326 0.3651
vn -0.6831 0.6326 0.3651
vn -0.5611 -0.7715 0.2999
vn -0.7786 0.4696 0.4162
vn -0.4173 -0.8810 0.2230
vn -0.8443 0.2890 0.4513
vn -0.2571 -0.9565 0.1374
vn -0.8777 0.0975 0.4691
vn -0.0869 0.9951 0.0464
vn -0.0869 -0.9951 0.0464
vn -0.8777 -0.0975 0.4691
vn -0.2571 0.9565 0.1374
vn -0.8443 -0.2890 0.4513
vn -0.4173 0.8810 0.2230
vn -0.7786 -0.4696 0.4162
vn -0.5611 0.7715 0.2999
vn -0.0942 0.9951 0.0286
vn -0.0942 -0.9951 0.0286
vn -0.9524 -0.0975 0.2889
vn -0.2790 0.9565 0.0846
vn -0.9161 -0.2890 0.2779
vn -0.4528 0.8810 0.1374
vn -0.8448 -0.4696 0.2563
vn -0.6088 0.7715 0.1847
vn -0.7412 -0.6326 0.2248
vn -0.7412 0.6326 0.2248
vn -0.6088 -0.7715 0.1847
vn -0.8448 0.4696 0.2563
vn -0.4528 -0.8810 0.1374
vn -0.9161 0.2890 0.2779
vn -0.2790 -0.9565 0.0846
vn -0.9524 0.0975 0.2889
vn -0.7708 0.6326 0.0759
vn -0.6332 -0.7715 0.0624
vn -0.8786 0.4696 0.0865
vn -0.4709 -0.8810 0.0464
vn -0.9527 0.2890 0.0938
vn -0.2902 -0.9565 0.0286
vn -0.9904 0.0975 0.0975
vn -0.0980 0.9951 0.0097
vn -0.0980 -0.9951 0.0097
vn -0.9904 -0.0975 0.0975
vn -0.2902 0.9565 0.0286
vn -0.9527 -0.2890 0.0938
vn -0.4709 0.8810 0.0464
vn -0.8786 -0.4696 0.0865
vn -0.6332 0.7715 0.0624
vn -0.7708 -0.6326 0.0759
vn -0.9904 -0.0975 -0.0976
vn -0.2902 0.9565 -0.0286
vn -0.9527 -0.2890 -0.0938
vn -0.4709 0.8810 -0.0464
vn -0.8786 -0.4696 -0.0865
vn -0.6332 0.7715 -0.0624
vn -0.7708 -0.6326 -0.0759
vn -0.7708 0.6326 -0.0759
vn -0.6332 -0.7715 -0.0624
vn -0.8786 0.4696 -0.0865
vn -0.4709 -0.8810 -0.0464
vn -0.9527 0.2890 -0.0938
vn -0.2902 -0.9565 -0.0286
vn -0.9904 0.0975 -0.0976
vn -0.0980 0.9951 -0.0097
vn -0.0980 -0.9951 -0.0097
vn -0.6088 -0.7715 -0.1847
vn -0.8448 0.4696 -0.2563
vn -0.4528 -0.8810 -0.1374
vn -0.9161 0.2890 -0.2779
vn -0.2790 -0.9565 -0.0846
vn -0.9524 0.0975 -0.2889
vn -0.0942 0.9951 -0.0286
vn -0.0942 -0.9951 -0.0286
vn -0.9524 -0.0975 -0.2889
vn -0.2790 0.9565 -0.0846
vn -0.9161 -0.2890 -0.2779
vn -0.4528 0.8810 -0.1374
vn -0.8448 -0.4696 -0.2563
vn -0.6088 0.7715 -0.1847
vn -0.7412 -0.6326 -0.2248
vn -0.7412 0.6326 -0.2248
vn -0.2571 0.9565 -0.1374
vn -0.8443 -0.2890 -0.4513
vn -0.4173 0.8810 -0.2231
vn -0.7786 -0.4696 -0.4162
vn -0.5611 0.7715 -0.2999
vn -0.6831 -0.6326 -0.3651
vn -0.6831 0.6326 -0.3651
vn -0.5611 -0.7715 -0.2999
vn -0.7786 0.4696 -0.4162
vn -0.4173 -0.8810 -0.2231
vn -0.8443 0.2890 -0.4513
vn -0.2571 -0.9565 -0.1374
vn -0.8777 0.0975 -0.4691
vn -0.0869 0.9951 -0.0464
vn -0.0869 -0.9951 -0.0464
vn -0.8777 -0.0975 -0.4691
vn -0.6825 0.4696 -0.5601
vn -0.3658 -0.8810 -0.3002
vn -0.7400 0.2890 -0.6073
vn -0.2254 -0.9565 -0.1850
vn -0.7693 0.0975 -0.6314
vn -0.0761 0.9951 -0.0625
vn -0.0761 -0.9951 -0.0625
vn -0.7693 -0.0975 -0.6314
vn -0.2254 0.9565 -0.1850
vn -0.7400 -0.2890 -0.6073
vn -0.3658 0.8810 -0.3002
vn -0.6825 -0.4696 -0.5601
vn -0.4918 0.7715 -0.4036
vn -0.5987 -0.6326 -0.4913
vn -0.5987 0.6326 -0.4913
vn -0.4918 -0.7715 -0.4036
vn -0.6073 -0.2890 -0.7400
vn -0.3002 0.8810 -0.3658
vn -0.5601 -0.4696 -0.6825
vn -0.4036 0.7715 -0.4918
vn -0.4913 -0.6326 -0.5987
vn -0.4913 0.6326 -0.5987
vn -0.4036 -0.7715 -0.4918
vn -0.5601 0.4696 -0.6825
vn -0.3002 -0.8810 -0.3658
vn -0.6073 0.2890 -0.7400
vn -0.1850 -0.9565 -0.2254
vn -0.6314 0.0975 -0.7693
vn -0.0625 0.9951 -0.0761
vn -0.0625 -0.9951 -0.0761
vn -0.6314 -0.0975 -0.7693
vn -0.1850 0.9565 -0.2254
vn -0.2230 -0.8810 -0.4173
vn -0.4513 0.2890 -0.8443
vn -0.1374 -0.9565 -0.2571
vn -0.4691 0.0975 -0.8777
vn -0.0464 0.9951 -0.0869
vn -0.0464 -0.9951 -0.0869
vn -0.4691 -0.0975 -0.8777
vn -0.1374 0.9565 -0.2571
vn -0.4513 -0.2890 -0.8443
vn -0.2230 0.8810 -0.4173
vn -0.4162 -0.4696 -0.7786
vn -0.2999 0.7715 -0.5611
vn -0.3651 -0.6326 -0.6831
vn -0.3651 0.6326 -0.6831
vn -0.2999 -0.7715 -0.5611
vn -0.4162 0.4696 -0.7786
vn -0.2563 -0.4696 -0.8448
vn -0.1847 0.7715 -0.6088
vn -0.2248 -0.6326 -0.7412
vn -0.2248 0.6326 -0.7412
vn -0.1847 -0.7715 -0.6088
vn -0.2563 0.4696 -0.8448
vn -0.1374 -0.8810 -0.4528
vn -0.2779 0.2890 -0.9161
vn -0.0846 -0.9565 -0.2790
vn -0.2889 0.0975 -0.9524
vn -0.0286 0.9951 -0.0942
vn -0.0286 -0.9951 -0.0942
vn -0.2889 -0.0975 -0.9524
vn -0.0846 0.9565 -0.2790
vn -0.2779 -0.2890 -0.9161
vn -0.1374 0.8810 -0.4528
vn -0.0286 -0.9565 -0.2902
vn -0.0976 0.0975 -0.9904
vn -0.0097 0.9951 -0.0980
vn -0.0097 -0.9951 -0.0980
vn -0.0976 -0.0975 -0.9904
vn -0.0286 0.9565 -0.2902
vn -0.0938 -0.2890 -0.9527
vn -0.0464 0.8810 -0.4709
vn -0.0865 -0.4696 -0.8786
vn -0.0624 0.7715 -0.6332
vn -0.0759 -0.6326 -0.7708
vn -0.0759 0.6326 -0.7708
vn -0.0624 -0.7715 -0.6332
vn -0.0865 0.4696 -0.8786
vn -0.0464 -0.8810 -0.4709
vn -0.0938 0.2890 -0.9527
vt 0.750000 0.562500
vt 0.750000 0.625000
vt 0.718750 0.625000
vt 0.718750 0.562500
vt 0.750000 0.062500
vt 0.750000 0.125000
vt 0.718750 0.125000
vt 0.718750 0.062500
vt 0.750000 0.500000
vt 0.718750 0.500000
vt 0.750000 0.937500
vt 0.734375 1.000000
vt 0.718750 0.937500
vt 0.734375 0.000000
vt 0.750000 0.437500
vt 0.718750 0.437500
vt 0.750000 0.875000
vt 0.718750 0.875000
vt 0.750000 0.375000
vt 0.718750 0.375000
vt 0.750000 0.812500
vt 0.718750 0.812500
vt 0.750000 0.312500
vt 0.718750 0.312500
vt 0.750000 0.750000
vt 0.718750 0.750000
vt 0.750000 0.250000
vt 0.718750 0.250000
vt 0.750000 0.687500
vt 0.718750 0.687500
vt 0.750000 0.187500
vt 0.718750 0.187500
vt 0.687500 0.250000
vt 0.687500 0.187500
vt 0.687500 0.687500
vt 0.687500 0.625000
vt 0.687500 0.125000
vt 0.687500 0.562500
vt 0.687500 0.062500
vt 0.687500 0.500000
vt 0.703125 1.000000
vt 0.687500 0.937500
vt 0.703125 0.000000
vt 0.687500 0.437500
vt 0.687500 0.875000
vt 0.687500 0.375000
vt 0.687500 0.812500
vt 0.687500 0.312500
vt 0.687500 0.750000
vt 0.656250 0.437500
vt 0.656250 0.375000
vt 0.656250 0.875000
vt 0.656250 0.812500
vt 0.656250 0.312500
vt 0.656250 0.750000
vt 0.656250 0.250000
vt 0.656250 0.687500
vt 0.656250 0.187500
vt 0.656250 0.625000
vt 0.656250 0.125000
vt 0.656250 0.562500
vt 0.656250 0.062500
vt 0.656250 0.500000
vt 0.671875 1.000000
vt 0.656250 0.937500
vt 0.671875 0.000000
vt 0.625000 0.187500
vt 0.625000 0.125000
vt 0.625000 0.625000
vt 0.625000 0.562500
vt 0.625000 0.062500
vt 0.625000 0.500000
vt 0.640625 1.000000
vt 0.625000 0.937500
vt 0.640625 0.000000
vt 0.625000 0.437500
vt 0.625000 0.875000
vt 0.625000 0.375000
vt 0.625000 0.812500
vt 0.625000 0.312500
vt 0.625000 0.750000
vt 0.625000 0.250000
vt 0.625000 0.687500
vt 0.593750 0.875000
vt 0.593750 0.812500
vt 0.593750 0.375000
vt 0.593750 0.312500
vt 0.593750 0.750000
vt 0.593750 0.250000
vt 0.593750 0.687500
vt 0.593750 0.187500
vt 0.593750 0.625000
vt 0.593750 0.125000
vt 0.593750 0.562500
vt 0.593750 0.062500
vt 0.593750 0.500000
vt 0.609375 1.000000
vt 0.593750 0.937500
vt 0.609375 0.000000
vt 0.593750 0.437500
vt 0.562500 0.625000
vt 0.562500 0.562500
vt 0.562500 0.125000
vt 0.562500 0.062500
vt 0.562500 0.500000
vt 0.578125 1.000000
vt 0.562500 0.937500
vt 0.578125 0.000000
vt 0.562500 0.437500
vt 0.562500 0.875000
vt 0.562500 0.375000
vt 0.562500 0.812500
vt 0.562500 0.312500
vt 0.562500 0.750000
vt 0.562500 0.250000
vt 0.562500 0.687500
vt 0.562500 0.187500
vt 0.531250 0.375000
vt 0.531250 0.312500
vt 0.531250 0.812500
vt 0.531250 0.750000
vt 0.531250 0.250000
vt 0.531250 0.687500
vt 0.531250 0.187500
vt 0.531250 0.625000
vt 0.531250 0.125000
vt 0.531250 0.562500
vt 0.531250 0.062500
vt 0.531250 0.500000
vt 0.546875 1.000000
vt 0.531250 0.937500
vt 0.546875 0.000000
vt 0.531250 0.437500
vt 0.531250 0.875000
vt 0.500000 0.125000
vt 0.500000 0.062500
vt 0.500000 0.562500
vt 0.500000 0.500000
vt 0.515625 1.000000
vt 0.500000 0.937500
vt 0.515625 0.000000
vt 0.500000 0.437500
vt 0.500000 0.875000
vt 0.500000 0.375000
vt 0.500000 0.812500
vt 0.500000 0.312500
vt 0.500000 0.750000
vt 0.500000 0.250000
vt 0.500000 0.687500
vt 0.500000 0.187500
vt 0.500000 0.625000
vt 0.468750 0.812500
vt 0.468750 0.750000
vt 0.468750 0.312500
vt 0.468750 0.250000
vt 0.468750 0.687500
vt 0.468750 0.187500
vt 0.468750 0.625000
vt 0.468750 0.125000
vt 0.468750 0.562500
vt 0.468750 0.062500
vt 0.468750 0.500000
vt 0.484375 1.000000
vt 0.468750 0.937500
vt 0.484375 0.000000
vt 0.468750 0.437500
vt 0.468750 0.875000
vt 0.468750 0.375000
vt 0.437500 0.562500
vt 0.437500 0.500000
vt 0.453125 1.000000
vt 0.437500 0.937500
vt 0.453125 0.000000
vt 0.437500 0.062500
vt 0.437500 0.437500
vt 0.437500 0.875000
vt 0.437500 0.375000
vt 0.437500 0.812500
vt 0.437500 0.312500
vt 0.437500 0.750000
vt 0.437500 0.250000
vt 0.437500 0.687500
vt 0.437500 0.187500
vt 0.437500 0.625000
vt 0.437500 0.125000
vt 0.406250 0.312500
vt 0.406250 0.250000
vt 0.406250 0.750000
vt 0.406250 0.687500
vt 0.406250 0.187500
vt 0.406250 0.625000
vt 0.406250 0.125000
vt 0.406250 0.562500
vt 0.406250 0.062500
vt 0.406250 0.500000
vt 0.421875 1.000000
vt 0.406250 0.937500
vt 0.421875 0.000000
vt 0.406250 0.437500
vt 0.406250 0.875000
vt 0.406250 0.375000
vt 0.406250 0.812500
vt 0.390625 0.000000
vt 0.375000 0.062500
vt 0.375000 0.500000
vt 0.375000 0.437500
vt 0.375000 0.937500
vt 0.375000 0.875000
vt 0.375000 0.375000
vt 0.375000 0.812500
vt 0.375000 0.312500
vt 0.375000 0.750000
vt 0.375000 0.250000
vt 0.375000 0.687500
vt 0.375000 0.187500
vt 0.375000 0.625000
vt 0.375000 0.125000
vt 0.375000 0.562500
vt 0.390625 1.000000
vt 0.343750 0.250000
vt 0.343750 0.187500
vt 0.343750 0.687500
vt 0.343750 0.625000
vt 0.343750 0.125000
vt 0.343750 0.562500
vt 0.343750 0.062500
vt 0.343750 0.500000
vt 0.359375 1.000000
vt 0.343750 0.937500
vt 0.359375 0.000000
vt 0.343750 0.437500
vt 0.343750 0.875000
vt 0.343750 0.375000
vt 0.343750 0.812500
vt 0.343750 0.312500
vt 0.343750 0.750000
vt 0.312500 0.937500
vt 0.312500 0.875000
vt 0.312500 0.437500
vt 0.312500 0.375000
vt 0.312500 0.812500
vt 0.312500 0.312500
vt 0.312500 0.750000
vt 0.312500 0.250000
vt 0.312500 0.687500
vt 0.312500 0.187500
vt 0.312500 0.625000
vt 0.312500 0.125000
vt 0.312500 0.562500
vt 0.312500 0.062500
vt 0.312500 0.500000
vt 0.328125 1.000000
vt 0.328125 0.000000
vt 0.281250 0.687500
vt 0.281250 0.625000
vt 0.281250 0.187500
vt 0.281250 0.125000
vt 0.281250 0.562500
vt 0.281250 0.062500
vt 0.281250 0.500000
vt 0.296875 1.000000
vt 0.281250 0.937500
vt 0.296875 0.000000
vt 0.281250 0.437500
vt 0.281250 0.875000
vt 0.281250 0.375000
vt 0.281250 0.812500
vt 0.281250 0.312500
vt 0.281250 0.750000
vt 0.281250 0.250000
vt 0.250000 0.437500
vt 0.250000 0.375000
vt 0.250000 0.875000
vt 0.250000 0.812500
vt 0.250000 0.312500
vt 0.250000 0.750000
vt 0.250000 0.250000
vt 0.250000 0.687500
vt 0.250000 0.187500
vt 0.250000 0.625000
vt 0.250000 0.125000
vt 0.250000 0.562500
vt 0.250000 0.062500
vt 0.250000 0.500000
vt 0.265625 1.000000
vt 0.250000 0.937500
vt 0.265625 0.000000
vt 0.218750 0.187500
vt 0.218750 0.125000
vt 0.218750 0.625000
vt 0.218750 0.562500
vt 0.218750 0.062500
vt 0.218750 0.500000
vt 0.234375 1.000000
vt 0.218750 0.937500
vt 0.234375 0.000000
vt 0.218750 0.437500
vt 0.218750 0.875000
vt 0.218750 0.375000
vt 0.218750 0.812500
vt 0.218750 0.312500
vt 0.218750 0.750000
vt 0.218750 0.250000
vt 0.218750 0.687500
vt 0.187500 0.875000
vt 0.187500 0.812500
vt 0.187500 0.375000
vt 0.187500 0.312500
vt 0.187500 0.750000
vt 0.187500 0.250000
vt 0.187500 0.687500
vt 0.187500 0.187500
vt 0.187500 0.625000
vt 0.187500 0.125000
vt 0.187500 0.562500
vt 0.187500 0.062500
vt 0.187500 0.500000
vt 0.203125 1.000000
vt 0.187500 0.937500
vt 0.203125 0.000000
vt 0.187500 0.437500
vt 0.156250 0.625000
vt 0.156250 0.562500
vt 0.156250 0.125000
vt 0.156250 0.062500
vt 0.156250 0.500000
vt 0.171875 1.000000
vt 0.156250 0.937500
vt 0.171875 0.000000
vt 0.156250 0.437500
vt 0.156250 0.875000
vt 0.156250 0.375000
vt 0.156250 0.812500
vt 0.156250 0.312500
vt 0.156250 0.750000
vt 0.156250 0.250000
vt 0.156250 0.687500
vt 0.156250 0.187500
vt 0.125000 0.375000
vt 0.125000 0.312500
vt 0.125000 0.812500
vt 0.125000 0.750000
vt 0.125000 0.250000
vt 0.125000 0.687500
vt 0.125000 0.187500
vt 0.125000 0.625000
vt 0.125000 0.125000
vt 0.125000 0.562500
vt 0.125000 0.062500
vt 0.125000 0.500000
vt 0.140625 1.000000
vt 0.125000 0.937500
vt 0.140625 0.000000
vt 0.125000 0.437500
vt 0.125000 0.875000
vt 0.093750 0.125000
vt 0.093750 0.062500
vt 0.093750 0.562500
vt 0.093750 0.500000
vt 0.109375 1.000000
vt 0.093750 0.937500
vt 0.109375 0.000000
vt 0.093750 0.437500
vt 0.093750 0.875000
vt 0.093750 0.375000
vt 0.093750 0.812500
vt 0.093750 0.312500
vt 0.093750 0.750000
vt 0.093750 0.250000
vt 0.093750 0.687500
vt 0.093750 0.187500
vt 0.093750 0.625000
vt 0.062500 0.312500
vt 0.062500 0.250000
vt 0.062500 0.750000
vt 0.062500 0.687500
vt 0.062500 0.187500
vt 0.062500 0.625000
vt 0.062500 0.125000
vt 0.062500 0.562500
vt 0.062500 0.062500
vt 0.062500 0.500000
vt 0.078125 1.000000
vt 0.062500 0.937500
vt 0.078125 0.000000
vt 0.062500 0.437500
vt 0.062500 0.875000
vt 0.062500 0.375000
vt 0.062500 0.812500
vt 0.046875 1.000000
vt 0.031250 0.937500
vt 0.046875 0.000000
vt 0.031250 0.062500
vt 0.031250 0.500000
vt 0.031250 0.437500
vt 0.031250 0.875000
vt 0.031250 0.375000
vt 0.031250 0.812500
vt 0.031250 0.312500
vt 0.031250 0.750000
vt 0.031250 0.250000
vt 0.031250 0.687500
vt 0.031250 0.187500
vt 0.031250 0.625000
vt 0.031250 0.125000
vt 0.031250 0.562500
vt 0.000000 0.750000
vt 0.000000 0.687500
vt 0.000000 0.250000
vt 0.000000 0.187500
vt 0.000000 0.625000
vt 0.000000 0.125000
vt 0.000000 0.562500
vt 0.000000 0.062500
vt 0.000000 0.500000
vt 0.015625 1.000000
vt 0.000000 0.937500
vt 0.015625 0.000000
vt 0.000000 0.437500
vt 0.000000 0.875000
vt 0.000000 0.375000
vt 0.000000 0.812500
vt 0.000000 0.312500
vt 1.000000 0.437500
vt 1.000000 0.500000
vt 0.968750 0.500000
vt 0.968750 0.437500
vt 1.000000 0.875000
vt 1.000000 0.937500
vt 0.968750 0.937500
vt 0.968750 0.875000
vt 1.000000 0.375000
vt 0.968750 0.375000
vt 1.000000 0.812500
vt 0.968750 0.812500
vt 1.000000 0.312500
vt 0.968750 0.312500
vt 1.000000 0.750000
vt 0.968750 0.750000
vt 1.000000 0.250000
vt 0.968750 0.250000
vt 1.000000 0.687500
vt 0.968750 0.687500
vt 1.000000 0.187500
vt 0.968750 0.187500
vt 1.000000 0.625000
vt 0.968750 0.625000
vt 1.000000 0.125000
vt 0.968750 0.125000
vt 1.000000 0.562500
vt 0.968750 0.562500
vt 1.000000 0.062500
vt 0.968750 0.062500
vt 0.984375 1.000000
vt 0.984375 0.000000
vt 0.937500 0.250000
vt 0.937500 0.187500
vt 0.937500 0.687500
vt 0.937500 0.625000
vt 0.937500 0.125000
vt 0.937500 0.562500
vt 0.937500 0.062500
vt 0.937500 0.500000
vt 0.953125 1.000000
vt 0.937500 0.937500
vt 0.953125 0.000000
vt 0.937500 0.437500
vt 0.937500 0.875000
vt 0.937500 0.375000
vt 0.937500 0.812500
vt 0.937500 0.312500
vt 0.937500 0.750000
vt 0.906250 0.937500
vt 0.906250 0.875000
vt 0.906250 0.437500
vt 0.906250 0.375000
vt 0.906250 0.812500
vt 0.906250 0.312500
vt 0.906250 0.750000
vt 0.906250 0.250000
vt 0.906250 0.687500
vt 0.906250 0.187500
vt 0.906250 0.625000
vt 0.906250 0.125000
vt 0.906250 0.562500
vt 0.906250 0.062500
vt 0.906250 0.500000
vt 0.921875 1.000000
vt 0.921875 0.000000
vt 0.875000 0.687500
vt 0.875000 0.625000
vt 0.875000 0.187500
vt 0.875000 0.125000
vt 0.875000 0.562500
vt 0.875000 0.062500
vt 0.875000 0.500000
vt 0.890625 1.000000
vt 0.875000 0.937500
vt 0.890625 0.000000
vt 0.875000 0.437500
vt 0.875000 0.875000
vt 0.875000 0.375000
vt 0.875000 0.812500
vt 0.875000 0.312500
vt 0.875000 0.750000
vt 0.875000 0.250000
vt 0.843750 0.437500
vt 0.843750 0.375000
vt 0.843750 0.875000
vt 0.843750 0.812500
vt 0.843750 0.312500
vt 0.843750 0.750000
vt 0.843750 0.250000
vt 0.843750 0.687500
vt 0.843750 0.187500
vt 0.843750 0.625000
vt 0.843750 0.125000
vt 0.843750 0.562500
vt 0.843750 0.062500
vt 0.843750 0.500000
vt 0.859375 1.000000
vt 0.843750 0.937500
vt 0.859375 0.000000
vt 0.812500 0.187500
vt 0.812500 0.125000
vt 0.812500 0.625000
vt 0.812500 0.562500
vt 0.812500 0.062500
vt 0.812500 0.500000
vt 0.828125 1.000000
vt 0.812500 0.937500
vt 0.828125 0.000000
vt 0.812500 0.437500
vt 0.812500 0.875000
vt 0.812500 0.375000
vt 0.812500 0.812500
vt 0.812500 0.312500
vt 0.812500 0.750000
vt 0.812500 0.250000
vt 0.812500 0.687500
vt 0.781250 0.375000
vt 0.781250 0.312500
vt 0.781250 0.812500
vt 0.781250 0.750000
vt 0.781250 0.250000
vt 0.781250 0.687500
vt 0.781250 0.187500
vt 0.781250 0.625000
vt 0.781250 0.125000
vt 0.781250 0.562500
vt 0.781250 0.062500
vt 0.781250 0.500000
vt 0.796875 1.000000
vt 0.781250 0.937500
vt 0.796875 0.000000
vt 0.781250 0.437500
vt 0.781250 0.875000
vt 0.765625 1.000000
vt 0.765625 0.000000
s 0
usemtl Material.002
f 831/680/800 1304/681/800 841/682/800 842/683/800
f 1309/684/801 1308/685/801 849/686/801 850/687/801
f 832/688/802 831/680/802 842/683/802 843/689/802
f 1301/690/803 828/691/803 836/692/803
f 835/693/804 1309/684/804 850/687/804
f 833/694/805 832/688/805 843/689/805 844/695/805
f 1302/696/806 1301/690/806 836/692/806 837/697/806
f 1305/698/807 833/694/807 844/695/807 845/699/807
f 829/700/808 1302/696/808 837/697/808 838/701/808
f 834/702/809 1305/698/809 845/699/809 846/703/809
f 1303/704/810 829/700/810 838/701/810 839/705/810
f 1306/706/811 834/702/811 846/703/811 847/707/811
f 830/708/812 1303/704/812 839/705/812 840/709/812
f 1307/710/813 1306/706/813 847/707/813 848/711/813
f 1304/681/814 830/708/814 840/709/814 841/682/814
f 1308/685/815 1307/710/815 848/711/815 849/686/815
f 848/711/816 847/707/816 862/712/816 863/713/816
f 841/682/817 840/709/817 855/714/817 856/715/817
f 849/686/818 848/711/818 863/713/818 864/716/818
f 842/683/819 841/682/819 856/715/819 857/717/819
f 850/687/820 849/686/820 864/716/820 865/718/820
f 843/689/821 842/683/821 857/717/821 858/719/821
f 836/692/822 828/720/822 851/721/822
f 835/722/823 850/687/823 865/718/823
f 844/695/824 843/689/824 858/719/824 859/723/824
f 837/697/825 836/692/825 851/721/825 852/724/825
f 845/699/826 844/695/826 859/723/826 860/725/826
f 838/701/827 837/697/827 852/724/827 853/726/827
f 846/703/828 845/699/828 860/725/828 861/727/828
f 839/705/829 838/701/829 853/726/829 854/728/829
f 847/707/830 846/703/830 861/727/830 862/712/830
f 840/709/831 839/705/831 854/728/831 855/714/831
f 860/725/832 859/723/832 874/729/832 875/730/832
f 853/726/833 852/724/833 867/731/833 868/732/833
f 861/727/834 860/725/834 875/730/834 876/733/834
f 854/728/835 853/726/835 868/732/835 869/734/835
f 862/712/836 861/727/836 876/733/836 877/735/836
f 855/714/837 854/728/837 869/734/837 870/736/837
f 863/713/838 862/712/838 877/735/838 878/737/838
f 856/715/839 855/714/839 870/736/839 871/738/839
f 864/716/840 863/713/840 878/737/840 879/739/840
f 857/717/841 856/715/841 871/738/841 872/740/841
f 865/718/842 864/716/842 879/739/842 880/741/842
f 858/719/843 857/717/843 872/740/843 873/742/843
f 851/721/844 828/743/844 866/744/844
f 835/745/845 865/718/845 880/741/845
f 859/723/846 858/719/846 873/742/846 874/729/846
f 852/724/847 851/721/847 866/744/847 867/731/847
f 879/739/848 878/737/848 893/746/848 894/747/848
f 872/740/849 871/738/849 886/748/849 887/749/849
f 880/741/850 879/739/850 894/747/850 895/750/850
f 873/742/851 872/740/851 887/749/851 888/751/851
f 866/744/852 828/752/852 881/753/852
f 835/754/853 880/741/853 895/750/853
f 874/729/854 873/742/854 888/751/854 889/755/854
f 867/731/855 866/744/855 881/753/855 882/756/855
f 875/730/856 874/729/856 889/755/856 890/757/856
f 868/732/857 867/731/857 882/756/857 883/758/857
f 876/733/858 875/730/858 890/757/858 891/759/858
f 869/734/859 868/732/859 883/758/859 884/760/859
f 877/735/860 876/733/860 891/759/860 892/761/860
f 870/736/861 869/734/861 884/760/861 885/762/861
f 878/737/862 877/735/862 892/761/862 893/746/862
f 871/738/863 870/736/863 885/762/863 886/748/863
f 883/758/864 882/756/864 897/763/864 898/764/864
f 891/759/865 890/757/865 905/765/865 906/766/865
f 884/760/866 883/758/866 898/764/866 899/767/866
f 892/761/867 891/759/867 906/766/867 907/768/867
f 885/762/868 884/760/868 899/767/868 900/769/868
f 893/746/869 892/761/869 907/768/869 908/770/869
f 886/748/870 885/762/870 900/769/870 901/771/870
f 894/747/871 893/746/871 908/770/871 909/772/871
f 887/749/872 886/748/872 901/771/872 902/773/872
f 895/750/873 894/747/873 909/772/873 910/774/873
f 888/751/874 887/749/874 902/773/874 903/775/874
f 881/753/875 828/776/875 896/777/875
f 835/778/876 895/750/876 910/774/876
f 889/755/877 888/751/877 903/775/877 904/779/877
f 882/756/878 881/753/878 896/777/878 897/763/878
f 890/757/879 889/755/879 904/779/879 905/765/879
f 902/773/880 901/771/880 916/780/880 917/781/880
f 910/774/881 909/772/881 924/782/881 925/783/881
f 903/775/882 902/773/882 917/781/882 918/784/882
f 896/777/883 828/785/883 911/786/883
f 835/787/884 910/774/884 925/783/884
f 904/779/885 903/775/885 918/784/885 919/788/885
f 897/763/886 896/777/886 911/786/886 912/789/886
f 905/765/887 904/779/887 919/788/887 920/790/887
f 898/764/888 897/763/888 912/789/888 913/791/888
f 906/766/889 905/765/889 920/790/889 921/792/889
f 899/767/890 898/764/890 913/791/890 914/793/890
f 907/768/891 906/766/891 921/792/891 922/794/891
f 900/769/892 899/767/892 914/793/892 915/795/892
f 908/770/893 907/768/893 922/794/893 923/796/893
f 901/771/894 900/769/894 915/795/894 916/780/894
f 909/772/895 908/770/895 923/796/895 924/782/895
f 921/792/896 920/790/896 935/797/896 936/798/896
f 914/793/897 913/791/897 928/799/897 929/800/897
f 922/794/898 921/792/898 936/798/898 937/801/898
f 915/795/899 914/793/899 929/800/899 930/802/899
f 923/796/900 922/794/900 937/801/900 938/803/900
f 916/780/901 915/795/901 930/802/901 931/804/901
f 924/782/902 923/796/902 938/803/902 939/805/902
f 917/781/903 916/780/903 931/804/903 932/806/903
f 925/783/904 924/782/904 939/805/904 940/807/904
f 918/784/905 917/781/905 932/806/905 933/808/905
f 911/786/906 828/809/906 926/810/906
f 835/811/907 925/783/907 940/807/907
f 919/788/908 918/784/908 933/808/908 934/812/908
f 912/789/909 911/786/909 926/810/909 927/813/909
f 920/790/910 919/788/910 934/812/910 935/797/910
f 913/791/911 912/789/911 927/813/911 928/799/911
f 940/807/912 939/805/912 954/814/912 955/815/912
f 933/808/913 932/806/913 947/816/913 948/817/913
f 926/810/914 828/818/914 941/819/914
f 835/820/915 940/807/915 955/815/915
f 934/812/916 933/808/916 948/817/916 949/821/916
f 927/813/917 926/810/917 941/819/917 942/822/917
f 935/797/918 934/812/918 949/821/918 950/823/918
f 928/799/919 927/813/919 942/822/919 943/824/919
f 936/798/920 935/797/920 950/823/920 951/825/920
f 929/800/921 928/799/921 943/824/921 944/826/921
f 937/801/922 936/798/922 951/825/922 952/827/922
f 930/802/923 929/800/923 944/826/923 945/828/923
f 938/803/924 937/801/924 952/827/924 953/829/924
f 931/804/925 930/802/925 945/828/925 946/830/925
f 939/805/926 938/803/926 953/829/926 954/814/926
f 932/806/927 931/804/927 946/830/927 947/816/927
f 944/826/928 943/824/928 958/831/928 959/832/928
f 952/827/929 951/825/929 966/833/929 967/834/929
f 945/828/930 944/826/930 959/832/930 960/835/930
f 953/829/931 952/827/931 967/834/931 968/836/931
f 946/830/932 945/828/932 960/835/932 961/837/932
f 954/814/933 953/829/933 968/836/933 969/838/933
f 947/816/934 946/830/934 961/837/934 962/839/934
f 955/815/935 954/814/935 969/838/935 970/840/935
f 948/817/936 947/816/936 962/839/936 963/841/936
f 941/819/937 828/842/937 956/843/937
f 835/844/938 955/815/938 970/840/938
f 949/821/939 948/817/939 963/841/939 964/845/939
f 942/822/940 941/819/940 956/843/940 957/846/940
f 950/823/941 949/821/941 964/845/941 965/847/941
f 943/824/942 942/822/942 957/846/942 958/831/942
f 951/825/943 950/823/943 965/847/943 966/833/943
f 963/841/944 962/839/944 977/848/944 978/849/944
f 956/843/945 828/850/945 971/851/945
f 835/852/946 970/840/946 985/853/946
f 964/845/947 963/841/947 978/849/947 979/854/947
f 957/846/948 956/843/948 971/851/948 972/855/948
f 965/847/949 964/845/949 979/854/949 980/856/949
f 958/831/950 957/846/950 972/855/950 973/857/950
f 966/833/951 965/847/951 980/856/951 981/858/951
f 959/832/952 958/831/952 973/857/952 974/859/952
f 967/834/953 966/833/953 981/858/953 982/860/953
f 960/835/954 959/832/954 974/859/954 975/861/954
f 968/836/955 967/834/955 982/860/955 983/862/955
f 961/837/956 960/835/956 975/861/956 976/863/956
f 969/838/957 968/836/957 983/862/957 984/864/957
f 962/839/958 961/837/958 976/863/958 977/848/958
f 970/840/959 969/838/959 984/864/959 985/853/959
f 982/860/960 981/858/960 996/865/960 997/866/960
f 975/861/961 974/859/961 989/867/961 990/868/961
f 983/862/962 982/860/962 997/866/962 998/869/962
f 976/863/963 975/861/963 990/868/963 991/870/963
f 984/864/964 983/862/964 998/869/964 999/871/964
f 977/848/965 976/863/965 991/870/965 992/872/965
f 985/853/966 984/864/966 999/871/966 1000/873/966
f 978/849/967 977/848/967 992/872/967 993/874/967
f 971/851/968 828/875/968 986/876/968
f 835/877/969 985/853/969 1000/873/969
f 979/854/970 978/849/970 993/874/970 994/878/970
f 972/855/971 971/851/971 986/876/971 987/879/971
f 980/856/972 979/854/972 994/878/972 995/880/972
f 973/857/973 972/855/973 987/879/973 988/881/973
f 981/858/974 980/856/974 995/880/974 996/865/974
f 974/859/975 973/857/975 988/881/975 989/867/975
f 835/882/976 1000/873/976 1015/883/976
f 994/878/977 993/874/977 1008/884/977 1009/885/977
f 987/879/978 986/876/978 1001/886/978 1002/887/978
f 995/880/979 994/878/979 1009/885/979 1010/888/979
f 988/881/980 987/879/980 1002/887/980 1003/889/980
f 996/865/981 995/880/981 1010/888/981 1011/890/981
f 989/867/982 988/881/982 1003/889/982 1004/891/982
f 997/866/983 996/865/983 1011/890/983 1012/892/983
f 990/868/984 989/867/984 1004/891/984 1005/893/984
f 998/869/985 997/866/985 1012/892/985 1013/894/985
f 991/870/986 990/868/986 1005/893/986 1006/895/986
f 999/871/987 998/869/987 1013/894/987 1014/896/987
f 992/872/988 991/870/988 1006/895/988 1007/897/988
f 1000/873/989 999/871/989 1014/896/989 1015/883/989
f 993/874/990 992/872/990 1007/897/990 1008/884/990
f 986/876/991 828/898/991 1001/886/991
f 1013/894/992 1012/892/992 1027/899/992 1028/900/992
f 1006/895/993 1005/893/993 1020/901/993 1021/902/993
f 1014/896/994 1013/894/994 1028/900/994 1029/903/994
f 1007/897/995 1006/895/995 1021/902/995 1022/904/995
f 1015/883/996 1014/896/996 1029/903/996 1030/905/996
f 1008/884/997 1007/897/997 1022/904/997 1023/906/997
f 1001/886/998 828/907/998 1016/908/998
f 835/909/999 1015/883/999 1030/905/999
f 1009/885/1000 1008/884/1000 1023/906/1000 1024/910/1000
f 1002/887/1001 1001/886/1001 1016/908/1001 1017/911/1001
f 1010/888/1002 1009/885/1002 1024/910/1002 1025/912/1002
f 1003/889/1003 1002/887/1003 1017/911/1003 1018/913/1003
f 1011/890/1004 1010/888/1004 1025/912/1004 1026/914/1004
f 1004/891/1005 1003/889/1005 1018/913/1005 1019/915/1005
f 1012/892/1006 1011/890/1006 1026/914/1006 1027/899/1006
f 1005/893/1007 1004/891/1007 1019/915/1007 1020/901/1007
f 1017/911/1008 1016/908/1008 1031/916/1008 1032/917/1008
f 1025/912/1009 1024/910/1009 1039/918/1009 1040/919/1009
f 1018/913/1010 1017/911/1010 1032/917/1010 1033/920/1010
f 1026/914/1011 1025/912/1011 1040/919/1011 1041/921/1011
f 1019/915/1012 1018/913/1012 1033/920/1012 1034/922/1012
f 1027/899/1013 1026/914/1013 1041/921/1013 1042/923/1013
f 1020/901/1014 1019/915/1014 1034/922/1014 1035/924/1014
f 1028/900/1015 1027/899/1015 1042/923/1015 1043/925/1015
f 1021/902/1016 1020/901/1016 1035/924/1016 1036/926/1016
f 1029/903/1017 1028/900/1017 1043/925/1017 1044/927/1017
f 1022/904/1018 1021/902/1018 1036/926/1018 1037/928/1018
f 1030/905/1019 1029/903/1019 1044/927/1019 1045/929/1019
f 1023/906/1020 1022/904/1020 1037/928/1020 1038/930/1020
f 1016/908/1021 828/931/1021 1031/916/1021
f 835/932/1022 1030/905/1022 1045/929/1022
f 1024/910/1023 1023/906/1023 1038/930/1023 1039/918/1023
f 1036/926/1024 1035/924/1024 1050/933/1024 1051/934/1024
f 1044/927/1025 1043/925/1025 1058/935/1025 1059/936/1025
f 1037/928/1026 1036/926/1026 1051/934/1026 1052/937/1026
f 1045/929/1027 1044/927/1027 1059/936/1027 1060/938/1027
f 1038/930/1028 1037/928/1028 1052/937/1028 1053/939/1028
f 1031/916/1029 828/940/1029 1046/941/1029
f 835/942/1030 1045/929/1030 1060/938/1030
f 1039/918/1031 1038/930/1031 1053/939/1031 1054/943/1031
f 1032/917/1032 1031/916/1032 1046/941/1032 1047/944/1032
f 1040/919/1033 1039/918/1033 1054/943/1033 1055/945/1033
f 1033/920/1034 1032/917/1034 1047/944/1034 1048/946/1034
f 1041/921/1035 1040/919/1035 1055/945/1035 1056/947/1035
f 1034/922/1036 1033/920/1036 1048/946/1036 1049/948/1036
f 1042/923/1037 1041/921/1037 1056/947/1037 1057/949/1037
f 1035/924/1038 1034/922/1038 1049/948/1038 1050/933/1038
f 1043/925/1039 1042/923/1039 1057/949/1039 1058/935/1039
f 1055/945/1040 1054/943/1040 1069/950/1040 1070/951/1040
f 1048/946/1041 1047/944/1041 1062/952/1041 1063/953/1041
f 1056/947/1042 1055/945/1042 1070/951/1042 1071/954/1042
f 1049/948/1043 1048/946/1043 1063/953/1043 1064/955/1043
f 1057/949/1044 1056/947/1044 1071/954/1044 1072/956/1044
f 1050/933/1045 1049/948/1045 1064/955/1045 1065/957/1045
f 1058/935/1046 1057/949/1046 1072/956/1046 1073/958/1046
f 1051/934/1047 1050/933/1047 1065/957/1047 1066/959/1047
f 1059/936/1048 1058/935/1048 1073/958/1048 1074/960/1048
f 1052/937/1049 1051/934/1049 1066/959/1049 1067/961/1049
f 1060/938/1050 1059/936/1050 1074/960/1050 1075/962/1050
f 1053/939/1051 1052/937/1051 1067/961/1051 1068/963/1051
f 1046/941/1052 828/964/1052 1061/965/1052
f 835/966/1053 1060/938/1053 1075/962/1053
f 1054/943/1054 1053/939/1054 1068/963/1054 1069/950/1054
f 1047/944/1055 1046/941/1055 1061/965/1055 1062/952/1055
f 1074/960/1056 1073/958/1056 1088/967/1056 1089/968/1056
f 1067/961/1057 1066/959/1057 1081/969/1057 1082/970/1057
f 1075/962/1058 1074/960/1058 1089/968/1058 1090/971/1058
f 1068/963/1059 1067/961/1059 1082/970/1059 1083/972/1059
f 1061/965/1060 828/973/1060 1076/974/1060
f 835/975/1061 1075/962/1061 1090/971/1061
f 1069/950/1062 1068/963/1062 1083/972/1062 1084/976/1062
f 1062/952/1063 1061/965/1063 1076/974/1063 1077/977/1063
f 1070/951/1064 1069/950/1064 1084/976/1064 1085/978/1064
f 1063/953/1065 1062/952/1065 1077/977/1065 1078/979/1065
f 1071/954/1066 1070/951/1066 1085/978/1066 1086/980/1066
f 1064/955/1067 1063/953/1067 1078/979/1067 1079/981/1067
f 1072/956/1068 1071/954/1068 1086/980/1068 1087/982/1068
f 1065/957/1069 1064/955/1069 1079/981/1069 1080/983/1069
f 1073/958/1070 1072/956/1070 1087/982/1070 1088/967/1070
f 1066/959/1071 1065/957/1071 1080/983/1071 1081/969/1071
f 1078/979/1072 1077/977/1072 1092/984/1072 1093/985/1072
f 1086/980/1073 1085/978/1073 1100/986/1073 1101/987/1073
f 1079/981/1074 1078/979/1074 1093/985/1074 1094/988/1074
f 1087/982/1075 1086/980/1075 1101/987/1075 1102/989/1075
f 1080/983/1076 1079/981/1076 1094/988/1076 1095/990/1076
f 1088/967/1077 1087/982/1077 1102/989/1077 1103/991/1077
f 1081/969/1078 1080/983/1078 1095/990/1078 1096/992/1078
f 1089/968/1079 1088/967/1079 1103/991/1079 1104/993/1079
f 1082/970/1080 1081/969/1080 1096/992/1080 1097/994/1080
f 1090/971/1081 1089/968/1081 1104/993/1081 1105/995/1081
f 1083/972/1082 1082/970/1082 1097/994/1082 1098/996/1082
f 1076/974/1083 828/997/1083 1091/998/1083
f 835/999/1084 1090/971/1084 1105/995/1084
f 1084/976/1085 1083/972/1085 1098/996/1085 1099/1000/1085
f 1077/977/1086 1076/974/1086 1091/998/1086 1092/984/1086
f 1085/978/1087 1084/976/1087 1099/1000/1087 1100/986/1087
f 1097/994/1088 1096/992/1088 1111/1001/1088 1112/1002/1088
f 1105/995/1089 1104/993/1089 1119/1003/1089 1120/1004/1089
f 1098/996/1090 1097/994/1090 1112/1002/1090 1113/1005/1090
f 1091/998/1091 828/1006/1091 1106/1007/1091
f 835/1008/1092 1105/995/1092 1120/1004/1092
f 1099/1000/1093 1098/996/1093 1113/1005/1093 1114/1009/1093
f 1092/984/1094 1091/998/1094 1106/1007/1094 1107/1010/1094
f 1100/986/1095 1099/1000/1095 1114/1009/1095 1115/1011/1095
f 1093/985/1096 1092/984/1096 1107/1010/1096 1108/1012/1096
f 1101/987/1097 1100/986/1097 1115/1011/1097 1116/1013/1097
f 1094/988/1098 1093/985/1098 1108/1012/1098 1109/1014/1098
f 1102/989/1099 1101/987/1099 1116/1013/1099 1117/1015/1099
f 1095/990/1100 1094/988/1100 1109/1014/1100 1110/1016/1100
f 1103/991/1101 1102/989/1101 1117/1015/1101 1118/1017/1101
f 1096/992/1102 1095/990/1102 1110/1016/1102 1111/1001/1102
f 1104/993/1103 1103/991/1103 1118/1017/1103 1119/1003/1103
f 1116/1013/1104 1115/1011/1104 1130/1018/1104 1131/1019/1104
f 1109/1014/1105 1108/1012/1105 1123/1020/1105 1124/1021/1105
f 1117/1015/1106 1116/1013/1106 1131/1019/1106 1132/1022/1106
f 1110/1016/1107 1109/1014/1107 1124/1021/1107 1125/1023/1107
f 1118/1017/1108 1117/1015/1108 1132/1022/1108 1133/1024/1108
f 1111/1001/1109 1110/1016/1109 1125/1023/1109 1126/1025/1109
f 1119/1003/1110 1118/1017/1110 1133/1024/1110 1134/1026/1110
f 1112/1002/1111 1111/1001/1111 1126/1025/1111 1127/1027/1111
f 1120/1004/1112 1119/1003/1112 1134/1026/1112 1135/1028/1112
f 1113/1005/1113 1112/1002/1113 1127/1027/1113 1128/1029/1113
f 1106/1007/1114 828/1030/1114 1121/1031/1114
f 835/1032/1115 1120/1004/1115 1135/1028/1115
f 1114/1009/1116 1113/1005/1116 1128/1029/1116 1129/1033/1116
f 1107/1010/1117 1106/1007/1117 1121/1031/1117 1122/1034/1117
f 1115/1011/1118 1114/1009/1118 1129/1033/1118 1130/1018/1118
f 1108/1012/1119 1107/1010/1119 1122/1034/1119 1123/1020/1119
f 1135/1028/1120 1134/1026/1120 1149/1035/1120 1150/1036/1120
f 1128/1029/1121 1127/1027/1121 1142/1037/1121 1143/1038/1121
f 1121/1031/1122 828/1039/1122 1136/1040/1122
f 835/1041/1123 1135/1028/1123 1150/1036/1123
f 1129/1033/1124 1128/1029/1124 1143/1038/1124 1144/1042/1124
f 1122/1034/1125 1121/1031/1125 1136/1040/1125 1137/1043/1125
f 1130/1018/1126 1129/1033/1126 1144/1042/1126 1145/1044/1126
f 1123/1020/1127 1122/1034/1127 1137/1043/1127 1138/1045/1127
f 1131/1019/1128 1130/1018/1128 1145/1044/1128 1146/1046/1128
f 1124/1021/1129 1123/1020/1129 1138/1045/1129 1139/1047/1129
f 1132/1022/1130 1131/1019/1130 1146/1046/1130 1147/1048/1130
f 1125/1023/1131 1124/1021/1131 1139/1047/1131 1140/1049/1131
f 1133/1024/1132 1132/1022/1132 1147/1048/1132 1148/1050/1132
f 1126/1025/1133 1125/1023/1133 1140/1049/1133 1141/1051/1133
f 1134/1026/1134 1133/1024/1134 1148/1050/1134 1149/1035/1134
f 1127/1027/1135 1126/1025/1135 1141/1051/1135 1142/1037/1135
f 1147/1048/1136 1146/1046/1136 1161/1052/1136 1162/1053/1136
f 1140/1049/1137 1139/1047/1137 1154/1054/1137 1155/1055/1137
f 1148/1050/1138 1147/1048/1138 1162/1053/1138 1163/1056/1138
f 1141/1051/1139 1140/1049/1139 1155/1055/1139 1156/1057/1139
f 1149/1035/1140 1148/1050/1140 1163/1056/1140 1164/1058/1140
f 1142/1037/1141 1141/1051/1141 1156/1057/1141 1157/1059/1141
f 1150/1036/1142 1149/1035/1142 1164/1058/1142 1165/1060/1142
f 1143/1038/1143 1142/1037/1143 1157/1059/1143 1158/1061/1143
f 1136/1040/1144 828/1062/1144 1151/1063/1144
f 835/1064/1145 1150/1036/1145 1165/1060/1145
f 1144/1042/1146 1143/1038/1146 1158/1061/1146 1159/1065/1146
f 1137/1043/1147 1136/1040/1147 1151/1063/1147 1152/1066/1147
f 1145/1044/1148 1144/1042/1148 1159/1065/1148 1160/1067/1148
f 1138/1045/1149 1137/1043/1149 1152/1066/1149 1153/1068/1149
f 1146/1046/1150 1145/1044/1150 1160/1067/1150 1161/1052/1150
f 1139/1047/1151 1138/1045/1151 1153/1068/1151 1154/1054/1151
f 1151/1063/1152 828/1069/1152 1166/1070/1152
f 835/1071/1153 1165/1060/1153 1180/1072/1153
f 1159/1065/1154 1158/1061/1154 1173/1073/1154 1174/1074/1154
f 1152/1066/1155 1151/1063/1155 1166/1070/1155 1167/1075/1155
f 1160/1067/1156 1159/1065/1156 1174/1074/1156 1175/1076/1156
f 1153/1068/1157 1152/1066/1157 1167/1075/1157 1168/1077/1157
f 1161/1052/1158 1160/1067/1158 1175/1076/1158 1176/1078/1158
f 1154/1054/1159 1153/1068/1159 1168/1077/1159 1169/1079/1159
f 1162/1053/1160 1161/1052/1160 1176/1078/1160 1177/1080/1160
f 1155/1055/1161 1154/1054/1161 1169/1079/1161 1170/1081/1161
f 1163/1056/1162 1162/1053/1162 1177/1080/1162 1178/1082/1162
f 1156/1057/1163 1155/1055/1163 1170/1081/1163 1171/1083/1163
f 1164/1058/1164 1163/1056/1164 1178/1082/1164 1179/1084/1164
f 1157/1059/1165 1156/1057/1165 1171/1083/1165 1172/1085/1165
f 1165/1060/1166 1164/1058/1166 1179/1084/1166 1180/1072/1166
f 1158/1061/1167 1157/1059/1167 1172/1085/1167 1173/1073/1167
f 1170/1081/1168 1169/1079/1168 1184/1086/1168 1185/1087/1168
f 1178/1082/1169 1177/1080/1169 1192/1088/1169 1193/1089/1169
f 1171/1083/1170 1170/1081/1170 1185/1087/1170 1186/1090/1170
f 1179/1084/1171 1178/1082/1171 1193/1089/1171 1194/1091/1171
f 1172/1085/1172 1171/1083/1172 1186/1090/1172 1187/1092/1172
f 1180/1072/1173 1179/1084/1173 1194/1091/1173 1195/1093/1173
f 1173/1073/1174 1172/1085/1174 1187/1092/1174 1188/1094/1174
f 1166/1070/1175 828/1095/1175 1181/1096/1175
f 835/1097/1176 1180/1072/1176 1195/1093/1176
f 1174/1074/1177 1173/1073/1177 1188/1094/1177 1189/1098/1177
f 1167/1075/1178 1166/1070/1178 1181/1096/1178 1182/1099/1178
f 1175/1076/1179 1174/1074/1179 1189/1098/1179 1190/1100/1179
f 1168/1077/1180 1167/1075/1180 1182/1099/1180 1183/1101/1180
f 1176/1078/1181 1175/1076/1181 1190/1100/1181 1191/1102/1181
f 1169/1079/1182 1168/1077/1182 1183/1101/1182 1184/1086/1182
f 1177/1080/1183 1176/1078/1183 1191/1102/1183 1192/1088/1183
f 1189/1103/1184 1188/1104/1184 1203/1105/1184 1204/1106/1184
f 1182/1107/1185 1181/1108/1185 1196/1109/1185 1197/1110/1185
f 1190/1111/1186 1189/1103/1186 1204/1106/1186 1205/1112/1186
f 1183/1113/1187 1182/1107/1187 1197/1110/1187 1198/1114/1187
f 1191/1115/1188 1190/1111/1188 1205/1112/1188 1206/1116/1188
f 1184/1117/1189 1183/1113/1189 1198/1114/1189 1199/1118/1189
f 1192/1119/1190 1191/1115/1190 1206/1116/1190 1207/1120/1190
f 1185/1121/1191 1184/1117/1191 1199/1118/1191 1200/1122/1191
f 1193/1123/1192 1192/1119/1192 1207/1120/1192 1208/1124/1192
f 1186/1125/1193 1185/1121/1193 1200/1122/1193 1201/1126/1193
f 1194/1127/1194 1193/1123/1194 1208/1124/1194 1209/1128/1194
f 1187/1129/1195 1186/1125/1195 1201/1126/1195 1202/1130/1195
f 1195/1131/1196 1194/1127/1196 1209/1128/1196 1210/1132/1196
f 1188/1104/1197 1187/1129/1197 1202/1130/1197 1203/1105/1197
f 1181/1108/1198 828/1133/1198 1196/1109/1198
f 835/1134/1199 1195/1131/1199 1210/1132/1199
f 1208/1124/1200 1207/1120/1200 1222/1135/1200 1223/1136/1200
f 1201/1126/1201 1200/1122/1201 1215/1137/1201 1216/1138/1201
f 1209/1128/1202 1208/1124/1202 1223/1136/1202 1224/1139/1202
f 1202/1130/1203 1201/1126/1203 1216/1138/1203 1217/1140/1203
f 1210/1132/1204 1209/1128/1204 1224/1139/1204 1225/1141/1204
f 1203/1105/1205 1202/1130/1205 1217/1140/1205 1218/1142/1205
f 1196/1109/1206 828/1143/1206 1211/1144/1206
f 835/1145/1207 1210/1132/1207 1225/1141/1207
f 1204/1106/1208 1203/1105/1208 1218/1142/1208 1219/1146/1208
f 1197/1110/1209 1196/1109/1209 1211/1144/1209 1212/1147/1209
f 1205/1112/1210 1204/1106/1210 1219/1146/1210 1220/1148/1210
f 1198/1114/1211 1197/1110/1211 1212/1147/1211 1213/1149/1211
f 1206/1116/1212 1205/1112/1212 1220/1148/1212 1221/1150/1212
f 1199/1118/1213 1198/1114/1213 1213/1149/1213 1214/1151/1213
f 1207/1120/1214 1206/1116/1214 1221/1150/1214 1222/1135/1214
f 1200/1122/1215 1199/1118/1215 1214/1151/1215 1215/1137/1215
f 1212/1147/1216 1211/1144/1216 1226/1152/1216 1227/1153/1216
f 1220/1148/1217 1219/1146/1217 1234/1154/1217 1235/1155/1217
f 1213/1149/1218 1212/1147/1218 1227/1153/1218 1228/1156/1218
f 1221/1150/1219 1220/1148/1219 1235/1155/1219 1236/1157/1219
f 1214/1151/1220 1213/1149/1220 1228/1156/1220 1229/1158/1220
f 1222/1135/1221 1221/1150/1221 1236/1157/1221 1237/1159/1221
f 1215/1137/1222 1214/1151/1222 1229/1158/1222 1230/1160/1222
f 1223/1136/1223 1222/1135/1223 1237/1159/1223 1238/1161/1223
f 1216/1138/1224 1215/1137/1224 1230/1160/1224 1231/1162/1224
f 1224/1139/1225 1223/1136/1225 1238/1161/1225 1239/1163/1225
f 1217/1140/1226 1216/1138/1226 1231/1162/1226 1232/1164/1226
f 1225/1141/1227 1224/1139/1227 1239/1163/1227 1240/1165/1227
f 1218/1142/1228 1217/1140/1228 1232/1164/1228 1233/1166/1228
f 1211/1144/1229 828/1167/1229 1226/1152/1229
f 835/1168/1230 1225/1141/1230 1240/1165/1230
f 1219/1146/1231 1218/1142/1231 1233/1166/1231 1234/1154/1231
f 1231/1162/1232 1230/1160/1232 1245/1169/1232 1246/1170/1232
f 1239/1163/1233 1238/1161/1233 1253/1171/1233 1254/1172/1233
f 1232/1164/1234 1231/1162/1234 1246/1170/1234 1247/1173/1234
f 1240/1165/1235 1239/1163/1235 1254/1172/1235 1255/1174/1235
f 1233/1166/1236 1232/1164/1236 1247/1173/1236 1248/1175/1236
f 1226/1152/1237 828/1176/1237 1241/1177/1237
f 835/1178/1238 1240/1165/1238 1255/1174/1238
f 1234/1154/1239 1233/1166/1239 1248/1175/1239 1249/1179/1239
f 1227/1153/1240 1226/1152/1240 1241/1177/1240 1242/1180/1240
f 1235/1155/1241 1234/1154/1241 1249/1179/1241 1250/1181/1241
f 1228/1156/1242 1227/1153/1242 1242/1180/1242 1243/1182/1242
f 1236/1157/1243 1235/1155/1243 1250/1181/1243 1251/1183/1243
f 1229/1158/1244 1228/1156/1244 1243/1182/1244 1244/1184/1244
f 1237/1159/1245 1236/1157/1245 1251/1183/1245 1252/1185/1245
f 1230/1160/1246 1229/1158/1246 1244/1184/1246 1245/1169/1246
f 1238/1161/1247 1237/1159/1247 1252/1185/1247 1253/1171/1247
f 1250/1181/1248 1249/1179/1248 1264/1186/1248 1265/1187/1248
f 1243/1182/1249 1242/1180/1249 1257/1188/1249 1258/1189/1249
f 1251/1183/1250 1250/1181/1250 1265/1187/1250 1266/1190/1250
f 1244/1184/1251 1243/1182/1251 1258/1189/1251 1259/1191/1251
f 1252/1185/1252 1251/1183/1252 1266/1190/1252 1267/1192/1252
f 1245/1169/1253 1244/1184/1253 1259/1191/1253 1260/1193/1253
f 1253/1171/1254 1252/1185/1254 1267/1192/1254 1268/1194/1254
f 1246/1170/1255 1245/1169/1255 1260/1193/1255 1261/1195/1255
f 1254/1172/1256 1253/1171/1256 1268/1194/1256 1269/1196/1256
f 1247/1173/1257 1246/1170/1257 1261/1195/1257 1262/1197/1257
f 1255/1174/1258 1254/1172/1258 1269/1196/1258 1270/1198/1258
f 1248/1175/1259 1247/1173/1259 1262/1197/1259 1263/1199/1259
f 1241/1177/1260 828/1200/1260 1256/1201/1260
f 835/1202/1261 1255/1174/1261 1270/1198/1261
f 1249/1179/1262 1248/1175/1262 1263/1199/1262 1264/1186/1262
f 1242/1180/1263 1241/1177/1263 1256/1201/1263 1257/1188/1263
f 1269/1196/1264 1268/1194/1264 1283/1203/1264 1284/1204/1264
f 1262/1197/1265 1261/1195/1265 1276/1205/1265 1277/1206/1265
f 1270/1198/1266 1269/1196/1266 1284/1204/1266 1285/1207/1266
f 1263/1199/1267 1262/1197/1267 1277/1206/1267 1278/1208/1267
f 1256/1201/1268 828/1209/1268 1271/1210/1268
f 835/1211/1269 1270/1198/1269 1285/1207/1269
f 1264/1186/1270 1263/1199/1270 1278/1208/1270 1279/1212/1270
f 1257/1188/1271 1256/1201/1271 1271/1210/1271 1272/1213/1271
f 1265/1187/1272 1264/1186/1272 1279/1212/1272 1280/1214/1272
f 1258/1189/1273 1257/1188/1273 1272/1213/1273 1273/1215/1273
f 1266/1190/1274 1265/1187/1274 1280/1214/1274 1281/1216/1274
f 1259/1191/1275 1258/1189/1275 1273/1215/1275 1274/1217/1275
f 1267/1192/1276 1266/1190/1276 1281/1216/1276 1282/1218/1276
f 1260/1193/1277 1259/1191/1277 1274/1217/1277 1275/1219/1277
f 1268/1194/1278 1267/1192/1278 1282/1218/1278 1283/1203/1278
f 1261/1195/1279 1260/1193/1279 1275/1219/1279 1276/1205/1279
f 1281/1216/1280 1280/1214/1280 1295/1220/1280 1296/1221/1280
f 1274/1217/1281 1273/1215/1281 1288/1222/1281 1289/1223/1281
f 1282/1218/1282 1281/1216/1282 1296/1221/1282 1297/1224/1282
f 1275/1219/1283 1274/1217/1283 1289/1223/1283 1290/1225/1283
f 1283/1203/1284 1282/1218/1284 1297/1224/1284 1298/1226/1284
f 1276/1205/1285 1275/1219/1285 1290/1225/1285 1291/1227/1285
f 1284/1204/1286 1283/1203/1286 1298/1226/1286 1299/1228/1286
f 1277/1206/1287 1276/1205/1287 1291/1227/1287 1292/1229/1287
f 1285/1207/1288 1284/1204/1288 1299/1228/1288 1300/1230/1288
f 1278/1208/1289 1277/1206/1289 1292/1229/1289 1293/1231/1289
f 1271/1210/1290 828/1232/1290 1286/1233/1290
f 835/1234/1291 1285/1207/1291 1300/1230/1291
f 1279/1212/1292 1278/1208/1292 1293/1231/1292 1294/1235/1292
f 1272/1213/1293 1271/1210/1293 1286/1233/1293 1287/1236/1293
f 1280/1214/1294 1279/1212/1294 1294/1235/1294 1295/1220/1294
f 1273/1215/1295 1272/1213/1295 1287/1236/1295 1288/1222/1295
f 1300/1230/1296 1299/1228/1296 1308/685/1296 1309/684/1296
f 1293/1231/1297 1292/1229/1297 831/680/1297 832/688/1297
f 1286/1233/1298 828/1237/1298 1301/690/1298
f 835/1238/1299 1300/1230/1299 1309/684/1299
f 1294/1235/1300 1293/1231/1300 832/688/1300 833/694/1300
f 1287/1236/1301 1286/1233/1301 1301/690/1301 1302/696/1301
f 1295/1220/1302 1294/1235/1302 833/694/1302 1305/698/1302
f 1288/1222/1303 1287/1236/1303 1302/696/1303 829/700/1303
f 1296/1221/1304 1295/1220/1304 1305/698/1304 834/702/1304
f 1289/1223/1305 1288/1222/1305 829/700/1305 1303/704/1305
f 1297/1224/1306 1296/1221/1306 834/702/1306 1306/706/1306
f 1290/1225/1307 1289/1223/1307 1303/704/1307 830/708/1307
f 1298/1226/1308 1297/1224/1308 1306/706/1308 1307/710/1308
f 1291/1227/1309 1290/1225/1309 830/708/1309 1304/681/1309
f 1299/1228/1310 1298/1226/1310 1307/710/1310 1308/685/1310
f 1292/1229/1311 1291/1227/1311 1304/681/1311 831/680/1311
o Sphere.001
v 0.630987 6.578176 -0.065388
v 0.630987 6.514996 -0.273665
v 0.630987 6.411564 -0.377096
v 0.630987 6.276425 -0.433073
v 0.630987 6.203288 -0.440276
v 0.630987 6.130150 -0.433073
v 0.630987 5.995011 -0.377096
v 0.630987 5.828399 -0.065388
v 0.645255 6.570972 -0.137120
v 0.658975 6.549639 -0.206095
v 0.671619 6.514996 -0.269663
v 0.682702 6.468374 -0.325380
v 0.691798 6.411564 -0.371107
v 0.698556 6.346751 -0.405084
v 0.702718 6.276425 -0.426008
v 0.704124 6.203288 -0.433073
v 0.702718 6.130150 -0.426008
v 0.698556 6.059824 -0.405084
v 0.691798 5.995011 -0.371107
v 0.682702 5.938201 -0.325380
v 0.671619 5.891580 -0.269663
v 0.658975 5.856936 -0.206095
v 0.645255 5.835603 -0.137120
v 0.658975 6.570972 -0.132958
v 0.685888 6.549639 -0.197931
v 0.710691 6.514996 -0.257811
v 0.732431 6.468374 -0.310295
v 0.750272 6.411564 -0.353369
v 0.763530 6.346751 -0.385375
v 0.771693 6.276425 -0.405084
v 0.774450 6.203288 -0.411739
v 0.771693 6.130150 -0.405084
v 0.763530 6.059824 -0.385375
v 0.750272 5.995011 -0.353369
v 0.732431 5.938201 -0.310295
v 0.710691 5.891580 -0.257811
v 0.685888 5.856936 -0.197931
v 0.658975 5.835603 -0.132958
v 0.671619 6.570972 -0.126199
v 0.710691 6.549639 -0.184673
v 0.746699 6.514996 -0.238564
v 0.778260 6.468374 -0.285799
v 0.804162 6.411564 -0.324564
v 0.823409 6.346751 -0.353369
v 0.835261 6.276425 -0.371107
v 0.839263 6.203288 -0.377096
v 0.835261 6.130150 -0.371107
v 0.823409 6.059824 -0.353369
v 0.804162 5.995011 -0.324564
v 0.778260 5.938201 -0.285799
v 0.746699 5.891580 -0.238564
v 0.710691 5.856936 -0.184673
v 0.671619 5.835603 -0.126199
v 0.682702 6.570972 -0.117104
v 0.732431 6.549639 -0.166832
v 0.778260 6.514996 -0.212662
v 0.818431 6.468374 -0.252832
v 0.851398 6.411564 -0.285799
v 0.875894 6.346751 -0.310295
v 0.890979 6.276425 -0.325380
v 0.896073 6.203288 -0.330474
v 0.890979 6.130150 -0.325380
v 0.875894 6.059824 -0.310295
v 0.851398 5.995011 -0.285799
v 0.818431 5.938201 -0.252832
v 0.778260 5.891580 -0.212662
v 0.732431 5.856936 -0.166832
v 0.682702 5.835603 -0.117104
v 0.691798 6.570972 -0.106021
v 0.750272 6.549639 -0.145092
v 0.804162 6.514996 -0.181100
v 0.851398 6.468374 -0.212662
v 0.890162 6.411564 -0.238564
v 0.918967 6.346751 -0.257811
v 0.936705 6.276425 -0.269663
v 0.942695 6.203288 -0.273665
v 0.936705 6.130150 -0.269663
v 0.918967 6.059824 -0.257811
v 0.890162 5.995011 -0.238564
v 0.851398 5.938201 -0.212662
v 0.804162 5.891580 -0.181100
v 0.750272 5.856936 -0.145092
v 0.691798 5.835603 -0.106021
v 0.698556 6.570972 -0.093376
v 0.763530 6.549639 -0.120289
v 0.823409 6.514996 -0.145092
v 0.875894 6.468374 -0.166832
v 0.918967 6.411564 -0.184673
v 0.950974 6.346751 -0.197931
v 0.970683 6.276425 -0.206095
v 0.977338 6.203288 -0.208851
v 0.970683 6.130150 -0.206095
v 0.950974 6.059824 -0.197931
v 0.918967 5.995011 -0.184673
v 0.875894 5.938201 -0.166832
v 0.823409 5.891580 -0.145092
v 0.763530 5.856936 -0.120289
v 0.698556 5.835603 -0.093376
v 0.702718 6.570972 -0.079656
v 0.771693 6.549639 -0.093376
v 0.835261 6.514996 -0.106021
v 0.890979 6.468374 -0.117104
v 0.936705 6.411564 -0.126199
v 0.970683 6.346751 -0.132958
v 0.991606 6.276425 -0.137120
v 0.998671 6.203288 -0.138525
v 0.991606 6.130150 -0.137120
v 0.970683 6.059824 -0.132958
v 0.936705 5.995011 -0.126199
v 0.890979 5.938201 -0.117104
v 0.835261 5.891580 -0.106021
v 0.771693 5.856936 -0.093376
v 0.702718 5.835603 -0.079656
v 0.704124 6.570972 -0.065388
v 0.774450 6.549639 -0.065388
v 0.839263 6.514996 -0.065388
v 0.896073 6.468374 -0.065388
v 0.942695 6.411564 -0.065388
v 0.977338 6.346751 -0.065388
v 0.998671 6.276425 -0.065388
v 1.005875 6.203288 -0.065388
v 0.998671 6.130150 -0.065388
v 0.977338 6.059824 -0.065388
v 0.942695 5.995011 -0.065388
v 0.896073 5.938201 -0.065388
v 0.839263 5.891580 -0.065388
v 0.774450 5.856936 -0.065388
v 0.704124 5.835603 -0.065388
v 0.702718 6.570972 -0.051120
v 0.771693 6.549639 -0.037400
v 0.835261 6.514996 -0.024755
v 0.890979 6.468374 -0.013672
v 0.936705 6.411564 -0.004577
v 0.970683 6.346751 0.002182
v 0.991606 6.276425 0.006344
v 0.998671 6.203288 0.007749
v 0.991606 6.130150 0.006344
v 0.970683 6.059824 0.002182
v 0.936705 5.995011 -0.004577
v 0.890979 5.938201 -0.013672
v 0.835261 5.891580 -0.024755
v 0.771693 5.856936 -0.037400
v 0.702718 5.835603 -0.051120
v 0.698556 6.570972 -0.037400
v 0.763530 6.549639 -0.010487
v 0.823409 6.514996 0.014316
v 0.875894 6.468374 0.036056
v 0.918967 6.411564 0.053898
v 0.950974 6.346751 0.067155
v 0.970683 6.276425 0.075319
v 0.977338 6.203288 0.078076
v 0.970683 6.130150 0.075319
v 0.950974 6.059824 0.067155
v 0.918967 5.995011 0.053898
v 0.875894 5.938201 0.036056
v 0.823409 5.891580 0.014316
v 0.763530 5.856936 -0.010487
v 0.698556 5.835603 -0.037400
v 0.691798 6.570972 -0.024755
v 0.750272 6.549639 0.014316
v 0.804162 6.514996 0.050324
v 0.851398 6.468374 0.081886
v 0.890162 6.411564 0.107788
v 0.918967 6.346751 0.127035
v 0.936705 6.276425 0.138887
v 0.942695 6.203288 0.142889
v 0.936705 6.130150 0.138887
v 0.918967 6.059824 0.127035
v 0.890162 5.995011 0.107788
v 0.851398 5.938201 0.081886
v 0.804162 5.891580 0.050324
v 0.750272 5.856936 0.014316
v 0.691798 5.835603 -0.024755
v 0.682702 6.570972 -0.013672
v 0.732431 6.549639 0.036056
v 0.778260 6.514996 0.081886
v 0.818431 6.468374 0.122056
v 0.851397 6.411564 0.155023
v 0.875894 6.346751 0.179520
v 0.890979 6.276425 0.194605
v 0.896072 6.203288 0.199698
v 0.890979 6.130150 0.194605
v 0.875894 6.059824 0.179520
v 0.851397 5.995011 0.155023
v 0.818431 5.938201 0.122056
v 0.778260 5.891580 0.081886
v 0.732431 5.856936 0.036056
v 0.682702 5.835603 -0.013672
v 0.671619 6.570972 -0.004577
v 0.710691 6.549639 0.053898
v 0.746699 6.514996 0.107788
v 0.778260 6.468374 0.155023
v 0.804162 6.411564 0.193788
v 0.823409 6.346751 0.222593
v 0.835261 6.276425 0.240331
v 0.839263 6.203288 0.246320
v 0.835261 6.130150 0.240331
v 0.823409 6.059824 0.222593
v 0.804162 5.995011 0.193788
v 0.778260 5.938201 0.155023
v 0.746699 5.891580 0.107788
v 0.710691 5.856936 0.053898
v 0.671619 5.835603 -0.004577
v 0.658975 6.570972 0.002182
v 0.685888 6.549639 0.067155
v 0.710691 6.514996 0.127035
v 0.732431 6.468374 0.179520
v 0.750272 6.411564 0.222593
v 0.763530 6.346751 0.254599
v 0.771693 6.276425 0.274309
v 0.774450 6.203288 0.280964
v 0.771693 6.130150 0.274309
v 0.763530 6.059824 0.254599
v 0.750272 5.995011 0.222593
v 0.732431 5.938201 0.179520
v 0.710691 5.891580 0.127035
v 0.685888 5.856936 0.067155
v 0.658975 5.835603 0.002182
v 0.645255 6.570972 0.006344
v 0.658975 6.549639 0.075319
v 0.671619 6.514996 0.138887
v 0.682702 6.468374 0.194605
v 0.691798 6.411564 0.240331
v 0.698556 6.346751 0.274309
v 0.702718 6.276425 0.295232
v 0.704123 6.203288 0.302297
v 0.702718 6.130150 0.295232
v 0.698556 6.059824 0.274309
v 0.691798 5.995011 0.240331
v 0.682702 5.938201 0.194605
v 0.671619 5.891580 0.138887
v 0.658975 5.856936 0.075319
v 0.645255 5.835603 0.006344
v 0.630987 6.570972 0.007749
v 0.630987 6.549639 0.078076
v 0.630987 6.514996 0.142889
v 0.630987 6.468374 0.199698
v 0.630987 6.411564 0.246320
v 0.630987 6.346751 0.280964
v 0.630987 6.276425 0.302297
v 0.630986 6.203288 0.309500
v 0.630987 6.130150 0.302297
v 0.630987 6.059824 0.280964
v 0.630987 5.995011 0.246320
v 0.630987 5.938201 0.199698
v 0.630987 5.891580 0.142889
v 0.630987 5.856936 0.078076
v 0.630987 5.835603 0.007749
v 0.616718 6.570972 0.006344
v 0.602998 6.549639 0.075319
v 0.590354 6.514996 0.138887
v 0.579271 6.468374 0.194605
v 0.570175 6.411564 0.240331
v 0.563417 6.346751 0.274309
v 0.559255 6.276425 0.295232
v 0.557849 6.203288 0.302297
v 0.559255 6.130150 0.295232
v 0.563417 6.059824 0.274309
v 0.570175 5.995011 0.240331
v 0.579271 5.938201 0.194605
v 0.590354 5.891580 0.138887
v 0.602998 5.856936 0.075319
v 0.616718 5.835603 0.006344
v 0.602998 6.570972 0.002182
v 0.576085 6.549639 0.067155
v 0.551283 6.514996 0.127035
v 0.529543 6.468374 0.179520
v 0.511701 6.411564 0.222593
v 0.498444 6.346751 0.254599
v 0.490280 6.276425 0.274309
v 0.487523 6.203288 0.280963
v 0.490280 6.130150 0.274309
v 0.498444 6.059824 0.254599
v 0.511701 5.995011 0.222593
v 0.529543 5.938201 0.179520
v 0.551283 5.891580 0.127035
v 0.576085 5.856936 0.067155
v 0.602998 5.835603 0.002182
v 0.590354 6.570972 -0.004577
v 0.551283 6.549639 0.053898
v 0.515274 6.514996 0.107788
v 0.483713 6.468374 0.155023
v 0.457811 6.411564 0.193788
v 0.438564 6.346751 0.222593
v 0.426712 6.276425 0.240331
v 0.422710 6.203288 0.246320
v 0.426712 6.130150 0.240331
v 0.438564 6.059824 0.222593
v 0.457811 5.995011 0.193788
v 0.483713 5.938201 0.155023
v 0.515274 5.891580 0.107788
v 0.551283 5.856936 0.053898
v 0.590354 5.835603 -0.004577
v 0.579271 6.570972 -0.013672
v 0.529543 6.549639 0.036056
v 0.483713 6.514996 0.081886
v 0.443542 6.468374 0.122056
v 0.410576 6.411564 0.155023
v 0.386079 6.346751 0.179520
v 0.370994 6.276425 0.194604
v 0.365901 6.203288 0.199698
v 0.370994 6.130150 0.194604
v 0.386079 6.059824 0.179520
v 0.410576 5.995011 0.155023
v 0.443542 5.938201 0.122056
v 0.483713 5.891580 0.081886
v 0.529543 5.856936 0.036056
v 0.579271 5.835603 -0.013672
v 0.570175 6.570972 -0.024755
v 0.511701 6.549639 0.014316
v 0.457811 6.514996 0.050324
v 0.410576 6.468374 0.081886
v 0.371811 6.411564 0.107788
v 0.343006 6.346751 0.127035
v 0.325268 6.276425 0.138887
v 0.319279 6.203288 0.142889
v 0.325268 6.130150 0.138887
v 0.343006 6.059824 0.127035
v 0.371811 5.995011 0.107788
v 0.410576 5.938201 0.081886
v 0.457811 5.891580 0.050324
v 0.511701 5.856936 0.014316
v 0.570175 5.835603 -0.024755
v 0.563417 6.570972 -0.037400
v 0.498444 6.549639 -0.010487
v 0.438564 6.514996 0.014316
v 0.386079 6.468374 0.036056
v 0.343006 6.411564 0.053898
v 0.311000 6.346751 0.067155
v 0.291290 6.276425 0.075319
v 0.284635 6.203288 0.078075
v 0.291290 6.130150 0.075319
v 0.311000 6.059824 0.067155
v 0.343006 5.995011 0.053898
v 0.386079 5.938201 0.036056
v 0.438564 5.891580 0.014316
v 0.498444 5.856936 -0.010487
v 0.563417 5.835603 -0.037400
v 0.559255 6.570972 -0.051120
v 0.490280 6.549639 -0.037400
v 0.426712 6.514996 -0.024755
v 0.370994 6.468374 -0.013672
v 0.325268 6.411564 -0.004577
v 0.291290 6.346751 0.002182
v 0.270367 6.276425 0.006344
v 0.263302 6.203288 0.007749
v 0.270367 6.130150 0.006344
v 0.291290 6.059824 0.002182
v 0.325268 5.995011 -0.004577
v 0.370994 5.938201 -0.013672
v 0.426712 5.891580 -0.024755
v 0.490280 5.856936 -0.037400
v 0.559255 5.835603 -0.051120
v 0.557850 6.570972 -0.065388
v 0.487523 6.549639 -0.065388
v 0.422710 6.514996 -0.065388
v 0.365901 6.468374 -0.065388
v 0.319279 6.411564 -0.065388
v 0.284635 6.346751 -0.065388
v 0.263302 6.276425 -0.065388
v 0.256099 6.203288 -0.065388
v 0.263302 6.130150 -0.065388
v 0.284635 6.059824 -0.065388
v 0.319279 5.995011 -0.065388
v 0.365901 5.938201 -0.065388
v 0.422710 5.891580 -0.065388
v 0.487523 5.856936 -0.065388
v 0.557850 5.835603 -0.065388
v 0.559255 6.570972 -0.079656
v 0.490280 6.549639 -0.093376
v 0.426712 6.514996 -0.106021
v 0.370994 6.468374 -0.117104
v 0.325268 6.411564 -0.126199
v 0.291290 6.346751 -0.132958
v 0.270367 6.276425 -0.137120
v 0.263302 6.203288 -0.138525
v 0.270367 6.130150 -0.137120
v 0.291290 6.059824 -0.132958
v 0.325268 5.995011 -0.126199
v 0.370994 5.938201 -0.117104
v 0.426712 5.891580 -0.106021
v 0.490280 5.856936 -0.093376
v 0.559255 5.835603 -0.079656
v 0.563417 6.570972 -0.093376
v 0.498444 6.549639 -0.120289
v 0.438564 6.514996 -0.145092
v 0.386079 6.468374 -0.166832
v 0.343006 6.411564 -0.184673
v 0.311000 6.346751 -0.197931
v 0.291290 6.276425 -0.206095
v 0.284635 6.203288 -0.208851
v 0.291290 6.130150 -0.206095
v 0.311000 6.059824 -0.197931
v 0.343006 5.995011 -0.184673
v 0.386079 5.938201 -0.166832
v 0.438564 5.891580 -0.145092
v 0.498444 5.856936 -0.120289
v 0.563417 5.835603 -0.093376
v 0.570175 6.570972 -0.106021
v 0.511701 6.549639 -0.145092
v 0.457811 6.514996 -0.181100
v 0.410576 6.468374 -0.212662
v 0.371811 6.411564 -0.238564
v 0.343006 6.346751 -0.257810
v 0.325268 6.276425 -0.269663
v 0.319279 6.203288 -0.273665
v 0.325268 6.130150 -0.269663
v 0.343006 6.059824 -0.257810
v 0.371811 5.995011 -0.238564
v 0.410576 5.938201 -0.212662
v 0.457811 5.891580 -0.181100
v 0.511701 5.856936 -0.145092
v 0.570175 5.835603 -0.106021
v 0.579271 6.570972 -0.117104
v 0.529543 6.549639 -0.166832
v 0.483713 6.514996 -0.212662
v 0.443542 6.468374 -0.252832
v 0.410576 6.411564 -0.285799
v 0.386079 6.346751 -0.310295
v 0.370994 6.276425 -0.325380
v 0.365901 6.203288 -0.330474
v 0.370994 6.130150 -0.325380
v 0.386079 6.059824 -0.310295
v 0.410576 5.995011 -0.285799
v 0.443542 5.938201 -0.252832
v 0.483713 5.891580 -0.212662
v 0.529543 5.856936 -0.166832
v 0.579271 5.835603 -0.117104
v 0.590354 6.570972 -0.126199
v 0.551283 6.549639 -0.184673
v 0.515274 6.514996 -0.238564
v 0.483713 6.468374 -0.285799
v 0.457811 6.411564 -0.324564
v 0.438564 6.346751 -0.353369
v 0.426712 6.276425 -0.371107
v 0.422710 6.203288 -0.377096
v 0.426712 6.130150 -0.371107
v 0.438564 6.059824 -0.353369
v 0.457811 5.995011 -0.324564
v 0.483713 5.938201 -0.285799
v 0.515274 5.891580 -0.238564
v 0.551283 5.856936 -0.184673
v 0.590354 5.835603 -0.126199
v 0.602998 6.570972 -0.132958
v 0.576086 6.549639 -0.197931
v 0.551283 6.514996 -0.257810
v 0.529543 6.468374 -0.310295
v 0.511701 6.411564 -0.353369
v 0.498444 6.346751 -0.385375
v 0.490280 6.276425 -0.405084
v 0.487523 6.203288 -0.411739
v 0.490280 6.130150 -0.405084
v 0.498444 6.059824 -0.385375
v 0.511701 5.995011 -0.353369
v 0.529543 5.938201 -0.310295
v 0.551283 5.891580 -0.257810
v 0.576086 5.856936 -0.197931
v 0.602998 5.835603 -0.132958
v 0.616718 6.570972 -0.137120
v 0.602998 6.549639 -0.206095
v 0.590354 6.514996 -0.269662
v 0.579271 6.468374 -0.325380
v 0.570175 6.411564 -0.371107
v 0.563417 6.346751 -0.405084
v 0.559255 6.276425 -0.426008
v 0.557850 6.203288 -0.433072
v 0.559255 6.130150 -0.426008
v 0.563417 6.059824 -0.405084
v 0.570175 5.995011 -0.371107
v 0.579271 5.938201 -0.325380
v 0.590354 5.891580 -0.269662
v 0.602998 5.856936 -0.206095
v 0.616718 5.835603 -0.137120
v 0.630987 6.570972 -0.138525
v 0.630987 6.549639 -0.208851
v 0.630987 6.468374 -0.330474
v 0.630987 6.346751 -0.411739
v 0.630987 6.059824 -0.411739
v 0.630987 5.938201 -0.330474
v 0.630987 5.891580 -0.273664
v 0.630987 5.856936 -0.208851
v 0.630987 5.835603 -0.138525
vn 0.0938 0.2890 -0.9527
vn 0.0286 -0.9565 -0.2902
vn 0.0975 0.0975 -0.9904
vn 0.0097 0.9951 -0.0980
vn 0.0097 -0.9951 -0.0980
vn 0.0975 -0.0975 -0.9904
vn 0.0286 0.9565 -0.2902
vn 0.0938 -0.2890 -0.9527
vn 0.0464 0.8810 -0.4709
vn 0.0865 -0.4696 -0.8786
vn 0.0624 0.7715 -0.6332
vn 0.0759 -0.6326 -0.7708
vn 0.0759 0.6326 -0.7708
vn 0.0624 -0.7715 -0.6332
vn 0.0865 0.4696 -0.8786
vn 0.0464 -0.8810 -0.4709
vn 0.1847 -0.7715 -0.6088
vn 0.2563 0.4696 -0.8448
vn 0.1374 -0.8810 -0.4528
vn 0.2779 0.2890 -0.9161
vn 0.0846 -0.9565 -0.2790
vn 0.2889 0.0976 -0.9524
vn 0.0286 0.9951 -0.0942
vn 0.0286 -0.9951 -0.0942
vn 0.2889 -0.0976 -0.9524
vn 0.0846 0.9565 -0.2790
vn 0.2779 -0.2890 -0.9161
vn 0.1374 0.8810 -0.4528
vn 0.2563 -0.4696 -0.8448
vn 0.1847 0.7715 -0.6088
vn 0.2248 -0.6326 -0.7412
vn 0.2248 0.6326 -0.7412
vn 0.4513 -0.2890 -0.8443
vn 0.2230 0.8810 -0.4173
vn 0.4162 -0.4696 -0.7786
vn 0.2999 0.7715 -0.5611
vn 0.3651 -0.6326 -0.6831
vn 0.3651 0.6326 -0.6831
vn 0.2999 -0.7715 -0.5611
vn 0.4162 0.4696 -0.7786
vn 0.2230 -0.8810 -0.4173
vn 0.4513 0.2890 -0.8443
vn 0.1374 -0.9565 -0.2571
vn 0.4691 0.0975 -0.8777
vn 0.0464 0.9951 -0.0869
vn 0.0464 -0.9951 -0.0869
vn 0.4691 -0.0975 -0.8777
vn 0.1374 0.9565 -0.2571
vn 0.3002 -0.8810 -0.3658
vn 0.6073 0.2890 -0.7400
vn 0.1850 -0.9565 -0.2254
vn 0.6314 0.0975 -0.7693
vn 0.0625 0.9951 -0.0761
vn 0.0625 -0.9951 -0.0761
vn 0.6314 -0.0975 -0.7693
vn 0.1850 0.9565 -0.2254
vn 0.6073 -0.2890 -0.7400
vn 0.3002 0.8810 -0.3658
vn 0.5601 -0.4696 -0.6825
vn 0.4036 0.7715 -0.4918
vn 0.4913 -0.6326 -0.5987
vn 0.4913 0.6326 -0.5987
vn 0.4036 -0.7715 -0.4918
vn 0.5601 0.4696 -0.6825
vn 0.3658 0.8810 -0.3002
vn 0.6825 -0.4696 -0.5601
vn 0.4918 0.7715 -0.4036
vn 0.5987 -0.6326 -0.4913
vn 0.5987 0.6326 -0.4913
vn 0.4918 -0.7715 -0.4036
vn 0.6825 0.4696 -0.5601
vn 0.3658 -0.8810 -0.3002
vn 0.7400 0.2890 -0.6073
vn 0.2254 -0.9565 -0.1850
vn 0.7693 0.0975 -0.6314
vn 0.0761 0.9951 -0.0625
vn 0.0761 -0.9951 -0.0625
vn 0.7693 -0.0975 -0.6314
vn 0.2254 0.9565 -0.1850
vn 0.7400 -0.2890 -0.6073
vn 0.8443 0.2890 -0.4513
vn 0.2571 -0.9565 -0.1374
vn 0.8777 0.0975 -0.4691
vn 0.0869 0.9951 -0.0464
vn 0.0869 -0.9951 -0.0464
vn 0.8777 -0.0975 -0.4691
vn 0.2571 0.9565 -0.1374
vn 0.8443 -0.2890 -0.4513
vn 0.4173 0.8810 -0.2230
vn 0.7786 -0.4696 -0.4162
vn 0.5611 0.7715 -0.2999
vn 0.6831 -0.6326 -0.3651
vn 0.6831 0.6326 -0.3651
vn 0.5611 -0.7715 -0.2999
vn 0.7786 0.4696 -0.4162
vn 0.4173 -0.8810 -0.2230
vn 0.8448 -0.4696 -0.2563
vn 0.6088 0.7715 -0.1847
vn 0.7412 -0.6326 -0.2248
vn 0.7412 0.6326 -0.2248
vn 0.6088 -0.7715 -0.1847
vn 0.8448 0.4696 -0.2563
vn 0.4528 -0.8810 -0.1374
vn 0.9161 0.2890 -0.2779
vn 0.2790 -0.9565 -0.0846
vn 0.9524 0.0975 -0.2889
vn 0.0942 0.9951 -0.0286
vn 0.0942 -0.9951 -0.0286
vn 0.9524 -0.0975 -0.2889
vn 0.2790 0.9565 -0.0846
vn 0.9161 -0.2890 -0.2779
vn 0.4528 0.8810 -0.1374
vn 0.2902 -0.9565 -0.0286
vn 0.9904 0.0975 -0.0975
vn 0.0980 0.9951 -0.0097
vn 0.0980 -0.9951 -0.0097
vn 0.9904 -0.0975 -0.0975
vn 0.2902 0.9565 -0.0286
vn 0.9527 -0.2890 -0.0938
vn 0.4709 0.8810 -0.0464
vn 0.8786 -0.4696 -0.0865
vn 0.6332 0.7715 -0.0624
vn 0.7708 -0.6326 -0.0759
vn 0.7708 0.6326 -0.0759
vn 0.6332 -0.7715 -0.0624
vn 0.8786 0.4696 -0.0865
vn 0.4709 -0.8810 -0.0464
vn 0.9527 0.2890 -0.0938
vn 0.6332 0.7715 0.0624
vn 0.7708 -0.6326 0.0759
vn 0.7708 0.6326 0.0759
vn 0.6332 -0.7715 0.0624
vn 0.8786 0.4696 0.0865
vn 0.4709 -0.8810 0.0464
vn 0.9527 0.2890 0.0938
vn 0.2902 -0.9565 0.0286
vn 0.9904 0.0975 0.0976
vn 0.0980 0.9951 0.0097
vn 0.0980 -0.9951 0.0097
vn 0.9904 -0.0975 0.0976
vn 0.2902 0.9565 0.0286
vn 0.9527 -0.2890 0.0938
vn 0.4709 0.8810 0.0464
vn 0.8786 -0.4696 0.0865
vn 0.9524 0.0975 0.2889
vn 0.0942 0.9951 0.0286
vn 0.0942 -0.9951 0.0286
vn 0.9524 -0.0975 0.2889
vn 0.2790 0.9565 0.0846
vn 0.9161 -0.2890 0.2779
vn 0.4528 0.8810 0.1374
vn 0.8448 -0.4696 0.2563
vn 0.6088 0.7715 0.1847
vn 0.7412 -0.6326 0.2248
vn 0.7412 0.6326 0.2248
vn 0.6088 -0.7715 0.1847
vn 0.8448 0.4696 0.2563
vn 0.4528 -0.8810 0.1374
vn 0.9161 0.2890 0.2779
vn 0.2790 -0.9565 0.0846
vn 0.6831 -0.6326 0.3651
vn 0.6831 0.6326 0.3651
vn 0.5611 -0.7715 0.2999
vn 0.7786 0.4696 0.4162
vn 0.4173 -0.8810 0.2230
vn 0.8443 0.2890 0.4513
vn 0.2571 -0.9565 0.1374
vn 0.8777 0.0975 0.4691
vn 0.0869 0.9951 0.0464
vn 0.0869 -0.9951 0.0464
vn 0.8777 -0.0975 0.4691
vn 0.2571 0.9565 0.1374
vn 0.8443 -0.2890 0.4513
vn 0.4173 0.8810 0.2230
vn 0.7786 -0.4696 0.4162
vn 0.5611 0.7715 0.2999
vn 0.0761 -0.9951 0.0625
vn 0.7693 -0.0975 0.6314
vn 0.2254 0.9565 0.1850
vn 0.7400 -0.2890 0.6073
vn 0.3658 0.8810 0.3002
vn 0.6825 -0.4696 0.5601
vn 0.4918 0.7715 0.4036
vn 0.5987 -0.6326 0.4913
vn 0.5987 0.6326 0.4913
vn 0.4918 -0.7715 0.4036
vn 0.6825 0.4696 0.5601
vn 0.3658 -0.8810 0.3002
vn 0.7400 0.2890 0.6073
vn 0.2254 -0.9565 0.1850
vn 0.7693 0.0975 0.6314
vn 0.0761 0.9951 0.0625
vn 0.4036 -0.7715 0.4918
vn 0.5601 0.4696 0.6825
vn 0.3002 -0.8810 0.3658
vn 0.6073 0.2890 0.7400
vn 0.1850 -0.9565 0.2254
vn 0.6314 0.0975 0.7693
vn 0.0625 0.9951 0.0761
vn 0.0625 -0.9951 0.0761
vn 0.6314 -0.0975 0.7693
vn 0.1850 0.9565 0.2254
vn 0.6073 -0.2890 0.7400
vn 0.3002 0.8810 0.3658
vn 0.5601 -0.4696 0.6825
vn 0.4036 0.7715 0.4918
vn 0.4913 -0.6326 0.5987
vn 0.4913 0.6326 0.5987
vn 0.1374 0.9565 0.2571
vn 0.4513 -0.2890 0.8443
vn 0.2230 0.8810 0.4173
vn 0.4162 -0.4696 0.7786
vn 0.2999 0.7715 0.5611
vn 0.3651 -0.6326 0.6831
vn 0.3651 0.6326 0.6831
vn 0.2999 -0.7715 0.5611
vn 0.4162 0.4696 0.7786
vn 0.2230 -0.8810 0.4173
vn 0.4513 0.2890 0.8443
vn 0.1374 -0.9565 0.2571
vn 0.4691 0.0975 0.8777
vn 0.0464 0.9951 0.0869
vn 0.0464 -0.9951 0.0869
vn 0.4691 -0.0975 0.8777
vn 0.2563 0.4696 0.8448
vn 0.1374 -0.8810 0.4528
vn 0.2779 0.2890 0.9161
vn 0.0846 -0.9565 0.2790
vn 0.2889 0.0975 0.9524
vn 0.0286 0.9951 0.0942
vn 0.0286 -0.9951 0.0942
vn 0.2889 -0.0975 0.9524
vn 0.0846 0.9565 0.2790
vn 0.2779 -0.2890 0.9161
vn 0.1374 0.8810 0.4528
vn 0.2563 -0.4696 0.8448
vn 0.1847 0.7715 0.6088
vn 0.2248 -0.6326 0.7412
vn 0.2248 0.6326 0.7412
vn 0.1847 -0.7715 0.6088
vn 0.0938 -0.2890 0.9527
vn 0.0464 0.8810 0.4709
vn 0.0865 -0.4696 0.8786
vn 0.0624 0.7715 0.6332
vn 0.0759 -0.6326 0.7708
vn 0.0759 0.6326 0.7708
vn 0.0624 -0.7715 0.6332
vn 0.0865 0.4696 0.8786
vn 0.0464 -0.8810 0.4709
vn 0.0938 0.2890 0.9527
vn 0.0286 -0.9565 0.2902
vn 0.0975 0.0975 0.9904
vn 0.0097 0.9951 0.0980
vn 0.0097 -0.9951 0.0980
vn 0.0975 -0.0975 0.9904
vn 0.0286 0.9565 0.2902
vn -0.0464 -0.8810 0.4709
vn -0.0938 0.2890 0.9527
vn -0.0286 -0.9565 0.2902
vn -0.0976 0.0975 0.9904
vn -0.0097 0.9951 0.0980
vn -0.0097 -0.9951 0.0980
vn -0.0976 -0.0975 0.9904
vn -0.0286 0.9565 0.2902
vn -0.0938 -0.2890 0.9527
vn -0.0464 0.8810 0.4709
vn -0.0865 -0.4696 0.8786
vn -0.0624 0.7715 0.6332
vn -0.0759 -0.6326 0.7708
vn -0.0759 0.6326 0.7708
vn -0.0624 -0.7715 0.6332
vn -0.0865 0.4696 0.8786
vn -0.1374 0.8810 0.4528
vn -0.2563 -0.4696 0.8448
vn -0.1847 0.7715 0.6088
vn -0.2248 -0.6326 0.7412
vn -0.2248 0.6326 0.7412
vn -0.1847 -0.7715 0.6088
vn -0.2563 0.4696 0.8448
vn -0.1374 -0.8810 0.4528
vn -0.2779 0.2890 0.9161
vn -0.0846 -0.9565 0.2790
vn -0.2889 0.0975 0.9524
vn -0.0286 0.9951 0.0942
vn -0.0286 -0.9951 0.0942
vn -0.2889 -0.0975 0.9524
vn -0.0846 0.9565 0.2790
vn -0.2779 -0.2890 0.9161
vn -0.4513 0.2890 0.8443
vn -0.1374 -0.9565 0.2571
vn -0.4691 0.0975 0.8777
vn -0.0464 0.9951 0.0869
vn -0.0464 -0.9951 0.0869
vn -0.4691 -0.0975 0.8777
vn -0.1374 0.9565 0.2571
vn -0.4513 -0.2890 0.8443
vn -0.2230 0.8810 0.4173
vn -0.4162 -0.4696 0.7786
vn -0.2999 0.7715 0.5611
vn -0.3651 -0.6326 0.6831
vn -0.3651 0.6326 0.6831
vn -0.2999 -0.7715 0.5611
vn -0.4162 0.4696 0.7786
vn -0.2230 -0.8810 0.4173
vn -0.5601 -0.4696 0.6825
vn -0.4036 0.7715 0.4918
vn -0.4913 -0.6326 0.5987
vn -0.4913 0.6326 0.5987
vn -0.4036 -0.7715 0.4918
vn -0.5601 0.4696 0.6825
vn -0.3002 -0.8810 0.3658
vn -0.6073 0.2890 0.7400
vn -0.1850 -0.9565 0.2254
vn -0.6314 0.0975 0.7693
vn -0.0625 0.9951 0.0761
vn -0.0625 -0.9951 0.0761
vn -0.6314 -0.0975 0.7693
vn -0.1850 0.9565 0.2254
vn -0.6073 -0.2890 0.7400
vn -0.3002 0.8810 0.3658
vn -0.2254 -0.9565 0.1850
vn -0.7693 0.0975 0.6314
vn -0.0761 0.9951 0.0625
vn -0.0761 -0.9951 0.0625
vn -0.7693 -0.0975 0.6314
vn -0.2254 0.9565 0.1850
vn -0.7400 -0.2890 0.6073
vn -0.3658 0.8810 0.3002
vn -0.6825 -0.4696 0.5601
vn -0.4918 0.7715 0.4036
vn -0.5987 -0.6326 0.4913
vn -0.5987 0.6326 0.4913
vn -0.4918 -0.7715 0.4036
vn -0.6825 0.4696 0.5601
vn -0.3658 -0.8810 0.3002
vn -0.7400 0.2890 0.6073
vn -0.6831 -0.6326 0.3651
vn -0.6831 0.6326 0.3651
vn -0.5611 -0.7715 0.2999
vn -0.7786 0.4696 0.4162
vn -0.4173 -0.8810 0.2230
vn -0.8443 0.2890 0.4513
vn -0.2571 -0.9565 0.1374
vn -0.8777 0.0975 0.4691
vn -0.0869 0.9951 0.0464
vn -0.0869 -0.9951 0.0464
vn -0.8777 -0.0975 0.4691
vn -0.2571 0.9565 0.1374
vn -0.8443 -0.2890 0.4513
vn -0.4173 0.8810 0.2230
vn -0.7786 -0.4696 0.4162
vn -0.5611 0.7715 0.2999
vn -0.0942 0.9951 0.0286
vn -0.0942 -0.9951 0.0286
vn -0.9524 -0.0975 0.2889
vn -0.2790 0.9565 0.0846
vn -0.9161 -0.2890 0.2779
vn -0.4528 0.8810 0.1374
vn -0.8448 -0.4696 0.2563
vn -0.6088 0.7715 0.1847
vn -0.7412 -0.6326 0.2248
vn -0.7412 0.6326 0.2248
vn -0.6088 -0.7715 0.1847
vn -0.8448 0.4696 0.2563
vn -0.4528 -0.8810 0.1374
vn -0.9161 0.2890 0.2779
vn -0.2790 -0.9565 0.0846
vn -0.9524 0.0975 0.2889
vn -0.7708 0.6326 0.0759
vn -0.6332 -0.7715 0.0624
vn -0.8786 0.4696 0.0865
vn -0.4709 -0.8810 0.0464
vn -0.9527 0.2890 0.0938
vn -0.2902 -0.9565 0.0286
vn -0.9904 0.0975 0.0975
vn -0.0980 0.9951 0.0097
vn -0.0980 -0.9951 0.0097
vn -0.9904 -0.0975 0.0975
vn -0.2902 0.9565 0.0286
vn -0.9527 -0.2890 0.0938
vn -0.4709 0.8810 0.0464
vn -0.8786 -0.4696 0.0865
vn -0.6332 0.7715 0.0624
vn -0.7708 -0.6326 0.0759
vn -0.9904 -0.0975 -0.0976
vn -0.2902 0.9565 -0.0286
vn -0.9527 -0.2890 -0.0938
vn -0.4709 0.8810 -0.0464
vn -0.8786 -0.4696 -0.0865
vn -0.6332 0.7715 -0.0624
vn -0.7708 -0.6326 -0.0759
vn -0.7708 0.6326 -0.0759
vn -0.6332 -0.7715 -0.0624
vn -0.8786 0.4696 -0.0865
vn -0.4709 -0.8810 -0.0464
vn -0.9527 0.2890 -0.0938
vn -0.2902 -0.9565 -0.0286
vn -0.9904 0.0975 -0.0976
vn -0.0980 0.9951 -0.0097
vn -0.0980 -0.9951 -0.0097
vn -0.6088 -0.7715 -0.1847
vn -0.8448 0.4696 -0.2563
vn -0.4528 -0.8810 -0.1374
vn -0.9161 0.2890 -0.2779
vn -0.2790 -0.9565 -0.0846
vn -0.9524 0.0975 -0.2889
vn -0.0942 0.9951 -0.0286
vn -0.0942 -0.9951 -0.0286
vn -0.9524 -0.0975 -0.2889
vn -0.2790 0.9565 -0.0846
vn -0.9161 -0.2890 -0.2779
vn -0.4528 0.8810 -0.1374
vn -0.8448 -0.4696 -0.2563
vn -0.6088 0.7715 -0.1847
vn -0.7412 -0.6326 -0.2248
vn -0.7412 0.6326 -0.2248
vn -0.2571 0.9565 -0.1374
vn -0.8443 -0.2890 -0.4513
vn -0.4173 0.8810 -0.2231
vn -0.7786 -0.4696 -0.4162
vn -0.5611 0.7715 -0.2999
vn -0.6831 -0.6326 -0.3651
vn -0.6831 0.6326 -0.3651
vn -0.5611 -0.7715 -0.2999
vn -0.7786 0.4696 -0.4162
vn -0.4173 -0.8810 -0.2231
vn -0.8443 0.2890 -0.4513
vn -0.2571 -0.9565 -0.1374
vn -0.8777 0.0975 -0.4691
vn -0.0869 0.9951 -0.0464
vn -0.0869 -0.9951 -0.0464
vn -0.8777 -0.0975 -0.4691
vn -0.6825 0.4696 -0.5601
vn -0.3658 -0.8810 -0.3002
vn -0.7400 0.2890 -0.6073
vn -0.2254 -0.9565 -0.1850
vn -0.7693 0.0975 -0.6314
vn -0.0761 0.9951 -0.0625
vn -0.0761 -0.9951 -0.0625
vn -0.7693 -0.0975 -0.6314
vn -0.2254 0.9565 -0.1850
vn -0.7400 -0.2890 -0.6073
vn -0.3658 0.8810 -0.3002
vn -0.6825 -0.4696 -0.5601
vn -0.4918 0.7715 -0.4036
vn -0.5987 -0.6326 -0.4913
vn -0.5987 0.6326 -0.4913
vn -0.4918 -0.7715 -0.4036
vn -0.6073 -0.2890 -0.7400
vn -0.3002 0.8810 -0.3658
vn -0.5601 -0.4696 -0.6825
vn -0.4036 0.7715 -0.4918
vn -0.4913 -0.6326 -0.5987
vn -0.4913 0.6326 -0.5987
vn -0.4036 -0.7715 -0.4918
vn -0.5601 0.4696 -0.6825
vn -0.3002 -0.8810 -0.3658
vn -0.6073 0.2890 -0.7400
vn -0.1850 -0.9565 -0.2254
vn -0.6314 0.0975 -0.7693
vn -0.0625 0.9951 -0.0761
vn -0.0625 -0.9951 -0.0761
vn -0.6314 -0.0975 -0.7693
vn -0.1850 0.9565 -0.2254
vn -0.2230 -0.8810 -0.4173
vn -0.4513 0.2890 -0.8443
vn -0.1374 -0.9565 -0.2571
vn -0.4691 0.0975 -0.8777
vn -0.0464 0.9951 -0.0869
vn -0.0464 -0.9951 -0.0869
vn -0.4691 -0.0975 -0.8777
vn -0.1374 0.9565 -0.2571
vn -0.4513 -0.2890 -0.8443
vn -0.2230 0.8810 -0.4173
vn -0.4162 -0.4696 -0.7786
vn -0.2999 0.7715 -0.5611
vn -0.3651 -0.6326 -0.6831
vn -0.3651 0.6326 -0.6831
vn -0.2999 -0.7715 -0.5611
vn -0.4162 0.4696 -0.7786
vn -0.2563 -0.4696 -0.8448
vn -0.1847 0.7715 -0.6088
vn -0.2248 -0.6326 -0.7412
vn -0.2248 0.6326 -0.7412
vn -0.1847 -0.7715 -0.6088
vn -0.2563 0.4696 -0.8448
vn -0.1374 -0.8810 -0.4528
vn -0.2779 0.2890 -0.9161
vn -0.0846 -0.9565 -0.2790
vn -0.2889 0.0975 -0.9524
vn -0.0286 0.9951 -0.0942
vn -0.0286 -0.9951 -0.0942
vn -0.2889 -0.0975 -0.9524
vn -0.0846 0.9565 -0.2790
vn -0.2779 -0.2890 -0.9161
vn -0.1374 0.8810 -0.4528
vn -0.0286 -0.9565 -0.2902
vn -0.0976 0.0975 -0.9904
vn -0.0097 0.9951 -0.0980
vn -0.0097 -0.9951 -0.0980
vn -0.0976 -0.0975 -0.9904
vn -0.0286 0.9565 -0.2902
vn -0.0938 -0.2890 -0.9527
vn -0.0464 0.8810 -0.4709
vn -0.0865 -0.4696 -0.8786
vn -0.0624 0.7715 -0.6332
vn -0.0759 -0.6326 -0.7708
vn -0.0759 0.6326 -0.7708
vn -0.0624 -0.7715 -0.6332
vn -0.0865 0.4696 -0.8786
vn -0.0464 -0.8810 -0.4709
vn -0.0938 0.2890 -0.9527
vt 0.750000 0.562500
vt 0.750000 0.625000
vt 0.718750 0.625000
vt 0.718750 0.562500
vt 0.750000 0.062500
vt 0.750000 0.125000
vt 0.718750 0.125000
vt 0.718750 0.062500
vt 0.750000 0.500000
vt 0.718750 0.500000
vt 0.750000 0.937500
vt 0.734375 1.000000
vt 0.718750 0.937500
vt 0.734375 0.000000
vt 0.750000 0.437500
vt 0.718750 0.437500
vt 0.750000 0.875000
vt 0.718750 0.875000
vt 0.750000 0.375000
vt 0.718750 0.375000
vt 0.750000 0.812500
vt 0.718750 0.812500
vt 0.750000 0.312500
vt 0.718750 0.312500
vt 0.750000 0.750000
vt 0.718750 0.750000
vt 0.750000 0.250000
vt 0.718750 0.250000
vt 0.750000 0.687500
vt 0.718750 0.687500
vt 0.750000 0.187500
vt 0.718750 0.187500
vt 0.687500 0.250000
vt 0.687500 0.187500
vt 0.687500 0.687500
vt 0.687500 0.625000
vt 0.687500 0.125000
vt 0.687500 0.562500
vt 0.687500 0.062500
vt 0.687500 0.500000
vt 0.703125 1.000000
vt 0.687500 0.937500
vt 0.703125 0.000000
vt 0.687500 0.437500
vt 0.687500 0.875000
vt 0.687500 0.375000
vt 0.687500 0.812500
vt 0.687500 0.312500
vt 0.687500 0.750000
vt 0.656250 0.437500
vt 0.656250 0.375000
vt 0.656250 0.875000
vt 0.656250 0.812500
vt 0.656250 0.312500
vt 0.656250 0.750000
vt 0.656250 0.250000
vt 0.656250 0.687500
vt 0.656250 0.187500
vt 0.656250 0.625000
vt 0.656250 0.125000
vt 0.656250 0.562500
vt 0.656250 0.062500
vt 0.656250 0.500000
vt 0.671875 1.000000
vt 0.656250 0.937500
vt 0.671875 0.000000
vt 0.625000 0.187500
vt 0.625000 0.125000
vt 0.625000 0.625000
vt 0.625000 0.562500
vt 0.625000 0.062500
vt 0.625000 0.500000
vt 0.640625 1.000000
vt 0.625000 0.937500
vt 0.640625 0.000000
vt 0.625000 0.437500
vt 0.625000 0.875000
vt 0.625000 0.375000
vt 0.625000 0.812500
vt 0.625000 0.312500
vt 0.625000 0.750000
vt 0.625000 0.250000
vt 0.625000 0.687500
vt 0.593750 0.875000
vt 0.593750 0.812500
vt 0.593750 0.375000
vt 0.593750 0.312500
vt 0.593750 0.750000
vt 0.593750 0.250000
vt 0.593750 0.687500
vt 0.593750 0.187500
vt 0.593750 0.625000
vt 0.593750 0.125000
vt 0.593750 0.562500
vt 0.593750 0.062500
vt 0.593750 0.500000
vt 0.609375 1.000000
vt 0.593750 0.937500
vt 0.609375 0.000000
vt 0.593750 0.437500
vt 0.562500 0.625000
vt 0.562500 0.562500
vt 0.562500 0.125000
vt 0.562500 0.062500
vt 0.562500 0.500000
vt 0.578125 1.000000
vt 0.562500 0.937500
vt 0.578125 0.000000
vt 0.562500 0.437500
vt 0.562500 0.875000
vt 0.562500 0.375000
vt 0.562500 0.812500
vt 0.562500 0.312500
vt 0.562500 0.750000
vt 0.562500 0.250000
vt 0.562500 0.687500
vt 0.562500 0.187500
vt 0.531250 0.375000
vt 0.531250 0.312500
vt 0.531250 0.812500
vt 0.531250 0.750000
vt 0.531250 0.250000
vt 0.531250 0.687500
vt 0.531250 0.187500
vt 0.531250 0.625000
vt 0.531250 0.125000
vt 0.531250 0.562500
vt 0.531250 0.062500
vt 0.531250 0.500000
vt 0.546875 1.000000
vt 0.531250 0.937500
vt 0.546875 0.000000
vt 0.531250 0.437500
vt 0.531250 0.875000
vt 0.500000 0.125000
vt 0.500000 0.062500
vt 0.500000 0.562500
vt 0.500000 0.500000
vt 0.515625 1.000000
vt 0.500000 0.937500
vt 0.515625 0.000000
vt 0.500000 0.437500
vt 0.500000 0.875000
vt 0.500000 0.375000
vt 0.500000 0.812500
vt 0.500000 0.312500
vt 0.500000 0.750000
vt 0.500000 0.250000
vt 0.500000 0.687500
vt 0.500000 0.187500
vt 0.500000 0.625000
vt 0.468750 0.812500
vt 0.468750 0.750000
vt 0.468750 0.312500
vt 0.468750 0.250000
vt 0.468750 0.687500
vt 0.468750 0.187500
vt 0.468750 0.625000
vt 0.468750 0.125000
vt 0.468750 0.562500
vt 0.468750 0.062500
vt 0.468750 0.500000
vt 0.484375 1.000000
vt 0.468750 0.937500
vt 0.484375 0.000000
vt 0.468750 0.437500
vt 0.468750 0.875000
vt 0.468750 0.375000
vt 0.437500 0.562500
vt 0.437500 0.500000
vt 0.453125 1.000000
vt 0.437500 0.937500
vt 0.453125 0.000000
vt 0.437500 0.062500
vt 0.437500 0.437500
vt 0.437500 0.875000
vt 0.437500 0.375000
vt 0.437500 0.812500
vt 0.437500 0.312500
vt 0.437500 0.750000
vt 0.437500 0.250000
vt 0.437500 0.687500
vt 0.437500 0.187500
vt 0.437500 0.625000
vt 0.437500 0.125000
vt 0.406250 0.312500
vt 0.406250 0.250000
vt 0.406250 0.750000
vt 0.406250 0.687500
vt 0.406250 0.187500
vt 0.406250 0.625000
vt 0.406250 0.125000
vt 0.406250 0.562500
vt 0.406250 0.062500
vt 0.406250 0.500000
vt 0.421875 1.000000
vt 0.406250 0.937500
vt 0.421875 0.000000
vt 0.406250 0.437500
vt 0.406250 0.875000
vt 0.406250 0.375000
vt 0.406250 0.812500
vt 0.390625 0.000000
vt 0.375000 0.062500
vt 0.375000 0.500000
vt 0.375000 0.437500
vt 0.375000 0.937500
vt 0.375000 0.875000
vt 0.375000 0.375000
vt 0.375000 0.812500
vt 0.375000 0.312500
vt 0.375000 0.750000
vt 0.375000 0.250000
vt 0.375000 0.687500
vt 0.375000 0.187500
vt 0.375000 0.625000
vt 0.375000 0.125000
vt 0.375000 0.562500
vt 0.390625 1.000000
vt 0.343750 0.250000
vt 0.343750 0.187500
vt 0.343750 0.687500
vt 0.343750 0.625000
vt 0.343750 0.125000
vt 0.343750 0.562500
vt 0.343750 0.062500
vt 0.343750 0.500000
vt 0.359375 1.000000
vt 0.343750 0.937500
vt 0.359375 0.000000
vt 0.343750 0.437500
vt 0.343750 0.875000
vt 0.343750 0.375000
vt 0.343750 0.812500
vt 0.343750 0.312500
vt 0.343750 0.750000
vt 0.312500 0.937500
vt 0.312500 0.875000
vt 0.312500 0.437500
vt 0.312500 0.375000
vt 0.312500 0.812500
vt 0.312500 0.312500
vt 0.312500 0.750000
vt 0.312500 0.250000
vt 0.312500 0.687500
vt 0.312500 0.187500
vt 0.312500 0.625000
vt 0.312500 0.125000
vt 0.312500 0.562500
vt 0.312500 0.062500
vt 0.312500 0.500000
vt 0.328125 1.000000
vt 0.328125 0.000000
vt 0.281250 0.687500
vt 0.281250 0.625000
vt 0.281250 0.187500
vt 0.281250 0.125000
vt 0.281250 0.562500
vt 0.281250 0.062500
vt 0.281250 0.500000
vt 0.296875 1.000000
vt 0.281250 0.937500
vt 0.296875 0.000000
vt 0.281250 0.437500
vt 0.281250 0.875000
vt 0.281250 0.375000
vt 0.281250 0.812500
vt 0.281250 0.312500
vt 0.281250 0.750000
vt 0.281250 0.250000
vt 0.250000 0.437500
vt 0.250000 0.375000
vt 0.250000 0.875000
vt 0.250000 0.812500
vt 0.250000 0.312500
vt 0.250000 0.750000
vt 0.250000 0.250000
vt 0.250000 0.687500
vt 0.250000 0.187500
vt 0.250000 0.625000
vt 0.250000 0.125000
vt 0.250000 0.562500
vt 0.250000 0.062500
vt 0.250000 0.500000
vt 0.265625 1.000000
vt 0.250000 0.937500
vt 0.265625 0.000000
vt 0.218750 0.187500
vt 0.218750 0.125000
vt 0.218750 0.625000
vt 0.218750 0.562500
vt 0.218750 0.062500
vt 0.218750 0.500000
vt 0.234375 1.000000
vt 0.218750 0.937500
vt 0.234375 0.000000
vt 0.218750 0.437500
vt 0.218750 0.875000
vt 0.218750 0.375000
vt 0.218750 0.812500
vt 0.218750 0.312500
vt 0.218750 0.750000
vt 0.218750 0.250000
vt 0.218750 0.687500
vt 0.187500 0.875000
vt 0.187500 0.812500
vt 0.187500 0.375000
vt 0.187500 0.312500
vt 0.187500 0.750000
vt 0.187500 0.250000
vt 0.187500 0.687500
vt 0.187500 0.187500
vt 0.187500 0.625000
vt 0.187500 0.125000
vt 0.187500 0.562500
vt 0.187500 0.062500
vt 0.187500 0.500000
vt 0.203125 1.000000
vt 0.187500 0.937500
vt 0.203125 0.000000
vt 0.187500 0.437500
vt 0.156250 0.625000
vt 0.156250 0.562500
vt 0.156250 0.125000
vt 0.156250 0.062500
vt 0.156250 0.500000
vt 0.171875 1.000000
vt 0.156250 0.937500
vt 0.171875 0.000000
vt 0.156250 0.437500
vt 0.156250 0.875000
vt 0.156250 0.375000
vt 0.156250 0.812500
vt 0.156250 0.312500
vt 0.156250 0.750000
vt 0.156250 0.250000
vt 0.156250 0.687500
vt 0.156250 0.187500
vt 0.125000 0.375000
vt 0.125000 0.312500
vt 0.125000 0.812500
vt 0.125000 0.750000
vt 0.125000 0.250000
vt 0.125000 0.687500
vt 0.125000 0.187500
vt 0.125000 0.625000
vt 0.125000 0.125000
vt 0.125000 0.562500
vt 0.125000 0.062500
vt 0.125000 0.500000
vt 0.140625 1.000000
vt 0.125000 0.937500
vt 0.140625 0.000000
vt 0.125000 0.437500
vt 0.125000 0.875000
vt 0.093750 0.125000
vt 0.093750 0.062500
vt 0.093750 0.562500
vt 0.093750 0.500000
vt 0.109375 1.000000
vt 0.093750 0.937500
vt 0.109375 0.000000
vt 0.093750 0.437500
vt 0.093750 0.875000
vt 0.093750 0.375000
vt 0.093750 0.812500
vt 0.093750 0.312500
vt 0.093750 0.750000
vt 0.093750 0.250000
vt 0.093750 0.687500
vt 0.093750 0.187500
vt 0.093750 0.625000
vt 0.062500 0.312500
vt 0.062500 0.250000
vt 0.062500 0.750000
vt 0.062500 0.687500
vt 0.062500 0.187500
vt 0.062500 0.625000
vt 0.062500 0.125000
vt 0.062500 0.562500
vt 0.062500 0.062500
vt 0.062500 0.500000
vt 0.078125 1.000000
vt 0.062500 0.937500
vt 0.078125 0.000000
vt 0.062500 0.437500
vt 0.062500 0.875000
vt 0.062500 0.375000
vt 0.062500 0.812500
vt 0.046875 1.000000
vt 0.031250 0.937500
vt 0.046875 0.000000
vt 0.031250 0.062500
vt 0.031250 0.500000
vt 0.031250 0.437500
vt 0.031250 0.875000
vt 0.031250 0.375000
vt 0.031250 0.812500
vt 0.031250 0.312500
vt 0.031250 0.750000
vt 0.031250 0.250000
vt 0.031250 0.687500
vt 0.031250 0.187500
vt 0.031250 0.625000
vt 0.031250 0.125000
vt 0.031250 0.562500
vt 0.000000 0.750000
vt 0.000000 0.687500
vt 0.000000 0.250000
vt 0.000000 0.187500
vt 0.000000 0.625000
vt 0.000000 0.125000
vt 0.000000 0.562500
vt 0.000000 0.062500
vt 0.000000 0.500000
vt 0.015625 1.000000
vt 0.000000 0.937500
vt 0.015625 0.000000
vt 0.000000 0.437500
vt 0.000000 0.875000
vt 0.000000 0.375000
vt 0.000000 0.812500
vt 0.000000 0.312500
vt 1.000000 0.437500
vt 1.000000 0.500000
vt 0.968750 0.500000
vt 0.968750 0.437500
vt 1.000000 0.875000
vt 1.000000 0.937500
vt 0.968750 0.937500
vt 0.968750 0.875000
vt 1.000000 0.375000
vt 0.968750 0.375000
vt 1.000000 0.812500
vt 0.968750 0.812500
vt 1.000000 0.312500
vt 0.968750 0.312500
vt 1.000000 0.750000
vt 0.968750 0.750000
vt 1.000000 0.250000
vt 0.968750 0.250000
vt 1.000000 0.687500
vt 0.968750 0.687500
vt 1.000000 0.187500
vt 0.968750 0.187500
vt 1.000000 0.625000
vt 0.968750 0.625000
vt 1.000000 0.125000
vt 0.968750 0.125000
vt 1.000000 0.562500
vt 0.968750 0.562500
vt 1.000000 0.062500
vt 0.968750 0.062500
vt 0.984375 1.000000
vt 0.984375 0.000000
vt 0.937500 0.250000
vt 0.937500 0.187500
vt 0.937500 0.687500
vt 0.937500 0.625000
vt 0.937500 0.125000
vt 0.937500 0.562500
vt 0.937500 0.062500
vt 0.937500 0.500000
vt 0.953125 1.000000
vt 0.937500 0.937500
vt 0.953125 0.000000
vt 0.937500 0.437500
vt 0.937500 0.875000
vt 0.937500 0.375000
vt 0.937500 0.812500
vt 0.937500 0.312500
vt 0.937500 0.750000
vt 0.906250 0.937500
vt 0.906250 0.875000
vt 0.906250 0.437500
vt 0.906250 0.375000
vt 0.906250 0.812500
vt 0.906250 0.312500
vt 0.906250 0.750000
vt 0.906250 0.250000
vt 0.906250 0.687500
vt 0.906250 0.187500
vt 0.906250 0.625000
vt 0.906250 0.125000
vt 0.906250 0.562500
vt 0.906250 0.062500
vt 0.906250 0.500000
vt 0.921875 1.000000
vt 0.921875 0.000000
vt 0.875000 0.687500
vt 0.875000 0.625000
vt 0.875000 0.187500
vt 0.875000 0.125000
vt 0.875000 0.562500
vt 0.875000 0.062500
vt 0.875000 0.500000
vt 0.890625 1.000000
vt 0.875000 0.937500
vt 0.890625 0.000000
vt 0.875000 0.437500
vt 0.875000 0.875000
vt 0.875000 0.375000
vt 0.875000 0.812500
vt 0.875000 0.312500
vt 0.875000 0.750000
vt 0.875000 0.250000
vt 0.843750 0.437500
vt 0.843750 0.375000
vt 0.843750 0.875000
vt 0.843750 0.812500
vt 0.843750 0.312500
vt 0.843750 0.750000
vt 0.843750 0.250000
vt 0.843750 0.687500
vt 0.843750 0.187500
vt 0.843750 0.625000
vt 0.843750 0.125000
vt 0.843750 0.562500
vt 0.843750 0.062500
vt 0.843750 0.500000
vt 0.859375 1.000000
vt 0.843750 0.937500
vt 0.859375 0.000000
vt 0.812500 0.187500
vt 0.812500 0.125000
vt 0.812500 0.625000
vt 0.812500 0.562500
vt 0.812500 0.062500
vt 0.812500 0.500000
vt 0.828125 1.000000
vt 0.812500 0.937500
vt 0.828125 0.000000
vt 0.812500 0.437500
vt 0.812500 0.875000
vt 0.812500 0.375000
vt 0.812500 0.812500
vt 0.812500 0.312500
vt 0.812500 0.750000
vt 0.812500 0.250000
vt 0.812500 0.687500
vt 0.781250 0.375000
vt 0.781250 0.312500
vt 0.781250 0.812500
vt 0.781250 0.750000
vt 0.781250 0.250000
vt 0.781250 0.687500
vt 0.781250 0.187500
vt 0.781250 0.625000
vt 0.781250 0.125000
vt 0.781250 0.562500
vt 0.781250 0.062500
vt 0.781250 0.500000
vt 0.796875 1.000000
vt 0.781250 0.937500
vt 0.796875 0.000000
vt 0.781250 0.437500
vt 0.781250 0.875000
vt 0.765625 1.000000
vt 0.765625 0.000000
s 0
usemtl Material.001
f 1313/1239/1312 1786/1240/1312 1323/1241/1312 1324/1242/1312
f 1791/1243/1313 1790/1244/1313 1331/1245/1313 1332/1246/1313
f 1314/1247/1314 1313/1239/1314 1324/1242/1314 1325/1248/1314
f 1783/1249/1315 1310/1250/1315 1318/1251/1315
f 1317/1252/1316 1791/1243/1316 1332/1246/1316
f 1315/1253/1317 1314/1247/1317 1325/1248/1317 1326/1254/1317
f 1784/1255/1318 1783/1249/1318 1318/1251/1318 1319/1256/1318
f 1787/1257/1319 1315/1253/1319 1326/1254/1319 1327/1258/1319
f 1311/1259/1320 1784/1255/1320 1319/1256/1320 1320/1260/1320
f 1316/1261/1321 1787/1257/1321 1327/1258/1321 1328/1262/1321
f 1785/1263/1322 1311/1259/1322 1320/1260/1322 1321/1264/1322
f 1788/1265/1323 1316/1261/1323 1328/1262/1323 1329/1266/1323
f 1312/1267/1324 1785/1263/1324 1321/1264/1324 1322/1268/1324
f 1789/1269/1325 1788/1265/1325 1329/1266/1325 1330/1270/1325
f 1786/1240/1326 1312/1267/1326 1322/1268/1326 1323/1241/1326
f 1790/1244/1327 1789/1269/1327 1330/1270/1327 1331/1245/1327
f 1330/1270/1328 1329/1266/1328 1344/1271/1328 1345/1272/1328
f 1323/1241/1329 1322/1268/1329 1337/1273/1329 1338/1274/1329
f 1331/1245/1330 1330/1270/1330 1345/1272/1330 1346/1275/1330
f 1324/1242/1331 1323/1241/1331 1338/1274/1331 1339/1276/1331
f 1332/1246/1332 1331/1245/1332 1346/1275/1332 1347/1277/1332
f 1325/1248/1333 1324/1242/1333 1339/1276/1333 1340/1278/1333
f 1318/1251/1334 1310/1279/1334 1333/1280/1334
f 1317/1281/1335 1332/1246/1335 1347/1277/1335
f 1326/1254/1336 1325/1248/1336 1340/1278/1336 1341/1282/1336
f 1319/1256/1337 1318/1251/1337 1333/1280/1337 1334/1283/1337
f 1327/1258/1338 1326/1254/1338 1341/1282/1338 1342/1284/1338
f 1320/1260/1339 1319/1256/1339 1334/1283/1339 1335/1285/1339
f 1328/1262/1340 1327/1258/1340 1342/1284/1340 1343/1286/1340
f 1321/1264/1341 1320/1260/1341 1335/1285/1341 1336/1287/1341
f 1329/1266/1342 1328/1262/1342 1343/1286/1342 1344/1271/1342
f 1322/1268/1343 1321/1264/1343 1336/1287/1343 1337/1273/1343
f 1342/1284/1344 1341/1282/1344 1356/1288/1344 1357/1289/1344
f 1335/1285/1345 1334/1283/1345 1349/1290/1345 1350/1291/1345
f 1343/1286/1346 1342/1284/1346 1357/1289/1346 1358/1292/1346
f 1336/1287/1347 1335/1285/1347 1350/1291/1347 1351/1293/1347
f 1344/1271/1348 1343/1286/1348 1358/1292/1348 1359/1294/1348
f 1337/1273/1349 1336/1287/1349 1351/1293/1349 1352/1295/1349
f 1345/1272/1350 1344/1271/1350 1359/1294/1350 1360/1296/1350
f 1338/1274/1351 1337/1273/1351 1352/1295/1351 1353/1297/1351
f 1346/1275/1352 1345/1272/1352 1360/1296/1352 1361/1298/1352
f 1339/1276/1353 1338/1274/1353 1353/1297/1353 1354/1299/1353
f 1347/1277/1354 1346/1275/1354 1361/1298/1354 1362/1300/1354
f 1340/1278/1355 1339/1276/1355 1354/1299/1355 1355/1301/1355
f 1333/1280/1356 1310/1302/1356 1348/1303/1356
f 1317/1304/1357 1347/1277/1357 1362/1300/1357
f 1341/1282/1358 1340/1278/1358 1355/1301/1358 1356/1288/1358
f 1334/1283/1359 1333/1280/1359 1348/1303/1359 1349/1290/1359
f 1361/1298/1360 1360/1296/1360 1375/1305/1360 1376/1306/1360
f 1354/1299/1361 1353/1297/1361 1368/1307/1361 1369/1308/1361
f 1362/1300/1362 1361/1298/1362 1376/1306/1362 1377/1309/1362
f 1355/1301/1363 1354/1299/1363 1369/1308/1363 1370/1310/1363
f 1348/1303/1364 1310/1311/1364 1363/1312/1364
f 1317/1313/1365 1362/1300/1365 1377/1309/1365
f 1356/1288/1366 1355/1301/1366 1370/1310/1366 1371/1314/1366
f 1349/1290/1367 1348/1303/1367 1363/1312/1367 1364/1315/1367
f 1357/1289/1368 1356/1288/1368 1371/1314/1368 1372/1316/1368
f 1350/1291/1369 1349/1290/1369 1364/1315/1369 1365/1317/1369
f 1358/1292/1370 1357/1289/1370 1372/1316/1370 1373/1318/1370
f 1351/1293/1371 1350/1291/1371 1365/1317/1371 1366/1319/1371
f 1359/1294/1372 1358/1292/1372 1373/1318/1372 1374/1320/1372
f 1352/1295/1373 1351/1293/1373 1366/1319/1373 1367/1321/1373
f 1360/1296/1374 1359/1294/1374 1374/1320/1374 1375/1305/1374
f 1353/1297/1375 1352/1295/1375 1367/1321/1375 1368/1307/1375
f 1365/1317/1376 1364/1315/1376 1379/1322/1376 1380/1323/1376
f 1373/1318/1377 1372/1316/1377 1387/1324/1377 1388/1325/1377
f 1366/1319/1378 1365/1317/1378 1380/1323/1378 1381/1326/1378
f 1374/1320/1379 1373/1318/1379 1388/1325/1379 1389/1327/1379
f 1367/1321/1380 1366/1319/1380 1381/1326/1380 1382/1328/1380
f 1375/1305/1381 1374/1320/1381 1389/1327/1381 1390/1329/1381
f 1368/1307/1382 1367/1321/1382 1382/1328/1382 1383/1330/1382
f 1376/1306/1383 1375/1305/1383 1390/1329/1383 1391/1331/1383
f 1369/1308/1384 1368/1307/1384 1383/1330/1384 1384/1332/1384
f 1377/1309/1385 1376/1306/1385 1391/1331/1385 1392/1333/1385
f 1370/1310/1386 1369/1308/1386 1384/1332/1386 1385/1334/1386
f 1363/1312/1387 1310/1335/1387 1378/1336/1387
f 1317/1337/1388 1377/1309/1388 1392/1333/1388
f 1371/1314/1389 1370/1310/1389 1385/1334/1389 1386/1338/1389
f 1364/1315/1390 1363/1312/1390 1378/1336/1390 1379/1322/1390
f 1372/1316/1391 1371/1314/1391 1386/1338/1391 1387/1324/1391
f 1384/1332/1392 1383/1330/1392 1398/1339/1392 1399/1340/1392
f 1392/1333/1393 1391/1331/1393 1406/1341/1393 1407/1342/1393
f 1385/1334/1394 1384/1332/1394 1399/1340/1394 1400/1343/1394
f 1378/1336/1395 1310/1344/1395 1393/1345/1395
f 1317/1346/1396 1392/1333/1396 1407/1342/1396
f 1386/1338/1397 1385/1334/1397 1400/1343/1397 1401/1347/1397
f 1379/1322/1398 1378/1336/1398 1393/1345/1398 1394/1348/1398
f 1387/1324/1399 1386/1338/1399 1401/1347/1399 1402/1349/1399
f 1380/1323/1400 1379/1322/1400 1394/1348/1400 1395/1350/1400
f 1388/1325/1401 1387/1324/1401 1402/1349/1401 1403/1351/1401
f 1381/1326/1402 1380/1323/1402 1395/1350/1402 1396/1352/1402
f 1389/1327/1403 1388/1325/1403 1403/1351/1403 1404/1353/1403
f 1382/1328/1404 1381/1326/1404 1396/1352/1404 1397/1354/1404
f 1390/1329/1405 1389/1327/1405 1404/1353/1405 1405/1355/1405
f 1383/1330/1406 1382/1328/1406 1397/1354/1406 1398/1339/1406
f 1391/1331/1407 1390/1329/1407 1405/1355/1407 1406/1341/1407
f 1403/1351/1408 1402/1349/1408 1417/1356/1408 1418/1357/1408
f 1396/1352/1409 1395/1350/1409 1410/1358/1409 1411/1359/1409
f 1404/1353/1410 1403/1351/1410 1418/1357/1410 1419/1360/1410
f 1397/1354/1411 1396/1352/1411 1411/1359/1411 1412/1361/1411
f 1405/1355/1412 1404/1353/1412 1419/1360/1412 1420/1362/1412
f 1398/1339/1413 1397/1354/1413 1412/1361/1413 1413/1363/1413
f 1406/1341/1414 1405/1355/1414 1420/1362/1414 1421/1364/1414
f 1399/1340/1415 1398/1339/1415 1413/1363/1415 1414/1365/1415
f 1407/1342/1416 1406/1341/1416 1421/1364/1416 1422/1366/1416
f 1400/1343/1417 1399/1340/1417 1414/1365/1417 1415/1367/1417
f 1393/1345/1418 1310/1368/1418 1408/1369/1418
f 1317/1370/1419 1407/1342/1419 1422/1366/1419
f 1401/1347/1420 1400/1343/1420 1415/1367/1420 1416/1371/1420
f 1394/1348/1421 1393/1345/1421 1408/1369/1421 1409/1372/1421
f 1402/1349/1422 1401/1347/1422 1416/1371/1422 1417/1356/1422
f 1395/1350/1423 1394/1348/1423 1409/1372/1423 1410/1358/1423
f 1422/1366/1424 1421/1364/1424 1436/1373/1424 1437/1374/1424
f 1415/1367/1425 1414/1365/1425 1429/1375/1425 1430/1376/1425
f 1408/1369/1426 1310/1377/1426 1423/1378/1426
f 1317/1379/1427 1422/1366/1427 1437/1374/1427
f 1416/1371/1428 1415/1367/1428 1430/1376/1428 1431/1380/1428
f 1409/1372/1429 1408/1369/1429 1423/1378/1429 1424/1381/1429
f 1417/1356/1430 1416/1371/1430 1431/1380/1430 1432/1382/1430
f 1410/1358/1431 1409/1372/1431 1424/1381/1431 1425/1383/1431
f 1418/1357/1432 1417/1356/1432 1432/1382/1432 1433/1384/1432
f 1411/1359/1433 1410/1358/1433 1425/1383/1433 1426/1385/1433
f 1419/1360/1434 1418/1357/1434 1433/1384/1434 1434/1386/1434
f 1412/1361/1435 1411/1359/1435 1426/1385/1435 1427/1387/1435
f 1420/1362/1436 1419/1360/1436 1434/1386/1436 1435/1388/1436
f 1413/1363/1437 1412/1361/1437 1427/1387/1437 1428/1389/1437
f 1421/1364/1438 1420/1362/1438 1435/1388/1438 1436/1373/1438
f 1414/1365/1439 1413/1363/1439 1428/1389/1439 1429/1375/1439
f 1426/1385/1440 1425/1383/1440 1440/1390/1440 1441/1391/1440
f 1434/1386/1441 1433/1384/1441 1448/1392/1441 1449/1393/1441
f 1427/1387/1442 1426/1385/1442 1441/1391/1442 1442/1394/1442
f 1435/1388/1443 1434/1386/1443 1449/1393/1443 1450/1395/1443
f 1428/1389/1444 1427/1387/1444 1442/1394/1444 1443/1396/1444
f 1436/1373/1445 1435/1388/1445 1450/1395/1445 1451/1397/1445
f 1429/1375/1446 1428/1389/1446 1443/1396/1446 1444/1398/1446
f 1437/1374/1447 1436/1373/1447 1451/1397/1447 1452/1399/1447
f 1430/1376/1448 1429/1375/1448 1444/1398/1448 1445/1400/1448
f 1423/1378/1449 1310/1401/1449 1438/1402/1449
f 1317/1403/1450 1437/1374/1450 1452/1399/1450
f 1431/1380/1451 1430/1376/1451 1445/1400/1451 1446/1404/1451
f 1424/1381/1452 1423/1378/1452 1438/1402/1452 1439/1405/1452
f 1432/1382/1453 1431/1380/1453 1446/1404/1453 1447/1406/1453
f 1425/1383/1454 1424/1381/1454 1439/1405/1454 1440/1390/1454
f 1433/1384/1455 1432/1382/1455 1447/1406/1455 1448/1392/1455
f 1445/1400/1456 1444/1398/1456 1459/1407/1456 1460/1408/1456
f 1438/1402/1457 1310/1409/1457 1453/1410/1457
f 1317/1411/1458 1452/1399/1458 1467/1412/1458
f 1446/1404/1459 1445/1400/1459 1460/1408/1459 1461/1413/1459
f 1439/1405/1460 1438/1402/1460 1453/1410/1460 1454/1414/1460
f 1447/1406/1461 1446/1404/1461 1461/1413/1461 1462/1415/1461
f 1440/1390/1462 1439/1405/1462 1454/1414/1462 1455/1416/1462
f 1448/1392/1463 1447/1406/1463 1462/1415/1463 1463/1417/1463
f 1441/1391/1464 1440/1390/1464 1455/1416/1464 1456/1418/1464
f 1449/1393/1465 1448/1392/1465 1463/1417/1465 1464/1419/1465
f 1442/1394/1466 1441/1391/1466 1456/1418/1466 1457/1420/1466
f 1450/1395/1467 1449/1393/1467 1464/1419/1467 1465/1421/1467
f 1443/1396/1468 1442/1394/1468 1457/1420/1468 1458/1422/1468
f 1451/1397/1469 1450/1395/1469 1465/1421/1469 1466/1423/1469
f 1444/1398/1470 1443/1396/1470 1458/1422/1470 1459/1407/1470
f 1452/1399/1471 1451/1397/1471 1466/1423/1471 1467/1412/1471
f 1464/1419/1472 1463/1417/1472 1478/1424/1472 1479/1425/1472
f 1457/1420/1473 1456/1418/1473 1471/1426/1473 1472/1427/1473
f 1465/1421/1474 1464/1419/1474 1479/1425/1474 1480/1428/1474
f 1458/1422/1475 1457/1420/1475 1472/1427/1475 1473/1429/1475
f 1466/1423/1476 1465/1421/1476 1480/1428/1476 1481/1430/1476
f 1459/1407/1477 1458/1422/1477 1473/1429/1477 1474/1431/1477
f 1467/1412/1478 1466/1423/1478 1481/1430/1478 1482/1432/1478
f 1460/1408/1479 1459/1407/1479 1474/1431/1479 1475/1433/1479
f 1453/1410/1480 1310/1434/1480 1468/1435/1480
f 1317/1436/1481 1467/1412/1481 1482/1432/1481
f 1461/1413/1482 1460/1408/1482 1475/1433/1482 1476/1437/1482
f 1454/1414/1483 1453/1410/1483 1468/1435/1483 1469/1438/1483
f 1462/1415/1484 1461/1413/1484 1476/1437/1484 1477/1439/1484
f 1455/1416/1485 1454/1414/1485 1469/1438/1485 1470/1440/1485
f 1463/1417/1486 1462/1415/1486 1477/1439/1486 1478/1424/1486
f 1456/1418/1487 1455/1416/1487 1470/1440/1487 1471/1426/1487
f 1317/1441/1488 1482/1432/1488 1497/1442/1488
f 1476/1437/1489 1475/1433/1489 1490/1443/1489 1491/1444/1489
f 1469/1438/1490 1468/1435/1490 1483/1445/1490 1484/1446/1490
f 1477/1439/1491 1476/1437/1491 1491/1444/1491 1492/1447/1491
f 1470/1440/1492 1469/1438/1492 1484/1446/1492 1485/1448/1492
f 1478/1424/1493 1477/1439/1493 1492/1447/1493 1493/1449/1493
f 1471/1426/1494 1470/1440/1494 1485/1448/1494 1486/1450/1494
f 1479/1425/1495 1478/1424/1495 1493/1449/1495 1494/1451/1495
f 1472/1427/1496 1471/1426/1496 1486/1450/1496 1487/1452/1496
f 1480/1428/1497 1479/1425/1497 1494/1451/1497 1495/1453/1497
f 1473/1429/1498 1472/1427/1498 1487/1452/1498 1488/1454/1498
f 1481/1430/1499 1480/1428/1499 1495/1453/1499 1496/1455/1499
f 1474/1431/1500 1473/1429/1500 1488/1454/1500 1489/1456/1500
f 1482/1432/1501 1481/1430/1501 1496/1455/1501 1497/1442/1501
f 1475/1433/1502 1474/1431/1502 1489/1456/1502 1490/1443/1502
f 1468/1435/1503 1310/1457/1503 1483/1445/1503
f 1495/1453/1504 1494/1451/1504 1509/1458/1504 1510/1459/1504
f 1488/1454/1505 1487/1452/1505 1502/1460/1505 1503/1461/1505
f 1496/1455/1506 1495/1453/1506 1510/1459/1506 1511/1462/1506
f 1489/1456/1507 1488/1454/1507 1503/1461/1507 1504/1463/1507
f 1497/1442/1508 1496/1455/1508 1511/1462/1508 1512/1464/1508
f 1490/1443/1509 1489/1456/1509 1504/1463/1509 1505/1465/1509
f 1483/1445/1510 1310/1466/1510 1498/1467/1510
f 1317/1468/1511 1497/1442/1511 1512/1464/1511
f 1491/1444/1512 1490/1443/1512 1505/1465/1512 1506/1469/1512
f 1484/1446/1513 1483/1445/1513 1498/1467/1513 1499/1470/1513
f 1492/1447/1514 1491/1444/1514 1506/1469/1514 1507/1471/1514
f 1485/1448/1515 1484/1446/1515 1499/1470/1515 1500/1472/1515
f 1493/1449/1516 1492/1447/1516 1507/1471/1516 1508/1473/1516
f 1486/1450/1517 1485/1448/1517 1500/1472/1517 1501/1474/1517
f 1494/1451/1518 1493/1449/1518 1508/1473/1518 1509/1458/1518
f 1487/1452/1519 1486/1450/1519 1501/1474/1519 1502/1460/1519
f 1499/1470/1520 1498/1467/1520 1513/1475/1520 1514/1476/1520
f 1507/1471/1521 1506/1469/1521 1521/1477/1521 1522/1478/1521
f 1500/1472/1522 1499/1470/1522 1514/1476/1522 1515/1479/1522
f 1508/1473/1523 1507/1471/1523 1522/1478/1523 1523/1480/1523
f 1501/1474/1524 1500/1472/1524 1515/1479/1524 1516/1481/1524
f 1509/1458/1525 1508/1473/1525 1523/1480/1525 1524/1482/1525
f 1502/1460/1526 1501/1474/1526 1516/1481/1526 1517/1483/1526
f 1510/1459/1527 1509/1458/1527 1524/1482/1527 1525/1484/1527
f 1503/1461/1528 1502/1460/1528 1517/1483/1528 1518/1485/1528
f 1511/1462/1529 1510/1459/1529 1525/1484/1529 1526/1486/1529
f 1504/1463/1530 1503/1461/1530 1518/1485/1530 1519/1487/1530
f 1512/1464/1531 1511/1462/1531 1526/1486/1531 1527/1488/1531
f 1505/1465/1532 1504/1463/1532 1519/1487/1532 1520/1489/1532
f 1498/1467/1533 1310/1490/1533 1513/1475/1533
f 1317/1491/1534 1512/1464/1534 1527/1488/1534
f 1506/1469/1535 1505/1465/1535 1520/1489/1535 1521/1477/1535
f 1518/1485/1536 1517/1483/1536 1532/1492/1536 1533/1493/1536
f 1526/1486/1537 1525/1484/1537 1540/1494/1537 1541/1495/1537
f 1519/1487/1538 1518/1485/1538 1533/1493/1538 1534/1496/1538
f 1527/1488/1539 1526/1486/1539 1541/1495/1539 1542/1497/1539
f 1520/1489/1540 1519/1487/1540 1534/1496/1540 1535/1498/1540
f 1513/1475/1541 1310/1499/1541 1528/1500/1541
f 1317/1501/1542 1527/1488/1542 1542/1497/1542
f 1521/1477/1543 1520/1489/1543 1535/1498/1543 1536/1502/1543
f 1514/1476/1544 1513/1475/1544 1528/1500/1544 1529/1503/1544
f 1522/1478/1545 1521/1477/1545 1536/1502/1545 1537/1504/1545
f 1515/1479/1546 1514/1476/1546 1529/1503/1546 1530/1505/1546
f 1523/1480/1547 1522/1478/1547 1537/1504/1547 1538/1506/1547
f 1516/1481/1548 1515/1479/1548 1530/1505/1548 1531/1507/1548
f 1524/1482/1549 1523/1480/1549 1538/1506/1549 1539/1508/1549
f 1517/1483/1550 1516/1481/1550 1531/1507/1550 1532/1492/1550
f 1525/1484/1551 1524/1482/1551 1539/1508/1551 1540/1494/1551
f 1537/1504/1552 1536/1502/1552 1551/1509/1552 1552/1510/1552
f 1530/1505/1553 1529/1503/1553 1544/1511/1553 1545/1512/1553
f 1538/1506/1554 1537/1504/1554 1552/1510/1554 1553/1513/1554
f 1531/1507/1555 1530/1505/1555 1545/1512/1555 1546/1514/1555
f 1539/1508/1556 1538/1506/1556 1553/1513/1556 1554/1515/1556
f 1532/1492/1557 1531/1507/1557 1546/1514/1557 1547/1516/1557
f 1540/1494/1558 1539/1508/1558 1554/1515/1558 1555/1517/1558
f 1533/1493/1559 1532/1492/1559 1547/1516/1559 1548/1518/1559
f 1541/1495/1560 1540/1494/1560 1555/1517/1560 1556/1519/1560
f 1534/1496/1561 1533/1493/1561 1548/1518/1561 1549/1520/1561
f 1542/1497/1562 1541/1495/1562 1556/1519/1562 1557/1521/1562
f 1535/1498/1563 1534/1496/1563 1549/1520/1563 1550/1522/1563
f 1528/1500/1564 1310/1523/1564 1543/1524/1564
f 1317/1525/1565 1542/1497/1565 1557/1521/1565
f 1536/1502/1566 1535/1498/1566 1550/1522/1566 1551/1509/1566
f 1529/1503/1567 1528/1500/1567 1543/1524/1567 1544/1511/1567
f 1556/1519/1568 1555/1517/1568 1570/1526/1568 1571/1527/1568
f 1549/1520/1569 1548/1518/1569 1563/1528/1569 1564/1529/1569
f 1557/1521/1570 1556/1519/1570 1571/1527/1570 1572/1530/1570
f 1550/1522/1571 1549/1520/1571 1564/1529/1571 1565/1531/1571
f 1543/1524/1572 1310/1532/1572 1558/1533/1572
f 1317/1534/1573 1557/1521/1573 1572/1530/1573
f 1551/1509/1574 1550/1522/1574 1565/1531/1574 1566/1535/1574
f 1544/1511/1575 1543/1524/1575 1558/1533/1575 1559/1536/1575
f 1552/1510/1576 1551/1509/1576 1566/1535/1576 1567/1537/1576
f 1545/1512/1577 1544/1511/1577 1559/1536/1577 1560/1538/1577
f 1553/1513/1578 1552/1510/1578 1567/1537/1578 1568/1539/1578
f 1546/1514/1579 1545/1512/1579 1560/1538/1579 1561/1540/1579
f 1554/1515/1580 1553/1513/1580 1568/1539/1580 1569/1541/1580
f 1547/1516/1581 1546/1514/1581 1561/1540/1581 1562/1542/1581
f 1555/1517/1582 1554/1515/1582 1569/1541/1582 1570/1526/1582
f 1548/1518/1583 1547/1516/1583 1562/1542/1583 1563/1528/1583
f 1560/1538/1584 1559/1536/1584 1574/1543/1584 1575/1544/1584
f 1568/1539/1585 1567/1537/1585 1582/1545/1585 1583/1546/1585
f 1561/1540/1586 1560/1538/1586 1575/1544/1586 1576/1547/1586
f 1569/1541/1587 1568/1539/1587 1583/1546/1587 1584/1548/1587
f 1562/1542/1588 1561/1540/1588 1576/1547/1588 1577/1549/1588
f 1570/1526/1589 1569/1541/1589 1584/1548/1589 1585/1550/1589
f 1563/1528/1590 1562/1542/1590 1577/1549/1590 1578/1551/1590
f 1571/1527/1591 1570/1526/1591 1585/1550/1591 1586/1552/1591
f 1564/1529/1592 1563/1528/1592 1578/1551/1592 1579/1553/1592
f 1572/1530/1593 1571/1527/1593 1586/1552/1593 1587/1554/1593
f 1565/1531/1594 1564/1529/1594 1579/1553/1594 1580/1555/1594
f 1558/1533/1595 1310/1556/1595 1573/1557/1595
f 1317/1558/1596 1572/1530/1596 1587/1554/1596
f 1566/1535/1597 1565/1531/1597 1580/1555/1597 1581/1559/1597
f 1559/1536/1598 1558/1533/1598 1573/1557/1598 1574/1543/1598
f 1567/1537/1599 1566/1535/1599 1581/1559/1599 1582/1545/1599
f 1579/1553/1600 1578/1551/1600 1593/1560/1600 1594/1561/1600
f 1587/1554/1601 1586/1552/1601 1601/1562/1601 1602/1563/1601
f 1580/1555/1602 1579/1553/1602 1594/1561/1602 1595/1564/1602
f 1573/1557/1603 1310/1565/1603 1588/1566/1603
f 1317/1567/1604 1587/1554/1604 1602/1563/1604
f 1581/1559/1605 1580/1555/1605 1595/1564/1605 1596/1568/1605
f 1574/1543/1606 1573/1557/1606 1588/1566/1606 1589/1569/1606
f 1582/1545/1607 1581/1559/1607 1596/1568/1607 1597/1570/1607
f 1575/1544/1608 1574/1543/1608 1589/1569/1608 1590/1571/1608
f 1583/1546/1609 1582/1545/1609 1597/1570/1609 1598/1572/1609
f 1576/1547/1610 1575/1544/1610 1590/1571/1610 1591/1573/1610
f 1584/1548/1611 1583/1546/1611 1598/1572/1611 1599/1574/1611
f 1577/1549/1612 1576/1547/1612 1591/1573/1612 1592/1575/1612
f 1585/1550/1613 1584/1548/1613 1599/1574/1613 1600/1576/1613
f 1578/1551/1614 1577/1549/1614 1592/1575/1614 1593/1560/1614
f 1586/1552/1615 1585/1550/1615 1600/1576/1615 1601/1562/1615
f 1598/1572/1616 1597/1570/1616 1612/1577/1616 1613/1578/1616
f 1591/1573/1617 1590/1571/1617 1605/1579/1617 1606/1580/1617
f 1599/1574/1618 1598/1572/1618 1613/1578/1618 1614/1581/1618
f 1592/1575/1619 1591/1573/1619 1606/1580/1619 1607/1582/1619
f 1600/1576/1620 1599/1574/1620 1614/1581/1620 1615/1583/1620
f 1593/1560/1621 1592/1575/1621 1607/1582/1621 1608/1584/1621
f 1601/1562/1622 1600/1576/1622 1615/1583/1622 1616/1585/1622
f 1594/1561/1623 1593/1560/1623 1608/1584/1623 1609/1586/1623
f 1602/1563/1624 1601/1562/1624 1616/1585/1624 1617/1587/1624
f 1595/1564/1625 1594/1561/1625 1609/1586/1625 1610/1588/1625
f 1588/1566/1626 1310/1589/1626 1603/1590/1626
f 1317/1591/1627 1602/1563/1627 1617/1587/1627
f 1596/1568/1628 1595/1564/1628 1610/1588/1628 1611/1592/1628
f 1589/1569/1629 1588/1566/1629 1603/1590/1629 1604/1593/1629
f 1597/1570/1630 1596/1568/1630 1611/1592/1630 1612/1577/1630
f 1590/1571/1631 1589/1569/1631 1604/1593/1631 1605/1579/1631
f 1617/1587/1632 1616/1585/1632 1631/1594/1632 1632/1595/1632
f 1610/1588/1633 1609/1586/1633 1624/1596/1633 1625/1597/1633
f 1603/1590/1634 1310/1598/1634 1618/1599/1634
f 1317/1600/1635 1617/1587/1635 1632/1595/1635
f 1611/1592/1636 1610/1588/1636 1625/1597/1636 1626/1601/1636
f 1604/1593/1637 1603/1590/1637 1618/1599/1637 1619/1602/1637
f 1612/1577/1638 1611/1592/1638 1626/1601/1638 1627/1603/1638
f 1605/1579/1639 1604/1593/1639 1619/1602/1639 1620/1604/1639
f 1613/1578/1640 1612/1577/1640 1627/1603/1640 1628/1605/1640
f 1606/1580/1641 1605/1579/1641 1620/1604/1641 1621/1606/1641
f 1614/1581/1642 1613/1578/1642 1628/1605/1642 1629/1607/1642
f 1607/1582/1643 1606/1580/1643 1621/1606/1643 1622/1608/1643
f 1615/1583/1644 1614/1581/1644 1629/1607/1644 1630/1609/1644
f 1608/1584/1645 1607/1582/1645 1622/1608/1645 1623/1610/1645
f 1616/1585/1646 1615/1583/1646 1630/1609/1646 1631/1594/1646
f 1609/1586/1647 1608/1584/1647 1623/1610/1647 1624/1596/1647
f 1629/1607/1648 1628/1605/1648 1643/1611/1648 1644/1612/1648
f 1622/1608/1649 1621/1606/1649 1636/1613/1649 1637/1614/1649
f 1630/1609/1650 1629/1607/1650 1644/1612/1650 1645/1615/1650
f 1623/1610/1651 1622/1608/1651 1637/1614/1651 1638/1616/1651
f 1631/1594/1652 1630/1609/1652 1645/1615/1652 1646/1617/1652
f 1624/1596/1653 1623/1610/1653 1638/1616/1653 1639/1618/1653
f 1632/1595/1654 1631/1594/1654 1646/1617/1654 1647/1619/1654
f 1625/1597/1655 1624/1596/1655 1639/1618/1655 1640/1620/1655
f 1618/1599/1656 1310/1621/1656 1633/1622/1656
f 1317/1623/1657 1632/1595/1657 1647/1619/1657
f 1626/1601/1658 1625/1597/1658 1640/1620/1658 1641/1624/1658
f 1619/1602/1659 1618/1599/1659 1633/1622/1659 1634/1625/1659
f 1627/1603/1660 1626/1601/1660 1641/1624/1660 1642/1626/1660
f 1620/1604/1661 1619/1602/1661 1634/1625/1661 1635/1627/1661
f 1628/1605/1662 1627/1603/1662 1642/1626/1662 1643/1611/1662
f 1621/1606/1663 1620/1604/1663 1635/1627/1663 1636/1613/1663
f 1633/1622/1664 1310/1628/1664 1648/1629/1664
f 1317/1630/1665 1647/1619/1665 1662/1631/1665
f 1641/1624/1666 1640/1620/1666 1655/1632/1666 1656/1633/1666
f 1634/1625/1667 1633/1622/1667 1648/1629/1667 1649/1634/1667
f 1642/1626/1668 1641/1624/1668 1656/1633/1668 1657/1635/1668
f 1635/1627/1669 1634/1625/1669 1649/1634/1669 1650/1636/1669
f 1643/1611/1670 1642/1626/1670 1657/1635/1670 1658/1637/1670
f 1636/1613/1671 1635/1627/1671 1650/1636/1671 1651/1638/1671
f 1644/1612/1672 1643/1611/1672 1658/1637/1672 1659/1639/1672
f 1637/1614/1673 1636/1613/1673 1651/1638/1673 1652/1640/1673
f 1645/1615/1674 1644/1612/1674 1659/1639/1674 1660/1641/1674
f 1638/1616/1675 1637/1614/1675 1652/1640/1675 1653/1642/1675
f 1646/1617/1676 1645/1615/1676 1660/1641/1676 1661/1643/1676
f 1639/1618/1677 1638/1616/1677 1653/1642/1677 1654/1644/1677
f 1647/1619/1678 1646/1617/1678 1661/1643/1678 1662/1631/1678
f 1640/1620/1679 1639/1618/1679 1654/1644/1679 1655/1632/1679
f 1652/1640/1680 1651/1638/1680 1666/1645/1680 1667/1646/1680
f 1660/1641/1681 1659/1639/1681 1674/1647/1681 1675/1648/1681
f 1653/1642/1682 1652/1640/1682 1667/1646/1682 1668/1649/1682
f 1661/1643/1683 1660/1641/1683 1675/1648/1683 1676/1650/1683
f 1654/1644/1684 1653/1642/1684 1668/1649/1684 1669/1651/1684
f 1662/1631/1685 1661/1643/1685 1676/1650/1685 1677/1652/1685
f 1655/1632/1686 1654/1644/1686 1669/1651/1686 1670/1653/1686
f 1648/1629/1687 1310/1654/1687 1663/1655/1687
f 1317/1656/1688 1662/1631/1688 1677/1652/1688
f 1656/1633/1689 1655/1632/1689 1670/1653/1689 1671/1657/1689
f 1649/1634/1690 1648/1629/1690 1663/1655/1690 1664/1658/1690
f 1657/1635/1691 1656/1633/1691 1671/1657/1691 1672/1659/1691
f 1650/1636/1692 1649/1634/1692 1664/1658/1692 1665/1660/1692
f 1658/1637/1693 1657/1635/1693 1672/1659/1693 1673/1661/1693
f 1651/1638/1694 1650/1636/1694 1665/1660/1694 1666/1645/1694
f 1659/1639/1695 1658/1637/1695 1673/1661/1695 1674/1647/1695
f 1671/1662/1696 1670/1663/1696 1685/1664/1696 1686/1665/1696
f 1664/1666/1697 1663/1667/1697 1678/1668/1697 1679/1669/1697
f 1672/1670/1698 1671/1662/1698 1686/1665/1698 1687/1671/1698
f 1665/1672/1699 1664/1666/1699 1679/1669/1699 1680/1673/1699
f 1673/1674/1700 1672/1670/1700 1687/1671/1700 1688/1675/1700
f 1666/1676/1701 1665/1672/1701 1680/1673/1701 1681/1677/1701
f 1674/1678/1702 1673/1674/1702 1688/1675/1702 1689/1679/1702
f 1667/1680/1703 1666/1676/1703 1681/1677/1703 1682/1681/1703
f 1675/1682/1704 1674/1678/1704 1689/1679/1704 1690/1683/1704
f 1668/1684/1705 1667/1680/1705 1682/1681/1705 1683/1685/1705
f 1676/1686/1706 1675/1682/1706 1690/1683/1706 1691/1687/1706
f 1669/1688/1707 1668/1684/1707 1683/1685/1707 1684/1689/1707
f 1677/1690/1708 1676/1686/1708 1691/1687/1708 1692/1691/1708
f 1670/1663/1709 1669/1688/1709 1684/1689/1709 1685/1664/1709
f 1663/1667/1710 1310/1692/1710 1678/1668/1710
f 1317/1693/1711 1677/1690/1711 1692/1691/1711
f 1690/1683/1712 1689/1679/1712 1704/1694/1712 1705/1695/1712
f 1683/1685/1713 1682/1681/1713 1697/1696/1713 1698/1697/1713
f 1691/1687/1714 1690/1683/1714 1705/1695/1714 1706/1698/1714
f 1684/1689/1715 1683/1685/1715 1698/1697/1715 1699/1699/1715
f 1692/1691/1716 1691/1687/1716 1706/1698/1716 1707/1700/1716
f 1685/1664/1717 1684/1689/1717 1699/1699/1717 1700/1701/1717
f 1678/1668/1718 1310/1702/1718 1693/1703/1718
f 1317/1704/1719 1692/1691/1719 1707/1700/1719
f 1686/1665/1720 1685/1664/1720 1700/1701/1720 1701/1705/1720
f 1679/1669/1721 1678/1668/1721 1693/1703/1721 1694/1706/1721
f 1687/1671/1722 1686/1665/1722 1701/1705/1722 1702/1707/1722
f 1680/1673/1723 1679/1669/1723 1694/1706/1723 1695/1708/1723
f 1688/1675/1724 1687/1671/1724 1702/1707/1724 1703/1709/1724
f 1681/1677/1725 1680/1673/1725 1695/1708/1725 1696/1710/1725
f 1689/1679/1726 1688/1675/1726 1703/1709/1726 1704/1694/1726
f 1682/1681/1727 1681/1677/1727 1696/1710/1727 1697/1696/1727
f 1694/1706/1728 1693/1703/1728 1708/1711/1728 1709/1712/1728
f 1702/1707/1729 1701/1705/1729 1716/1713/1729 1717/1714/1729
f 1695/1708/1730 1694/1706/1730 1709/1712/1730 1710/1715/1730
f 1703/1709/1731 1702/1707/1731 1717/1714/1731 1718/1716/1731
f 1696/1710/1732 1695/1708/1732 1710/1715/1732 1711/1717/1732
f 1704/1694/1733 1703/1709/1733 1718/1716/1733 1719/1718/1733
f 1697/1696/1734 1696/1710/1734 1711/1717/1734 1712/1719/1734
f 1705/1695/1735 1704/1694/1735 1719/1718/1735 1720/1720/1735
f 1698/1697/1736 1697/1696/1736 1712/1719/1736 1713/1721/1736
f 1706/1698/1737 1705/1695/1737 1720/1720/1737 1721/1722/1737
f 1699/1699/1738 1698/1697/1738 1713/1721/1738 1714/1723/1738
f 1707/1700/1739 1706/1698/1739 1721/1722/1739 1722/1724/1739
f 1700/1701/1740 1699/1699/1740 1714/1723/1740 1715/1725/1740
f 1693/1703/1741 1310/1726/1741 1708/1711/1741
f 1317/1727/1742 1707/1700/1742 1722/1724/1742
f 1701/1705/1743 1700/1701/1743 1715/1725/1743 1716/1713/1743
f 1713/1721/1744 1712/1719/1744 1727/1728/1744 1728/1729/1744
f 1721/1722/1745 1720/1720/1745 1735/1730/1745 1736/1731/1745
f 1714/1723/1746 1713/1721/1746 1728/1729/1746 1729/1732/1746
f 1722/1724/1747 1721/1722/1747 1736/1731/1747 1737/1733/1747
f 1715/1725/1748 1714/1723/1748 1729/1732/1748 1730/1734/1748
f 1708/1711/1749 1310/1735/1749 1723/1736/1749
f 1317/1737/1750 1722/1724/1750 1737/1733/1750
f 1716/1713/1751 1715/1725/1751 1730/1734/1751 1731/1738/1751
f 1709/1712/1752 1708/1711/1752 1723/1736/1752 1724/1739/1752
f 1717/1714/1753 1716/1713/1753 1731/1738/1753 1732/1740/1753
f 1710/1715/1754 1709/1712/1754 1724/1739/1754 1725/1741/1754
f 1718/1716/1755 1717/1714/1755 1732/1740/1755 1733/1742/1755
f 1711/1717/1756 1710/1715/1756 1725/1741/1756 1726/1743/1756
f 1719/1718/1757 1718/1716/1757 1733/1742/1757 1734/1744/1757
f 1712/1719/1758 1711/1717/1758 1726/1743/1758 1727/1728/1758
f 1720/1720/1759 1719/1718/1759 1734/1744/1759 1735/1730/1759
f 1732/1740/1760 1731/1738/1760 1746/1745/1760 1747/1746/1760
f 1725/1741/1761 1724/1739/1761 1739/1747/1761 1740/1748/1761
f 1733/1742/1762 1732/1740/1762 1747/1746/1762 1748/1749/1762
f 1726/1743/1763 1725/1741/1763 1740/1748/1763 1741/1750/1763
f 1734/1744/1764 1733/1742/1764 1748/1749/1764 1749/1751/1764
f 1727/1728/1765 1726/1743/1765 1741/1750/1765 1742/1752/1765
f 1735/1730/1766 1734/1744/1766 1749/1751/1766 1750/1753/1766
f 1728/1729/1767 1727/1728/1767 1742/1752/1767 1743/1754/1767
f 1736/1731/1768 1735/1730/1768 1750/1753/1768 1751/1755/1768
f 1729/1732/1769 1728/1729/1769 1743/1754/1769 1744/1756/1769
f 1737/1733/1770 1736/1731/1770 1751/1755/1770 1752/1757/1770
f 1730/1734/1771 1729/1732/1771 1744/1756/1771 1745/1758/1771
f 1723/1736/1772 1310/1759/1772 1738/1760/1772
f 1317/1761/1773 1737/1733/1773 1752/1757/1773
f 1731/1738/1774 1730/1734/1774 1745/1758/1774 1746/1745/1774
f 1724/1739/1775 1723/1736/1775 1738/1760/1775 1739/1747/1775
f 1751/1755/1776 1750/1753/1776 1765/1762/1776 1766/1763/1776
f 1744/1756/1777 1743/1754/1777 1758/1764/1777 1759/1765/1777
f 1752/1757/1778 1751/1755/1778 1766/1763/1778 1767/1766/1778
f 1745/1758/1779 1744/1756/1779 1759/1765/1779 1760/1767/1779
f 1738/1760/1780 1310/1768/1780 1753/1769/1780
f 1317/1770/1781 1752/1757/1781 1767/1766/1781
f 1746/1745/1782 1745/1758/1782 1760/1767/1782 1761/1771/1782
f 1739/1747/1783 1738/1760/1783 1753/1769/1783 1754/1772/1783
f 1747/1746/1784 1746/1745/1784 1761/1771/1784 1762/1773/1784
f 1740/1748/1785 1739/1747/1785 1754/1772/1785 1755/1774/1785
f 1748/1749/1786 1747/1746/1786 1762/1773/1786 1763/1775/1786
f 1741/1750/1787 1740/1748/1787 1755/1774/1787 1756/1776/1787
f 1749/1751/1788 1748/1749/1788 1763/1775/1788 1764/1777/1788
f 1742/1752/1789 1741/1750/1789 1756/1776/1789 1757/1778/1789
f 1750/1753/1790 1749/1751/1790 1764/1777/1790 1765/1762/1790
f 1743/1754/1791 1742/1752/1791 1757/1778/1791 1758/1764/1791
f 1763/1775/1792 1762/1773/1792 1777/1779/1792 1778/1780/1792
f 1756/1776/1793 1755/1774/1793 1770/1781/1793 1771/1782/1793
f 1764/1777/1794 1763/1775/1794 1778/1780/1794 1779/1783/1794
f 1757/1778/1795 1756/1776/1795 1771/1782/1795 1772/1784/1795
f 1765/1762/1796 1764/1777/1796 1779/1783/1796 1780/1785/1796
f 1758/1764/1797 1757/1778/1797 1772/1784/1797 1773/1786/1797
f 1766/1763/1798 1765/1762/1798 1780/1785/1798 1781/1787/1798
f 1759/1765/1799 1758/1764/1799 1773/1786/1799 1774/1788/1799
f 1767/1766/1800 1766/1763/1800 1781/1787/1800 1782/1789/1800
f 1760/1767/1801 1759/1765/1801 1774/1788/1801 1775/1790/1801
f 1753/1769/1802 1310/1791/1802 1768/1792/1802
f 1317/1793/1803 1767/1766/1803 1782/1789/1803
f 1761/1771/1804 1760/1767/1804 1775/1790/1804 1776/1794/1804
f 1754/1772/1805 1753/1769/1805 1768/1792/1805 1769/1795/1805
f 1762/1773/1806 1761/1771/1806 1776/1794/1806 1777/1779/1806
f 1755/1774/1807 1754/1772/1807 1769/1795/1807 1770/1781/1807
f 1782/1789/1808 1781/1787/1808 1790/1244/1808 1791/1243/1808
f 1775/1790/1809 1774/1788/1809 1313/1239/1809 1314/1247/1809
f 1768/1792/1810 1310/1796/1810 1783/1249/1810
f 1317/1797/1811 1782/1789/1811 1791/1243/1811
f 1776/1794/1812 1775/1790/1812 1314/1247/1812 1315/1253/1812
f 1769/1795/1813 1768/1792/1813 1783/1249/1813 1784/1255/1813
f 1777/1779/1814 1776/1794/1814 1315/1253/1814 1787/1257/1814
f 1770/1781/1815 1769/1795/1815 1784/1255/1815 1311/1259/1815
f 1778/1780/1816 1777/1779/1816 1787/1257/1816 1316/1261/1816
f 1771/1782/1817 1770/1781/1817 1311/1259/1817 1785/1263/1817
f 1779/1783/1818 1778/1780/1818 1316/1261/1818 1788/1265/1818
f 1772/1784/1819 1771/1782/1819 1785/1263/1819 1312/1267/1819
f 1780/1785/1820 1779/1783/1820 1788/1265/1820 1789/1269/1820
f 1773/1786/1821 1772/1784/1821 1312/1267/1821 1786/1240/1821
f 1781/1787/1822 1780/1785/1822 1789/1269/1822 1790/1244/1822
f 1774/1788/1823 1773/1786/1823 1786/1240/1823 1313/1239/1823
