# 3ds Max Wavefront OBJ Exporter v0.97b - (c)2007 guruware
# File Created: 16.11.2018 21:00:31

mtllib ShotgunLoad.mtl

#
# object ShotgunReceiver_0
#

v  0.3633 3.6385 4.5303
v  0.3572 3.7088 7.9014
v  0.3572 3.3142 7.9287
v  0.3591 3.8748 4.5948
v  0.3506 3.8924 9.0108
v  0.3572 3.9197 7.9014
v  0.3506 2.9431 9.0108
v  0.3572 1.6057 7.9444
v  0.3506 1.6172 9.0108
v  0.3506 1.6179 9.4424
v  0.3506 2.9431 9.7451
v  -0.0000 3.3142 7.9287
v  -0.0000 3.3338 4.2559
v  0.3604 3.3279 4.2588
v  -0.0000 1.6057 7.9444
v  -0.0000 2.9392 9.7451
v  -0.0000 2.9392 9.0108
v  -0.3506 2.9431 9.0108
v  -0.3506 2.9431 9.7451
v  -0.0000 1.6162 9.4424
v  -0.3506 1.6179 9.4424
v  -0.3052 2.4558 4.0264
v  -0.0000 2.4558 4.0264
v  -0.0000 2.9724 4.0518
v  -0.3337 2.9724 4.0635
v  -0.3604 3.3279 4.2588
v  -1.7568 3.1375 4.1123
v  -1.7568 2.8338 3.9834
v  -1.7568 3.3806 4.3164
v  -0.3633 3.6385 4.5303
v  -1.7471 2.4431 4.0127
v  -1.7568 3.6482 4.5811
v  -0.3591 3.8748 4.5948
v  -1.7383 2.1233 4.1026
v  -1.7656 3.8885 4.5967
v  -1.6133 1.8557 4.2305
v  -0.3076 1.8054 4.3047
v  -1.4141 1.7425 4.3516
v  -1.4443 1.7102 4.3516
v  -1.0752 1.5772 4.5176
v  -1.1006 1.5215 4.4961
v  -0.3147 1.4837 4.6026
v  -0.3132 1.4171 4.5811
v  -0.0000 4.2674 4.5938
v  -0.0000 4.2263 3.0401
v  -1.7598 4.2244 3.0401
v  -1.7598 4.2381 4.5957
v  -0.0000 4.2478 7.9092
v  -1.7598 4.2674 7.9092
v  -0.0000 4.2420 8.9971
v  -1.7598 4.2595 8.9971
v  -0.0000 4.2166 9.6729
v  -1.7656 4.2010 9.6787
v  -0.0000 1.3905 3.0401
v  -0.0000 1.3831 4.5899
v  -0.4441 1.4058 3.0401
v  -1.1455 1.4921 3.0401
v  -1.6924 1.7053 3.0401
v  -1.7383 2.1204 3.0401
v  -1.7344 2.4256 3.0401
v  -1.7568 2.8474 3.0401
v  -1.7354 3.2927 3.0401
v  -1.7568 3.8767 3.0401
v  -1.7578 3.9334 7.9092
v  -1.7578 3.9431 8.9971
v  -1.7656 3.9451 9.5557
v  -1.7656 4.0779 9.6787
v  -0.3052 2.4090 5.3013
v  -0.3076 1.7866 5.3496
v  -0.3052 2.3465 5.3850
v  -0.3052 2.2615 5.4507
v  -0.3076 1.7844 5.4510
v  -0.3176 1.4309 5.4444
v  -0.3171 1.3829 5.3853
v  -0.3164 1.3864 5.3137
v  -0.0000 4.1072 9.6768
v  -0.0000 3.8943 9.6260
v  -0.3506 3.8924 9.0108
v  -0.0000 3.8904 9.0108
v  -0.3572 3.9197 7.9014
v  -0.3572 3.3142 7.9287
v  -0.3572 3.7088 7.9014
v  -0.3572 1.6057 7.9444
v  -0.3506 1.6172 9.0108
v  -0.2507 1.0874 16.0635
v  -0.2446 1.3810 16.0791
v  -0.2539 1.4068 15.4619
v  -0.2559 1.0504 15.4776
v  -0.2512 0.7635 15.6651
v  -0.2556 0.7903 16.0479
v  -0.2520 1.1206 15.2666
v  -0.2485 1.4241 14.9776
v  0.2515 0.7635 15.6651
v  0.2561 1.0504 15.4854
v  -0.2465 0.3743 15.7823
v  0.2466 0.3743 15.7823
v  -0.2483 0.3977 16.0557
v  -0.2479 1.1360 15.0635
v  0.2520 1.1206 15.2666
v  0.2559 0.7903 16.0479
v  0.2507 1.0874 16.0635
v  0.2542 1.4068 15.4619
v  -0.2311 -0.0334 15.9776
v  -0.2437 -0.0061 15.7588
v  0.2438 -0.0061 15.7588
v  0.2483 0.3977 16.0557
v  0.2312 -0.0334 15.9776
v  0.2487 1.4241 14.9776
v  0.2480 1.1360 15.0713
v  0.2446 1.3810 16.0791
v  -0.2147 -0.3635 15.8135
v  -0.2305 -0.3010 15.6885
v  0.2306 -0.3010 15.6729
v  0.2148 -0.3635 15.7979
v  -0.1949 -0.6018 15.5713
v  -0.2031 -0.5403 15.5010
v  0.2032 -0.5403 15.4932
v  0.1951 -0.6018 15.5713
v  0.2242 6.8357 10.8135
v  -0.0013 6.8396 10.7705
v  -0.0013 6.8982 10.7744
v  0.2242 6.8943 10.8213
v  0.4153 6.8240 10.9424
v  0.2113 6.9217 10.8526
v  -0.0013 6.9256 10.8135
v  0.4153 6.8826 10.9463
v  0.3916 6.9138 10.9737
v  0.5430 6.8084 11.1338
v  0.5430 6.8631 11.1377
v  0.5117 6.8943 11.1533
v  0.5879 6.7810 11.3565
v  0.5879 6.8435 11.3643
v  0.5542 6.8787 11.3643
v  0.5430 6.7537 11.5791
v  0.5430 6.8240 11.5869
v  0.5117 6.8592 11.5752
v  0.4153 6.7302 11.7705
v  0.4153 6.8084 11.7783
v  0.3916 6.8435 11.7549
v  0.2242 6.7146 11.8955
v  0.2242 6.7967 11.9033
v  0.2113 6.8318 11.8760
v  -0.0013 6.7068 11.9424
v  -0.0013 6.7927 11.9502
v  -0.0013 6.8279 11.9190
v  -0.2268 6.7146 11.8955
v  -0.2268 6.7967 11.9033
v  -0.2139 6.8318 11.8760
v  -0.4180 6.7302 11.7705
v  -0.4180 6.8084 11.7783
v  -0.3940 6.8435 11.7549
v  -0.5454 6.7537 11.5791
v  -0.5454 6.8240 11.5869
v  -0.5146 6.8592 11.5752
v  -0.5903 6.7810 11.3565
v  -0.5903 6.8435 11.3643
v  -0.5566 6.8787 11.3643
v  -0.5454 6.8045 11.1338
v  -0.5454 6.8631 11.1377
v  -0.5146 6.8943 11.1533
v  -0.4180 6.8240 10.9424
v  -0.4180 6.8826 10.9463
v  -0.3940 6.9138 10.9737
v  -0.2268 6.8357 10.8135
v  -0.2268 6.8943 10.8213
v  -0.2139 6.9217 10.8526
v  -0.0013 6.9490 10.8604
v  -0.0013 6.9724 10.8760
v  0.1847 6.9685 10.9151
v  0.1934 6.9490 10.8916
v  0.3423 6.9646 11.0166
v  0.1935 6.9177 10.8916
v  -0.0013 6.9177 10.8604
v  0.3584 6.9099 11.0010
v  0.3584 6.9412 11.0010
v  0.4478 6.9568 11.1768
v  1.7568 3.6345 4.5811
v  1.7656 3.8748 4.5977
v  1.7656 3.9334 9.5557
v  1.7656 3.6834 10.0479
v  1.7568 3.3670 4.3164
v  1.7656 4.0662 9.6787
v  1.7568 3.1238 4.1123
v  1.7656 4.1912 10.0518
v  1.7656 4.1892 9.6787
v  1.7656 4.3338 10.5791
v  2.2422 4.4353 10.0557
v  1.7715 2.8025 10.5479
v  1.7773 4.0603 11.6690
v  1.7568 2.8211 3.9834
v  2.2461 4.4275 9.6787
v  2.1641 4.5427 10.5830
v  1.7656 4.5994 10.9932
v  2.5391 4.7556 10.0557
v  1.7471 2.4304 3.9649
v  2.5469 4.7517 9.6787
v  2.4336 4.8318 10.5830
v  2.1230 4.8650 10.9893
v  2.7305 5.1580 10.0557
v  2.6055 5.1951 10.5830
v  1.7656 5.0213 11.3096
v  1.7871 5.0095 11.6651
v  2.7383 5.1560 9.6787
v  2.3906 5.4256 10.9893
v  2.0137 5.4295 11.3487
v  2.6641 5.5935 10.5830
v  2.7969 5.6013 10.0557
v  1.8018 5.1385 11.7393
v  1.7695 5.4217 11.4190
v  2.8047 5.6013 9.6787
v  2.2988 6.0349 10.9854
v  2.0078 5.8396 11.3135
v  1.7871 5.8474 11.4151
v  2.6055 5.9881 10.5830
v  2.7305 6.0388 10.0557
v  1.7744 5.4334 11.7002
v  1.8135 6.1170 11.3369
v  1.7246 5.9607 11.6612
v  2.4336 6.3396 10.5830
v  1.8984 6.5154 10.9502
v  2.7383 6.0427 9.6787
v  2.5391 6.4295 10.0557
v  2.1641 6.6170 10.5830
v  1.3975 6.1873 11.6612
v  1.4219 6.3631 11.2627
v  1.3154 6.0818 11.9698
v  1.6885 5.8631 11.9932
v  1.4375 6.7146 10.9658
v  1.8242 6.7888 10.5830
v  2.2422 6.7342 10.0557
v  2.5469 6.4373 9.6787
v  1.1074 6.3513 11.6573
v  1.0566 6.2459 11.9541
v  1.1221 6.5154 11.2471
v  1.4492 6.8709 10.5830
v  1.0479 6.7537 11.0166
v  1.4492 6.9842 10.0557
v  1.8652 6.9256 10.0557
v  2.2461 6.7420 9.6787
v  0.8940 6.6834 11.3526
v  0.9199 6.9295 10.5869
v  0.5537 6.8045 11.0166
v  0.8730 6.6404 11.6651
v  0.8550 6.5857 11.9502
v  1.8682 6.9334 9.6787
v  0.6504 6.7146 11.3682
v  0.5879 6.6677 11.7158
v  0.3882 6.9451 10.5479
v  -0.0000 7.0271 10.0752
v  0.3481 6.8474 10.7783
v  0.4653 6.6326 11.9932
v  0.4387 6.6248 11.9190
v  -0.0000 6.8474 10.6846
v  -0.0000 6.9490 10.5127
v  1.4492 6.9920 9.6787
v  -0.0000 6.9920 9.6983
v  0.2495 1.4522 5.1983
v  0.3176 1.4180 5.4517
v  -0.0000 1.4019 5.4517
v  -0.0000 1.4340 5.1953
v  0.2512 1.4712 4.6739
v  -0.0000 1.4531 4.6621
v  0.3157 1.3766 4.6162
v  -0.0000 1.7976 4.4356
v  0.2466 1.8059 4.4414
v  0.3052 1.7415 4.2715
v  -0.0000 2.1834 4.2803
v  0.2445 2.1834 4.2803
v  0.3049 2.1170 4.0537
v  0.2402 2.4597 4.1758
v  -0.0000 2.4578 4.1748
v  0.3057 2.4510 3.9414
v  -0.0000 2.4470 3.9405
v  -0.0000 3.8631 4.6328
v  -0.0000 3.6248 4.5762
v  -0.0000 3.3240 4.3291
v  -0.0000 3.1140 4.1387
v  -0.0000 2.8260 3.9707
v  1.7383 2.1106 4.0742
v  1.6895 1.7346 4.2305
v  1.4961 1.6026 4.4121
v  1.1113 1.4740 4.5332
v  -0.0000 3.9197 9.5323
v  -0.0000 4.0506 9.6787
v  -0.0000 4.1717 9.6787
v  1.4492 5.5818 9.6787
v  -0.0000 5.5740 9.6787
v  1.7539 5.5545 12.0752
v  1.7930 5.1658 11.8994
v  1.7744 5.1873 12.2041
v  1.6436 5.1580 11.9112
v  1.6396 5.1306 11.7588
v  1.6504 5.1795 12.2354
v  1.6885 4.9588 11.6924
v  1.6553 4.0427 11.6807
v  1.7656 2.9754 11.6768
v  1.6152 2.9744 11.6807
v  1.6309 2.8435 11.7354
v  1.7783 2.8494 11.7354
v  1.7764 2.0891 10.9541
v  1.6406 2.8230 11.9580
v  1.7676 2.0862 12.0049
v  1.7813 2.8230 12.0049
v  1.5459 2.0901 11.9776
v  1.6992 1.8362 11.9932
v  1.7461 1.8162 10.9541
v  1.4941 1.9094 11.9893
v  1.5391 1.5679 10.9541
v  1.4531 1.5884 12.0010
v  1.3252 1.7451 12.0127
v  1.1338 1.3933 10.9541
v  1.1064 1.4174 12.0010
v  1.0977 1.6536 12.0244
v  -0.0000 1.3136 10.9580
v  -0.0000 1.3085 12.0205
v  0.0000 1.5781 12.0244
v  -0.0000 6.2302 10.7158
v  0.3186 6.2342 10.7979
v  0.5410 6.1638 11.0244
v  0.6587 6.0623 11.3369
v  0.5708 5.9998 11.6729
v  0.4209 6.0037 11.8916
v  0.4546 5.9959 11.9268
v  0.6465 5.9763 11.9033
v  0.9717 5.9295 11.9307
v  1.2041 5.8826 11.9424
v  1.5107 5.7381 11.9971
v  1.6113 5.5193 12.0908
v  -1.7656 3.9334 9.5557
v  -1.7656 3.8748 4.5977
v  -1.7568 3.6345 4.5811
v  0.4685 6.8943 11.1651
v  0.4685 6.9334 11.1651
v  0.4846 6.9451 11.3604
v  0.5073 6.8787 11.3565
v  0.5073 6.9256 11.3604
v  0.4478 6.9373 11.5479
v  0.4685 6.8592 11.5518
v  0.4685 6.9138 11.5557
v  0.3423 6.9295 11.7041
v  0.3584 6.8474 11.7158
v  0.3584 6.9060 11.7198
v  0.1847 6.9217 11.8096
v  0.1934 6.8357 11.8252
v  0.1934 6.8982 11.8291
v  -0.0013 6.9217 11.8487
v  -0.0012 6.8318 11.8643
v  -0.0013 6.8982 11.8682
v  -0.1873 6.9217 11.8096
v  -0.1959 6.8357 11.8252
v  -0.1959 6.8982 11.8291
v  -0.3450 6.9295 11.7041
v  -0.3611 6.8474 11.7158
v  -0.3608 6.9060 11.7198
v  -0.4502 6.9373 11.5479
v  -0.4712 6.8592 11.5518
v  -0.4712 6.9138 11.5557
v  -0.4873 6.9451 11.3604
v  -0.5098 6.8787 11.3565
v  -0.5098 6.9256 11.3604
v  -0.4502 6.9568 11.1768
v  -0.4712 6.8943 11.1651
v  -0.4712 6.9334 11.1651
v  -0.3450 6.9646 11.0166
v  -0.3608 6.9099 11.0010
v  -0.3608 6.9412 11.0010
v  -0.1873 6.9685 10.9151
v  -0.1958 6.9177 10.8916
v  -0.1959 6.9490 10.8916
v  0.2241 6.0818 15.4151
v  -0.2290 6.0818 15.4151
v  -0.2290 6.1092 14.4463
v  0.2241 6.1092 14.4463
v  -0.0024 6.0974 14.2979
v  -0.2489 6.1131 14.1963
v  0.2440 6.1131 14.1963
v  -0.3140 6.1052 13.8057
v  -0.0024 6.1365 13.5869
v  0.3091 6.1052 13.8057
v  -0.4282 6.1131 13.3526
v  -0.0024 6.1170 12.7588
v  0.4233 6.1131 13.3526
v  -0.6265 6.1248 12.8448
v  0.6221 6.1248 12.8448
v  -0.3577 6.1443 12.4385
v  -0.0024 6.1326 12.2901
v  0.3528 6.1443 12.4385
v  -0.3157 6.1521 12.1533
v  -0.0024 6.1404 11.9541
v  0.3108 6.1521 12.1533
v  -0.3589 6.1560 11.9619
v  0.3540 6.1560 11.9619
v  0.2241 6.1795 15.5948
v  -0.2290 6.1795 15.5948
v  0.2241 6.3240 15.6416
v  -0.2290 6.3240 15.6416
v  -0.2290 6.5310 15.6338
v  0.2241 6.5310 15.6338
v  -0.2290 6.7849 15.5869
v  0.2241 6.7849 15.5869
v  -0.2290 7.0037 15.4463
v  0.2241 7.0037 15.4463
v  -0.2290 7.1482 15.2510
v  0.2241 7.1482 15.2510
v  -0.2290 7.1990 15.0166
v  0.2241 7.1990 15.0166
v  -0.2290 7.1482 14.7901
v  0.2241 7.1482 14.7901
v  -0.2290 7.0037 14.6026
v  0.2241 7.0037 14.6026
v  -0.2290 6.7849 14.4776
v  0.2241 6.7849 14.4776
v  -0.2286 6.5076 14.3916
v  0.2239 6.5076 14.3916
v  -0.1359 6.4685 14.2979
v  -0.2290 6.2420 14.4385
v  -0.2561 6.2263 14.1885
v  0.1310 6.4685 14.2979
v  -0.1467 6.5076 13.7901
v  0.2512 6.2263 14.1885
v  0.2241 6.2420 14.4385
v  0.1418 6.5076 13.7901
v  -0.3206 6.2302 13.7979
v  -0.1936 6.5388 13.3369
v  0.1887 6.5388 13.3369
v  0.3157 6.2302 13.7979
v  -0.4353 6.2342 13.3487
v  -0.2600 6.5896 12.8096
v  0.2554 6.5896 12.8096
v  0.4304 6.2342 13.3487
v  -0.6304 6.2654 12.8448
v  -0.2974 6.6521 12.4385
v  0.2925 6.6521 12.4385
v  0.6255 6.2654 12.8448
v  -0.3088 6.6873 12.1612
v  0.3040 6.6873 12.1612
v  -0.3723 6.7029 11.9776
v  0.3674 6.7029 11.9776
v  -0.6113 6.1638 11.7041
v  -0.5957 6.7381 11.7198
v  0.5908 6.7381 11.7198
v  0.6064 6.1638 11.7041
v  -0.6855 6.1756 11.5283
v  0.6646 6.7615 11.5440
v  -0.6694 6.7615 11.5440
v  0.6807 6.1756 11.5283
v  -0.7056 6.1912 11.3526
v  0.7007 6.1912 11.3526
v  0.6860 6.7849 11.3682
v  -0.6909 6.7849 11.3682
v  -0.6855 6.2068 11.1807
v  0.6807 6.2068 11.1807
v  0.6641 6.8006 11.1924
v  -0.6689 6.8006 11.1924
v  -0.6113 6.2185 11.0049
v  0.6064 6.2185 11.0049
v  0.5898 6.8201 11.0166
v  -0.5947 6.8201 11.0166
v  -0.5083 6.2302 10.8760
v  0.5034 6.2302 10.8760
v  0.4932 6.8318 10.8994
v  -0.4980 6.8318 10.8994
v  -0.3540 6.2381 10.7471
v  0.3491 6.2381 10.7471
v  0.3464 6.8474 10.7783
v  -0.3513 6.8474 10.7783
v  -0.0024 6.2459 10.6533
v  -0.0024 6.8474 10.6846
v  -1.7656 3.6834 10.0479
v  -1.7656 4.0662 9.6787
v  -1.7568 3.3670 4.3164
v  -1.7568 3.1238 4.1123
v  -1.7656 4.1912 10.0518
v  -1.7656 4.1892 9.6787
v  -1.7656 4.3338 10.5791
v  -2.2422 4.4353 10.0557
v  -1.7715 2.8025 10.5479
v  -1.7773 4.0603 11.6690
v  -1.7568 2.8211 3.9834
v  -2.2461 4.4275 9.6787
v  -2.1641 4.5427 10.5830
v  -1.7656 4.5994 10.9932
v  -2.5391 4.7556 10.0557
v  -1.7471 2.4304 3.9649
v  -2.5469 4.7517 9.6787
v  -2.4336 4.8318 10.5830
v  -2.1230 4.8650 10.9893
v  -2.7305 5.1580 10.0557
v  -2.6055 5.1951 10.5830
v  -1.7656 5.0213 11.3096
v  -1.7871 5.0095 11.6651
v  -2.7383 5.1560 9.6787
v  -2.3906 5.4256 10.9893
v  -2.0137 5.4295 11.3487
v  -2.6641 5.5935 10.5830
v  -2.7969 5.6013 10.0557
v  -1.8018 5.1385 11.7393
v  -1.7695 5.4217 11.4190
v  -2.8047 5.6013 9.6787
v  -2.2988 6.0349 10.9854
v  -2.0078 5.8396 11.3135
v  -1.7871 5.8474 11.4151
v  -2.6055 5.9881 10.5830
v  -2.7305 6.0388 10.0557
v  -1.7744 5.4334 11.7002
v  -1.8135 6.1170 11.3369
v  -1.7246 5.9607 11.6612
v  -2.4336 6.3396 10.5830
v  -1.8984 6.5154 10.9502
v  -2.7383 6.0427 9.6787
v  -2.5391 6.4295 10.0557
v  -2.1641 6.6170 10.5830
v  -1.3975 6.1873 11.6612
v  -1.4219 6.3631 11.2627
v  -1.3154 6.0818 11.9698
v  -1.6885 5.8631 11.9932
v  -1.4375 6.7146 10.9658
v  -1.8242 6.7888 10.5830
v  -2.2422 6.7342 10.0557
v  -2.5469 6.4373 9.6787
v  -1.1074 6.3513 11.6573
v  -1.0566 6.2459 11.9541
v  -1.1221 6.5154 11.2471
v  -1.4492 6.8709 10.5830
v  -1.0479 6.7537 11.0166
v  -1.4492 6.9842 10.0557
v  -1.8652 6.9256 10.0557
v  -2.2461 6.7420 9.6787
v  -0.8940 6.6834 11.3526
v  -0.9199 6.9295 10.5869
v  -0.5537 6.8045 11.0166
v  -0.8730 6.6404 11.6651
v  -0.8550 6.5857 11.9502
v  -1.8682 6.9334 9.6787
v  -0.6504 6.7146 11.3682
v  -0.5879 6.6677 11.7158
v  -0.3882 6.9451 10.5479
v  -0.3481 6.8474 10.7783
v  -0.4653 6.6326 11.9932
v  -0.4387 6.6248 11.9190
v  -1.4492 6.9920 9.6787
v  -0.3176 1.4180 5.4517
v  -0.2495 1.4522 5.1983
v  -0.2512 1.4712 4.6739
v  -0.2466 1.8059 4.4414
v  -0.3157 1.3766 4.6162
v  -0.2445 2.1834 4.2803
v  -0.3052 1.7415 4.2715
v  -0.2402 2.4597 4.1758
v  -0.3049 2.1170 4.0537
v  -0.3057 2.4510 3.9414
v  -1.7383 2.1106 4.0742
v  -1.6895 1.7346 4.2305
v  -1.4961 1.6026 4.4121
v  -1.1113 1.4740 4.5332
v  -1.4492 5.5818 9.6787
v  -1.7539 5.5545 12.0752
v  -1.7930 5.1658 11.8994
v  -1.7744 5.1873 12.2041
v  -1.6436 5.1580 11.9112
v  -1.6396 5.1306 11.7588
v  -1.6504 5.1795 12.2354
v  -1.6885 4.9588 11.6924
v  -1.6553 4.0427 11.6807
v  -1.7656 2.9754 11.6768
v  -1.6152 2.9744 11.6807
v  -1.6309 2.8435 11.7354
v  -1.7783 2.8494 11.7354
v  -1.7764 2.0891 10.9541
v  -1.6406 2.8230 11.9580
v  -1.7676 2.0862 12.0049
v  -1.7813 2.8230 12.0049
v  -1.5459 2.0901 11.9776
v  -1.6992 1.8362 11.9932
v  -1.7461 1.8162 10.9541
v  -1.4941 1.9094 11.9893
v  -1.5391 1.5679 10.9541
v  -1.4531 1.5884 12.0010
v  -1.3252 1.7451 12.0127
v  -1.1338 1.3933 10.9541
v  -1.1064 1.4174 12.0010
v  -1.0977 1.6472 12.0244
v  -0.3186 6.2342 10.7979
v  -0.5410 6.1638 11.0244
v  -0.6587 6.0623 11.3369
v  -0.5708 5.9998 11.6729
v  -0.4209 6.0037 11.8916
v  -0.4546 5.9959 11.9268
v  -0.6465 5.9763 11.9033
v  -0.9717 5.9295 11.9307
v  -1.2041 5.8826 11.9424
v  -1.5107 5.7381 11.9971
v  -1.6113 5.5193 12.0908
v  -0.4646 1.2028 17.5323
v  0.4990 1.1902 17.5244
v  0.4983 1.1271 17.2354
v  -0.4653 1.1367 17.2354
v  0.8481 6.0115 13.3682
v  0.8286 6.2107 11.4619
v  -0.0000 6.2654 11.4619
v  0.9058 5.9607 11.5830
v  0.8438 5.8162 13.3604
v  -0.0000 6.0623 13.3682
v  0.8315 5.8435 14.7354
v  -0.8286 6.2107 11.4619
v  0.8271 5.6482 14.7198
v  -0.0000 5.8123 15.4307
v  0.8145 5.6209 16.1104
v  -0.8481 6.0115 13.3682
v  -0.8315 5.8435 14.7354
v  -0.9058 5.9607 11.5830
v  -0.8438 5.8162 13.3604
v  0.8105 5.4295 16.0869
v  -0.8145 5.6209 16.1104
v  0.0000 5.2244 17.8135
v  0.8110 5.3357 17.2666
v  -0.8271 5.6482 14.7198
v  0.8071 5.1502 17.2276
v  0.8081 5.0193 18.3369
v  -0.8105 5.4295 16.0869
v  -0.8110 5.3357 17.2666
v  0.0000 4.6717 19.3760
v  -0.8081 5.0193 18.3369
v  -0.8071 5.1502 17.2276
v  0.8042 4.8377 18.2823
v  0.8130 4.6697 19.2588
v  -0.8130 4.6697 19.2588
v  -0.8042 4.8377 18.2823
v  0.8086 4.4900 19.1963
v  0.7051 4.5916 19.4619
v  -0.7051 4.5916 19.4619
v  -0.8086 4.4900 19.1963
v  0.4666 4.5369 19.6260
v  0.0000 4.5388 19.6885
v  -0.4666 4.5369 19.6260
v  0.7021 4.4099 19.4073
v  -0.7021 4.4099 19.4073
v  -0.0000 4.3572 19.6338
v  0.4592 4.3552 19.5713
v  -0.4592 4.3552 19.5713
v  -0.6279 1.5669 12.0205
v  0.0001 1.2335 12.0049
v  0.6279 1.5669 12.0205
v  -0.6372 1.2335 12.0049
v  0.0009 1.2362 12.1494
v  0.6377 1.2335 12.0049
v  -0.7725 1.2362 12.1494
v  -0.7544 1.5589 12.1494
v  0.7729 1.2362 12.1494
v  -0.7402 1.2408 12.6846
v  0.7544 1.5589 12.1494
v  0.7402 1.2408 12.6846
v  0.0067 1.2309 13.2080
v  -0.7192 1.5628 12.6885
v  -0.7144 1.2210 13.7315
v  0.7192 1.5628 12.6885
v  0.7144 1.2210 13.7315
v  -0.6909 1.5415 13.7393
v  -0.7158 1.2017 14.8760
v  0.7158 1.2017 14.8760
v  0.0129 1.1805 15.5010
v  0.6909 1.5415 13.7393
v  -0.6914 1.5202 14.8916
v  -0.7354 1.1593 16.1338
v  0.6914 1.5202 14.8916
v  0.7354 1.1593 16.1338
v  0.0062 1.0086 17.8838
v  -0.7100 1.4749 16.1494
v  -0.7437 1.0628 17.4932
v  0.7100 1.4749 16.1494
v  0.7437 1.0628 17.4932
v  -0.7148 1.3739 17.5323
v  -0.7051 1.2572 18.2979
v  -0.7368 0.9534 18.2588
v  0.0001 0.9427 18.4385
v  0.7368 0.9534 18.2588
v  -0.5918 1.0005 18.4151
v  0.7148 1.3739 17.5323
v  0.7051 1.2572 18.2979
v  0.5918 0.9409 18.4151
v  -0.5684 1.2423 18.4385
v  0.0012 1.2404 18.4463
v  0.5684 1.2423 18.4385
v  -0.4675 1.0047 17.3369
v  -0.4656 1.0829 17.6104
v  0.4983 1.0703 17.6104
v  -0.4670 0.8296 17.1338
v  0.4963 0.9951 17.3448
v  -0.4661 0.9424 17.0010
v  -0.4675 0.5901 16.9619
v  0.4968 0.8240 17.1338
v  -0.4663 0.6697 16.7901
v  -0.4680 0.2635 16.8135
v  0.4963 0.5852 16.9619
v  0.4978 0.9365 17.0010
v  -0.4670 0.3269 16.6104
v  0.4973 0.6648 16.7979
v  0.4958 0.2595 16.8135
v  -0.4678 -0.0578 16.5010
v  -0.4688 -0.1106 16.6885
v  0.4966 0.3225 16.6338
v  0.4951 -0.1135 16.6963
v  -0.4683 -0.3518 16.3838
v  -0.4690 -0.4778 16.5401
v  0.4958 -0.0598 16.5088
v  0.4956 -0.3547 16.3838
v  0.4946 -0.4797 16.5401
v  -0.4685 -0.6535 16.1807
v  -0.4692 -0.7951 16.2901
v  0.4956 -0.6565 16.1885
v  0.4946 -0.7990 16.2901
v  -0.4685 -0.7912 15.9698
v  -0.4695 -0.9709 16.0557
v  0.4956 -0.7951 15.9776
v  0.4946 -0.9748 16.0557
v  -0.4688 -0.8830 15.7354
v  -0.4695 -1.0783 15.7823
v  0.4958 -0.8869 15.7354
v  0.4949 -1.0823 15.7901
v  -0.4690 -0.9905 15.3994
v  -0.4697 -1.1916 15.4385
v  0.4961 -0.9963 15.3994
v  0.4951 -1.1975 15.4385
v  -0.4700 -1.2287 15.0557
v  0.4954 -1.2326 15.0557
v  -0.4692 -1.0334 15.0401
v  -0.4705 -1.2053 14.6182
v  0.4963 -1.0373 15.0401
v  0.4956 -1.2092 14.6182
v  -0.4695 -1.0100 14.6182
v  -0.4707 -1.1623 14.1416
v  0.4966 -1.0158 14.6182
v  0.4958 -1.1662 14.1416
v  -0.4697 -0.9787 14.1729
v  -0.4700 -0.9143 13.7901
v  -0.4707 -1.0901 13.7276
v  0.4968 -0.9826 14.1729
v  0.4966 -0.9182 13.7901
v  0.4958 -1.0940 13.7276
v  -0.4700 -0.7893 13.4502
v  -0.4709 -0.9475 13.3448
v  0.4966 -0.7932 13.4502
v  0.4956 -0.9514 13.3448
v  -0.4702 -0.6145 13.1963
v  -0.4709 -0.7541 13.0479
v  0.4963 -0.6174 13.1963
v  0.4956 -0.7580 13.0440
v  -0.4700 -0.4006 12.9971
v  -0.4709 -0.5110 12.8096
v  0.4963 -0.4026 12.9932
v  0.4954 -0.5129 12.8057
v  -0.4697 -0.1428 12.8369
v  -0.4707 -0.2151 12.6377
v  0.4961 -0.1438 12.8330
v  0.4951 -0.2160 12.6338
v  -0.4695 0.2615 12.7354
v  -0.4702 0.2508 12.5283
v  0.4958 0.2625 12.7315
v  0.4949 0.2508 12.5244
v  -0.4697 0.7298 12.6221
v  0.4949 0.7307 12.6182
v  -0.4690 0.6770 12.7979
v  0.4958 0.6785 12.7940
v  -0.4680 0.9976 12.9463
v  0.4963 0.9990 12.9424
v  0.4976 1.3210 13.2198
v  -0.4666 1.3194 13.2237
v  0.8252 5.8396 9.6143
v  0.8252 5.2810 9.6143
v  0.7695 5.5623 9.6143
v  0.9932 5.0369 9.6143
v  0.9839 6.0779 9.6143
v  1.2217 4.8845 9.6143
v  1.2217 6.2381 9.6143
v  1.5010 4.8299 9.6143
v  1.5010 6.2927 9.6143
v  1.7813 4.8845 9.6143
v  1.7813 6.2381 9.6143
v  2.0195 5.0447 9.6143
v  2.0195 6.0779 9.6143
v  2.1777 5.8396 9.6143
v  2.1777 5.2810 9.6143
v  2.2324 5.5623 9.6143
v  -0.8252 5.8396 9.6143
v  -0.7695 5.5623 9.6143
v  -0.8252 5.2810 9.6143
v  -0.9932 5.0369 9.6143
v  -0.9839 6.0779 9.6143
v  -1.2217 4.8845 9.6143
v  -1.2217 6.2381 9.6143
v  -1.5010 4.8299 9.6143
v  -1.5010 6.2927 9.6143
v  -1.7813 4.8845 9.6143
v  -1.7813 6.2381 9.6143
v  -2.0195 5.0447 9.6143
v  -2.0195 6.0779 9.6143
v  -2.1777 5.8396 9.6143
v  -2.1777 5.2810 9.6143
v  -2.2324 5.5623 9.6143
v  0.4963 1.4706 13.0948
v  -0.4673 1.4689 13.0987
v  -0.0000 5.9998 11.5674
v  0.0073 1.3462 17.9151
v  0.0128 1.5196 15.5166
v  0.0067 1.5703 13.2119
v  0.0009 1.5757 12.1455
v  0.3052 2.4558 4.0264
v  0.3337 2.9724 4.0635
v  1.7568 3.1375 4.1123
v  1.7568 2.8338 3.9834
v  1.7568 3.3806 4.3164
v  1.7471 2.4431 4.0127
v  1.7568 3.6482 4.5811
v  1.7383 2.1233 4.1026
v  1.6133 1.8557 4.2305
v  0.3076 1.8054 4.3047
v  1.7656 3.8885 4.5967
v  1.4141 1.7425 4.3516
v  1.4443 1.7102 4.3516
v  1.0752 1.5772 4.5176
v  1.1006 1.5215 4.4961
v  0.3147 1.4837 4.6026
v  0.3132 1.4171 4.5811
v  1.7598 4.2224 3.0401
v  1.7598 4.2381 4.5957
v  1.7598 4.2674 7.9092
v  1.7598 4.2595 8.9971
v  1.7656 4.2010 9.6787
v  0.4441 1.4058 3.0401
v  1.1455 1.4921 3.0401
v  1.6924 1.7046 3.0401
v  1.7383 2.1189 3.0401
v  1.7471 2.4236 3.0401
v  1.7568 2.8445 3.0401
v  1.7568 3.2908 3.0401
v  1.7568 3.8748 3.0401
v  1.7578 3.9334 7.9092
v  1.7578 3.9431 8.9971
v  1.7656 3.9451 9.5557
v  1.7656 4.0779 9.6787
v  0.3164 1.3864 5.3137
v  -0.0000 1.3669 5.3133
v  0.3171 1.3829 5.3853
v  -0.0000 1.3719 5.3850
v  -0.0000 1.4149 5.4444
v  0.3176 1.4309 5.4444
v  -0.0000 1.7852 5.4512
v  0.3076 1.7844 5.4510
v  0.3052 2.2615 5.4507
v  -0.0000 2.2615 5.4507
v  0.3052 2.3465 5.3850
v  -0.0000 2.3465 5.3850
v  0.3052 2.4090 5.3013
v  -0.0000 2.4090 5.3013
v  0.3076 1.7866 5.3496
v  -0.4688 1.0974 12.8018
v  0.4954 1.0989 12.7979
v  0.9839 5.0447 9.7158
v  0.8252 5.2810 9.7158
v  1.2217 4.8845 9.7158
v  0.7695 5.5623 9.7158
v  1.5010 4.8299 9.7158
v  0.8252 5.8396 9.7158
v  1.7813 4.8845 9.7158
v  0.9839 6.0779 9.7158
v  2.0195 5.0447 9.7158
v  1.2217 6.2381 9.7158
v  2.1777 5.2810 9.7158
v  1.5010 6.2927 9.7158
v  2.2324 5.5623 9.7158
v  1.7813 6.2381 9.7158
v  2.1777 5.8396 9.7158
v  2.0195 6.0779 9.7158
v  -0.8252 5.2810 9.7158
v  -0.9839 5.0447 9.7158
v  -1.2217 4.8845 9.7158
v  -0.7695 5.5623 9.7158
v  -0.8252 5.8396 9.7158
v  -1.5010 4.8299 9.7158
v  -0.9839 6.0779 9.7158
v  -1.7813 4.8845 9.7158
v  -1.2217 6.2381 9.7158
v  -2.0195 5.0447 9.7158
v  -1.5010 6.2927 9.7158
v  -2.1777 5.2810 9.7158
v  -1.7813 6.2381 9.7158
v  -2.2324 5.5623 9.7158
v  -2.0195 6.0779 9.7158
v  -2.1777 5.8396 9.7158
v  -0.0000 5.8474 13.3487
v  0.0000 5.5974 15.3916
v  0.0000 5.0154 17.7510
v  0.0000 4.4705 19.2901
v  -0.0000 1.6172 9.0108
v  -0.4856 5.5310 16.9151
v  -0.2844 5.5857 16.7276
v  -0.2891 5.4490 16.6807
v  -0.0000 5.4685 16.6182
v  -0.4961 5.3904 16.8682
v  -0.5537 5.4451 17.2041
v  -0.0000 5.5115 17.0635
v  -0.0000 5.6052 16.6651
v  0.2844 5.5857 16.7276
v  0.2891 5.4490 16.6807
v  0.4856 5.5310 16.9151
v  -0.5625 5.3045 17.1573
v  -0.5537 5.4021 17.4932
v  -0.0000 5.4256 17.4932
v  0.5537 5.4451 17.2041
v  0.4961 5.3904 16.8682
v  -0.5625 5.1697 17.6104
v  -0.5537 5.4724 17.6104
v  0.5625 5.3045 17.1573
v  0.5537 5.4021 17.4932
v  -0.0000 5.5115 17.6338
v  0.5537 5.4724 17.6104
v  -0.5537 5.4802 17.7041
v  0.5625 5.1697 17.6104
v  0.5537 5.4802 17.7041
v  -0.0000 5.5076 17.7119
v  -0.0000 5.4685 17.7666
v  -0.5537 5.4256 17.7666
v  0.5537 5.4256 17.7666
v  -0.0000 5.3240 17.8369
v  -0.5537 5.3006 17.8291
v  0.5537 5.3006 17.8291
v  0.5625 5.0232 18.0948
v  0.5537 5.1638 18.1416
v  -0.5537 5.1638 18.1416
v  -0.0000 5.1385 18.3057
v  0.4961 4.9295 18.4151
v  0.4856 5.0701 18.4541
v  -0.5625 5.0232 18.0948
v  -0.4961 4.9295 18.4151
v  -0.4856 5.0701 18.4541
v  0.2891 4.8748 18.5948
v  0.2844 5.0174 18.6338
v  -0.2844 5.0174 18.6338
v  -0.0000 4.9959 18.7041
v  -0.2891 4.8748 18.5948
v  -0.0000 4.8533 18.6651
# 941 vertices

vn 0.9922 -0.0039 -0.0039
vn 0.9922 -0.0118 -0.0039
vn 0.9922 -0.0039 0.0118
vn 1.0000 -0.0039 -0.0039
vn -0.0039 -0.0039 -1.0000
vn -0.0039 0.0039 -1.0000
vn -0.0196 0.0039 -1.0000
vn -0.0039 0.9922 -0.0118
vn -0.0039 -0.0039 1.0000
vn -0.0118 -0.0039 0.9922
vn 0.0039 -0.0039 0.9922
vn -0.0039 -0.9765 -0.2314
vn -0.0275 -1.0000 0.0902
vn -0.0039 -1.0000 -0.0510
vn -0.0039 -0.9608 -0.2863
vn -0.0039 -0.9608 -0.2941
vn -0.0039 -0.8745 -0.4902
vn -0.0039 -0.8431 -0.5529
vn -0.0118 -0.8588 -0.5216
vn -0.0196 -0.9922 -0.1686
vn 0.0118 -0.7490 -0.6706
vn 0.0196 -0.8824 -0.4824
vn -0.0118 -0.9922 0.1686
vn 0.0118 -0.9137 -0.4196
vn 0.0275 -0.9765 -0.2471
vn -0.0353 -0.9451 0.3412
vn -0.0039 -1.0000 -0.0667
vn -0.0588 -0.8824 0.4745
vn -0.0196 -0.8353 0.5529
vn -0.1843 -0.8510 0.4980
vn -0.3255 -0.9137 0.2706
vn -0.1922 -0.9608 0.2157
vn -0.3333 -0.9294 -0.1922
vn -0.0902 -0.9843 0.1608
vn -0.1451 -0.9451 -0.3176
vn -0.0039 0.0039 0.9922
vn -0.0039 0.0196 0.9922
vn -0.0118 0.0118 0.9922
vn -0.0196 -0.0039 0.9922
vn -0.0039 -0.0039 0.9922
vn -0.0039 -0.0275 0.9922
vn -0.0039 -0.0431 0.9922
vn -0.0039 -0.0510 0.9922
vn -0.0118 -0.0902 0.9922
vn -0.0039 -0.0118 -1.0000
vn -0.0039 0.0196 -1.0000
vn -0.1137 0.0039 -1.0000
vn -0.0902 -0.0196 -1.0000
vn -0.2863 -0.0275 -0.9608
vn -0.2627 -0.0510 -0.9686
vn -0.5451 -0.0745 -0.8431
vn -0.7804 -0.0588 -0.6314
vn -0.8039 -0.1294 -0.5922
vn -0.9765 -0.0588 -0.2157
vn -1.0000 0.0039 -0.0588
vn -1.0000 0.0039 -0.0275
vn -1.0000 0.0039 -0.0196
vn -1.0000 0.0118 -0.0118
vn -1.0000 -0.0039 -0.0039
vn -1.0000 0.0039 -0.0039
vn -1.0000 0.0118 0.0118
vn -1.0000 -0.0039 -0.0275
vn -1.0000 0.0039 -0.0118
vn -1.0000 -0.0039 0.0118
vn -1.0000 -0.0039 -0.0118
vn -1.0000 -0.0039 0.0039
vn -1.0000 -0.0118 0.0039
vn -1.0000 0.0196 0.0196
vn -1.0000 0.0118 0.0196
vn -1.0000 -0.0039 0.0196
vn -0.0039 -1.0000 0.0431
vn -0.0039 -1.0000 -0.0039
vn -0.0275 -0.9373 -0.3490
vn -0.0039 -1.0000 -0.0980
vn -0.0039 -0.6235 -0.7882
vn -0.0510 -0.4039 -0.9216
vn -0.0353 -0.0039 -1.0000
vn -0.0196 -0.0039 -1.0000
vn -0.0118 -0.0118 -1.0000
vn -0.0118 -0.0196 -1.0000
vn -1.0000 -0.0118 -0.0039
vn 0.0118 0.0039 -1.0000
vn -0.6941 -0.0431 0.7176
vn -0.7098 -0.0275 0.7020
vn -0.7961 0.3647 -0.4824
vn -0.7412 0.6078 -0.2941
vn -0.7333 0.1373 -0.6706
vn -0.5608 0.6549 0.4980
vn 0.7333 0.6078 -0.2863
vn 0.7961 0.3647 -0.4824
vn -0.7490 0.6549 -0.0980
vn 0.7412 0.6549 -0.0980
vn -1.0000 0.0039 -0.0353
vn -0.5922 0.4980 -0.6314
vn 0.7333 0.1373 -0.6706
vn 0.9922 0.0039 -0.0039
vn 0.9922 -0.0118 0.0039
vn 0.7020 -0.0275 0.7020
vn -1.0000 -0.0431 -0.0510
vn -0.7647 0.6471 0.0745
vn 0.7569 0.6392 0.0824
vn 0.9922 0.0039 -0.0353
vn 0.9922 -0.0431 -0.0510
vn 0.5529 0.6549 0.4980
vn 0.5922 0.4980 -0.6314
vn 0.6941 -0.0431 0.7098
vn -1.0000 -0.0745 -0.1059
vn -0.8118 0.5529 0.2000
vn 0.7804 0.5686 0.2235
vn 0.9922 -0.0667 -0.1059
vn -0.6784 0.4118 -0.6078
vn -0.5843 0.8039 -0.1216
vn 0.5686 0.8039 -0.1294
vn 0.6627 0.4196 -0.6157
vn 0.0118 -0.7176 -0.7020
vn 0.0039 -0.7255 -0.6941
vn 0.0196 -0.8118 -0.5922
vn 0.0118 -0.8196 -0.5843
vn 0.0039 -0.9529 -0.3255
vn -0.0039 -0.9529 -0.3176
vn -0.0039 -1.0000 -0.0902
vn -0.0039 -1.0000 -0.0824
vn -0.0039 -1.0000 -0.0196
vn -0.0118 -1.0000 -0.0196
vn -0.0118 -1.0000 -0.0510
vn 0.3804 0.9137 0.0745
vn -0.0039 0.9922 0.0824
vn -0.0039 0.8902 0.4510
vn 0.3490 0.8196 0.4431
vn 0.7020 0.7020 0.0588
vn 0.2627 0.5765 0.7647
vn -0.0039 0.6314 0.7725
vn 0.6549 0.6157 0.4275
vn 0.4902 0.4275 0.7490
vn 0.9216 0.3725 0.0275
vn 0.8510 0.3176 0.3961
vn 0.6392 0.2000 0.7333
vn 0.9216 -0.0353 0.3647
vn 0.6941 -0.0667 0.7098
vn 0.9216 -0.3882 -0.0353
vn 0.8510 -0.3882 0.3333
vn 0.6392 -0.3333 0.6863
vn 0.7020 -0.7098 -0.0667
vn 0.6549 -0.6941 0.3098
vn 0.4902 -0.5608 0.6627
vn 0.3804 -0.9216 -0.0824
vn 0.3490 -0.8902 0.2863
vn 0.2627 -0.7098 0.6471
vn -0.0039 -0.9608 0.2863
vn -0.0039 -0.7647 0.6471
vn -0.3882 -0.9216 -0.0824
vn -0.3569 -0.8902 0.2863
vn -0.2706 -0.7098 0.6471
vn -0.7098 -0.7098 -0.0667
vn -0.6627 -0.6941 0.3098
vn -0.4980 -0.5608 0.6627
vn -0.9294 -0.3882 -0.0353
vn -0.8588 -0.3882 0.3333
vn -0.6471 -0.3333 0.6863
vn -0.9294 -0.0353 0.3647
vn -0.7020 -0.0667 0.7098
vn -0.9294 0.3725 0.0275
vn -0.8588 0.3176 0.3961
vn -0.6471 0.2000 0.7333
vn -0.7098 0.7020 0.0588
vn -0.6627 0.6157 0.4275
vn -0.4980 0.4275 0.7490
vn -0.3882 0.9137 0.0745
vn -0.3569 0.8196 0.4431
vn -0.2706 0.5765 0.7647
vn 0.0039 0.9529 0.2941
vn 0.0118 0.8118 0.5765
vn 0.2549 0.6157 0.7333
vn 0.3333 0.8431 0.4039
vn 0.4902 0.4510 0.7333
vn 0.3647 0.9294 0.0196
vn -0.0039 0.9922 -0.0039
vn 0.7020 0.7020 0.0353
vn 0.6549 0.6314 0.4039
vn 0.6392 0.2235 0.7255
vn 0.9922 -0.0039 -0.0196
vn 0.9922 -0.0039 -0.0353
vn 0.8667 -0.0667 -0.4902
vn 0.8510 -0.0118 -0.5216
vn 0.8667 -0.1922 -0.4588
vn 0.5922 -0.1373 -0.7961
vn 0.7490 -0.6627 -0.0118
vn 0.5922 -0.0275 -0.8039
vn 0.5608 -0.3882 -0.7333
vn 0.8745 -0.3176 -0.3569
vn 0.8196 -0.1373 -0.5608
vn 0.9922 -0.0039 -0.0275
vn 0.8196 -0.0275 -0.5686
vn 0.7569 -0.4039 -0.5059
vn 0.5765 -0.6549 -0.4902
vn 0.9451 -0.1373 -0.2941
vn 0.8667 -0.4039 -0.2863
vn 0.8902 -0.3961 -0.2157
vn 0.8431 -0.5137 -0.1686
vn 0.9529 -0.0275 -0.2941
vn 0.7490 -0.6471 -0.1137
vn 0.5059 -0.8510 -0.1373
vn 0.9137 -0.4118 0.0118
vn 0.9843 -0.1373 -0.0039
vn 0.8667 -0.2941 -0.3961
vn 0.8353 -0.5451 -0.0824
vn 0.9922 -0.0275 -0.0039
vn 0.6863 -0.6471 0.3176
vn 0.5608 -0.8118 0.1765
vn 0.7961 -0.6000 0.0824
vn 0.8667 -0.4118 0.2549
vn 0.9451 -0.1373 0.2941
vn 0.9922 -0.0353 0.0824
vn 0.5608 -0.6471 0.5137
vn 0.8196 -0.3333 0.4588
vn 0.7333 -0.4196 0.5294
vn 0.4275 -0.6235 0.6471
vn 0.9529 -0.0275 0.2941
vn 0.8039 -0.1451 0.5686
vn 0.5451 -0.4118 0.7255
vn 0.4745 -0.4039 0.7804
vn 0.3569 -0.5765 0.7333
vn 0.4824 -0.3804 0.7882
vn 0.8510 -0.1922 0.4745
vn 0.2314 -0.5765 0.7804
vn 0.3176 -0.3647 0.8745
vn 0.5765 -0.1451 0.7961
vn 0.8118 -0.0275 0.5765
vn 0.6078 -0.3176 0.7255
vn 0.6314 -0.3647 0.6706
vn 0.4667 -0.5059 0.7255
vn 0.1608 -0.2941 0.9373
vn 0.2000 -0.4353 0.8745
vn 0.0902 -0.1137 0.9843
vn 0.2941 -0.1451 0.9373
vn 0.5843 -0.0275 0.8039
vn 0.4039 -0.2627 0.8745
vn 0.0588 -0.2549 0.9608
vn 0.0431 -0.2941 0.9529
vn 0.4745 -0.1765 0.8588
vn 0.4980 -0.2392 0.8275
vn 0.2941 -0.0275 0.9529
vn 0.1216 -0.1843 0.9686
vn 0.0980 -0.1686 0.9765
vn -0.0275 -0.2627 0.9608
vn -0.0039 -0.0353 0.9922
vn -0.1686 -0.3647 0.9137
vn -0.0353 -0.1216 0.9922
vn -0.2549 -0.0196 0.9608
vn -0.0039 -0.4745 0.8824
vn -0.0039 -0.3412 0.9373
vn 0.0667 -0.0196 0.9922
vn -0.0039 0.0745 0.9922
vn -0.2549 0.0275 -0.9686
vn -0.0745 0.1137 -0.9922
vn -0.0039 0.1294 -0.9922
vn -0.0039 0.0745 -1.0000
vn -0.5451 0.3961 -0.7412
vn -0.0039 0.4902 -0.8745
vn -0.8745 0.2157 -0.4431
vn -0.0039 0.8745 -0.4745
vn -0.5843 0.6941 -0.4196
vn -0.9529 0.2471 -0.1765
vn -0.0039 0.9216 -0.3725
vn -0.6157 0.7255 -0.3098
vn -0.9686 0.2314 -0.1137
vn -0.4902 0.5059 -0.7098
vn -0.0039 0.5451 -0.8431
vn -0.6471 0.1529 -0.7490
vn -0.0039 -0.0431 -1.0000
vn -0.0039 0.9686 0.2157
vn -0.0275 0.9922 0.0667
vn -0.0275 0.9059 0.4039
vn -0.0039 0.8902 0.4431
vn -0.0039 0.7490 0.6549
vn -0.0196 0.7333 0.6706
vn -0.0039 0.8039 0.5843
vn -0.0118 0.8431 0.5294
vn -0.0039 0.9529 0.2863
vn 0.0039 0.9686 0.2235
vn 0.0039 0.9922 -0.0588
vn -0.0039 0.9922 0.0745
vn 0.0118 0.9843 -0.1451
vn -0.0118 0.9137 -0.4039
vn 0.0118 0.9294 -0.3569
vn -0.0118 0.8275 -0.5529
vn -0.0196 0.7882 -0.6078
vn -0.0196 0.6235 -0.7804
vn 0.0039 0.7176 -0.6941
vn 0.0039 0.7255 -0.6941
vn -0.0118 0.0039 0.9922
vn -0.0039 0.3647 0.9294
vn -0.0039 0.4039 0.9059
vn -0.0039 0.9294 0.3647
vn -0.0039 0.9137 0.4039
vn -0.0039 1.0000 -0.0039
vn -0.0039 0.9922 0.0118
vn 0.9843 -0.0196 0.1373
vn 0.7647 -0.1216 -0.6314
vn 0.6314 -0.0902 -0.7725
vn 0.0353 -0.1216 -1.0000
vn 0.0745 -0.6157 -0.7882
vn 0.0353 -0.0667 -1.0000
vn 0.1529 -0.9843 -0.1451
vn 0.0510 -1.0000 -0.0118
vn 0.7569 -0.6392 0.1529
vn 0.0039 -0.9843 0.2000
vn -0.0118 -0.5843 0.8118
vn 0.8275 -0.2863 0.4745
vn 0.9922 -0.0118 -0.0667
vn -0.1137 -0.6941 0.7098
vn 0.6706 -0.7412 -0.1059
vn 0.4902 -0.6941 0.5216
vn 0.9922 -0.0039 -0.0667
vn -0.0510 -1.0000 0.0353
vn 0.6471 -0.6784 -0.3490
vn 0.9216 -0.0039 -0.3882
vn 0.9137 -0.0275 -0.3961
vn 0.0118 -1.0000 0.0667
vn 0.4353 -0.6863 -0.5843
vn 0.4824 -0.0039 -0.8824
vn 0.0431 -1.0000 0.0588
vn 0.2157 -0.0118 -0.9765
vn 0.2392 -0.0118 -0.9765
vn 0.2000 -0.6549 -0.7412
vn 0.0039 -1.0000 0.0118
vn 0.0588 0.0039 -1.0000
vn 0.1216 -0.0510 -0.9922
vn -0.0039 -0.6863 -0.7333
vn -0.0039 -1.0000 0.0118
vn -0.0039 0.0118 -1.0000
vn -0.0039 -1.0000 0.0510
vn -0.5216 -0.8588 0.0353
vn -0.5294 -0.8588 0.0510
vn -0.8667 -0.5137 0.0353
vn -0.8745 -0.4980 -0.0039
vn -1.0000 -0.0824 -0.0039
vn -1.0000 -0.0275 -0.0039
vn -0.9216 0.3804 0.0275
vn -0.9137 0.4118 0.0431
vn -0.8196 0.5765 0.0510
vn -0.8275 0.5608 0.0431
vn -0.9373 -0.3569 -0.0275
vn -0.7176 -0.7020 -0.0118
vn -0.3333 -0.9451 -0.0745
vn -0.5216 -0.8588 -0.0902
vn 0.0039 -0.9765 0.2235
vn 0.0196 -1.0000 -0.0902
vn -0.0980 -1.0000 -0.0510
vn -0.0510 -1.0000 0.1059
vn -0.1137 -1.0000 -0.0353
vn -0.0745 -0.9922 0.1294
vn -0.0588 -0.9765 0.2392
vn -0.0902 -0.9922 0.1451
vn -0.0196 -0.9451 0.3255
vn 0.0118 -0.9294 0.3804
vn 0.1529 -0.9137 0.3882
vn 0.0980 -0.9137 0.3961
vn -1.0000 -0.0039 -0.0353
vn -1.0000 -0.0039 -0.0196
vn 0.9216 0.3725 0.0118
vn 0.8510 0.3333 0.3882
vn 0.9216 -0.0275 0.3647
vn 0.6392 -0.3098 0.6941
vn 0.9216 -0.3882 -0.0275
vn 0.8510 -0.3804 0.3490
vn 0.4902 -0.5373 0.6863
vn 0.7020 -0.7098 -0.0431
vn 0.6549 -0.6784 0.3333
vn 0.2627 -0.6863 0.6784
vn 0.3804 -0.9294 -0.0510
vn 0.3490 -0.8824 0.3176
vn -0.0039 -0.7412 0.6706
vn -0.0039 -1.0000 -0.0588
vn -0.0039 -0.9529 0.3176
vn -0.2706 -0.6863 0.6784
vn -0.3882 -0.9294 -0.0510
vn -0.3569 -0.8824 0.3176
vn -0.4980 -0.5373 0.6863
vn -0.7098 -0.7098 -0.0431
vn -0.6627 -0.6784 0.3333
vn -0.6471 -0.3098 0.6941
vn -0.9294 -0.3882 -0.0275
vn -0.8588 -0.3804 0.3490
vn -0.7020 -0.0431 0.7098
vn -0.9294 -0.0196 0.3647
vn -0.6471 0.2235 0.7255
vn -0.9294 0.3725 0.0118
vn -0.8588 0.3333 0.3882
vn -0.4980 0.4510 0.7333
vn -0.7098 0.7020 0.0353
vn -0.6627 0.6314 0.4039
vn -0.2706 0.6078 0.7412
vn -0.3647 0.9294 0.0275
vn -0.3490 0.8431 0.3961
vn -0.0039 -0.0588 0.9922
vn -0.0275 -0.0039 -1.0000
vn 0.0196 -0.0039 -1.0000
vn -0.0039 -0.0196 -1.0000
vn -0.0745 -0.0196 -1.0000
vn 0.0667 -0.0196 -1.0000
vn 0.0353 0.0353 -1.0000
vn -0.0431 0.0353 -1.0000
vn 0.0275 -0.0039 -1.0000
vn -0.0196 0.0275 -1.0000
vn 0.0118 0.0275 -1.0000
vn -0.0353 0.0431 -1.0000
vn -0.0039 0.0275 -1.0000
vn 0.0275 0.0431 -1.0000
vn -0.0510 0.0196 -1.0000
vn 0.0431 0.0196 -1.0000
vn -0.0431 0.0118 -1.0000
vn 0.0353 0.0118 -1.0000
vn -0.8588 -0.2471 -0.4588
vn 0.8510 -0.2471 -0.4588
vn 0.6235 -0.6000 -0.4980
vn -0.6314 -0.6000 -0.4980
vn 0.6706 -0.7333 -0.1137
vn -0.6784 -0.7333 -0.1137
vn -0.6863 -0.7255 0.0745
vn 0.6784 -0.7255 0.0745
vn -0.6706 -0.6941 0.2784
vn 0.6627 -0.6941 0.2784
vn -0.6706 -0.5451 0.5059
vn 0.6627 -0.5451 0.5059
vn -0.6706 -0.3098 0.6784
vn 0.6627 -0.3098 0.6784
vn -0.6627 -0.0039 0.7490
vn 0.6549 -0.0039 0.7490
vn -0.6627 0.3098 0.6784
vn 0.6549 0.3098 0.6784
vn -0.6706 0.5608 0.4902
vn 0.6627 0.5608 0.4902
vn -0.6863 0.6627 0.2863
vn 0.6784 0.6627 0.2863
vn -0.7961 0.4902 0.3569
vn 0.7882 0.4902 0.3569
vn -0.3412 0.3333 0.8745
vn -1.0000 -0.0510 -0.0039
vn -0.9922 -0.0745 0.1529
vn 0.3333 0.3333 0.8745
vn -0.4824 -0.1137 0.8667
vn 0.9843 -0.0745 0.1529
vn 0.9922 -0.0510 -0.0039
vn 0.4745 -0.1137 0.8667
vn -0.9922 -0.1373 -0.0510
vn -1.0000 -0.0431 -0.0039
vn -0.9843 -0.2078 -0.0510
vn -0.9529 -0.1922 0.2627
vn -0.4431 -0.1373 0.8824
vn 0.4353 -0.1373 0.8824
vn 0.9451 -0.1922 0.2627
vn 0.9765 -0.2078 -0.0510
vn 0.9843 -0.1373 -0.0510
vn -0.9529 -0.3098 -0.0510
vn -0.9059 -0.2784 0.3176
vn -0.3647 -0.1843 0.9137
vn 0.3569 -0.1843 0.9137
vn 0.8980 -0.2784 0.3176
vn 0.9451 -0.3098 -0.0510
vn -1.0000 0.0980 -0.0275
vn -0.9529 0.0275 0.3176
vn -0.6078 -0.0196 0.7882
vn -0.9294 0.3725 0.0980
vn 0.6000 -0.0196 0.7882
vn 0.9451 0.0275 0.3176
vn 0.9922 0.0980 -0.0275
vn 0.9216 0.3725 0.0980
vn -1.0000 -0.0745 0.0431
vn -0.6549 -0.2078 0.7255
vn 0.6471 -0.2078 0.7255
vn 0.9922 -0.0745 0.0431
vn -0.7020 -0.3882 -0.6078
vn -0.5608 -0.4275 0.7098
vn 0.5529 -0.4275 0.7098
vn 0.6941 -0.3882 -0.6078
vn -0.6392 -0.3647 -0.6863
vn -0.6157 -0.4588 0.6471
vn 0.6078 -0.4588 0.6471
vn 0.6314 -0.3647 -0.6863
vn -0.7255 -0.1451 -0.6784
vn 0.6941 -0.2706 0.6627
vn -0.7020 -0.2706 0.6627
vn 0.7176 -0.1451 -0.6784
vn -0.7412 0.0510 -0.6784
vn 0.7333 0.0510 -0.6784
vn 0.7176 -0.0745 0.6863
vn -0.7255 -0.0745 0.6863
vn -0.7176 0.2314 -0.6627
vn 0.7098 0.2314 -0.6627
vn 0.7020 0.1216 0.6941
vn -0.7098 0.1216 0.6941
vn -0.6392 0.4196 -0.6471
vn 0.6314 0.4196 -0.6471
vn 0.6314 0.3098 0.7020
vn -0.6392 0.3098 0.7020
vn -0.5216 0.5529 -0.6549
vn 0.5137 0.5529 -0.6549
vn 0.5294 0.4353 0.7255
vn -0.5373 0.4353 0.7255
vn -0.3490 0.7020 -0.6235
vn 0.3412 0.7020 -0.6235
vn 0.3412 0.6000 0.7176
vn -0.3490 0.6000 0.7176
vn -0.0039 0.7882 -0.6078
vn -0.0039 0.7412 0.6627
vn 0.9922 -0.0431 -0.0039
vn -0.8745 -0.0667 -0.4902
vn -0.8588 -0.0118 -0.5216
vn -0.8745 -0.1922 -0.4588
vn -0.6000 -0.1373 -0.7961
vn -0.7569 -0.6627 -0.0118
vn -0.6000 -0.0275 -0.8039
vn -0.5686 -0.3882 -0.7333
vn -0.8824 -0.3176 -0.3569
vn -0.8275 -0.1373 -0.5608
vn -0.8275 -0.0275 -0.5686
vn -0.7647 -0.4039 -0.5059
vn -0.5843 -0.6549 -0.4902
vn -0.9529 -0.1373 -0.2941
vn -0.8745 -0.4039 -0.2863
vn -0.8980 -0.3961 -0.2157
vn -0.8510 -0.5137 -0.1686
vn -0.9608 -0.0275 -0.2941
vn -0.7569 -0.6471 -0.1137
vn -0.5137 -0.8510 -0.1373
vn -0.9216 -0.4118 0.0118
vn -0.9922 -0.1373 -0.0039
vn -0.8745 -0.2941 -0.3961
vn -0.8431 -0.5451 -0.0824
vn -0.6941 -0.6471 0.3176
vn -0.5686 -0.8118 0.1765
vn -0.8039 -0.6000 0.0824
vn -0.8745 -0.4118 0.2549
vn -0.9529 -0.1373 0.2941
vn -1.0000 -0.0353 0.0824
vn -0.5686 -0.6471 0.5137
vn -0.8275 -0.3333 0.4588
vn -0.7412 -0.4196 0.5294
vn -0.4353 -0.6235 0.6471
vn -0.9608 -0.0275 0.2941
vn -0.8118 -0.1451 0.5686
vn -0.5529 -0.4118 0.7255
vn -0.4824 -0.4039 0.7804
vn -0.3647 -0.5765 0.7333
vn -0.4902 -0.3804 0.7882
vn -0.8588 -0.1922 0.4745
vn -0.2392 -0.5765 0.7804
vn -0.3255 -0.3647 0.8745
vn -0.5843 -0.1451 0.7961
vn -0.8196 -0.0275 0.5765
vn -0.6157 -0.3176 0.7255
vn -0.6392 -0.3647 0.6706
vn -0.4745 -0.5059 0.7255
vn -0.1686 -0.2941 0.9373
vn -0.2078 -0.4353 0.8745
vn -0.0980 -0.1137 0.9843
vn -0.3020 -0.1451 0.9373
vn -0.5922 -0.0275 0.8039
vn -0.4118 -0.2627 0.8745
vn -0.0667 -0.2549 0.9608
vn -0.0510 -0.2941 0.9529
vn -0.4824 -0.1765 0.8588
vn -0.5059 -0.2392 0.8275
vn -0.3020 -0.0275 0.9529
vn -0.1294 -0.1843 0.9686
vn -0.1059 -0.1686 0.9765
vn 0.0196 -0.2627 0.9608
vn 0.1608 -0.3647 0.9137
vn 0.0275 -0.1216 0.9922
vn 0.2471 -0.0196 0.9608
vn -0.0745 -0.0196 0.9922
vn 0.0667 0.1137 -0.9922
vn 0.2471 0.0275 -0.9686
vn 0.5373 0.3961 -0.7412
vn 0.5765 0.6941 -0.4196
vn 0.8667 0.2157 -0.4431
vn 0.6078 0.7255 -0.3098
vn 0.9451 0.2471 -0.1765
vn 0.4824 0.5059 -0.7098
vn 0.9608 0.2314 -0.1137
vn 0.6392 0.1529 -0.7490
vn 0.0196 0.9059 0.4039
vn 0.0196 0.9922 0.0667
vn 0.0118 0.7333 0.6706
vn 0.0039 0.8431 0.5294
vn -0.0118 0.9686 0.2235
vn -0.0118 0.9922 -0.0588
vn -0.0196 0.9843 -0.1451
vn 0.0039 0.9137 -0.4039
vn -0.0196 0.9294 -0.3569
vn 0.0039 0.8275 -0.5529
vn 0.0118 0.7882 -0.6078
vn 0.0118 0.6235 -0.7804
vn -0.0118 0.7176 -0.6941
vn -0.0118 0.7255 -0.6941
vn 0.0039 0.0039 0.9922
vn -0.9922 -0.0196 0.1373
vn -0.7725 -0.1216 -0.6314
vn -0.6392 -0.0902 -0.7725
vn -0.0431 -0.1216 -1.0000
vn -0.0824 -0.6157 -0.7882
vn -0.0431 -0.0667 -1.0000
vn -0.1608 -0.9843 -0.1451
vn -0.0588 -1.0000 -0.0118
vn -0.7647 -0.6392 0.1529
vn -0.0118 -0.9843 0.2000
vn 0.0039 -0.5843 0.8118
vn -0.8353 -0.2863 0.4745
vn -1.0000 -0.0118 -0.0667
vn 0.1059 -0.6941 0.7098
vn -0.6784 -0.7412 -0.1059
vn -0.4980 -0.6941 0.5216
vn -1.0000 -0.0039 -0.0667
vn 0.0431 -1.0000 0.0353
vn -0.6549 -0.6784 -0.3490
vn -0.9294 -0.0039 -0.3882
vn -0.9216 -0.0275 -0.3961
vn -0.0196 -1.0000 0.0667
vn -0.4431 -0.6863 -0.5843
vn -0.4902 -0.0039 -0.8824
vn -0.0510 -1.0000 0.0588
vn -0.2235 -0.0118 -0.9765
vn -0.2471 -0.0118 -0.9765
vn -0.2078 -0.6471 -0.7412
vn -0.0196 -1.0000 0.0039
vn -0.0667 0.0039 -1.0000
vn -0.1294 -0.0510 -0.9922
vn 0.5137 -0.8588 0.0353
vn 0.5216 -0.8588 0.0510
vn 0.8588 -0.5137 0.0353
vn 0.8667 -0.4980 -0.0039
vn 0.9922 -0.0824 -0.0039
vn 0.9137 0.3804 0.0275
vn 0.9059 0.4118 0.0431
vn 0.8118 0.5765 0.0510
vn 0.8196 0.5608 0.0431
vn 0.3255 -0.9451 -0.0745
vn 0.7098 -0.7020 -0.0118
vn 0.9294 -0.3569 -0.0275
vn 0.5137 -0.8588 -0.0902
vn -0.0118 -0.9765 0.2235
vn -0.0275 -1.0000 -0.0902
vn 0.0902 -1.0000 -0.0510
vn 0.0431 -1.0000 0.1059
vn 0.1059 -1.0000 -0.0353
vn 0.0667 -0.9922 0.1294
vn 0.0510 -0.9765 0.2392
vn 0.0824 -0.9922 0.1451
vn 0.0118 -0.9451 0.3255
vn -0.0196 -0.9294 0.3804
vn -0.1608 -0.9137 0.3882
vn -0.1059 -0.9137 0.3961
vn -0.7804 0.1294 0.6157
vn 0.7882 0.1294 0.6000
vn 0.6627 0.3255 0.6706
vn -0.6549 0.3333 0.6784
vn -0.0039 0.0588 -1.0000
vn 0.7255 -0.0980 0.6706
vn 0.4980 -0.0902 0.8588
vn -0.0039 -0.1059 0.9922
vn 0.9529 -0.0275 0.2863
vn 0.9922 -0.0275 -0.0275
vn -0.0039 -0.1216 0.9922
vn 0.7333 -0.0980 0.6627
vn -0.5059 -0.0902 0.8588
vn 0.9922 -0.0118 -0.0275
vn -0.0039 -0.1765 0.9843
vn 0.7176 -0.1608 0.6706
vn -0.7333 -0.0980 0.6706
vn -0.7412 -0.0980 0.6627
vn -0.9608 -0.0275 0.2863
vn -1.0000 -0.0275 -0.0275
vn -0.7255 -0.1608 0.6706
vn -0.0039 -0.2863 0.9529
vn 0.7176 -0.1765 0.6627
vn -1.0000 -0.0118 -0.0275
vn 0.7176 -0.2235 0.6549
vn -0.7255 -0.1765 0.6627
vn -0.0039 -0.3725 0.9294
vn -0.7255 -0.2235 0.6549
vn 0.9922 0.0039 -0.0275
vn 0.7490 -0.3804 0.5294
vn -0.7569 -0.3804 0.5294
vn 0.9686 -0.2157 -0.0980
vn 0.5922 -0.6863 0.4118
vn -0.6000 -0.6863 0.4118
vn -0.9765 -0.2157 -0.0980
vn 0.2941 -0.8902 0.3569
vn -0.0039 -0.9216 0.3961
vn -0.3020 -0.8902 0.3569
vn 0.7569 -0.6157 -0.2235
vn -0.7647 -0.6157 -0.2235
vn -0.0039 -0.9608 -0.3020
vn 0.3569 -0.8902 -0.2941
vn -0.3647 -0.8902 -0.2941
vn -0.3882 0.9216 0.0510
vn -0.0039 0.9922 0.0431
vn -0.0039 0.7176 -0.7020
vn 0.3804 0.9216 0.0510
vn -0.3176 0.7176 -0.6157
vn 0.3098 0.7176 -0.6157
vn -0.7569 0.2627 -0.6078
vn -0.9373 0.3490 0.0510
vn 0.7490 0.2627 -0.6078
vn -0.7333 -0.0353 -0.6863
vn 0.9294 0.3490 0.0510
vn 0.7255 -0.0353 -0.6863
vn -1.0000 -0.0510 0.0588
vn -0.7333 -0.0039 -0.6863
vn 0.9922 -0.0510 0.0588
vn 0.7255 -0.0039 -0.6863
vn -1.0000 -0.0196 0.0667
vn -0.7412 0.0196 -0.6784
vn 0.7333 0.0196 -0.6784
vn -0.0039 0.0353 -1.0000
vn 0.9922 -0.0196 0.0667
vn -1.0000 0.0039 0.0745
vn -0.7490 0.0431 -0.6627
vn 0.9922 0.0039 0.0745
vn 0.7412 0.0431 -0.6627
vn -0.0039 0.1059 -1.0000
vn -0.7569 0.0510 -0.6549
vn 0.7490 0.0510 -0.6549
vn -1.0000 -0.0196 0.0902
vn -0.9216 -0.3882 0.0510
vn -0.7255 -0.2471 -0.6549
vn -0.0118 -0.6627 -0.7569
vn 0.7412 -0.2078 -0.6392
vn -0.3647 -0.8039 -0.4824
vn 0.9922 -0.0196 0.0902
vn 0.9137 -0.3882 0.0510
vn 0.3333 -0.6706 -0.6706
vn -0.3882 -0.9294 -0.0275
vn 0.3882 -0.9216 -0.0196
vn -0.7725 -0.3098 -0.5686
vn -0.6314 -0.2235 -0.7490
vn 0.6078 -0.2157 -0.7647
vn -0.7490 -0.4980 -0.4588
vn 0.7490 -0.3098 -0.5922
vn -0.6784 0.5294 0.5059
vn -0.7333 -0.5922 -0.3412
vn 0.7255 -0.5059 -0.4667
vn -0.6863 0.6157 0.3882
vn -0.7255 -0.6471 -0.2549
vn 0.7176 -0.6000 -0.3490
vn 0.6863 0.5216 0.4980
vn -0.6784 0.6784 0.2706
vn 0.6863 0.6157 0.3725
vn 0.7098 -0.6549 -0.2627
vn -0.7255 0.6549 0.2235
vn -0.7020 -0.6706 -0.2471
vn 0.6941 0.6549 0.2627
vn 0.6941 -0.6784 -0.2549
vn -0.7333 0.6000 0.3176
vn -0.6863 -0.6392 -0.3725
vn 0.7176 0.6471 0.2314
vn 0.7255 0.6000 0.3176
vn 0.6706 -0.6392 -0.3725
vn -0.7569 0.4588 0.4667
vn -0.6863 -0.5137 -0.5294
vn 0.7569 0.4588 0.4588
vn 0.6706 -0.5216 -0.5294
vn -0.7333 0.3098 0.6078
vn -0.6863 -0.3569 -0.6392
vn 0.7333 0.3020 0.6000
vn 0.6706 -0.3647 -0.6471
vn -0.7098 0.2314 0.6627
vn -0.7098 -0.2471 -0.6706
vn 0.7098 0.2314 0.6549
vn 0.6941 -0.2471 -0.6784
vn -0.7333 0.1451 0.6627
vn -0.6941 -0.1529 -0.7176
vn 0.7333 0.1373 0.6627
vn 0.6784 -0.1529 -0.7176
vn -0.6941 -0.0196 -0.7255
vn 0.6863 -0.0196 -0.7333
vn -0.7255 0.0196 0.6863
vn -0.7098 0.0431 -0.7098
vn 0.7255 0.0196 0.6784
vn 0.6941 0.0510 -0.7176
vn -0.7098 -0.0510 0.7020
vn -0.7020 0.0902 -0.7098
vn 0.7098 -0.0510 0.6941
vn 0.6941 0.0902 -0.7176
vn -0.7176 -0.0902 0.6941
vn -0.7333 -0.1765 0.6627
vn -0.6941 0.1843 -0.7020
vn 0.7176 -0.0824 0.6863
vn 0.7255 -0.1765 0.6549
vn 0.6784 0.1843 -0.7098
vn -0.7412 -0.3176 0.6000
vn -0.6863 0.3255 -0.6549
vn 0.7333 -0.3176 0.5922
vn 0.6784 0.3255 -0.6627
vn -0.7333 -0.4510 0.5137
vn -0.6863 0.4588 -0.5686
vn 0.7333 -0.4431 0.5137
vn 0.6784 0.4588 -0.5686
vn -0.7333 -0.5451 0.4118
vn -0.6863 0.5765 -0.4431
vn 0.7333 -0.5451 0.4118
vn 0.6706 0.5843 -0.4510
vn -0.7412 -0.6235 0.2549
vn -0.6784 0.6784 -0.2784
vn 0.7412 -0.6157 0.2549
vn 0.6706 0.6863 -0.2784
vn -0.7569 -0.6627 0.0275
vn -0.6706 0.7412 -0.0196
vn 0.7490 -0.6549 0.0275
vn 0.6549 0.7490 -0.0196
vn -0.6863 0.6863 0.2314
vn 0.6706 0.6941 0.2314
vn -0.7412 -0.6549 -0.1922
vn 0.7412 -0.6471 -0.1922
vn -0.7412 -0.5686 -0.3725
vn 0.7412 -0.5608 -0.3647
vn 0.7412 -0.5059 -0.4431
vn -0.7412 -0.5137 -0.4510
vn 0.0039 -0.8275 0.5686
vn -0.0039 0.6000 -0.8039
vn 0.0196 0.5137 -0.8588
vn 0.0039 0.9059 -0.4196
vn -0.0039 0.9294 -0.3647
vn -0.0118 0.9059 -0.4196
vn -0.0275 0.5137 -0.8588
vn -0.0039 -0.1843 0.9765
vn 0.0196 -0.1529 0.9843
vn -0.0039 -0.1451 0.9843
vn 0.0118 -0.1059 0.9922
vn 0.0039 -0.0667 0.9922
vn -0.0275 -0.1529 0.9843
vn -0.0196 -0.1059 0.9922
vn -0.0118 -0.0667 0.9922
vn 0.0196 -0.0275 0.9922
vn -0.0039 -0.0196 0.9922
vn -0.0275 -0.0275 0.9922
vn 0.0196 -0.0196 0.9922
vn -0.0275 -0.0196 0.9922
vn 0.0196 -0.0118 0.9922
vn -0.0275 -0.0118 0.9922
vn 0.0196 -0.0431 0.9922
vn -0.0275 -0.0431 0.9922
vn 0.0196 -1.0000 0.0902
vn 0.0039 -0.8588 -0.5216
vn 0.0118 -0.9922 -0.1686
vn -0.0196 -0.7490 -0.6706
vn -0.0275 -0.8824 -0.4824
vn 0.0039 -0.9922 0.1686
vn -0.0196 -0.9137 -0.4196
vn -0.0353 -0.9765 -0.2471
vn 0.0275 -0.9451 0.3412
vn 0.0510 -0.8824 0.4745
vn 0.0118 -0.8353 0.5529
vn 0.1765 -0.8510 0.4980
vn 0.3176 -0.9137 0.2706
vn 0.1843 -0.9608 0.2157
vn 0.3255 -0.9294 -0.1922
vn 0.0824 -0.9843 0.1608
vn 0.1373 -0.9451 -0.3176
vn 0.0039 0.0118 0.9922
vn 0.0118 0.0039 0.9922
vn 0.0039 -0.0902 0.9922
vn 0.1059 0.0039 -1.0000
vn 0.0824 -0.0196 -1.0000
vn 0.2784 -0.0275 -0.9608
vn 0.2549 -0.0510 -0.9686
vn 0.5373 -0.0745 -0.8431
vn 0.7725 -0.0588 -0.6314
vn 0.7961 -0.1294 -0.5922
vn 0.9686 -0.0588 -0.2157
vn 0.9922 -0.0039 -0.0745
vn 0.9922 -0.0039 -0.0118
vn 0.9922 0.0039 -0.0118
vn 0.0667 0.0353 -1.0000
vn 0.0431 -0.3255 -0.9529
vn -0.0745 0.0353 -1.0000
vn -0.0039 -0.3412 -0.9451
vn -0.0510 -0.3255 -0.9529
vn -0.0039 -0.8902 -0.4745
vn 0.0196 -0.9059 -0.4353
vn -0.0275 -0.9059 -0.4353
vn -0.0039 -1.0000 -0.0118
vn -0.0039 -0.7020 0.7098
vn 0.9922 -0.0039 0.0039
vn 0.9922 0.0196 0.0196
vn 0.9922 -0.0039 0.0196
vn 0.9922 0.0118 0.0196
vn 0.9922 0.0039 -0.0196
vn 0.0196 -0.9373 -0.3490
vn 0.0431 -0.4039 -0.9216
vn 0.0118 -0.0039 -1.0000
vn 0.0039 -0.0118 -1.0000
vn 0.0039 -0.0196 -1.0000
vn -0.6863 0.6078 0.3882
vn 0.6784 0.6157 0.3882
vn -0.6706 0.5765 0.4667
vn 0.6549 0.5843 0.4667
vn -0.7020 0.0118 -0.7176
vn -0.7176 0.0196 -0.7020
vn -0.9294 0.0039 -0.3882
vn -0.3882 -0.0039 -0.9294
vn -0.9216 -0.0039 -0.3961
vn -0.9294 -0.0039 0.3804
vn 0.3804 -0.0039 -0.9294
vn -0.7098 -0.0039 0.7020
vn 0.7020 -0.0039 -0.7098
vn -0.3882 -0.0039 0.9216
vn 0.3804 -0.0039 0.9216
vn 0.9216 -0.0039 0.3804
vn 0.7020 -0.0039 0.7020
vn 0.9216 0.0039 -0.3882
vn 0.7098 0.0196 -0.7020
vn 0.6941 0.0118 -0.7176
vn 0.9137 -0.0039 -0.3961
vn -0.7098 -0.0039 -0.7098
vn -0.0039 0.0980 -1.0000
vn 0.0353 0.0980 -1.0000
vn 0.0431 0.1294 -0.9922
vn -0.0039 0.1686 -0.9922
vn -0.0431 0.0980 -1.0000
vn -0.0510 0.1294 -0.9922
vn 0.0118 0.2157 -0.9765
vn -0.0196 0.2157 -0.9765
vn -0.0039 0.2784 -0.9608
vn -0.0039 0.2471 -0.9686
vn 0.0039 0.3176 -0.9529
vn -0.0039 0.3333 -0.9451
vn -0.0118 0.3176 -0.9529
vn 0.0196 0.3569 -0.9373
vn -0.0275 0.3569 -0.9373
vn -0.0353 0.3333 -0.9451
vn 0.0275 0.3333 -0.9451
vn -0.0039 0.3098 -0.9529
vn -0.0039 -0.0980 0.9922
vn -0.0039 -0.0902 0.9922
vn -0.0039 -0.1529 0.9843
vn -0.6627 0.1608 0.7333
vn -0.3647 0.4431 0.8196
vn -0.4745 0.8196 0.3020
vn -0.0039 0.9373 0.3333
vn -0.8745 0.4431 0.1922
vn -0.7412 -0.0745 0.6706
vn -0.0039 -0.2314 0.9686
vn -0.0039 0.5216 0.8510
vn 0.3569 0.4431 0.8196
vn 0.4667 0.8196 0.3020
vn 0.6549 0.1608 0.7333
vn -1.0000 0.0824 0.0824
vn -0.7882 0.1059 0.6000
vn -0.0039 0.1765 0.9765
vn 0.7333 -0.0745 0.6706
vn 0.8667 0.4431 0.1922
vn -1.0000 -0.0118 0.0275
vn -0.6706 0.2235 0.7020
vn 0.9922 0.0824 0.0824
vn 0.7804 0.1059 0.6000
vn -0.0039 0.2471 0.9608
vn 0.6627 0.2235 0.7020
vn -0.6549 -0.2314 0.7255
vn 0.9922 -0.0118 0.0275
vn 0.6471 -0.2314 0.7255
vn -0.0039 -0.2941 0.9529
vn -0.0039 -0.7569 0.6549
vn -0.6706 -0.5843 0.4588
vn 0.6627 -0.5843 0.4588
vn -0.0039 -0.6941 0.7176
vn -0.7961 -0.4196 0.4431
vn 0.7882 -0.4196 0.4431
vn 0.9922 -0.1137 0.0196
vn 0.7255 -0.3098 0.6078
vn -0.7333 -0.3098 0.6078
vn 0.8667 -0.4824 -0.0824
vn 0.6549 -0.5529 0.5137
vn -1.0000 -0.1137 0.0196
vn -0.8745 -0.4824 -0.0824
vn -0.6627 -0.5529 0.5137
vn 0.4745 -0.8588 -0.2000
vn 0.3569 -0.8275 0.4431
vn -0.3647 -0.8275 0.4431
vn -0.0039 -0.9137 0.4118
vn -0.4824 -0.8588 -0.2000
# 982 vertex normals

vt 0.8638 0.7926 0.0000
vt 0.9502 0.7935 0.0000
vt 0.9517 0.7833 0.0000
vt 0.8652 0.7987 0.0000
vt 0.9790 0.7979 0.0000
vt 0.9502 0.7988 0.0000
vt 0.9785 0.7734 0.0000
vt 0.9517 0.7393 0.0000
vt 0.9780 0.7393 0.0000
vt 0.9893 0.7393 0.0000
vt 0.9976 0.7732 0.0000
vt 0.5820 0.4795 0.0000
vt 0.4468 0.4785 0.0000
vt 0.4543 0.4922 0.0000
vt 0.5977 0.4917 0.0000
vt 0.5977 0.4214 0.0000
vt 0.5830 0.4214 0.0000
vt 0.0142 0.2104 0.0000
vt 0.0249 0.2104 0.0000
vt 0.0249 0.2329 0.0000
vt 0.0142 0.2329 0.0000
vt 0.0036 0.2329 0.0000
vt 0.0035 0.2104 0.0000
vt 0.0142 0.1689 0.0000
vt 0.0249 0.1689 0.0000
vt 0.0036 0.1689 0.0000
vt 0.4546 0.6152 0.0000
vt 0.4297 0.6150 0.0000
vt 0.4292 0.5850 0.0000
vt 0.4546 0.5854 0.0000
vt 0.4299 0.5613 0.0000
vt 0.4546 0.5620 0.0000
vt 0.5508 0.5771 0.0000
vt 0.5508 0.5962 0.0000
vt 0.5508 0.5586 0.0000
vt 0.4546 0.5374 0.0000
vt 0.5508 0.6194 0.0000
vt 0.5508 0.5374 0.0000
vt 0.4546 0.5232 0.0000
vt 0.5508 0.6392 0.0000
vt 0.5508 0.5232 0.0000
vt 0.5405 0.6572 0.0000
vt 0.4546 0.6563 0.0000
vt 0.5264 0.6663 0.0000
vt 0.5283 0.6685 0.0000
vt 0.5020 0.6790 0.0000
vt 0.5039 0.6824 0.0000
vt 0.4546 0.6833 0.0000
vt 0.4546 0.6877 0.0000
vt 0.2927 0.9971 0.0000
vt 0.2200 0.9975 0.0000
vt 0.2205 0.9041 0.0000
vt 0.2925 0.9036 0.0000
vt 0.4482 0.9962 0.0000
vt 0.4478 0.9026 0.0000
vt 0.4995 0.9956 0.0000
vt 0.4990 0.9022 0.0000
vt 0.5308 0.9956 0.0000
vt 0.5308 0.9021 0.0000
vt 0.4224 0.6509 0.0000
vt 0.4226 0.5637 0.0000
vt 0.4021 0.5645 0.0000
vt 0.4009 0.6509 0.0000
vt 0.3452 0.5693 0.0000
vt 0.3486 0.6509 0.0000
vt 0.3208 0.5781 0.0000
vt 0.3145 0.6506 0.0000
vt 0.3047 0.5852 0.0000
vt 0.2815 0.5928 0.0000
vt 0.2815 0.6494 0.0000
vt 0.2598 0.5981 0.0000
vt 0.2607 0.6504 0.0000
vt 0.2329 0.5996 0.0000
vt 0.2334 0.6501 0.0000
vt 0.2025 0.6499 0.0000
vt 0.2124 0.5918 0.0000
vt 0.1959 0.5793 0.0000
vt 0.1664 0.6479 0.0000
vt 0.1779 0.5632 0.0000
vt 0.1613 0.5623 0.0000
vt 0.1385 0.6482 0.0000
vt 0.1376 0.5620 0.0000
vt 0.1367 0.3623 0.0000
vt 0.1595 0.3628 0.0000
vt 0.1375 0.2969 0.0000
vt 0.1593 0.2969 0.0000
vt 0.1582 0.2637 0.0000
vt 0.1493 0.2568 0.0000
vt 0.1399 0.2563 0.0000
vt 0.2532 0.4893 0.0000
vt 0.2532 0.5513 0.0000
vt 0.2842 0.5366 0.0000
vt 0.2834 0.4858 0.0000
vt 0.2561 0.4849 0.0000
vt 0.2993 0.5217 0.0000
vt 0.2600 0.4814 0.0000
vt 0.2837 0.4805 0.0000
vt 0.3008 0.4810 0.0000
vt 0.3032 0.4839 0.0000
vt 0.3030 0.4873 0.0000
vt 0.3025 0.5227 0.0000
vt 1.1641 0.4648 0.0000
vt 1.1621 0.3389 0.0000
vt 1.1699 0.3389 0.0000
vt 1.1709 0.4648 0.0000
vt 1.1787 0.4648 0.0000
vt 1.1797 0.3389 0.0000
vt 1.2139 0.4395 0.0000
vt 1.2129 0.4639 0.0000
vt 1.2119 0.3389 0.0000
vt 1.2764 0.4385 0.0000
vt 1.2754 0.3389 0.0000
vt 1.4688 0.4341 0.0000
vt 1.4668 0.3389 0.0000
vt 0.8564 0.7848 0.0000
vt 0.3357 0.9548 0.0000
vt 0.3435 0.9616 0.0000
vt 0.3281 0.9743 0.0000
vt 0.3171 0.9659 0.0000
vt 0.3164 0.9531 0.0000
vt 0.3293 0.9474 0.0000
vt 0.3162 0.9745 0.0000
vt 0.3232 0.9895 0.0000
vt 0.2979 0.9529 0.0000
vt 0.2971 0.9658 0.0000
vt 0.3159 0.9371 0.0000
vt 0.2983 0.9369 0.0000
vt 0.3262 0.9358 0.0000
vt 0.3152 0.9821 0.0000
vt 0.2979 0.9743 0.0000
vt 0.2849 0.9472 0.0000
vt 0.2783 0.9546 0.0000
vt 0.2859 0.9742 0.0000
vt 0.3235 0.9222 0.0000
vt 0.3157 0.9223 0.0000
vt 0.2986 0.9222 0.0000
vt 0.2881 0.9356 0.0000
vt 0.2908 0.9221 0.0000
vt 0.2913 0.9893 0.0000
vt 0.2991 0.9817 0.0000
vt 0.3159 0.9931 0.0000
vt 0.2705 0.9613 0.0000
vt 0.3208 0.9102 0.0000
vt 0.3157 0.9108 0.0000
vt 0.2991 0.9106 0.0000
vt 0.2939 0.9100 0.0000
vt 0.2979 0.9930 0.0000
vt 0.3179 0.8987 0.0000
vt 0.3145 0.8995 0.0000
vt 0.3000 0.8995 0.0000
vt 0.2966 0.8987 0.0000
vt 0.3000 0.8960 0.0000
vt 0.3145 0.8961 0.0000
vt 0.6772 0.3633 0.0000
vt 0.6772 0.3857 0.0000
vt 0.6582 0.3867 0.0000
vt 0.6577 0.3623 0.0000
vt 0.6367 0.3877 0.0000
vt 0.6367 0.3613 0.0000
vt 0.6113 0.3892 0.0000
vt 0.6113 0.3604 0.0000
vt 0.5889 0.3896 0.0000
vt 0.5889 0.3604 0.0000
vt 0.5718 0.3896 0.0000
vt 0.5718 0.3608 0.0000
vt 0.5552 0.3892 0.0000
vt 0.5547 0.3613 0.0000
vt 0.6006 0.3833 0.0000
vt 0.6006 0.3652 0.0000
vt 0.6294 0.3652 0.0000
vt 0.6294 0.3833 0.0000
vt 0.6519 0.3833 0.0000
vt 0.6519 0.3652 0.0000
vt 0.2368 0.4712 0.0000
vt 0.2140 0.4653 0.0000
vt 0.2155 0.4595 0.0000
vt 0.2379 0.4658 0.0000
vt 0.2603 0.4746 0.0000
vt 0.2389 0.4609 0.0000
vt 0.2174 0.4551 0.0000
vt 0.2607 0.4688 0.0000
vt 0.2610 0.4639 0.0000
vt 0.2837 0.4741 0.0000
vt 0.2837 0.4688 0.0000
vt 0.2839 0.4639 0.0000
vt 0.3066 0.4751 0.0000
vt 0.3069 0.4688 0.0000
vt 0.3069 0.4639 0.0000
vt 0.3298 0.4766 0.0000
vt 0.3298 0.4692 0.0000
vt 0.3298 0.4644 0.0000
vt 0.3530 0.4771 0.0000
vt 0.3528 0.4692 0.0000
vt 0.3528 0.4644 0.0000
vt 0.3762 0.4766 0.0000
vt 0.3760 0.4683 0.0000
vt 0.3755 0.4634 0.0000
vt 0.3997 0.4751 0.0000
vt 0.3989 0.4663 0.0000
vt 0.3984 0.4619 0.0000
vt 0.4226 0.4727 0.0000
vt 0.4216 0.4644 0.0000
vt 0.4211 0.4595 0.0000
vt 0.4458 0.4692 0.0000
vt 0.4446 0.4614 0.0000
vt 0.4438 0.4565 0.0000
vt 0.4685 0.4648 0.0000
vt 0.4673 0.4575 0.0000
vt 0.4666 0.4531 0.0000
vt 0.4912 0.4600 0.0000
vt 0.4900 0.4536 0.0000
vt 0.4893 0.4492 0.0000
vt 0.5137 0.4556 0.0000
vt 0.5127 0.4497 0.0000
vt 0.5117 0.4448 0.0000
vt 0.5371 0.4517 0.0000
vt 0.5356 0.4458 0.0000
vt 0.5342 0.4414 0.0000
vt 0.5596 0.4443 0.0000
vt 0.5576 0.4390 0.0000
vt 0.5557 0.4346 0.0000
vt 0.5811 0.4346 0.0000
vt 0.5786 0.4292 0.0000
vt 0.5757 0.4253 0.0000
vt 0.2394 0.4492 0.0000
vt 0.2404 0.4468 0.0000
vt 0.2590 0.4517 0.0000
vt 0.2585 0.4546 0.0000
vt 0.2786 0.4536 0.0000
vt 0.2581 0.4575 0.0000
vt 0.2385 0.4521 0.0000
vt 0.2781 0.4604 0.0000
vt 0.2783 0.4570 0.0000
vt 0.2983 0.4531 0.0000
vt 1.2021 0.3101 0.0000
vt 1.2031 0.3306 0.0000
vt 1.6113 0.3398 0.0000
vt 1.6523 0.3198 0.0000
vt 1.1816 0.2886 0.0000
vt 1.6191 0.3530 0.0000
vt 1.1641 0.2681 0.0000
vt 1.6494 0.3687 0.0000
vt 1.6162 0.3638 0.0000
vt 1.6973 0.3843 0.0000
vt 1.6377 0.4185 0.0000
vt 1.6953 0.2471 0.0000
vt 1.7959 0.3599 0.0000
vt 1.1533 0.2427 0.0000
vt 1.6035 0.4131 0.0000
vt 1.6855 0.4253 0.0000
vt 1.7363 0.4102 0.0000
vt 1.6338 0.4585 0.0000
vt 1.1523 0.2109 0.0000
vt 1.5986 0.4570 0.0000
vt 1.6816 0.4595 0.0000
vt 1.7246 0.4492 0.0000
vt 1.6338 0.4995 0.0000
vt 1.6816 0.4937 0.0000
vt 1.7695 0.4478 0.0000
vt 1.8018 0.4419 0.0000
vt 1.5996 0.5034 0.0000
vt 1.7246 0.5029 0.0000
vt 1.7676 0.4917 0.0000
vt 1.6875 0.5273 0.0000
vt 1.6416 0.5400 0.0000
vt 1.8115 0.4517 0.0000
vt 1.7881 0.4839 0.0000
vt 1.6074 0.5491 0.0000
vt 1.7412 0.5525 0.0000
vt 1.7764 0.5281 0.0000
vt 1.7979 0.5244 0.0000
vt 1.6982 0.5591 0.0000
vt 1.6543 0.5786 0.0000
vt 1.8135 0.4800 0.0000
vt 1.7969 0.5525 0.0000
vt 1.8242 0.5291 0.0000
vt 1.7139 0.5879 0.0000
vt 1.7705 0.5979 0.0000
vt 1.6221 0.5928 0.0000
vt 1.6729 0.6140 0.0000
vt 1.7334 0.6138 0.0000
vt 1.8477 0.5581 0.0000
vt 1.8232 0.5894 0.0000
vt 1.8730 0.5396 0.0000
vt 1.8516 0.5088 0.0000
vt 1.8047 0.6274 0.0000
vt 1.7559 0.6367 0.0000
vt 1.6963 0.6450 0.0000
vt 1.6436 0.6326 0.0000
vt 1.8682 0.5813 0.0000
vt 1.8916 0.5610 0.0000
vt 1.8438 0.6130 0.0000
vt 1.7822 0.6582 0.0000
vt 1.8359 0.6443 0.0000
vt 1.7529 0.6968 0.0000
vt 1.7227 0.6724 0.0000
vt 1.6699 0.6672 0.0000
vt 1.8682 0.6284 0.0000
vt 1.8213 0.6865 0.0000
vt 1.8740 0.6738 0.0000
vt 1.8887 0.6094 0.0000
vt 1.9043 0.5923 0.0000
vt 1.6992 0.6975 0.0000
vt 1.8867 0.6426 0.0000
vt 1.9121 0.6213 0.0000
vt 1.8584 0.7188 0.0000
vt 1.8604 0.7755 0.0000
vt 1.8760 0.7034 0.0000
vt 1.9326 0.6052 0.0000
vt 1.9346 0.6079 0.0000
vt 1.8955 0.7283 0.0000
vt 1.8848 0.7424 0.0000
vt 1.7305 0.7239 0.0000
vt 1.8398 0.8033 0.0000
vt 1.1260 0.1548 0.0000
vt 1.1377 0.1528 0.0000
vt 1.1387 0.1689 0.0000
vt 1.1250 0.1689 0.0000
vt 1.0986 0.1514 0.0000
vt 1.0977 0.1689 0.0000
vt 1.0977 0.1445 0.0000
vt 1.1299 0.1475 0.0000
vt 1.0771 0.1689 0.0000
vt 1.0762 0.1519 0.0000
vt 1.0742 0.1421 0.0000
vt 1.0557 0.1689 0.0000
vt 1.0547 0.1538 0.0000
vt 1.0518 0.1411 0.0000
vt 1.0391 0.1548 0.0000
vt 1.0400 0.1689 0.0000
vt 1.0342 0.1436 0.0000
vt 1.0273 0.1689 0.0000
vt 1.0264 0.1523 0.0000
vt 1.0039 0.3882 0.0000
vt 1.1299 0.3862 0.0000
vt 1.1299 0.3677 0.0000
vt 1.0039 0.3701 0.0000
vt 1.0039 0.3403 0.0000
vt 1.1299 0.3408 0.0000
vt 1.0039 0.3169 0.0000
vt 1.1299 0.3164 0.0000
vt 1.0039 0.2930 0.0000
vt 1.1299 0.2905 0.0000
vt 1.0303 0.2632 0.0000
vt 1.0039 0.2632 0.0000
vt 1.1299 0.2593 0.0000
vt 1.0293 0.2368 0.0000
vt 1.1299 0.2339 0.0000
vt 1.1299 0.2114 0.0000
vt 1.0293 0.2051 0.0000
vt 1.1152 0.1899 0.0000
vt 1.0859 0.1743 0.0000
vt 1.0293 0.1709 0.0000
vt 1.1299 0.3911 0.0000
vt 1.0039 0.3936 0.0000
vt 1.0039 0.7611 0.0000
vt 1.1299 0.7634 0.0000
vt 1.1299 0.7770 0.0000
vt 1.0039 0.7759 0.0000
vt 1.0039 0.7849 0.0000
vt 1.1299 0.7861 0.0000
vt 1.1143 0.8907 0.0000
vt 1.0039 0.8900 0.0000
vt 1.1738 0.8042 0.0000
vt 1.1963 0.8285 0.0000
vt 1.2109 0.8588 0.0000
vt 1.2158 0.8922 0.0000
vt 1.2109 0.9254 0.0000
vt 1.1143 0.9966 0.0000
vt 1.0039 0.9965 0.0000
vt 1.1455 0.9922 0.0000
vt 1.1738 0.9779 0.0000
vt 1.1963 0.9549 0.0000
vt 1.8525 0.4819 0.0000
vt 1.8271 0.4536 0.0000
vt 1.8545 0.4517 0.0000
vt 1.8311 0.4395 0.0000
vt 1.8184 0.4395 0.0000
vt 1.8613 0.4453 0.0000
vt 1.8076 0.4336 0.0000
vt 1.8076 0.3584 0.0000
vt 1.7949 0.2642 0.0000
vt 1.8086 0.2671 0.0000
vt 1.8125 0.2583 0.0000
vt 1.8008 0.2515 0.0000
vt 1.7285 0.1885 0.0000
vt 1.8301 0.2461 0.0000
vt 1.8174 0.1841 0.0000
vt 1.8193 0.2422 0.0000
vt 1.1611 0.1846 0.0000
vt 1.8389 0.1782 0.0000
vt 1.8154 0.1641 0.0000
vt 1.1748 0.1528 0.0000
vt 1.7285 0.1660 0.0000
vt 1.8389 0.1582 0.0000
vt 1.7285 0.1396 0.0000
vt 1.8174 0.1362 0.0000
vt 1.1904 0.1333 0.0000
vt 1.8389 0.1333 0.0000
vt 1.2002 0.0996 0.0000
vt 1.7285 0.1035 0.0000
vt 1.8174 0.1045 0.0000
vt 1.8389 0.1084 0.0000
vt 1.7295 0.0088 0.0000
vt 1.2715 0.0337 0.0000
vt 1.2070 0.0347 0.0000
vt 1.8223 0.0088 0.0000
vt 1.8389 0.0088 0.0000
vt 1.2744 0.0088 0.0000
vt 1.1631 0.5264 0.0000
vt 1.1875 0.5264 0.0000
vt 1.1875 0.5139 0.0000
vt 1.1631 0.5139 0.0000
vt 1.1641 0.5027 0.0000
vt 1.1875 0.5020 0.0000
vt 1.1650 0.4897 0.0000
vt 1.1875 0.4897 0.0000
vt 1.1641 0.4775 0.0000
vt 1.1875 0.4780 0.0000
vt 1.1641 0.4683 0.0000
vt 1.1865 0.4678 0.0000
vt 1.4229 0.5342 0.0000
vt 1.3643 0.4790 0.0000
vt 1.3594 0.4834 0.0000
vt 1.4180 0.5354 0.0000
vt 1.3418 0.5000 0.0000
vt 1.3838 0.5647 0.0000
vt 1.3350 0.5627 0.0000
vt 1.3115 0.5273 0.0000
vt 1.2949 0.5737 0.0000
vt 1.2871 0.5442 0.0000
vt 1.2471 0.5552 0.0000
vt 1.2422 0.5828 0.0000
vt 1.2070 0.5652 0.0000
vt 1.2148 0.5464 0.0000
vt 1.1699 0.5442 0.0000
vt 1.1650 0.5308 0.0000
vt 0.6113 0.3398 0.0000
vt 0.2028 0.3306 0.0000
vt 0.2021 0.3101 0.0000
vt 0.2983 0.4600 0.0000
vt 0.2983 0.4561 0.0000
vt 0.3181 0.4521 0.0000
vt 0.3184 0.4600 0.0000
vt 0.3184 0.4556 0.0000
vt 0.3381 0.4517 0.0000
vt 0.3384 0.4600 0.0000
vt 0.3381 0.4546 0.0000
vt 0.3579 0.4507 0.0000
vt 0.3584 0.4600 0.0000
vt 0.3582 0.4541 0.0000
vt 0.3779 0.4497 0.0000
vt 0.3784 0.4590 0.0000
vt 0.3779 0.4526 0.0000
vt 0.3977 0.4478 0.0000
vt 0.3984 0.4575 0.0000
vt 0.3979 0.4512 0.0000
vt 0.4175 0.4463 0.0000
vt 0.4185 0.4556 0.0000
vt 0.4177 0.4492 0.0000
vt 0.4373 0.4438 0.0000
vt 0.4382 0.4531 0.0000
vt 0.4375 0.4473 0.0000
vt 0.4570 0.4414 0.0000
vt 0.4580 0.4497 0.0000
vt 0.4573 0.4443 0.0000
vt 0.4768 0.4385 0.0000
vt 0.4778 0.4463 0.0000
vt 0.4771 0.4419 0.0000
vt 0.4963 0.4360 0.0000
vt 0.4976 0.4429 0.0000
vt 0.4968 0.4390 0.0000
vt 0.5161 0.4331 0.0000
vt 0.5176 0.4395 0.0000
vt 0.5166 0.4365 0.0000
vt 0.5347 0.4277 0.0000
vt 0.5371 0.4336 0.0000
vt 0.5356 0.4307 0.0000
vt 0.5522 0.4194 0.0000
vt 0.5552 0.4248 0.0000
vt 0.5537 0.4219 0.0000
vt 0.9214 0.5139 0.0000
vt 0.9385 0.5071 0.0000
vt 0.9565 0.5073 0.0000
vt 0.9731 0.5144 0.0000
vt 0.9082 0.5269 0.0000
vt 0.9863 0.5276 0.0000
vt 0.9009 0.5437 0.0000
vt 0.9932 0.5444 0.0000
vt 0.9009 0.5620 0.0000
vt 0.9927 0.5627 0.0000
vt 0.9077 0.5789 0.0000
vt 0.9858 0.5796 0.0000
vt 0.9204 0.5920 0.0000
vt 0.9727 0.5923 0.0000
vt 0.9375 0.5991 0.0000
vt 0.9556 0.5991 0.0000
vt 0.8384 0.1890 0.0000
vt 0.8540 0.1890 0.0000
vt 0.8535 0.2192 0.0000
vt 0.8384 0.2192 0.0000
vt 0.8457 0.2236 0.0000
vt 0.8545 0.2271 0.0000
vt 0.8374 0.2271 0.0000
vt 0.8564 0.2393 0.0000
vt 0.8457 0.2466 0.0000
vt 0.8350 0.2393 0.0000
vt 0.8604 0.2539 0.0000
vt 0.8457 0.2720 0.0000
vt 0.8311 0.2534 0.0000
vt 0.8667 0.2695 0.0000
vt 0.8242 0.2695 0.0000
vt 0.8574 0.2822 0.0000
vt 0.8452 0.2866 0.0000
vt 0.8330 0.2822 0.0000
vt 0.8560 0.2915 0.0000
vt 0.8452 0.2974 0.0000
vt 0.8345 0.2910 0.0000
vt 0.8574 0.2974 0.0000
vt 0.8330 0.2969 0.0000
vt 0.7295 0.7253 0.0000
vt 0.7300 0.7634 0.0000
vt 0.7129 0.7638 0.0000
vt 0.7119 0.7256 0.0000
vt 0.7002 0.7640 0.0000
vt 0.6997 0.7258 0.0000
vt 0.6821 0.7263 0.0000
vt 0.6826 0.7642 0.0000
vt 0.6611 0.7266 0.0000
vt 0.6616 0.7644 0.0000
vt 0.6406 0.7268 0.0000
vt 0.6411 0.7648 0.0000
vt 0.6206 0.7268 0.0000
vt 0.6211 0.7651 0.0000
vt 0.6011 0.7261 0.0000
vt 0.6016 0.7662 0.0000
vt 0.5806 0.7295 0.0000
vt 0.6138 0.7112 0.0000
vt 0.6196 0.6914 0.0000
vt 0.5811 0.7634 0.0000
vt 0.5610 0.7297 0.0000
vt 0.6147 0.7808 0.0000
vt 0.6177 0.6702 0.0000
vt 0.5610 0.7637 0.0000
vt 0.6211 0.8003 0.0000
vt 0.5430 0.7283 0.0000
vt 0.6074 0.6511 0.0000
vt 0.5430 0.7657 0.0000
vt 0.6196 0.8214 0.0000
vt 0.5215 0.7244 0.0000
vt 0.5962 0.6379 0.0000
vt 0.6099 0.8407 0.0000
vt 0.5220 0.7701 0.0000
vt 0.5991 0.8544 0.0000
vt 0.5083 0.7339 0.0000
vt 0.5151 0.7007 0.0000
vt 0.4966 0.7090 0.0000
vt 0.5859 0.6311 0.0000
vt 0.5083 0.7610 0.0000
vt 0.4617 0.7354 0.0000
vt 0.4976 0.7863 0.0000
vt 0.5166 0.7939 0.0000
vt 0.4619 0.7614 0.0000
vt 0.5889 0.8612 0.0000
vt 0.5688 0.6353 0.0000
vt 0.4951 0.6978 0.0000
vt 0.5093 0.6907 0.0000
vt 0.4670 0.6948 0.0000
vt 0.4636 0.7061 0.0000
vt 0.4207 0.7317 0.0000
vt 0.4211 0.7661 0.0000
vt 0.4648 0.7904 0.0000
vt 0.4688 0.8015 0.0000
vt 0.4968 0.7976 0.0000
vt 0.5718 0.8577 0.0000
vt 0.4297 0.6843 0.0000
vt 0.4253 0.6965 0.0000
vt 0.3728 0.7266 0.0000
vt 0.3733 0.7725 0.0000
vt 0.4265 0.8013 0.0000
vt 0.4312 0.8134 0.0000
vt 0.3835 0.6697 0.0000
vt 0.3813 0.6836 0.0000
vt 0.3381 0.7207 0.0000
vt 0.3396 0.6699 0.0000
vt 0.3386 0.7789 0.0000
vt 0.3826 0.8152 0.0000
vt 0.3850 0.8291 0.0000
vt 0.3406 0.8297 0.0000
vt 0.3142 0.6682 0.0000
vt 0.3120 0.7202 0.0000
vt 0.3123 0.7797 0.0000
vt 0.3149 0.8317 0.0000
vt 0.2971 0.6650 0.0000
vt 0.2927 0.7163 0.0000
vt 0.2930 0.7837 0.0000
vt 0.2979 0.8350 0.0000
vt 0.2625 0.6589 0.0000
vt 0.2666 0.7053 0.0000
vt 0.2668 0.7946 0.0000
vt 0.2629 0.8411 0.0000
vt 0.2438 0.6611 0.0000
vt 0.2539 0.7963 0.0000
vt 0.2537 0.7039 0.0000
vt 0.2441 0.8390 0.0000
vt 0.2251 0.6633 0.0000
vt 0.2253 0.8368 0.0000
vt 0.2408 0.7980 0.0000
vt 0.2406 0.7021 0.0000
vt 0.2080 0.6724 0.0000
vt 0.2083 0.8278 0.0000
vt 0.2301 0.7939 0.0000
vt 0.2300 0.7061 0.0000
vt 0.1909 0.6814 0.0000
vt 0.1910 0.8187 0.0000
vt 0.2194 0.7900 0.0000
vt 0.2192 0.7102 0.0000
vt 0.1788 0.6968 0.0000
vt 0.1790 0.8033 0.0000
vt 0.2128 0.7816 0.0000
vt 0.2128 0.7185 0.0000
vt 0.1667 0.7122 0.0000
vt 0.1669 0.7880 0.0000
vt 0.2062 0.7733 0.0000
vt 0.2062 0.7268 0.0000
vt 0.1583 0.7501 0.0000
vt 0.2012 0.7501 0.0000
vt 0.5107 0.8042 0.0000
vt 0.6245 0.6814 0.0000
vt 0.6270 0.7114 0.0000
vt 0.6216 0.6968 0.0000
vt 0.6294 0.6753 0.0000
vt 0.6328 0.7166 0.0000
vt 0.6387 0.7214 0.0000
vt 0.6343 0.6694 0.0000
vt 0.6416 0.6667 0.0000
vt 0.6465 0.7229 0.0000
vt 0.6494 0.6641 0.0000
vt 0.6543 0.7244 0.0000
vt 0.6523 0.3198 0.0000
vt 0.6187 0.3530 0.0000
vt 0.1818 0.2886 0.0000
vt 0.1642 0.2681 0.0000
vt 0.6494 0.3687 0.0000
vt 0.6157 0.3638 0.0000
vt 0.6973 0.3843 0.0000
vt 0.6382 0.4185 0.0000
vt 0.6953 0.2471 0.0000
vt 0.7954 0.3599 0.0000
vt 0.1537 0.2427 0.0000
vt 0.6035 0.4131 0.0000
vt 0.6860 0.4253 0.0000
vt 0.7358 0.4102 0.0000
vt 0.6333 0.4585 0.0000
vt 0.1523 0.2109 0.0000
vt 0.5981 0.4570 0.0000
vt 0.6812 0.4595 0.0000
vt 0.7246 0.4492 0.0000
vt 0.6343 0.4995 0.0000
vt 0.6816 0.4937 0.0000
vt 0.7695 0.4478 0.0000
vt 0.8022 0.4419 0.0000
vt 0.5991 0.5034 0.0000
vt 0.7241 0.5029 0.0000
vt 0.7671 0.4917 0.0000
vt 0.6875 0.5273 0.0000
vt 0.6416 0.5400 0.0000
vt 0.8110 0.4517 0.0000
vt 0.7881 0.4839 0.0000
vt 0.6074 0.5491 0.0000
vt 0.7417 0.5525 0.0000
vt 0.7759 0.5281 0.0000
vt 0.7979 0.5244 0.0000
vt 0.6982 0.5591 0.0000
vt 0.6548 0.5786 0.0000
vt 0.8130 0.4800 0.0000
vt 0.7974 0.5525 0.0000
vt 0.8237 0.5291 0.0000
vt 0.7134 0.5879 0.0000
vt 0.7710 0.5979 0.0000
vt 0.6226 0.5928 0.0000
vt 0.6733 0.6140 0.0000
vt 0.7329 0.6138 0.0000
vt 0.8481 0.5581 0.0000
vt 0.8232 0.5894 0.0000
vt 0.8730 0.5396 0.0000
vt 0.8516 0.5088 0.0000
vt 0.8042 0.6274 0.0000
vt 0.7563 0.6367 0.0000
vt 0.6963 0.6450 0.0000
vt 0.6436 0.6326 0.0000
vt 0.8687 0.5813 0.0000
vt 0.8911 0.5610 0.0000
vt 0.8433 0.6130 0.0000
vt 0.7827 0.6582 0.0000
vt 0.8364 0.6443 0.0000
vt 0.7524 0.6968 0.0000
vt 0.7231 0.6724 0.0000
vt 0.6694 0.6672 0.0000
vt 0.8677 0.6284 0.0000
vt 0.8213 0.6865 0.0000
vt 0.8735 0.6738 0.0000
vt 0.8882 0.6094 0.0000
vt 0.9043 0.5923 0.0000
vt 0.6987 0.6975 0.0000
vt 0.8862 0.6426 0.0000
vt 0.9116 0.6213 0.0000
vt 0.8579 0.7188 0.0000
vt 0.8604 0.7755 0.0000
vt 0.8760 0.7034 0.0000
vt 0.9326 0.6052 0.0000
vt 0.9351 0.6079 0.0000
vt 0.8955 0.7283 0.0000
vt 0.8848 0.7424 0.0000
vt 0.7310 0.7239 0.0000
vt 0.8394 0.8033 0.0000
vt 0.1383 0.1689 0.0000
vt 0.1376 0.1528 0.0000
vt 0.1263 0.1548 0.0000
vt 0.1252 0.1689 0.0000
vt 0.0987 0.1514 0.0000
vt 0.0979 0.1689 0.0000
vt 0.0768 0.1689 0.0000
vt 0.0762 0.1519 0.0000
vt 0.0975 0.1445 0.0000
vt 0.1299 0.1475 0.0000
vt 0.0552 0.1689 0.0000
vt 0.0544 0.1538 0.0000
vt 0.0744 0.1421 0.0000
vt 0.0389 0.1548 0.0000
vt 0.0521 0.1411 0.0000
vt 0.0398 0.1689 0.0000
vt 0.0338 0.1436 0.0000
vt 0.0275 0.1689 0.0000
vt 0.0265 0.1523 0.0000
vt 0.1302 0.3677 0.0000
vt 0.1302 0.3862 0.0000
vt 0.0043 0.3882 0.0000
vt 0.0043 0.3701 0.0000
vt 0.0043 0.3403 0.0000
vt 0.1302 0.3408 0.0000
vt 0.0043 0.3169 0.0000
vt 0.1302 0.3164 0.0000
vt 0.0043 0.2930 0.0000
vt 0.1302 0.2905 0.0000
vt 0.0301 0.2632 0.0000
vt 0.0043 0.2632 0.0000
vt 0.1302 0.2593 0.0000
vt 0.0297 0.2368 0.0000
vt 0.1302 0.2339 0.0000
vt 0.1302 0.2114 0.0000
vt 0.0293 0.2051 0.0000
vt 0.1147 0.1899 0.0000
vt 0.0860 0.1743 0.0000
vt 0.0296 0.1709 0.0000
vt 0.0043 0.7611 0.0000
vt 0.0043 0.3936 0.0000
vt 0.1302 0.3911 0.0000
vt 0.1302 0.7634 0.0000
vt 0.1302 0.7770 0.0000
vt 0.0043 0.7759 0.0000
vt 0.0043 0.7849 0.0000
vt 0.1302 0.7861 0.0000
vt 0.1144 0.8907 0.0000
vt 0.0043 0.8900 0.0000
vt 0.1742 0.8042 0.0000
vt 0.1968 0.8285 0.0000
vt 0.2112 0.8588 0.0000
vt 0.2162 0.8922 0.0000
vt 0.2112 0.9254 0.0000
vt 0.1144 0.9966 0.0000
vt 0.0043 0.9965 0.0000
vt 0.1459 0.9922 0.0000
vt 0.1742 0.9779 0.0000
vt 0.1968 0.9549 0.0000
vt 0.8525 0.4819 0.0000
vt 0.8267 0.4536 0.0000
vt 0.8545 0.4517 0.0000
vt 0.8311 0.4395 0.0000
vt 0.8188 0.4395 0.0000
vt 0.8618 0.4453 0.0000
vt 0.8076 0.4336 0.0000
vt 0.8071 0.3584 0.0000
vt 0.7954 0.2642 0.0000
vt 0.8086 0.2671 0.0000
vt 0.8125 0.2583 0.0000
vt 0.8003 0.2515 0.0000
vt 0.7290 0.1885 0.0000
vt 0.8296 0.2461 0.0000
vt 0.8174 0.1841 0.0000
vt 0.8193 0.2422 0.0000
vt 0.1615 0.1846 0.0000
vt 0.8384 0.1782 0.0000
vt 0.8159 0.1641 0.0000
vt 0.1746 0.1528 0.0000
vt 0.7285 0.1660 0.0000
vt 0.8384 0.1582 0.0000
vt 0.7285 0.1396 0.0000
vt 0.8174 0.1362 0.0000
vt 0.1904 0.1333 0.0000
vt 0.8384 0.1333 0.0000
vt 0.2002 0.0996 0.0000
vt 0.7285 0.1035 0.0000
vt 0.8174 0.1045 0.0000
vt 0.8384 0.1084 0.0000
vt 0.7290 0.0088 0.0000
vt 0.2712 0.0337 0.0000
vt 0.2065 0.0347 0.0000
vt 0.8218 0.0088 0.0000
vt 0.8384 0.0088 0.0000
vt 0.2744 0.0088 0.0000
vt 0.1870 0.5139 0.0000
vt 0.1870 0.5264 0.0000
vt 0.1635 0.5264 0.0000
vt 0.1635 0.5139 0.0000
vt 0.1639 0.5027 0.0000
vt 0.1870 0.5020 0.0000
vt 0.1648 0.4897 0.0000
vt 0.1870 0.4897 0.0000
vt 0.1637 0.4775 0.0000
vt 0.1870 0.4780 0.0000
vt 0.1643 0.4683 0.0000
vt 0.1860 0.4678 0.0000
vt 0.3599 0.4834 0.0000
vt 0.3640 0.4790 0.0000
vt 0.4224 0.5342 0.0000
vt 0.4177 0.5354 0.0000
vt 0.3420 0.5000 0.0000
vt 0.3835 0.5647 0.0000
vt 0.3347 0.5627 0.0000
vt 0.3115 0.5273 0.0000
vt 0.2952 0.5737 0.0000
vt 0.2871 0.5442 0.0000
vt 0.2473 0.5552 0.0000
vt 0.2421 0.5828 0.0000
vt 0.2073 0.5652 0.0000
vt 0.2150 0.5464 0.0000
vt 0.1694 0.5442 0.0000
vt 0.1653 0.5308 0.0000
vt 1.2246 0.8512 0.0000
vt 1.2246 0.8895 0.0000
vt 1.2354 0.8895 0.0000
vt 1.2354 0.8512 0.0000
vt 0.6567 0.6655 0.0000
vt 0.6616 0.7217 0.0000
vt 0.6646 0.6667 0.0000
vt 0.6689 0.7190 0.0000
vt 0.6777 0.6919 0.0000
vt 0.6768 0.6768 0.0000
vt 0.6792 0.7073 0.0000
vt 0.9819 0.3911 0.0000
vt 0.9844 0.4990 0.0000
vt 0.9321 0.4990 0.0000
vt 0.9941 0.4990 0.0000
vt 0.9941 0.3906 0.0000
vt 0.9316 0.3916 0.0000
vt 0.9810 0.3101 0.0000
vt 0.8794 0.4990 0.0000
vt 0.9941 0.3096 0.0000
vt 0.9316 0.2690 0.0000
vt 0.9795 0.2275 0.0000
vt 0.8809 0.3916 0.0000
vt 0.8823 0.3101 0.0000
vt 0.8677 0.4990 0.0000
vt 0.8677 0.3911 0.0000
vt 0.9941 0.2271 0.0000
vt 0.8838 0.2271 0.0000
vt 0.9321 0.1270 0.0000
vt 0.9790 0.1592 0.0000
vt 0.8677 0.3096 0.0000
vt 0.9941 0.1587 0.0000
vt 0.9785 0.0947 0.0000
vt 0.8677 0.2266 0.0000
vt 0.8848 0.1587 0.0000
vt 0.9326 0.0371 0.0000
vt 0.8862 0.0942 0.0000
vt 0.8677 0.1582 0.0000
vt 0.9941 0.0947 0.0000
vt 0.9761 0.0415 0.0000
vt 0.8887 0.0415 0.0000
vt 0.8677 0.0942 0.0000
vt 0.9863 0.0371 0.0000
vt 0.9707 0.0303 0.0000
vt 0.8945 0.0298 0.0000
vt 0.8789 0.0366 0.0000
vt 0.9580 0.0205 0.0000
vt 0.9326 0.0176 0.0000
vt 0.9072 0.0200 0.0000
vt 0.9785 0.0234 0.0000
vt 0.8867 0.0229 0.0000
vt 0.9326 0.0059 0.0000
vt 0.9624 0.0112 0.0000
vt 0.9023 0.0112 0.0000
vt 0.6611 0.7666 0.0000
vt 0.6855 0.7655 0.0000
vt 0.6855 0.7738 0.0000
vt 0.7100 0.7667 0.0000
vt 0.6660 0.7742 0.0000
vt 0.6855 0.7784 0.0000
vt 0.7051 0.7742 0.0000
vt 0.6616 0.7786 0.0000
vt 0.6548 0.7722 0.0000
vt 0.7090 0.7787 0.0000
vt 0.6616 0.7954 0.0000
vt 0.7163 0.7723 0.0000
vt 0.7095 0.7954 0.0000
vt 0.6855 0.8120 0.0000
vt 0.6509 0.7921 0.0000
vt 0.6616 0.8298 0.0000
vt 0.7197 0.7922 0.0000
vt 0.7090 0.8298 0.0000
vt 0.6509 0.8289 0.0000
vt 0.6616 0.8683 0.0000
vt 0.7090 0.8682 0.0000
vt 0.6860 0.8895 0.0000
vt 0.7197 0.8289 0.0000
vt 0.6509 0.8683 0.0000
vt 0.6611 0.9112 0.0000
vt 0.7197 0.8682 0.0000
vt 0.7100 0.9110 0.0000
vt 0.6855 0.9693 0.0000
vt 0.6504 0.9114 0.0000
vt 0.6611 0.9579 0.0000
vt 0.7207 0.9111 0.0000
vt 0.7104 0.9576 0.0000
vt 0.6509 0.9599 0.0000
vt 0.6582 0.9881 0.0000
vt 0.6650 0.9810 0.0000
vt 0.6860 0.9880 0.0000
vt 0.7065 0.9804 0.0000
vt 0.6680 0.9871 0.0000
vt 0.7207 0.9597 0.0000
vt 0.7134 0.9882 0.0000
vt 0.7026 0.9856 0.0000
vt 0.6636 0.9929 0.0000
vt 0.6860 0.9975 0.0000
vt 0.7080 0.9931 0.0000
vt 0.2253 0.8462 0.0000
vt 0.2367 0.8441 0.0000
vt 0.2358 0.8512 0.0000
vt 0.2245 0.8512 0.0000
vt 0.2245 0.8895 0.0000
vt 0.2474 0.8512 0.0000
vt 0.2358 0.8895 0.0000
vt 0.2477 0.8441 0.0000
vt 0.2258 0.8950 0.0000
vt 0.2598 0.8512 0.0000
vt 0.2474 0.8895 0.0000
vt 0.2371 0.8968 0.0000
vt 0.2605 0.8436 0.0000
vt 0.2744 0.8512 0.0000
vt 0.2598 0.8895 0.0000
vt 0.2479 0.8967 0.0000
vt 0.2751 0.8425 0.0000
vt 0.2605 0.8973 0.0000
vt 0.2744 0.8895 0.0000
vt 0.2910 0.8434 0.0000
vt 0.2903 0.8512 0.0000
vt 0.2749 0.8976 0.0000
vt 0.2903 0.8895 0.0000
vt 0.3047 0.8434 0.0000
vt 0.3059 0.8512 0.0000
vt 0.2910 0.8975 0.0000
vt 0.3047 0.8973 0.0000
vt 0.3059 0.8895 0.0000
vt 0.3203 0.8441 0.0000
vt 0.3213 0.8512 0.0000
vt 0.3203 0.8967 0.0000
vt 0.3213 0.8895 0.0000
vt 0.3318 0.8434 0.0000
vt 0.3325 0.8512 0.0000
vt 0.3318 0.8974 0.0000
vt 0.3325 0.8895 0.0000
vt 0.3428 0.8428 0.0000
vt 0.3435 0.8512 0.0000
vt 0.3428 0.8979 0.0000
vt 0.3435 0.8895 0.0000
vt 0.3577 0.8430 0.0000
vt 0.3582 0.8512 0.0000
vt 0.3577 0.8977 0.0000
vt 0.3582 0.8895 0.0000
vt 0.3728 0.8512 0.0000
vt 0.3728 0.8895 0.0000
vt 0.3733 0.8431 0.0000
vt 0.3904 0.8512 0.0000
vt 0.3733 0.8975 0.0000
vt 0.3904 0.8895 0.0000
vt 0.3909 0.8430 0.0000
vt 0.4089 0.8512 0.0000
vt 0.3909 0.8976 0.0000
vt 0.4089 0.8895 0.0000
vt 0.4089 0.8434 0.0000
vt 0.4250 0.8436 0.0000
vt 0.4258 0.8512 0.0000
vt 0.4089 0.8973 0.0000
vt 0.4250 0.8971 0.0000
vt 0.4255 0.8895 0.0000
vt 0.4407 0.8434 0.0000
vt 0.4414 0.8512 0.0000
vt 0.4407 0.8972 0.0000
vt 0.4414 0.8895 0.0000
vt 0.4541 0.8428 0.0000
vt 0.4553 0.8512 0.0000
vt 0.4541 0.8979 0.0000
vt 0.4553 0.8895 0.0000
vt 0.4673 0.8424 0.0000
vt 0.4683 0.8512 0.0000
vt 0.4673 0.8983 0.0000
vt 0.4683 0.8895 0.0000
vt 0.4810 0.8427 0.0000
vt 0.4812 0.8512 0.0000
vt 0.4810 0.8981 0.0000
vt 0.4812 0.8895 0.0000
vt 0.4998 0.8431 0.0000
vt 0.4995 0.8512 0.0000
vt 0.4998 0.8976 0.0000
vt 0.4995 0.8895 0.0000
vt 0.5181 0.8512 0.0000
vt 0.5181 0.8895 0.0000
vt 0.5181 0.8438 0.0000
vt 0.5181 0.8970 0.0000
vt 0.5337 0.8441 0.0000
vt 1.2471 0.8895 0.0000
vt 1.2471 0.8512 0.0000
vt 1.2598 0.8895 0.0000
vt 1.2598 0.8512 0.0000
vt 1.2744 0.8895 0.0000
vt 1.2744 0.8512 0.0000
vt 1.2900 0.8895 0.0000
vt 1.2900 0.8512 0.0000
vt 1.3057 0.8895 0.0000
vt 1.3057 0.8512 0.0000
vt 1.3213 0.8895 0.0000
vt 1.3213 0.8512 0.0000
vt 1.3330 0.8895 0.0000
vt 1.3330 0.8512 0.0000
vt 1.3438 0.8895 0.0000
vt 1.3438 0.8512 0.0000
vt 1.3584 0.8895 0.0000
vt 1.3584 0.8512 0.0000
vt 1.3730 0.8895 0.0000
vt 1.3730 0.8512 0.0000
vt 1.3906 0.8895 0.0000
vt 1.3906 0.8512 0.0000
vt 1.4092 0.8895 0.0000
vt 1.4092 0.8512 0.0000
vt 1.4258 0.8895 0.0000
vt 1.4258 0.8512 0.0000
vt 1.4414 0.8895 0.0000
vt 1.4414 0.8512 0.0000
vt 1.4551 0.8895 0.0000
vt 1.4551 0.8512 0.0000
vt 1.4688 0.8895 0.0000
vt 1.4688 0.8512 0.0000
vt 1.4814 0.8895 0.0000
vt 1.4814 0.8512 0.0000
vt 1.4990 0.8895 0.0000
vt 1.4990 0.8512 0.0000
vt 1.5186 0.8895 0.0000
vt 1.5186 0.8512 0.0000
vt 1.5342 0.8895 0.0000
vt 1.5342 0.8512 0.0000
vt 1.5527 0.8895 0.0000
vt 1.5527 0.8512 0.0000
vt 0.8994 0.6975 0.0000
vt 0.8984 0.6653 0.0000
vt 0.8955 0.6816 0.0000
vt 0.9072 0.6506 0.0000
vt 0.9087 0.7109 0.0000
vt 0.9199 0.6414 0.0000
vt 0.9229 0.7200 0.0000
vt 0.9360 0.6370 0.0000
vt 0.9390 0.7229 0.0000
vt 0.9521 0.6392 0.0000
vt 0.9551 0.7197 0.0000
vt 0.9668 0.6472 0.0000
vt 0.9688 0.7104 0.0000
vt 0.9780 0.6956 0.0000
vt 0.9771 0.6604 0.0000
vt 0.9814 0.6763 0.0000
vt 0.5605 0.8511 0.0000
vt 0.5605 0.8895 0.0000
vt 0.5527 0.8895 0.0000
vt 0.5527 0.8511 0.0000
vt 0.2181 0.8894 0.0000
vt 0.2181 0.8512 0.0000
vt 0.1329 0.7205 0.0000
vt 0.1329 0.6570 0.0000
vt 0.1476 0.6565 0.0000
vt 0.1488 0.7205 0.0000
vt 0.1477 0.7847 0.0000
vt 0.1331 0.7844 0.0000
vt 0.7900 0.9945 0.0000
vt 0.7725 0.9950 0.0000
vt 0.7700 0.8055 0.0000
vt 0.7876 0.8060 0.0000
vt 0.7983 0.9943 0.0000
vt 0.7959 0.8063 0.0000
vt 0.8081 0.9972 0.0000
vt 0.8057 0.8033 0.0000
vt 0.8574 0.9953 0.0000
vt 0.8550 0.8054 0.0000
vt 0.9150 0.9930 0.0000
vt 0.9126 0.8077 0.0000
vt 0.9229 0.9939 0.0000
vt 0.9204 0.8068 0.0000
vt 0.9346 0.9945 0.0000
vt 0.9326 0.8063 0.0000
vt 0.9741 0.9891 0.0000
vt 0.9722 0.8118 0.0000
vt 0.9844 0.9861 0.0000
vt 0.9819 0.8147 0.0000
vt 0.9932 0.9764 0.0000
vt 0.9912 0.8245 0.0000
vt 0.9971 0.8919 0.0000
vt 0.9980 0.9634 0.0000
vt 0.9966 0.8374 0.0000
vt 0.7500 0.8079 0.0000
vt 0.7524 0.9927 0.0000
vt 0.7373 0.8136 0.0000
vt 0.7393 0.9869 0.0000
vt 0.7290 0.8312 0.0000
vt 0.7310 0.9693 0.0000
vt 0.7266 0.8445 0.0000
vt 0.7280 0.9560 0.0000
vt 0.7241 0.8632 0.0000
vt 0.7251 0.9373 0.0000
vt 1.6855 0.9880 0.0000
vt 1.7031 0.9856 0.0000
vt 1.7070 0.9804 0.0000
vt 1.6855 0.9693 0.0000
vt 1.7109 0.9576 0.0000
vt 1.7100 0.9110 0.0000
vt 1.6650 0.9810 0.0000
vt 1.6680 0.9871 0.0000
vt 1.6611 0.9579 0.0000
vt 1.6855 0.8895 0.0000
vt 1.6611 0.9112 0.0000
vt 1.7090 0.8682 0.0000
vt 1.6855 0.8120 0.0000
vt 1.6621 0.8683 0.0000
vt 1.7090 0.8298 0.0000
vt 1.6611 0.8298 0.0000
vt 1.7090 0.7954 0.0000
vt 1.6855 0.7784 0.0000
vt 1.6611 0.7954 0.0000
vt 1.7090 0.7787 0.0000
vt 1.6621 0.7786 0.0000
vt 1.7051 0.7742 0.0000
vt 1.6855 0.7738 0.0000
vt 1.6660 0.7742 0.0000
vt 1.4297 0.5850 0.0000
vt 1.4297 0.6150 0.0000
vt 1.4541 0.6152 0.0000
vt 1.4541 0.5854 0.0000
vt 1.4297 0.5613 0.0000
vt 1.4541 0.5620 0.0000
vt 1.5508 0.5771 0.0000
vt 1.5508 0.5962 0.0000
vt 1.5508 0.5586 0.0000
vt 1.4541 0.5374 0.0000
vt 1.5508 0.6194 0.0000
vt 1.5508 0.5374 0.0000
vt 1.4541 0.5232 0.0000
vt 1.5508 0.6392 0.0000
vt 1.5400 0.6572 0.0000
vt 1.4541 0.6563 0.0000
vt 1.5508 0.5232 0.0000
vt 1.5264 0.6663 0.0000
vt 1.5283 0.6685 0.0000
vt 1.5020 0.6790 0.0000
vt 1.5039 0.6824 0.0000
vt 1.4541 0.6833 0.0000
vt 1.4541 0.6877 0.0000
vt 1.2207 0.9041 0.0000
vt 1.2197 0.9975 0.0000
vt 1.2930 0.9971 0.0000
vt 1.2920 0.9036 0.0000
vt 1.4482 0.9962 0.0000
vt 1.4482 0.9026 0.0000
vt 1.4990 0.9956 0.0000
vt 1.4990 0.9022 0.0000
vt 1.5313 0.9956 0.0000
vt 1.5303 0.9021 0.0000
vt 1.4023 0.5645 0.0000
vt 1.4229 0.5637 0.0000
vt 1.4219 0.6572 0.0000
vt 1.4004 0.6572 0.0000
vt 1.3457 0.5693 0.0000
vt 1.3486 0.6572 0.0000
vt 1.3213 0.5781 0.0000
vt 1.3145 0.6570 0.0000
vt 1.3047 0.5852 0.0000
vt 1.2813 0.5928 0.0000
vt 1.2813 0.6558 0.0000
vt 1.2598 0.5981 0.0000
vt 1.2607 0.6567 0.0000
vt 1.2334 0.5996 0.0000
vt 1.2334 0.6565 0.0000
vt 1.2021 0.6563 0.0000
vt 1.2119 0.5918 0.0000
vt 1.1963 0.5793 0.0000
vt 1.1660 0.6543 0.0000
vt 1.1777 0.5632 0.0000
vt 1.1611 0.5623 0.0000
vt 1.1387 0.6545 0.0000
vt 1.1377 0.5620 0.0000
vt 1.1367 0.3623 0.0000
vt 1.1592 0.3628 0.0000
vt 1.1377 0.2969 0.0000
vt 1.1592 0.2969 0.0000
vt 1.1582 0.2637 0.0000
vt 1.1494 0.2568 0.0000
vt 1.1396 0.2563 0.0000
vt 0.5420 0.9014 0.0000
vt 0.5518 0.9011 0.0000
vt 0.5518 0.9232 0.0000
vt 0.5420 0.9232 0.0000
vt 0.5518 0.9254 0.0000
vt 0.5327 0.9232 0.0000
vt 0.5327 0.9011 0.0000
vt 0.5420 0.9254 0.0000
vt 0.5327 0.9254 0.0000
vt 0.5420 0.9275 0.0000
vt 0.5518 0.9277 0.0000
vt 0.5327 0.9277 0.0000
vt 0.5420 0.9385 0.0000
vt 0.5513 0.9385 0.0000
vt 0.5327 0.9385 0.0000
vt 0.5513 0.9529 0.0000
vt 0.5420 0.9529 0.0000
vt 0.5327 0.9529 0.0000
vt 0.5513 0.9561 0.0000
vt 0.5420 0.9561 0.0000
vt 0.5327 0.9561 0.0000
vt 0.5513 0.9593 0.0000
vt 0.5420 0.9593 0.0000
vt 0.5327 0.9593 0.0000
vt 0.5513 0.9977 0.0000
vt 0.5420 0.9977 0.0000
vt 0.5327 0.9977 0.0000
vt 1.2842 0.5366 0.0000
vt 1.2529 0.5513 0.0000
vt 1.2529 0.4893 0.0000
vt 1.2832 0.4858 0.0000
vt 1.2998 0.5217 0.0000
vt 1.2559 0.4849 0.0000
vt 1.2598 0.4814 0.0000
vt 1.2832 0.4805 0.0000
vt 1.3008 0.4810 0.0000
vt 1.3027 0.4873 0.0000
vt 1.3027 0.4839 0.0000
vt 1.3027 0.5227 0.0000
vt 0.1697 0.3389 0.0000
vt 0.1617 0.3389 0.0000
vt 0.1644 0.4648 0.0000
vt 0.1709 0.4648 0.0000
vt 0.1782 0.4648 0.0000
vt 0.1796 0.3389 0.0000
vt 0.2135 0.4395 0.0000
vt 0.2128 0.4639 0.0000
vt 0.2118 0.3389 0.0000
vt 0.2769 0.4385 0.0000
vt 0.2749 0.3389 0.0000
vt 0.4685 0.4341 0.0000
vt 0.4673 0.3389 0.0000
vt 0.0249 0.2617 0.0000
vt 0.0142 0.2617 0.0000
vt 0.0035 0.2617 0.0000
vt 0.5342 0.8512 0.0000
vt 0.5337 0.8966 0.0000
vt 0.5342 0.8895 0.0000
vt 0.5513 0.8430 0.0000
vt 0.5508 0.8978 0.0000
vt 0.9014 0.6453 0.0000
vt 0.8950 0.6409 0.0000
vt 0.8838 0.6599 0.0000
vt 0.9131 0.6274 0.0000
vt 0.8906 0.6626 0.0000
vt 0.9165 0.6340 0.0000
vt 0.8804 0.6821 0.0000
vt 0.8877 0.6819 0.0000
vt 0.9355 0.6292 0.0000
vt 0.9351 0.6218 0.0000
vt 0.8853 0.7039 0.0000
vt 0.8921 0.7007 0.0000
vt 0.9546 0.6316 0.0000
vt 0.9570 0.6245 0.0000
vt 0.8984 0.7222 0.0000
vt 0.9033 0.7168 0.0000
vt 0.9717 0.6414 0.0000
vt 0.9766 0.6355 0.0000
vt 0.9170 0.7341 0.0000
vt 0.9199 0.7273 0.0000
vt 0.9839 0.6567 0.0000
vt 0.9907 0.6531 0.0000
vt 0.9390 0.7383 0.0000
vt 0.9390 0.7310 0.0000
vt 0.9893 0.6755 0.0000
vt 0.9971 0.6753 0.0000
vt 0.9609 0.7339 0.0000
vt 0.9580 0.7271 0.0000
vt 0.9854 0.6985 0.0000
vt 0.9927 0.7024 0.0000
vt 0.9800 0.7217 0.0000
vt 0.9746 0.7161 0.0000
vt 0.8506 0.4082 0.0000
vt 0.8359 0.4082 0.0000
vt 0.8354 0.4395 0.0000
vt 0.8364 0.3843 0.0000
vt 0.8506 0.4395 0.0000
vt 0.8662 0.4395 0.0000
vt 0.8506 0.3721 0.0000
vt 0.8652 0.4077 0.0000
vt 0.8652 0.3843 0.0000
vt 0.8369 0.3599 0.0000
vt 0.8647 0.3604 0.0000
vt 0.8511 0.3311 0.0000
vt 0.8369 0.3403 0.0000
vt 0.8647 0.3403 0.0000
vt 0.8374 0.3213 0.0000
vt 0.8511 0.3047 0.0000
vt 0.8643 0.3213 0.0000
vt 0.8384 0.3057 0.0000
vt 0.8638 0.3062 0.0000
vt 0.8398 0.3027 0.0000
vt 0.8623 0.3027 0.0000
vt 0.8584 0.2998 0.0000
vt 0.8438 0.2998 0.0000
vt 0.8511 0.2988 0.0000
vt 0.0142 0.1558 0.0000
vt 0.0142 0.1235 0.0000
vt 0.0251 0.1235 0.0000
vt 0.0034 0.1235 0.0000
vt 0.0249 0.1558 0.0000
vt 0.0036 0.1558 0.0000
vt 0.9380 0.5049 0.0000
vt 0.9370 0.4995 0.0000
vt 0.9575 0.5000 0.0000
vt 0.9175 0.5076 0.0000
vt 0.9570 0.5049 0.0000
vt 0.9199 0.5120 0.0000
vt 0.9771 0.5081 0.0000
vt 0.9023 0.5222 0.0000
vt 0.9746 0.5125 0.0000
vt 0.9063 0.5254 0.0000
vt 0.9917 0.5229 0.0000
vt 0.9878 0.5261 0.0000
vt 0.8989 0.5430 0.0000
vt 0.8945 0.5415 0.0000
vt 0.9995 0.5422 0.0000
vt 0.9951 0.5439 0.0000
vt 0.8940 0.5623 0.0000
vt 0.8989 0.5623 0.0000
vt 0.9995 0.5632 0.0000
vt 0.9951 0.5630 0.0000
vt 0.9019 0.5818 0.0000
vt 0.9058 0.5798 0.0000
vt 0.9912 0.5825 0.0000
vt 0.9873 0.5806 0.0000
vt 0.9194 0.5935 0.0000
vt 0.9165 0.5967 0.0000
vt 0.9761 0.5972 0.0000
vt 0.9741 0.5940 0.0000
vt 0.9370 0.6011 0.0000
vt 0.9360 0.6047 0.0000
vt 0.9570 0.6050 0.0000
vt 0.9561 0.6003 0.0000
vt 0.0334 0.0317 0.0000
vt 0.0178 0.0498 0.0000
vt 0.0086 0.0449 0.0000
vt 0.0025 0.0732 0.0000
vt 0.0267 0.0234 0.0000
vt 0.0577 0.0220 0.0000
vt 0.0466 0.0732 0.0000
vt 0.0129 0.0732 0.0000
vt 0.0181 0.0967 0.0000
vt 0.0089 0.1016 0.0000
vt 0.0338 0.1147 0.0000
vt 0.0535 0.0117 0.0000
vt 0.0826 0.0200 0.0000
vt 0.0828 0.0728 0.0000
vt 0.0582 0.1240 0.0000
vt 0.0272 0.1230 0.0000
vt 0.0983 0.0020 0.0000
vt 0.0915 0.0273 0.0000
vt 0.0540 0.1343 0.0000
vt 0.0831 0.1260 0.0000
vt 0.0927 0.0728 0.0000
vt 0.0919 0.1182 0.0000
vt 0.0983 0.0298 0.0000
vt 0.0989 0.1436 0.0000
vt 0.0987 0.1157 0.0000
vt 0.0986 0.0728 0.0000
vt 0.1043 0.0728 0.0000
vt 0.1051 0.0273 0.0000
vt 0.1055 0.1182 0.0000
vt 0.1138 0.0728 0.0000
vt 0.1135 0.0195 0.0000
vt 0.1140 0.1260 0.0000
vt 0.1469 0.1343 0.0000
vt 0.1428 0.1235 0.0000
vt 0.1423 0.0215 0.0000
vt 0.1552 0.0728 0.0000
vt 0.1761 0.1226 0.0000
vt 0.1697 0.1138 0.0000
vt 0.1462 0.0107 0.0000
vt 0.1758 0.0225 0.0000
vt 0.1693 0.0308 0.0000
vt 0.1937 0.1006 0.0000
vt 0.1844 0.0957 0.0000
vt 0.1843 0.0488 0.0000
vt 0.1902 0.0723 0.0000
vt 0.1935 0.0439 0.0000
vt 0.2004 0.0723 0.0000
# 1415 texture coords

o ShotgunReceiver_0
g ShotgunReceiver_0
usemtl Material_000001
s 1
f 1/1/1 2/2/1 3/3/2 
f 2/2/1 1/1/1 4/4/3 
f 3/3/2 2/2/1 5/5/2 
f 4/4/3 6/6/1 2/2/1 
f 5/5/2 2/2/1 6/6/1 
f 5/5/2 7/7/2 3/3/2 
f 8/8/2 3/3/2 7/7/2 
f 7/7/2 9/9/1 8/8/2 
f 10/10/4 9/9/1 7/7/2 
f 7/7/2 11/11/4 10/10/4 
f 12/12/5 13/13/6 14/14/7 
f 14/14/7 3/15/5 12/12/5 
f 8/16/8 15/17/8 12/12/8 
f 12/12/8 3/15/8 8/16/8 
f 16/18/9 11/19/10 7/20/10 
f 7/20/10 17/21/9 16/18/9 
f 16/18/9 17/21/9 18/22/11 
f 18/22/11 19/23/11 16/18/9 
f 20/24/12 10/25/12 11/19/12 
f 11/19/12 16/18/12 20/24/12 
f 20/24/12 16/18/12 19/23/12 
f 19/23/12 21/26/12 20/24/12 
f 22/27/13 23/28/14 24/29/15 
f 24/29/15 25/30/16 22/27/13 
f 25/30/16 24/29/15 13/31/17 
f 13/31/17 26/32/18 25/30/16 
f 27/33/19 25/30/16 26/32/18 
f 25/30/16 27/33/19 28/34/20 
f 22/27/13 25/30/16 28/34/20 
f 26/32/18 29/35/21 27/33/19 
f 29/35/21 26/32/18 30/36/22 
f 28/34/20 31/37/23 22/27/13 
f 30/36/22 32/38/24 29/35/21 
f 32/38/24 30/36/22 33/39/25 
f 22/27/13 31/37/23 34/40/26 
f 33/39/25 35/41/27 32/38/24 
f 22/27/13 34/40/26 36/42/28 
f 36/42/28 37/43/29 22/27/13 
f 37/43/29 36/42/28 38/44/30 
f 38/44/30 36/42/28 39/45/31 
f 37/43/29 38/44/30 40/46/32 
f 38/44/30 39/45/31 41/47/33 
f 41/47/33 40/46/32 38/44/30 
f 40/46/32 42/48/34 37/43/29 
f 43/49/35 42/48/34 40/46/32 
f 40/46/32 41/47/33 43/49/35 
f 44/50/36 45/51/37 46/52/38 
f 46/52/38 47/53/39 44/50/36 
f 48/54/40 44/50/36 47/53/39 
f 47/53/39 49/55/11 48/54/40 
f 50/56/41 48/54/40 49/55/11 
f 49/55/11 51/57/42 50/56/41 
f 52/58/43 50/56/41 51/57/42 
f 51/57/42 53/59/44 52/58/43 
f 54/60/45 55/61/46 43/62/47 
f 43/62/47 56/63/48 54/60/45 
f 56/63/48 43/62/47 41/64/49 
f 41/64/49 57/65/50 56/63/48 
f 57/65/50 41/64/49 39/66/51 
f 39/66/51 58/67/52 57/65/50 
f 58/67/52 39/66/51 36/68/53 
f 58/67/52 36/68/53 34/69/54 
f 34/69/54 59/70/55 58/67/52 
f 59/70/55 34/69/54 31/71/56 
f 31/71/56 60/72/57 59/70/55 
f 60/72/57 31/71/56 28/73/58 
f 28/73/58 61/74/59 60/72/57 
f 62/75/60 61/74/59 28/73/58 
f 28/73/58 27/76/61 62/75/60 
f 62/75/60 27/76/61 29/77/60 
f 63/78/57 62/75/60 29/77/60 
f 29/77/60 32/79/62 63/78/57 
f 63/78/57 32/79/62 35/80/59 
f 46/81/63 63/78/57 35/80/59 
f 35/80/59 47/82/64 46/81/63 
f 49/83/65 47/82/64 35/80/59 
f 35/80/59 64/84/65 49/83/65 
f 51/85/63 49/83/65 64/84/65 
f 64/84/65 65/86/63 51/85/63 
f 51/85/63 65/86/63 66/87/60 
f 66/87/60 67/88/60 51/85/63 
f 51/85/63 67/88/60 53/89/60 
f 68/90/66 22/91/59 37/92/66 
f 37/92/66 69/93/64 68/90/66 
f 69/93/64 70/94/66 68/90/66 
f 69/93/64 37/92/66 42/95/66 
f 71/96/67 70/94/66 69/93/64 
f 69/93/64 72/97/64 71/96/67 
f 73/98/68 72/97/64 69/93/64 
f 69/93/64 74/99/69 73/98/68 
f 75/100/70 74/99/69 69/93/64 
f 75/100/70 69/93/64 42/95/66 
f 75/100/70 42/95/66 43/101/57 
f 52/102/71 53/103/72 67/104/73 
f 67/104/73 76/105/74 52/102/71 
f 77/106/75 76/105/74 67/104/73 
f 67/104/73 66/107/76 77/106/75 
f 78/108/77 77/106/75 66/107/76 
f 78/108/77 79/109/45 77/106/75 
f 66/107/76 65/110/77 78/108/77 
f 80/111/78 78/108/77 65/110/77 
f 65/110/77 64/112/79 80/111/78 
f 33/113/80 80/111/78 64/112/79 
f 64/112/79 35/114/80 33/113/80 
f 30/1/59 26/115/65 81/3/81 
f 81/3/81 82/2/59 30/1/59 
f 33/4/64 30/1/59 82/2/59 
f 78/5/81 82/2/59 81/3/81 
f 82/2/59 80/6/59 33/4/64 
f 78/5/81 80/6/59 82/2/59 
f 81/3/81 18/7/81 78/5/81 
f 18/7/81 81/3/81 83/8/81 
f 83/8/81 84/9/59 18/7/81 
f 18/7/81 84/9/59 21/10/59 
f 21/10/59 19/11/59 18/7/81 
f 12/12/5 81/15/5 26/14/82 
f 26/14/82 13/13/6 12/12/5 
f 83/16/8 81/15/8 12/12/8 
f 12/12/8 15/17/8 83/16/8 
f 85/116/67 86/117/83 87/118/84 
f 87/118/84 88/119/85 85/116/67 
f 85/116/67 88/119/85 89/120/86 
f 89/120/86 90/121/60 85/116/67 
f 87/118/84 91/122/87 88/119/85 
f 91/122/87 87/118/84 92/123/88 
f 93/124/89 89/120/86 88/119/85 
f 88/119/85 94/125/90 93/124/89 
f 94/125/90 88/119/85 91/122/87 
f 90/121/60 89/120/86 95/126/91 
f 96/127/92 95/126/91 89/120/86 
f 89/120/86 93/124/89 96/127/92 
f 95/126/91 97/128/93 90/121/60 
f 92/123/88 98/129/94 91/122/87 
f 99/130/95 91/122/87 98/129/94 
f 91/122/87 99/130/95 94/125/90 
f 96/127/92 93/124/89 100/131/96 
f 101/132/97 100/131/96 93/124/89 
f 93/124/89 94/125/90 101/132/97 
f 102/133/98 94/125/90 99/130/95 
f 101/132/97 94/125/90 102/133/98 
f 103/134/99 97/128/93 95/126/91 
f 95/126/91 104/135/100 103/134/99 
f 105/136/101 104/135/100 95/126/91 
f 95/126/91 96/127/92 105/136/101 
f 100/131/96 106/137/102 96/127/92 
f 96/127/92 106/137/102 107/138/103 
f 107/138/103 105/136/101 96/127/92 
f 108/139/104 102/133/98 99/130/95 
f 98/129/94 109/140/105 99/130/95 
f 99/130/95 109/140/105 108/139/104 
f 109/140/105 98/129/94 92/141/88 
f 102/133/98 110/142/106 101/132/97 
f 111/143/107 103/134/99 104/135/100 
f 104/135/100 112/144/108 111/143/107 
f 113/145/109 112/144/108 104/135/100 
f 104/135/100 105/136/101 113/145/109 
f 105/136/101 107/138/103 114/146/110 
f 114/146/110 113/145/109 105/136/101 
f 92/141/88 108/147/104 109/140/105 
f 115/148/111 111/143/107 112/144/108 
f 112/144/108 116/149/112 115/148/111 
f 116/149/112 112/144/108 113/145/109 
f 113/145/109 117/150/113 116/149/112 
f 118/151/114 117/150/113 113/145/109 
f 113/145/109 114/146/110 118/151/114 
f 116/149/112 117/150/113 118/152/114 
f 118/152/114 115/153/111 116/149/112 
f 115/154/115 118/155/116 114/156/117 
f 114/156/117 111/157/118 115/154/115 
f 111/157/118 114/156/117 107/158/119 
f 107/158/119 103/159/120 111/157/118 
f 103/159/120 107/158/119 106/160/121 
f 106/160/121 97/161/122 103/159/120 
f 97/161/122 106/160/121 100/162/123 
f 100/162/123 90/163/124 97/161/122 
f 90/163/124 100/162/123 101/164/125 
f 101/164/125 85/165/125 90/163/124 
f 85/165/125 101/164/125 110/166/125 
f 110/166/125 86/167/125 85/165/125 
f 86/168/83 110/169/106 102/170/98 
f 102/170/98 87/171/84 86/168/83 
f 92/172/88 87/171/84 102/170/98 
f 102/170/98 108/173/104 92/172/88 
f 119/174/126 120/175/127 121/176/128 
f 121/176/128 122/177/129 119/174/126 
f 123/178/130 119/174/126 122/177/129 
f 124/179/131 122/177/129 121/176/128 
f 121/176/128 125/180/132 124/179/131 
f 122/177/129 126/181/133 123/178/130 
f 127/182/134 126/181/133 122/177/129 
f 122/177/129 124/179/131 127/182/134 
f 128/183/135 123/178/130 126/181/133 
f 126/181/133 129/184/136 128/183/135 
f 130/185/137 129/184/136 126/181/133 
f 126/181/133 127/182/134 130/185/137 
f 131/186/1 128/183/135 129/184/136 
f 129/184/136 132/187/138 131/186/1 
f 133/188/139 132/187/138 129/184/136 
f 129/184/136 130/185/137 133/188/139 
f 134/189/140 131/186/1 132/187/138 
f 132/187/138 135/190/141 134/189/140 
f 136/191/142 135/190/141 132/187/138 
f 132/187/138 133/188/139 136/191/142 
f 137/192/143 134/189/140 135/190/141 
f 135/190/141 138/193/144 137/192/143 
f 139/194/145 138/193/144 135/190/141 
f 135/190/141 136/191/142 139/194/145 
f 140/195/146 137/192/143 138/193/144 
f 138/193/144 141/196/147 140/195/146 
f 142/197/148 141/196/147 138/193/144 
f 138/193/144 139/194/145 142/197/148 
f 143/198/121 140/195/146 141/196/147 
f 141/196/147 144/199/149 143/198/121 
f 145/200/150 144/199/149 141/196/147 
f 141/196/147 142/197/148 145/200/150 
f 146/201/151 143/198/121 144/199/149 
f 144/199/149 147/202/152 146/201/151 
f 148/203/153 147/202/152 144/199/149 
f 144/199/149 145/200/150 148/203/153 
f 149/204/154 146/201/151 147/202/152 
f 147/202/152 150/205/155 149/204/154 
f 151/206/156 150/205/155 147/202/152 
f 147/202/152 148/203/153 151/206/156 
f 152/207/157 149/204/154 150/205/155 
f 150/205/155 153/208/158 152/207/157 
f 154/209/159 153/208/158 150/205/155 
f 150/205/155 151/206/156 154/209/159 
f 155/210/59 152/207/157 153/208/158 
f 153/208/158 156/211/160 155/210/59 
f 157/212/161 156/211/160 153/208/158 
f 153/208/158 154/209/159 157/212/161 
f 158/213/162 155/210/59 156/211/160 
f 156/211/160 159/214/163 158/213/162 
f 160/215/164 159/214/163 156/211/160 
f 156/211/160 157/212/161 160/215/164 
f 161/216/165 158/213/162 159/214/163 
f 159/214/163 162/217/166 161/216/165 
f 163/218/167 162/217/166 159/214/163 
f 159/214/163 160/215/164 163/218/167 
f 164/219/168 161/216/165 162/217/166 
f 162/217/166 165/220/169 164/219/168 
f 166/221/170 165/220/169 162/217/166 
f 162/217/166 163/218/167 166/221/170 
f 120/222/127 164/219/168 165/220/169 
f 165/220/169 121/223/128 120/222/127 
f 125/224/132 121/223/128 165/220/169 
f 165/220/169 166/221/170 125/224/132 
f 167/225/171 168/226/172 169/227/173 
f 169/227/173 170/228/174 167/225/171 
f 170/228/174 169/227/173 171/229/175 
f 167/225/171 170/228/174 172/230/176 
f 172/230/176 173/231/177 167/225/171 
f 174/232/178 172/230/176 170/228/174 
f 171/229/175 175/233/179 170/228/174 
f 170/228/174 175/233/179 174/232/178 
f 175/233/179 171/229/175 176/234/180 
f 177/235/181 178/236/182 179/237/1 
f 179/237/1 180/238/1 177/235/181 
f 177/235/181 180/238/1 181/239/1 
f 180/238/1 179/237/1 182/240/4 
f 183/241/1 181/239/1 180/238/1 
f 184/242/183 180/238/1 182/240/4 
f 182/240/4 185/243/184 184/242/183 
f 184/242/183 186/244/185 180/238/1 
f 186/244/185 184/242/183 187/245/186 
f 187/245/186 184/242/183 185/243/184 
f 180/238/1 188/246/1 183/241/1 
f 189/247/187 180/238/1 186/244/185 
f 188/246/1 180/238/1 189/247/187 
f 188/246/1 190/248/181 183/241/1 
f 185/243/184 191/249/188 187/245/186 
f 187/245/186 192/250/189 186/244/185 
f 186/244/185 193/251/190 189/247/187 
f 193/251/190 186/244/185 192/250/189 
f 192/250/189 187/245/186 194/252/191 
f 194/252/191 187/245/186 191/249/188 
f 190/248/181 188/246/1 195/253/192 
f 191/249/188 196/254/193 194/252/191 
f 194/252/191 197/255/194 192/250/189 
f 192/250/189 198/256/195 193/251/190 
f 192/250/189 197/255/194 198/256/195 
f 197/255/194 194/252/191 199/257/196 
f 199/257/196 194/252/191 196/254/193 
f 199/257/196 200/258/197 197/255/194 
f 198/256/195 197/255/194 200/258/197 
f 193/251/190 198/256/195 201/259/198 
f 202/260/199 189/247/187 193/251/190 
f 193/251/190 201/259/198 202/260/199 
f 196/254/193 203/261/200 199/257/196 
f 200/258/197 204/262/201 198/256/195 
f 201/259/198 198/256/195 205/263/202 
f 198/256/195 204/262/201 205/263/202 
f 206/264/203 200/258/197 199/257/196 
f 200/258/197 206/264/203 204/262/201 
f 199/257/196 207/265/204 206/264/203 
f 207/265/204 199/257/196 203/261/200 
f 208/266/205 202/260/199 201/259/198 
f 201/259/198 209/267/206 208/266/205 
f 201/259/198 205/263/202 209/267/206 
f 203/261/200 210/268/207 207/265/204 
f 211/269/208 204/262/201 206/264/203 
f 212/270/209 205/263/202 204/262/201 
f 204/262/201 211/269/208 212/270/209 
f 213/271/210 209/267/206 205/263/202 
f 205/263/202 212/270/209 213/271/210 
f 214/272/211 206/264/203 207/265/204 
f 206/264/203 214/272/211 211/269/208 
f 207/265/204 215/273/212 214/272/211 
f 215/273/212 207/265/204 210/268/207 
f 216/274/213 209/267/206 213/271/210 
f 216/274/213 208/266/205 209/267/206 
f 217/275/214 212/270/209 211/269/208 
f 212/270/209 217/275/214 213/271/210 
f 218/276/215 213/271/210 217/275/214 
f 213/271/210 218/276/215 216/274/213 
f 219/277/216 214/272/211 215/273/212 
f 214/272/211 219/277/216 211/269/208 
f 211/269/208 220/278/217 217/275/214 
f 220/278/217 211/269/208 219/277/216 
f 210/268/207 221/279/218 215/273/212 
f 215/273/212 222/280/219 219/277/216 
f 222/280/219 215/273/212 221/279/218 
f 223/281/220 219/277/216 222/280/219 
f 219/277/216 223/281/220 220/278/217 
f 224/282/221 218/276/215 217/275/214 
f 225/283/222 217/275/214 220/278/217 
f 217/275/214 225/283/222 224/282/221 
f 218/276/215 224/282/221 226/284/223 
f 226/284/223 227/285/224 218/276/215 
f 218/276/215 227/285/224 216/274/213 
f 220/278/217 228/286/225 225/283/222 
f 228/286/225 220/278/217 229/287/226 
f 223/281/220 229/287/226 220/278/217 
f 229/287/226 223/281/220 230/288/227 
f 222/280/219 230/288/227 223/281/220 
f 221/279/218 231/289/228 222/280/219 
f 230/288/227 222/280/219 231/289/228 
f 232/290/229 224/282/221 225/283/222 
f 233/291/230 226/284/223 224/282/221 
f 224/282/221 232/290/229 233/291/230 
f 225/283/222 234/292/231 232/290/229 
f 234/292/231 225/283/222 228/286/225 
f 229/287/226 235/293/232 228/286/225 
f 228/286/225 236/294/233 234/292/231 
f 236/294/233 228/286/225 235/293/232 
f 237/295/234 235/293/232 229/287/226 
f 230/288/227 238/296/235 229/287/226 
f 229/287/226 238/296/235 237/295/234 
f 231/289/228 239/297/236 230/288/227 
f 238/296/235 230/288/227 239/297/236 
f 232/290/229 234/292/231 240/298/237 
f 234/292/231 236/294/233 240/298/237 
f 235/293/232 241/299/238 236/294/233 
f 241/299/238 235/293/232 237/295/234 
f 240/298/237 236/294/233 242/300/239 
f 241/299/238 242/300/239 236/294/233 
f 240/298/237 243/301/240 232/290/229 
f 244/302/241 233/291/230 232/290/229 
f 232/290/229 243/301/240 244/302/241 
f 239/297/236 245/303/242 238/296/235 
f 237/295/234 238/296/235 245/303/242 
f 243/301/240 240/298/237 246/304/243 
f 242/300/239 246/304/243 240/298/237 
f 246/304/243 247/305/244 243/301/240 
f 244/302/241 243/301/240 247/305/244 
f 242/300/239 241/299/238 248/306/245 
f 241/299/238 237/295/234 249/307/246 
f 249/307/246 248/306/245 241/299/238 
f 248/306/245 250/308/247 242/300/239 
f 247/305/244 251/309/248 244/302/241 
f 251/309/248 247/305/244 252/310/249 
f 253/311/250 250/308/247 248/306/245 
f 248/306/245 254/312/251 253/311/250 
f 254/312/251 248/306/245 249/307/246 
f 245/303/242 255/313/252 237/295/234 
f 256/314/253 249/307/246 237/295/234 
f 237/295/234 255/313/252 256/314/253 
f 257/315/254 258/316/255 259/317/256 
f 259/317/256 260/318/257 257/315/254 
f 261/319/258 257/315/254 260/318/257 
f 260/318/257 262/320/259 261/319/258 
f 257/315/254 261/319/258 263/321/260 
f 263/321/260 258/322/255 257/315/254 
f 261/319/258 262/320/259 264/323/261 
f 264/323/261 265/324/262 261/319/258 
f 263/321/260 261/319/258 265/324/262 
f 265/324/262 266/325/263 263/321/260 
f 265/324/262 264/323/261 267/326/264 
f 267/326/264 268/327/265 265/324/262 
f 266/325/263 265/324/262 268/327/265 
f 268/327/265 269/328/266 266/325/263 
f 270/329/267 268/327/265 267/326/264 
f 269/328/266 268/327/265 270/329/267 
f 267/326/264 271/330/268 270/329/267 
f 270/329/267 272/331/269 269/328/266 
f 270/329/267 271/330/268 273/332/270 
f 273/332/270 272/333/269 270/329/267 
f 274/334/271 178/335/272 177/336/273 
f 177/336/273 275/337/274 274/334/271 
f 276/338/275 275/337/274 177/336/273 
f 177/336/273 181/339/276 276/338/275 
f 277/340/277 276/338/275 181/339/276 
f 181/339/276 183/341/278 277/340/277 
f 278/342/279 277/340/277 183/341/278 
f 183/341/278 190/343/280 278/342/279 
f 272/344/281 278/342/279 190/343/280 
f 273/345/282 278/342/279 272/344/281 
f 190/343/280 195/346/283 272/344/281 
f 269/347/284 272/344/281 195/346/283 
f 195/346/283 279/348/285 269/347/284 
f 269/347/284 279/348/285 280/349/286 
f 280/349/286 266/350/287 269/347/284 
f 281/351/288 266/350/287 280/349/286 
f 266/350/287 281/351/288 282/352/289 
f 282/352/289 263/353/290 266/350/287 
f 178/354/291 274/355/36 283/356/292 
f 283/356/292 179/357/293 178/354/291 
f 182/358/294 179/357/293 283/356/292 
f 283/356/292 284/359/295 182/358/294 
f 182/358/294 284/359/295 285/360/296 
f 285/360/296 185/361/296 182/358/294 
f 286/362/296 185/361/296 285/360/296 
f 285/360/296 287/363/177 286/362/296 
f 191/364/296 185/361/296 286/362/296 
f 196/365/296 191/364/296 286/362/296 
f 203/366/296 196/365/296 286/362/296 
f 210/367/296 203/366/296 286/362/296 
f 221/368/296 210/367/296 286/362/296 
f 255/369/177 286/362/296 287/363/177 
f 287/363/177 256/370/297 255/369/177 
f 255/369/177 245/371/296 286/362/296 
f 245/371/296 239/372/296 286/362/296 
f 239/372/296 231/373/296 286/362/296 
f 231/373/296 221/368/296 286/362/296 
f 227/285/224 288/374/298 216/274/213 
f 289/375/299 216/274/213 288/374/298 
f 288/374/298 290/376/300 289/375/299 
f 216/274/213 289/375/299 208/266/205 
f 291/377/301 289/375/299 290/376/300 
f 292/378/302 208/266/205 289/375/299 
f 289/375/299 291/377/301 292/378/302 
f 290/376/300 293/379/303 291/377/301 
f 202/260/199 208/266/205 292/378/302 
f 292/378/302 294/380/304 202/260/199 
f 189/247/187 202/260/199 294/380/304 
f 294/380/304 295/381/305 189/247/187 
f 296/382/306 189/247/187 295/381/305 
f 189/247/187 296/382/306 188/246/1 
f 295/381/305 297/383/307 296/382/306 
f 296/382/306 297/383/307 298/384/308 
f 298/384/308 299/385/309 296/382/306 
f 300/386/310 188/246/1 296/382/306 
f 296/382/306 299/385/309 300/386/310 
f 299/385/309 298/384/308 301/387/311 
f 302/388/312 300/386/310 299/385/309 
f 299/385/309 303/389/313 302/388/312 
f 301/387/311 303/389/313 299/385/309 
f 302/388/312 303/389/313 301/387/311 
f 188/246/1 300/386/310 279/390/314 
f 279/390/314 195/253/192 188/246/1 
f 301/387/311 304/391/315 302/388/312 
f 300/386/310 302/388/312 305/392/316 
f 305/392/316 302/388/312 304/391/315 
f 280/393/317 279/390/314 300/386/310 
f 300/386/310 306/394/318 280/393/317 
f 305/392/316 306/394/318 300/386/310 
f 304/391/315 307/395/319 305/392/316 
f 308/396/188 306/394/318 305/392/316 
f 309/397/320 305/392/316 307/395/319 
f 305/392/316 309/397/320 308/396/188 
f 306/394/318 308/396/188 281/398/321 
f 281/398/321 280/393/317 306/394/318 
f 307/395/319 310/399/322 309/397/320 
f 282/400/323 281/398/321 308/396/188 
f 308/396/188 311/401/324 282/400/323 
f 311/401/324 308/396/188 309/397/320 
f 309/397/320 312/402/325 311/401/324 
f 313/403/326 312/402/325 309/397/320 
f 309/397/320 310/399/322 313/403/326 
f 314/404/5 311/401/324 312/402/325 
f 258/405/327 311/401/324 314/404/5 
f 258/405/327 282/400/323 311/401/324 
f 282/400/323 258/405/327 263/406/328 
f 312/402/325 315/407/329 314/404/5 
f 316/408/330 315/407/329 312/402/325 
f 312/402/325 313/403/326 316/408/330 
f 314/404/5 259/409/331 258/405/327 
f 253/410/71 317/411/332 318/412/333 
f 318/412/333 250/413/334 253/410/71 
f 242/414/335 250/413/334 318/412/333 
f 318/412/333 319/415/336 242/414/335 
f 246/416/337 242/414/335 319/415/336 
f 319/415/336 320/417/338 246/416/337 
f 247/418/339 246/416/337 320/417/338 
f 320/417/338 321/419/340 247/418/339 
f 252/420/341 247/418/339 321/419/340 
f 321/419/340 322/421/342 252/420/341 
f 252/422/343 322/423/344 323/424/345 
f 323/424/345 251/425/346 252/422/343 
f 251/425/346 323/424/345 324/426/347 
f 324/426/347 244/427/348 251/425/346 
f 233/428/349 244/427/348 324/426/347 
f 324/426/347 325/429/350 233/428/349 
f 226/430/351 233/428/349 325/429/350 
f 325/429/350 326/431/352 226/430/351 
f 226/430/351 326/431/352 327/432/353 
f 327/432/353 227/433/354 226/430/351 
f 288/434/355 227/433/354 327/432/353 
f 327/432/353 328/435/356 288/434/355 
f 290/436/357 288/434/355 328/435/356 
f 328/435/356 293/437/358 290/436/357 
f 329/438/59 330/439/359 331/440/360 
f 332/441/361 174/232/178 175/233/179 
f 175/233/179 333/442/362 332/441/361 
f 176/234/180 333/442/362 175/233/179 
f 333/442/362 176/234/180 334/443/106 
f 335/444/2 332/441/361 333/442/362 
f 333/442/362 336/445/363 335/444/2 
f 334/443/106 336/445/363 333/442/362 
f 336/445/363 334/443/106 337/446/364 
f 338/447/365 335/444/2 336/445/363 
f 336/445/363 339/448/366 338/447/365 
f 337/446/364 339/448/366 336/445/363 
f 339/448/366 337/446/364 340/449/367 
f 341/450/368 338/447/365 339/448/366 
f 339/448/366 342/451/369 341/450/368 
f 340/449/367 342/451/369 339/448/366 
f 342/451/369 340/449/367 343/452/370 
f 344/453/371 341/450/368 342/451/369 
f 342/451/369 345/454/372 344/453/371 
f 343/452/370 345/454/372 342/451/369 
f 345/454/372 343/452/370 346/455/373 
f 347/456/374 344/453/371 345/454/372 
f 345/454/372 348/457/375 347/456/374 
f 346/455/373 348/457/375 345/454/372 
f 348/457/375 346/455/373 349/458/376 
f 350/459/377 347/456/374 348/457/375 
f 348/457/375 351/460/378 350/459/377 
f 349/458/376 351/460/378 348/457/375 
f 351/460/378 349/458/376 352/461/379 
f 353/462/380 350/459/377 351/460/378 
f 351/460/378 354/463/381 353/462/380 
f 352/461/379 354/463/381 351/460/378 
f 354/463/381 352/461/379 355/464/382 
f 356/465/383 353/462/380 354/463/381 
f 354/463/381 357/466/384 356/465/383 
f 355/464/382 357/466/384 354/463/381 
f 357/466/384 355/464/382 358/467/385 
f 359/468/81 356/465/383 357/466/384 
f 357/466/384 360/469/386 359/468/81 
f 358/467/385 360/469/386 357/466/384 
f 360/469/386 358/467/385 361/470/387 
f 362/471/388 359/468/81 360/469/386 
f 360/469/386 363/472/389 362/471/388 
f 361/470/387 363/472/389 360/469/386 
f 363/472/389 361/470/387 364/473/390 
f 365/474/391 362/471/388 363/472/389 
f 363/472/389 366/475/392 365/474/391 
f 364/473/390 366/475/392 363/472/389 
f 366/475/392 364/473/390 367/476/393 
f 368/477/394 365/474/391 366/475/392 
f 366/475/392 369/478/395 368/477/394 
f 367/476/393 369/478/395 366/475/392 
f 369/478/395 367/476/393 168/479/172 
f 173/480/177 368/477/394 369/478/395 
f 168/479/172 167/481/171 369/478/395 
f 369/478/395 167/481/171 173/480/177 
f 349/482/396 346/483/396 343/484/396 
f 349/482/396 343/484/396 340/485/396 
f 340/485/396 352/486/396 349/482/396 
f 352/486/396 340/485/396 337/487/396 
f 337/487/396 355/488/396 352/486/396 
f 355/488/396 337/487/396 334/489/396 
f 334/489/396 358/490/396 355/488/396 
f 358/490/396 334/489/396 176/491/396 
f 176/491/396 361/492/396 358/490/396 
f 361/492/396 176/491/396 171/493/396 
f 171/493/396 364/494/396 361/492/396 
f 364/494/396 171/493/396 169/495/396 
f 169/495/396 367/496/396 364/494/396 
f 169/495/396 168/497/396 367/496/396 
f 370/498/46 371/499/46 372/500/397 
f 372/500/397 373/501/398 370/498/46 
f 374/502/399 373/501/398 372/500/397 
f 375/503/400 374/502/399 372/500/397 
f 376/504/401 373/501/398 374/502/399 
f 374/502/399 375/503/400 377/505/402 
f 377/505/402 378/506/46 374/502/399 
f 374/502/399 378/506/46 379/507/403 
f 379/507/403 376/504/401 374/502/399 
f 380/508/404 378/506/46 377/505/402 
f 381/509/46 378/506/46 380/508/404 
f 382/510/77 378/506/46 381/509/46 
f 382/510/77 379/507/403 378/506/46 
f 380/508/404 383/511/405 381/509/46 
f 381/509/46 384/512/406 382/510/77 
f 381/509/46 383/511/405 385/513/407 
f 385/513/407 386/514/408 381/509/46 
f 387/515/409 384/512/406 381/509/46 
f 381/509/46 386/514/408 387/515/409 
f 388/516/410 386/514/408 385/513/407 
f 389/517/46 386/514/408 388/516/410 
f 390/518/411 386/514/408 389/517/46 
f 390/518/411 387/515/409 386/514/408 
f 388/516/410 391/519/412 389/517/46 
f 389/517/46 392/520/413 390/518/411 
f 371/521/414 370/522/415 393/523/416 
f 393/523/416 394/524/417 371/521/414 
f 394/524/417 393/523/416 395/525/418 
f 395/525/418 396/526/419 394/524/417 
f 397/527/420 396/526/419 395/525/418 
f 395/525/418 398/528/421 397/527/420 
f 399/529/422 397/527/420 398/528/421 
f 398/528/421 400/530/423 399/529/422 
f 401/531/424 399/529/422 400/530/423 
f 400/530/423 402/532/425 401/531/424 
f 403/533/426 401/531/424 402/532/425 
f 402/532/425 404/534/427 403/533/426 
f 405/535/428 403/533/426 404/534/427 
f 404/534/427 406/536/429 405/535/428 
f 407/537/430 405/535/428 406/536/429 
f 403/538/426 405/535/428 407/537/430 
f 407/537/430 401/539/424 403/538/426 
f 406/536/429 408/540/431 407/537/430 
f 409/541/432 407/537/430 408/540/431 
f 401/539/424 407/537/430 409/541/432 
f 408/540/431 406/536/429 404/542/427 
f 409/541/432 399/543/422 401/539/424 
f 408/540/431 410/544/433 409/541/432 
f 410/544/433 408/540/431 402/545/425 
f 404/542/427 402/545/425 408/540/431 
f 411/546/434 409/541/432 410/544/433 
f 399/543/422 409/541/432 411/546/434 
f 411/546/434 397/547/420 399/543/422 
f 410/544/433 412/548/435 411/546/434 
f 402/545/425 400/549/423 410/544/433 
f 412/548/435 410/544/433 400/549/423 
f 413/550/436 411/546/434 412/548/435 
f 396/551/419 397/547/420 411/546/434 
f 411/546/434 413/550/436 396/551/419 
f 400/549/423 398/552/421 412/548/435 
f 412/548/435 414/553/437 413/550/436 
f 412/548/435 398/552/421 395/554/418 
f 395/554/418 414/553/437 412/548/435 
f 415/555/438 413/550/436 414/553/437 
f 396/551/419 413/550/436 416/556/439 
f 416/556/439 413/550/436 417/557/440 
f 415/555/438 417/557/440 413/550/436 
f 416/556/439 394/558/417 396/551/419 
f 414/553/437 418/559/441 415/555/438 
f 419/560/442 415/555/438 418/559/441 
f 417/557/440 415/555/438 419/560/442 
f 418/559/441 414/553/437 420/561/443 
f 421/562/444 420/561/443 414/553/437 
f 421/562/444 414/553/437 395/554/418 
f 418/559/441 422/563/445 419/560/442 
f 422/563/445 418/559/441 420/561/443 
f 395/554/418 393/564/416 421/562/444 
f 371/565/414 394/558/417 416/556/439 
f 416/556/439 417/557/440 375/566/446 
f 416/556/439 372/567/447 371/565/414 
f 375/566/446 372/567/447 416/556/439 
f 377/568/448 375/566/446 417/557/440 
f 417/557/440 423/569/449 377/568/448 
f 419/560/442 423/569/449 417/557/440 
f 424/570/450 419/560/442 422/563/445 
f 423/569/449 419/560/442 424/570/450 
f 422/563/445 425/571/451 424/570/450 
f 425/571/451 422/563/445 426/572/452 
f 420/561/443 426/572/452 422/563/445 
f 379/573/453 426/572/452 420/561/443 
f 376/574/454 420/561/443 421/562/444 
f 420/561/443 376/574/454 379/573/453 
f 421/562/444 393/564/416 370/575/415 
f 380/576/455 377/568/448 423/569/449 
f 423/569/449 427/577/456 380/576/455 
f 424/570/450 427/577/456 423/569/449 
f 428/578/457 424/570/450 425/571/451 
f 427/577/456 424/570/450 428/578/457 
f 425/571/451 429/579/458 428/578/457 
f 429/579/458 425/571/451 430/580/459 
f 426/572/452 430/580/459 425/571/451 
f 382/581/460 430/580/459 426/572/452 
f 426/572/452 379/573/453 382/581/460 
f 383/582/461 380/576/455 427/577/456 
f 427/577/456 431/583/462 383/582/461 
f 428/578/457 431/583/462 427/577/456 
f 432/584/463 431/583/462 428/578/457 
f 432/584/463 428/578/457 429/579/458 
f 431/583/462 432/584/463 385/585/464 
f 385/585/464 383/582/461 431/583/462 
f 429/579/458 433/586/465 432/584/463 
f 430/580/459 434/587/466 429/579/458 
f 433/586/465 429/579/458 434/587/466 
f 430/580/459 382/581/460 384/588/467 
f 384/588/467 434/587/466 430/580/459 
f 387/589/468 433/586/465 434/587/466 
f 434/587/466 384/588/467 387/589/468 
f 388/590/469 385/585/464 432/584/463 
f 432/584/463 435/591/470 388/590/469 
f 435/591/470 432/584/463 433/586/465 
f 433/586/465 436/592/471 435/591/470 
f 433/586/465 387/589/468 390/593/472 
f 390/593/472 436/592/471 433/586/465 
f 391/594/473 388/590/469 435/591/470 
f 435/591/470 437/595/474 391/594/473 
f 435/591/470 436/592/471 438/596/475 
f 438/596/475 437/595/474 435/591/470 
f 392/597/476 438/596/475 436/592/471 
f 436/592/471 390/593/472 392/597/476 
f 439/598/477 391/594/473 437/595/474 
f 437/595/474 440/599/478 439/598/477 
f 437/595/474 438/596/475 441/600/479 
f 441/600/479 440/599/478 437/595/474 
f 442/601/480 441/600/479 438/596/475 
f 438/596/475 392/597/476 442/601/480 
f 443/602/481 439/598/477 440/599/478 
f 440/599/478 441/600/479 444/603/482 
f 444/603/482 445/604/483 440/599/478 
f 440/599/478 445/604/483 443/602/481 
f 441/600/479 442/601/480 446/605/484 
f 446/605/484 444/603/482 441/600/479 
f 447/606/485 443/602/481 445/604/483 
f 444/603/482 446/605/484 448/607/486 
f 448/607/486 449/608/487 444/603/482 
f 445/604/483 444/603/482 449/608/487 
f 445/604/483 450/609/488 447/606/485 
f 449/608/487 450/609/488 445/604/483 
f 451/610/489 447/606/485 450/609/488 
f 449/608/487 448/607/486 452/611/490 
f 452/611/490 453/612/491 449/608/487 
f 450/609/488 449/608/487 453/612/491 
f 453/612/491 454/613/492 450/609/488 
f 450/609/488 454/613/492 451/610/489 
f 455/614/493 451/610/489 454/613/492 
f 453/612/491 452/611/490 456/615/494 
f 456/615/494 457/616/495 453/612/491 
f 454/613/492 453/612/491 457/616/495 
f 454/613/492 458/617/496 455/614/493 
f 457/616/495 458/617/496 454/613/492 
f 459/618/497 455/614/493 458/617/496 
f 457/616/495 456/615/494 460/619/498 
f 460/619/498 461/620/499 457/616/495 
f 458/617/496 457/616/495 461/620/499 
f 461/620/499 462/621/500 458/617/496 
f 458/617/496 462/621/500 459/618/497 
f 463/622/501 459/618/497 462/621/500 
f 461/620/499 460/619/498 464/623/502 
f 464/623/502 465/624/503 461/620/499 
f 462/621/500 461/620/499 465/624/503 
f 462/621/500 466/625/504 463/622/501 
f 465/624/503 466/625/504 462/621/500 
f 467/626/505 463/622/501 466/625/504 
f 465/624/503 464/623/502 467/626/505 
f 467/626/505 468/627/506 465/624/503 
f 465/624/503 468/627/506 466/625/504 
f 466/625/504 468/627/506 467/626/505 
f 421/562/444 373/628/507 376/574/454 
f 370/575/415 373/628/507 421/562/444 
f 464/629/502 463/630/501 467/631/505 
f 463/630/501 464/629/502 460/632/498 
f 460/632/498 459/633/497 463/630/501 
f 455/634/493 459/633/497 460/632/498 
f 460/632/498 456/635/494 455/634/493 
f 455/634/493 456/635/494 452/636/490 
f 452/636/490 451/637/489 455/634/493 
f 451/637/489 452/636/490 448/638/486 
f 448/638/486 447/639/485 451/637/489 
f 331/440/360 469/640/59 329/438/59 
f 469/640/59 470/641/59 329/438/59 
f 331/440/360 471/642/59 469/640/59 
f 469/640/59 471/642/59 472/643/59 
f 470/641/59 469/640/59 473/644/508 
f 473/644/508 474/645/509 470/641/59 
f 473/644/508 469/640/59 475/646/510 
f 476/647/511 473/644/508 475/646/510 
f 474/645/509 473/644/508 476/647/511 
f 472/643/59 477/648/59 469/640/59 
f 475/646/510 469/640/59 478/649/512 
f 478/649/512 469/640/59 477/648/59 
f 477/648/59 472/643/59 479/650/360 
f 476/647/511 480/651/513 474/645/509 
f 475/646/510 481/652/514 476/647/511 
f 478/649/512 482/653/515 475/646/510 
f 481/652/514 475/646/510 482/653/515 
f 483/654/516 476/647/511 481/652/514 
f 480/651/513 476/647/511 483/654/516 
f 479/650/360 484/655/62 477/648/59 
f 483/654/516 485/656/517 480/651/513 
f 481/652/514 486/657/518 483/654/516 
f 482/653/515 487/658/519 481/652/514 
f 481/652/514 487/658/519 486/657/518 
f 488/659/520 483/654/516 486/657/518 
f 485/656/517 483/654/516 488/659/520 
f 486/657/518 489/660/521 488/659/520 
f 489/660/521 486/657/518 487/658/519 
f 482/653/515 490/661/522 487/658/519 
f 491/662/523 490/661/522 482/653/515 
f 482/653/515 478/649/512 491/662/523 
f 488/659/520 492/663/524 485/656/517 
f 487/658/519 493/664/525 489/660/521 
f 490/661/522 494/665/526 487/658/519 
f 487/658/519 494/665/526 493/664/525 
f 488/659/520 489/660/521 495/666/527 
f 489/660/521 493/664/525 495/666/527 
f 495/666/527 496/667/528 488/659/520 
f 492/663/524 488/659/520 496/667/528 
f 490/661/522 491/662/523 497/668/529 
f 497/668/529 498/669/530 490/661/522 
f 490/661/522 498/669/530 494/665/526 
f 496/667/528 499/670/338 492/663/524 
f 495/666/527 493/664/525 500/671/531 
f 501/672/532 500/671/531 493/664/525 
f 493/664/525 494/665/526 501/672/532 
f 502/673/533 501/672/532 494/665/526 
f 494/665/526 498/669/530 502/673/533 
f 496/667/528 495/666/527 503/674/534 
f 500/671/531 503/674/534 495/666/527 
f 503/674/534 504/675/535 496/667/528 
f 499/670/338 496/667/528 504/675/535 
f 502/673/533 498/669/530 505/676/536 
f 505/676/536 498/669/530 497/668/529 
f 500/671/531 501/672/532 506/677/537 
f 501/672/532 502/673/533 506/677/537 
f 507/678/538 506/677/537 502/673/533 
f 505/676/536 507/678/538 502/673/533 
f 504/675/535 503/674/534 508/679/539 
f 503/674/534 500/671/531 508/679/539 
f 506/677/537 509/680/540 500/671/531 
f 508/679/539 500/671/531 509/680/540 
f 504/675/535 510/681/541 499/670/338 
f 508/679/539 511/682/542 504/675/535 
f 510/681/541 504/675/535 511/682/542 
f 511/682/542 508/679/539 512/683/543 
f 509/680/540 512/683/543 508/679/539 
f 506/677/537 507/678/538 513/684/544 
f 513/684/544 514/685/545 506/677/537 
f 509/680/540 506/677/537 514/685/545 
f 515/686/546 513/684/544 507/678/538 
f 507/678/538 505/676/536 516/687/547 
f 507/678/538 516/687/547 515/686/546 
f 514/685/545 517/688/548 509/680/540 
f 518/689/549 509/680/540 517/688/548 
f 512/683/543 509/680/540 518/689/549 
f 519/690/550 512/683/543 518/689/549 
f 512/683/543 519/690/550 511/682/542 
f 511/682/542 520/691/551 510/681/541 
f 520/691/551 511/682/542 519/690/550 
f 514/685/545 513/684/544 521/692/552 
f 513/684/544 515/686/546 522/693/553 
f 522/693/553 521/692/552 513/684/544 
f 521/692/552 523/694/554 514/685/545 
f 517/688/548 514/685/545 523/694/554 
f 517/688/548 524/695/555 518/689/549 
f 523/694/554 525/696/556 517/688/548 
f 524/695/555 517/688/548 525/696/556 
f 518/689/549 524/695/555 526/697/557 
f 518/689/549 527/698/558 519/690/550 
f 526/697/557 527/698/558 518/689/549 
f 519/690/550 528/699/559 520/691/551 
f 528/699/559 519/690/550 527/698/558 
f 529/700/560 523/694/554 521/692/552 
f 523/694/554 529/700/560 525/696/556 
f 525/696/556 530/701/561 524/695/555 
f 530/701/561 526/697/557 524/695/555 
f 531/702/562 525/696/556 529/700/560 
f 530/701/561 525/696/556 531/702/562 
f 521/692/552 532/703/563 529/700/560 
f 521/692/552 522/693/553 533/704/564 
f 533/704/564 532/703/563 521/692/552 
f 527/698/558 534/705/565 528/699/559 
f 534/705/565 527/698/558 526/697/557 
f 535/706/566 529/700/560 532/703/563 
f 529/700/560 535/706/566 531/702/562 
f 532/703/563 536/707/567 535/706/566 
f 536/707/567 532/703/563 533/704/564 
f 537/708/568 530/701/561 531/702/562 
f 249/709/246 526/697/557 530/701/561 
f 530/701/561 537/708/568 249/709/246 
f 531/702/562 538/710/569 537/708/568 
f 533/704/564 539/711/570 536/707/567 
f 539/711/570 540/712/571 536/707/567 
f 537/708/568 538/710/569 253/713/250 
f 253/713/250 254/714/251 537/708/568 
f 254/714/251 249/709/246 537/708/568 
f 526/697/557 541/715/572 534/705/565 
f 526/697/557 249/709/246 256/716/253 
f 256/716/253 541/715/572 526/697/557 
f 259/717/256 542/718/573 543/719/574 
f 543/719/574 260/720/257 259/717/256 
f 260/720/257 543/719/574 544/721/575 
f 544/721/575 262/722/259 260/720/257 
f 264/723/261 262/722/259 544/721/575 
f 544/721/575 545/724/576 264/723/261 
f 546/725/577 544/721/575 543/719/574 
f 545/724/576 544/721/575 546/725/577 
f 543/719/574 542/726/573 546/725/577 
f 267/727/264 264/723/261 545/724/576 
f 545/724/576 547/728/578 267/727/264 
f 546/725/577 548/729/579 545/724/576 
f 547/728/578 545/724/576 548/729/579 
f 267/727/264 547/728/578 549/730/580 
f 548/729/579 550/731/581 547/728/578 
f 549/730/580 547/728/578 550/731/581 
f 549/730/580 271/732/268 267/727/264 
f 550/731/581 551/733/582 549/730/580 
f 273/734/270 271/732/268 549/730/580 
f 549/730/580 551/735/582 273/734/270 
f 331/736/583 330/737/584 274/738/271 
f 274/738/271 275/739/274 331/736/583 
f 331/736/583 275/739/274 276/740/275 
f 276/740/275 471/741/585 331/736/583 
f 471/741/585 276/740/275 277/742/277 
f 277/742/277 472/743/586 471/741/585 
f 472/743/586 277/742/277 278/744/279 
f 278/744/279 479/745/587 472/743/586 
f 479/745/587 278/744/279 551/746/588 
f 273/747/282 551/746/588 278/744/279 
f 551/746/588 484/748/589 479/745/587 
f 484/748/589 551/746/588 550/749/590 
f 550/749/590 552/750/591 484/748/589 
f 553/751/592 552/750/591 550/749/590 
f 550/749/590 548/752/593 553/751/592 
f 554/753/594 553/751/592 548/752/593 
f 555/754/595 554/753/594 548/752/593 
f 548/752/593 546/755/596 555/754/595 
f 283/756/292 274/757/36 330/758/597 
f 330/758/597 329/759/293 283/756/292 
f 283/756/292 329/759/293 470/760/294 
f 470/760/294 284/761/295 283/756/292 
f 285/762/296 284/761/295 470/760/294 
f 470/760/294 474/763/296 285/762/296 
f 285/762/296 474/763/296 556/764/296 
f 556/764/296 287/765/177 285/762/296 
f 480/766/296 556/764/296 474/763/296 
f 485/767/296 556/764/296 480/766/296 
f 492/768/296 556/764/296 485/767/296 
f 499/769/296 556/764/296 492/768/296 
f 510/770/296 556/764/296 499/769/296 
f 287/765/177 556/764/296 541/771/177 
f 541/771/177 256/772/297 287/765/177 
f 541/771/177 556/764/296 534/773/296 
f 534/773/296 556/764/296 528/774/296 
f 528/774/296 556/764/296 520/775/296 
f 520/775/296 556/764/296 510/770/296 
f 516/687/547 505/676/536 557/776/598 
f 557/776/598 505/676/536 558/777/599 
f 505/676/536 497/668/529 558/777/599 
f 558/777/599 559/778/600 557/776/598 
f 559/778/600 558/777/599 560/779/601 
f 558/777/599 497/668/529 561/780/602 
f 561/780/602 560/779/601 558/777/599 
f 561/780/602 497/668/529 491/662/523 
f 560/779/601 562/781/603 559/778/600 
f 491/662/523 563/782/604 561/780/602 
f 563/782/604 491/662/523 478/649/512 
f 478/649/512 564/783/605 563/782/604 
f 564/783/605 478/649/512 565/784/606 
f 477/648/59 565/784/606 478/649/512 
f 565/784/606 566/785/607 564/783/605 
f 567/786/608 566/785/607 565/784/606 
f 565/784/606 568/787/609 567/786/608 
f 569/788/610 568/787/609 565/784/606 
f 565/784/606 477/648/59 569/788/610 
f 570/789/611 567/786/608 568/787/609 
f 568/787/609 569/788/610 571/790/612 
f 568/787/609 572/791/613 570/789/611 
f 571/790/612 572/791/613 568/787/609 
f 570/789/611 572/791/613 571/790/612 
f 552/792/614 569/788/610 477/648/59 
f 477/648/59 484/655/62 552/792/614 
f 571/790/612 573/793/615 570/789/611 
f 574/794/616 571/790/612 569/788/610 
f 573/793/615 571/790/612 574/794/616 
f 569/788/610 552/792/614 553/795/617 
f 553/795/617 575/796/618 569/788/610 
f 569/788/610 575/796/618 574/794/616 
f 574/794/616 576/797/619 573/793/615 
f 574/794/616 575/796/618 577/798/513 
f 576/797/619 574/794/616 578/799/620 
f 577/798/513 578/799/620 574/794/616 
f 554/800/621 577/798/513 575/796/618 
f 575/796/618 553/795/617 554/800/621 
f 578/799/620 579/801/622 576/797/619 
f 577/798/513 554/800/621 555/802/623 
f 578/799/620 577/798/513 580/803/624 
f 555/802/623 580/803/624 577/798/513 
f 580/803/624 581/804/625 578/799/620 
f 578/799/620 581/804/625 582/805/626 
f 582/805/626 579/801/622 578/799/620 
f 581/804/625 580/803/624 314/806/5 
f 314/806/5 580/803/624 542/807/627 
f 542/807/627 580/803/624 555/802/623 
f 555/802/623 546/808/628 542/807/627 
f 314/806/5 315/809/329 581/804/625 
f 581/804/625 315/809/329 316/810/330 
f 316/810/330 582/805/626 581/804/625 
f 542/807/627 259/811/331 314/806/5 
f 583/812/629 317/813/332 253/814/71 
f 253/814/71 538/815/630 583/812/629 
f 583/812/629 538/815/630 531/816/631 
f 531/816/631 584/817/632 583/812/629 
f 584/817/632 531/816/631 535/818/633 
f 535/818/633 585/819/207 584/817/632 
f 585/819/207 535/818/633 536/820/634 
f 536/820/634 586/821/635 585/819/207 
f 586/821/635 536/820/634 540/822/636 
f 540/822/636 587/823/637 586/821/635 
f 588/824/638 587/825/639 540/826/640 
f 540/826/640 539/827/641 588/824/638 
f 589/828/642 588/824/638 539/827/641 
f 539/827/641 533/829/643 589/828/642 
f 589/828/642 533/829/643 522/830/644 
f 522/830/644 590/831/645 589/828/642 
f 590/831/645 522/830/644 515/832/646 
f 515/832/646 591/833/647 590/831/645 
f 592/834/648 591/833/647 515/832/646 
f 515/832/646 516/835/649 592/834/648 
f 592/834/648 516/835/649 557/836/650 
f 557/836/650 593/837/651 592/834/648 
f 593/837/651 557/836/650 559/838/652 
f 559/838/652 562/839/653 593/837/651 
f 594/840/654 595/841/655 596/842/656 
f 596/842/656 597/843/657 594/840/654 
f 447/639/485 448/638/486 446/844/484 
f 446/844/484 443/845/481 447/639/485 
f 443/845/481 446/844/484 442/846/480 
f 442/846/480 439/847/477 443/845/481 
f 439/847/477 442/846/480 389/848/658 
f 389/848/658 442/846/480 392/849/476 
f 439/847/477 389/848/658 391/850/473 
f 598/851/659 599/852/660 600/853/661 
f 601/854/662 599/852/660 598/851/659 
f 598/851/659 602/855/663 601/854/662 
f 600/853/661 603/856/664 598/851/659 
f 602/855/663 598/851/659 604/857/665 
f 604/857/665 598/851/659 603/856/664 
f 603/856/664 600/853/661 605/858/666 
f 604/857/665 606/859/667 602/855/663 
f 603/856/664 607/860/668 604/857/665 
f 607/860/668 608/861/669 604/857/665 
f 606/859/667 604/857/665 608/861/669 
f 605/858/666 609/862/670 603/856/664 
f 603/856/664 609/862/670 610/863/671 
f 610/863/671 607/860/668 603/856/664 
f 609/862/670 605/858/666 611/864/672 
f 611/864/672 612/865/673 609/862/670 
f 610/863/671 609/862/670 612/865/673 
f 608/861/669 613/866/192 606/859/667 
f 614/867/674 607/860/668 610/863/671 
f 608/861/669 607/860/668 615/868/675 
f 615/868/675 607/860/668 614/867/674 
f 615/868/675 616/869/676 608/861/669 
f 613/866/192 608/861/669 616/869/676 
f 612/865/673 617/870/677 610/863/671 
f 614/867/674 610/863/671 617/870/677 
f 616/869/676 618/871/192 613/866/192 
f 618/871/192 616/869/676 619/872/678 
f 615/868/675 619/872/678 616/869/676 
f 617/870/677 620/873/62 614/867/674 
f 614/867/674 621/874/679 615/868/675 
f 621/874/679 614/867/674 620/873/62 
f 619/872/678 615/868/675 622/875/680 
f 622/875/680 615/868/675 623/876/681 
f 623/876/681 615/868/675 621/874/679 
f 623/876/681 621/874/679 624/877/62 
f 620/873/62 624/877/62 621/874/679 
f 619/872/678 625/878/682 618/871/192 
f 622/875/680 626/879/683 619/872/678 
f 625/878/682 619/872/678 626/879/683 
f 623/876/681 627/880/684 622/875/680 
f 624/877/62 628/881/56 623/876/681 
f 627/880/684 623/876/681 628/881/56 
f 626/879/683 629/882/685 625/878/682 
f 622/875/680 630/883/686 626/879/683 
f 629/882/685 626/879/683 630/883/686 
f 631/884/687 622/875/680 627/880/684 
f 631/884/687 627/880/684 632/885/688 
f 628/881/56 632/885/688 627/880/684 
f 633/886/689 630/883/686 622/875/680 
f 622/875/680 634/887/690 633/886/689 
f 622/875/680 631/884/687 635/888/691 
f 635/888/691 634/887/690 622/875/680 
f 636/889/692 630/883/686 633/886/689 
f 630/883/686 636/889/692 629/882/685 
f 635/888/691 631/884/687 637/890/693 
f 632/885/688 637/890/693 631/884/687 
f 633/886/689 634/887/690 638/891/694 
f 638/891/694 634/887/690 635/888/691 
f 633/886/689 639/892/695 636/889/692 
f 638/891/694 639/892/695 633/886/689 
f 635/888/691 640/893/696 638/891/694 
f 637/890/693 640/893/696 635/888/691 
f 641/894/697 316/895/698 642/896/699 
f 642/896/699 316/895/698 643/897/700 
f 642/896/699 644/898/701 641/894/697 
f 644/898/701 642/896/699 645/899/45 
f 645/899/45 642/896/699 646/900/702 
f 643/897/700 646/900/702 642/896/699 
f 641/894/697 644/898/701 647/901/703 
f 645/899/45 647/901/703 644/898/701 
f 647/901/703 648/902/704 641/894/697 
f 649/903/705 646/900/702 643/897/700 
f 646/900/702 649/903/705 645/899/45 
f 648/902/704 647/901/703 650/904/706 
f 650/904/706 647/901/703 645/899/45 
f 643/897/700 651/905/707 649/903/705 
f 652/906/708 649/903/705 651/905/707 
f 645/899/45 649/903/705 652/906/708 
f 652/906/708 653/907/331 645/899/45 
f 645/899/45 653/907/331 650/904/706 
f 650/904/706 654/908/709 648/902/704 
f 654/908/709 650/904/706 655/909/710 
f 653/907/331 655/909/710 650/904/706 
f 651/905/707 656/910/711 652/906/708 
f 657/911/712 652/906/708 656/910/711 
f 652/906/708 657/911/712 653/907/331 
f 655/909/710 658/912/713 654/908/709 
f 658/912/713 655/909/710 659/913/714 
f 659/913/714 655/909/710 653/907/331 
f 653/907/331 657/911/712 660/914/715 
f 660/914/715 661/915/716 653/907/331 
f 653/907/331 661/915/716 659/913/714 
f 660/914/715 657/911/712 662/916/717 
f 656/910/711 662/916/717 657/911/712 
f 659/913/714 663/917/718 658/912/713 
f 663/917/718 659/913/714 664/918/719 
f 661/915/716 664/918/719 659/913/714 
f 662/916/717 665/919/720 660/914/715 
f 666/920/721 660/914/715 665/919/720 
f 660/914/715 666/920/721 661/915/716 
f 667/921/722 661/915/716 666/920/721 
f 664/918/719 661/915/716 667/921/722 
f 664/918/719 668/922/718 663/917/718 
f 668/922/718 664/918/719 669/923/723 
f 667/921/722 669/923/723 664/918/719 
f 665/919/720 670/924/720 666/920/721 
f 671/925/724 666/920/721 670/924/720 
f 666/920/721 671/925/724 667/921/722 
f 669/923/723 672/926/725 668/922/718 
f 673/927/726 672/926/725 669/923/723 
f 669/923/723 674/928/727 673/927/726 
f 674/928/727 669/923/723 667/921/722 
f 674/928/727 667/921/722 675/929/728 
f 675/929/728 667/921/722 676/930/729 
f 671/925/724 676/930/729 667/921/722 
f 673/927/726 674/928/727 677/931/730 
f 675/929/728 677/931/730 674/928/727 
f 670/924/720 678/932/731 671/925/724 
f 671/925/724 678/932/731 679/933/732 
f 679/933/732 676/930/729 671/925/724 
f 680/934/733 676/930/729 679/933/732 
f 676/930/729 680/934/733 675/929/728 
f 677/931/730 681/935/734 673/927/726 
f 677/931/730 675/929/728 682/936/14 
f 682/936/14 681/935/734 677/931/730 
f 683/937/735 682/936/14 675/929/728 
f 675/929/728 680/934/733 683/937/735 
f 679/933/732 683/937/735 680/934/733 
f 594/938/654 597/939/657 684/940/736 
f 684/940/736 685/941/737 594/938/654 
f 686/942/738 685/941/737 684/940/736 
f 687/943/739 684/940/736 597/939/657 
f 688/944/740 684/940/736 687/943/739 
f 684/940/736 688/944/740 686/942/738 
f 597/939/657 689/945/741 687/943/739 
f 595/946/655 686/942/738 688/944/740 
f 690/947/742 687/943/739 689/945/741 
f 691/948/743 687/943/739 690/947/742 
f 687/943/739 691/948/743 688/944/740 
f 688/944/740 596/949/656 595/946/655 
f 596/949/656 688/944/740 691/948/743 
f 689/945/741 692/950/744 690/947/742 
f 693/951/745 690/947/742 692/950/744 
f 694/952/746 690/947/742 693/951/745 
f 690/947/742 694/952/746 691/948/743 
f 691/948/743 695/953/747 596/949/656 
f 695/953/747 691/948/743 694/952/746 
f 692/950/744 696/954/748 693/951/745 
f 694/952/746 697/955/749 695/953/747 
f 693/951/745 698/956/750 694/952/746 
f 697/955/749 694/952/746 698/956/750 
f 693/951/745 696/954/748 699/957/751 
f 699/957/751 700/958/752 693/951/745 
f 698/956/750 693/951/745 700/958/752 
f 698/956/750 701/959/753 697/955/749 
f 701/959/753 698/956/750 702/960/754 
f 700/958/752 702/960/754 698/956/750 
f 700/958/752 699/957/751 703/961/755 
f 703/961/755 704/962/756 700/958/752 
f 702/960/754 700/958/752 704/962/756 
f 702/960/754 705/963/757 701/959/753 
f 706/964/758 705/963/757 702/960/754 
f 704/962/756 707/965/759 702/960/754 
f 702/960/754 707/965/759 706/964/758 
f 704/962/756 703/961/755 708/966/760 
f 708/966/760 709/967/761 704/962/756 
f 707/965/759 704/962/756 709/967/761 
f 710/968/762 706/964/758 707/965/759 
f 707/965/759 711/969/763 710/968/762 
f 709/967/761 711/969/763 707/965/759 
f 709/967/761 708/966/760 712/970/764 
f 712/970/764 713/971/765 709/967/761 
f 711/969/763 709/967/761 713/971/765 
f 714/972/766 710/968/762 711/969/763 
f 711/969/763 715/973/767 714/972/766 
f 713/971/765 715/973/767 711/969/763 
f 713/971/765 712/970/764 716/974/768 
f 716/974/768 717/975/769 713/971/765 
f 715/973/767 713/971/765 717/975/769 
f 718/976/770 714/972/766 715/973/767 
f 715/973/767 719/977/771 718/976/770 
f 717/975/769 719/977/771 715/973/767 
f 717/975/769 716/974/768 720/978/772 
f 720/978/772 721/979/773 717/975/769 
f 719/977/771 717/975/769 721/979/773 
f 722/980/774 718/976/770 719/977/771 
f 719/977/771 723/981/775 722/980/774 
f 721/979/773 723/981/775 719/977/771 
f 724/982/776 721/979/773 720/978/772 
f 723/981/775 721/979/773 724/982/776 
f 722/980/774 723/981/775 725/983/777 
f 724/982/776 725/983/777 723/981/775 
f 720/978/772 726/984/778 724/982/776 
f 727/985/779 724/982/776 726/984/778 
f 725/983/777 724/982/776 727/985/779 
f 725/983/777 728/986/780 722/980/774 
f 728/986/780 725/983/777 729/987/781 
f 727/985/779 729/987/781 725/983/777 
f 726/984/778 730/988/782 727/985/779 
f 731/989/783 727/985/779 730/988/782 
f 729/987/781 727/985/779 731/989/783 
f 729/987/781 732/990/784 728/986/780 
f 732/990/784 729/987/781 733/991/785 
f 731/989/783 733/991/785 729/987/781 
f 730/988/782 734/992/786 731/989/783 
f 731/989/783 734/992/786 735/993/787 
f 733/991/785 731/989/783 736/994/788 
f 735/993/787 736/994/788 731/989/783 
f 733/991/785 737/995/789 732/990/784 
f 738/996/790 737/995/789 733/991/785 
f 736/994/788 739/997/791 733/991/785 
f 733/991/785 739/997/791 738/996/790 
f 736/994/788 735/993/787 740/998/792 
f 740/998/792 741/999/793 736/994/788 
f 739/997/791 736/994/788 741/999/793 
f 742/1000/794 738/996/790 739/997/791 
f 739/997/791 743/1001/795 742/1000/794 
f 741/999/793 743/1001/795 739/997/791 
f 741/999/793 740/998/792 744/1002/796 
f 744/1002/796 745/1003/797 741/999/793 
f 743/1001/795 741/999/793 745/1003/797 
f 746/1004/798 742/1000/794 743/1001/795 
f 743/1001/795 747/1005/799 746/1004/798 
f 745/1003/797 747/1005/799 743/1001/795 
f 745/1003/797 744/1002/796 748/1006/800 
f 748/1006/800 749/1007/801 745/1003/797 
f 747/1005/799 745/1003/797 749/1007/801 
f 750/1008/802 746/1004/798 747/1005/799 
f 747/1005/799 751/1009/803 750/1008/802 
f 749/1007/801 751/1009/803 747/1005/799 
f 749/1007/801 748/1006/800 752/1010/804 
f 752/1010/804 753/1011/805 749/1007/801 
f 751/1009/803 749/1007/801 753/1011/805 
f 754/1012/806 750/1008/802 751/1009/803 
f 751/1009/803 755/1013/807 754/1012/806 
f 753/1011/805 755/1013/807 751/1009/803 
f 753/1011/805 752/1010/804 756/1014/808 
f 756/1014/808 757/1015/809 753/1011/805 
f 755/1013/807 753/1011/805 757/1015/809 
f 758/1016/810 754/1012/806 755/1013/807 
f 755/1013/807 759/1017/811 758/1016/810 
f 757/1015/809 759/1017/811 755/1013/807 
f 760/1018/812 757/1015/809 756/1014/808 
f 759/1017/811 757/1015/809 760/1018/812 
f 758/1016/810 759/1017/811 761/1019/813 
f 760/1018/812 761/1019/813 759/1017/811 
f 756/1014/808 762/1020/814 760/1018/812 
f 761/1019/813 763/1021/815 758/1016/810 
f 760/1018/812 762/1020/814 764/1022/816 
f 597/843/657 596/842/656 695/1023/747 
f 695/1023/747 689/1024/741 597/843/657 
f 689/1024/741 695/1023/747 697/1025/749 
f 697/1025/749 692/1026/744 689/1024/741 
f 692/1026/744 697/1025/749 701/1027/753 
f 701/1027/753 696/1028/748 692/1026/744 
f 696/1028/748 701/1027/753 705/1029/757 
f 705/1029/757 699/1030/751 696/1028/748 
f 699/1030/751 705/1029/757 706/1031/758 
f 706/1031/758 703/1032/755 699/1030/751 
f 703/1032/755 706/1031/758 710/1033/762 
f 710/1033/762 708/1034/760 703/1032/755 
f 708/1034/760 710/1033/762 714/1035/766 
f 714/1035/766 712/1036/764 708/1034/760 
f 712/1036/764 714/1035/766 718/1037/770 
f 718/1037/770 716/1038/768 712/1036/764 
f 716/1038/768 718/1037/770 722/1039/774 
f 722/1039/774 720/1040/772 716/1038/768 
f 720/1040/772 722/1039/774 728/1041/780 
f 728/1041/780 726/1042/778 720/1040/772 
f 726/1042/778 728/1041/780 732/1043/784 
f 732/1043/784 730/1044/782 726/1042/778 
f 730/1044/782 732/1043/784 737/1045/789 
f 737/1045/789 734/1046/786 730/1044/782 
f 734/1046/786 737/1045/789 738/1047/790 
f 738/1047/790 735/1048/787 734/1046/786 
f 735/1048/787 738/1047/790 742/1049/794 
f 742/1049/794 740/1050/792 735/1048/787 
f 740/1050/792 742/1049/794 746/1051/798 
f 746/1051/798 744/1052/796 740/1050/792 
f 744/1052/796 746/1051/798 750/1053/802 
f 750/1053/802 748/1054/800 744/1052/796 
f 748/1054/800 750/1053/802 754/1055/806 
f 754/1055/806 752/1056/804 748/1054/800 
f 752/1056/804 754/1055/806 758/1057/810 
f 758/1057/810 756/1058/808 752/1056/804 
f 756/1058/808 758/1057/810 763/1059/815 
f 763/1059/815 762/1060/814 756/1058/808 
f 762/1060/814 763/1059/815 765/1061/817 
f 765/1061/817 764/1062/816 762/1060/814 
f 764/1062/816 765/1061/817 766/1063/818 
f 766/1063/818 767/1064/819 764/1062/816 
f 768/1065/296 769/1066/296 770/1067/296 
f 771/1068/296 769/1066/296 768/1065/296 
f 768/1065/296 772/1069/296 771/1068/296 
f 773/1070/296 771/1068/296 772/1069/296 
f 772/1069/296 774/1071/296 773/1070/296 
f 775/1072/296 773/1070/296 774/1071/296 
f 774/1071/296 776/1073/296 775/1072/296 
f 777/1074/296 775/1072/296 776/1073/296 
f 776/1073/296 778/1075/296 777/1074/296 
f 779/1076/296 777/1074/296 778/1075/296 
f 778/1075/296 780/1077/296 779/1076/296 
f 779/1076/296 780/1077/296 781/1078/296 
f 781/1078/296 782/1079/296 779/1076/296 
f 782/1079/296 781/1078/296 783/1080/296 
f 784/1065/296 785/1067/296 786/1066/296 
f 784/1065/296 786/1066/296 787/1068/296 
f 787/1068/296 788/1069/296 784/1065/296 
f 788/1069/296 787/1068/296 789/1070/296 
f 789/1070/296 790/1071/296 788/1069/296 
f 790/1071/296 789/1070/296 791/1072/296 
f 791/1072/296 792/1073/296 790/1071/296 
f 792/1073/296 791/1072/296 793/1074/296 
f 793/1074/296 794/1075/296 792/1073/296 
f 794/1075/296 793/1074/296 795/1076/296 
f 795/1076/296 796/1077/296 794/1075/296 
f 797/1078/296 796/1077/296 795/1076/296 
f 795/1076/296 798/1079/296 797/1078/296 
f 798/1079/296 799/1080/296 797/1078/296 
f 767/1081/150 766/1082/150 800/1083/150 
f 800/1083/150 801/1084/150 767/1081/150 
f 685/941/820 686/942/820 595/1085/820 
f 595/1085/820 594/1086/820 685/941/820 
f 802/1087/821 611/1088/822 605/1089/823 
f 605/1089/823 600/1090/824 802/1087/821 
f 802/1087/821 600/1090/824 599/1091/825 
f 599/1091/825 601/1092/826 802/1087/821 
f 291/1093/301 293/1094/303 562/1095/603 
f 562/1095/603 560/1096/601 291/1093/301 
f 292/1097/302 291/1093/301 560/1096/601 
f 560/1096/601 561/1098/602 292/1097/302 
f 294/1099/304 292/1097/302 561/1098/602 
f 561/1098/602 563/1100/604 294/1099/304 
f 295/1101/305 294/1099/304 563/1100/604 
f 563/1100/604 564/1102/605 295/1101/305 
f 297/1103/307 295/1101/305 564/1102/605 
f 564/1102/605 566/1104/607 297/1103/307 
f 298/1105/308 297/1103/307 566/1104/607 
f 566/1104/607 567/1106/608 298/1105/308 
f 301/1107/311 298/1105/308 567/1106/608 
f 567/1106/608 570/1108/611 301/1107/311 
f 304/1109/315 301/1107/311 570/1108/611 
f 570/1108/611 573/1110/615 304/1109/315 
f 307/1111/319 304/1109/315 573/1110/615 
f 573/1110/615 576/1112/619 307/1111/319 
f 310/1113/322 307/1111/319 576/1112/619 
f 576/1112/619 579/1114/622 310/1113/322 
f 316/1115/330 310/1113/322 579/1114/622 
f 316/1115/330 313/1116/326 310/1113/322 
f 582/1117/626 316/1115/330 579/1114/622 
f 593/1118/651 562/1095/653 293/1094/358 
f 293/1094/358 328/1119/356 593/1118/651 
f 592/1120/648 593/1118/651 328/1119/356 
f 328/1119/356 327/1121/353 592/1120/648 
f 591/1122/647 592/1120/648 327/1121/353 
f 327/1121/353 326/1123/352 591/1122/647 
f 590/1124/645 591/1122/647 326/1123/352 
f 326/1123/352 325/1125/350 590/1124/645 
f 589/1126/642 590/1124/645 325/1125/350 
f 325/1125/350 324/1127/347 589/1126/642 
f 682/1128/827 683/1129/661 679/1130/828 
f 679/1130/828 803/1131/829 682/1128/827 
f 678/1132/830 803/1131/829 679/1130/828 
f 803/1131/829 678/1132/830 670/1133/831 
f 682/1128/827 803/1131/829 673/1134/832 
f 673/1134/832 681/1135/661 682/1128/827 
f 673/1134/832 803/1131/829 672/1136/833 
f 670/1133/831 804/1137/42 803/1131/829 
f 668/1138/834 672/1136/833 803/1131/829 
f 803/1131/829 804/1137/42 668/1138/834 
f 665/1139/835 804/1137/42 670/1133/831 
f 805/1140/836 804/1137/42 665/1139/835 
f 804/1137/42 663/1141/837 668/1138/834 
f 663/1141/837 804/1137/42 805/1140/836 
f 665/1139/835 662/1142/838 805/1140/836 
f 805/1140/836 658/1143/839 663/1141/837 
f 656/1144/840 805/1140/836 662/1142/838 
f 806/1145/836 805/1140/836 656/1144/840 
f 805/1140/836 654/1146/841 658/1143/839 
f 654/1146/841 805/1140/836 806/1145/836 
f 656/1144/840 651/1147/840 806/1145/836 
f 806/1145/836 648/1148/841 654/1146/841 
f 806/1145/836 651/1147/840 643/1149/842 
f 643/1149/842 316/1150/41 806/1145/836 
f 806/1145/836 316/1150/41 641/1151/843 
f 641/1151/843 648/1148/841 806/1145/836 
f 24/1152/15 23/1153/14 807/1154/844 
f 807/1154/844 808/1155/16 24/1152/15 
f 13/1156/17 24/1152/15 808/1155/16 
f 808/1155/16 14/1157/18 13/1156/17 
f 14/1157/18 808/1155/16 809/1158/845 
f 808/1155/16 810/1159/846 809/1158/845 
f 810/1159/846 808/1155/16 807/1154/844 
f 809/1158/845 811/1160/847 14/1157/18 
f 1/1161/848 14/1157/18 811/1160/847 
f 807/1154/844 812/1162/849 810/1159/846 
f 811/1160/847 813/1163/850 1/1161/848 
f 4/1164/851 1/1161/848 813/1163/850 
f 807/1154/844 814/1165/852 812/1162/849 
f 815/1166/853 814/1165/852 807/1154/844 
f 807/1154/844 816/1167/854 815/1166/853 
f 813/1163/850 817/1168/27 4/1164/851 
f 816/1167/854 818/1169/855 815/1166/853 
f 818/1169/855 819/1170/856 815/1166/853 
f 820/1171/857 818/1169/855 816/1167/854 
f 821/1172/858 819/1170/856 818/1169/855 
f 818/1169/855 820/1171/857 821/1172/858 
f 816/1167/854 822/1173/859 820/1171/857 
f 820/1171/857 822/1173/859 823/1174/860 
f 823/1174/860 821/1172/858 820/1171/857 
f 824/1175/861 45/1176/37 44/1177/36 
f 44/1177/36 825/1178/862 824/1175/861 
f 825/1178/862 44/1177/36 48/1179/40 
f 48/1179/40 826/1180/10 825/1178/862 
f 826/1180/10 48/1179/40 50/1181/41 
f 50/1181/41 827/1182/42 826/1180/10 
f 827/1182/42 50/1181/41 52/1183/43 
f 52/1183/43 828/1184/863 827/1182/42 
f 823/1185/864 55/1186/46 54/1187/45 
f 54/1187/45 829/1188/865 823/1185/864 
f 821/1189/866 823/1185/864 829/1188/865 
f 829/1188/865 830/1190/867 821/1189/866 
f 819/1191/868 821/1189/866 830/1190/867 
f 830/1190/867 831/1192/869 819/1191/868 
f 831/1192/869 815/1193/870 819/1191/868 
f 814/1194/871 815/1193/870 831/1192/869 
f 831/1192/869 832/1195/872 814/1194/871 
f 812/1196/192 814/1194/871 832/1195/872 
f 832/1195/872 833/1197/192 812/1196/192 
f 810/1198/873 812/1196/192 833/1197/192 
f 833/1197/192 834/1199/873 810/1198/873 
f 810/1198/873 834/1199/873 835/1200/4 
f 835/1200/4 809/1201/4 810/1198/873 
f 835/1200/4 811/1202/4 809/1201/4 
f 811/1202/4 835/1200/4 836/1203/873 
f 836/1203/873 813/1204/192 811/1202/4 
f 836/1203/873 817/1205/1 813/1204/192 
f 817/1205/1 836/1203/873 824/1206/874 
f 824/1206/874 825/1207/3 817/1205/1 
f 817/1205/1 825/1207/3 826/1208/873 
f 826/1208/873 837/1209/873 817/1205/1 
f 837/1209/873 826/1208/873 827/1210/874 
f 827/1210/874 838/1211/874 837/1209/873 
f 839/1212/96 838/1211/874 827/1210/874 
f 827/1210/874 840/1213/96 839/1212/96 
f 827/1210/874 828/1214/96 840/1213/96 
f 55/1215/46 823/1216/864 841/1217/875 
f 841/1217/875 842/1218/399 55/1215/46 
f 842/1218/399 841/1217/875 843/1219/876 
f 55/1215/46 842/1218/399 75/1220/877 
f 75/1220/877 43/1221/47 55/1215/46 
f 843/1219/876 844/1222/878 842/1218/399 
f 74/1223/879 75/1220/877 842/1218/399 
f 842/1218/399 844/1222/878 74/1223/879 
f 845/1224/880 844/1222/878 843/1219/876 
f 74/1223/879 844/1222/878 845/1224/880 
f 843/1219/876 846/1225/881 845/1224/880 
f 845/1224/880 73/1226/882 74/1223/879 
f 847/1227/883 845/1224/880 846/1225/881 
f 73/1226/882 845/1224/880 847/1227/883 
f 846/1225/881 848/1228/883 847/1227/883 
f 847/1227/883 72/1229/883 73/1226/882 
f 847/1227/883 848/1228/883 849/1230/375 
f 849/1230/375 850/1231/375 847/1227/883 
f 71/1232/375 72/1229/883 847/1227/883 
f 847/1227/883 850/1231/375 71/1232/375 
f 850/1231/375 849/1230/375 851/1233/884 
f 851/1233/884 852/1234/884 850/1231/375 
f 850/1231/375 852/1234/884 70/1235/884 
f 70/1235/884 71/1232/375 850/1231/375 
f 852/1234/884 851/1233/884 853/1236/251 
f 853/1236/251 854/1237/251 852/1234/884 
f 852/1234/884 854/1237/251 68/1238/251 
f 68/1238/251 70/1235/884 852/1234/884 
f 854/1237/251 853/1236/251 807/1239/42 
f 807/1239/42 23/1240/42 854/1237/251 
f 22/1241/42 68/1238/251 854/1237/251 
f 854/1237/251 23/1240/42 22/1241/42 
f 816/1242/885 807/1243/1 853/1244/885 
f 853/1244/885 855/1245/3 816/1242/885 
f 855/1245/3 822/1246/885 816/1242/885 
f 855/1245/3 853/1244/885 851/1247/885 
f 855/1245/3 851/1247/885 849/1248/97 
f 849/1248/97 848/1249/3 855/1245/3 
f 855/1245/3 848/1249/3 846/1250/886 
f 841/1251/887 822/1246/885 855/1245/3 
f 841/1251/887 855/1245/3 843/1252/888 
f 846/1250/886 843/1252/888 855/1245/3 
f 841/1251/887 823/1253/889 822/1246/885 
f 840/1254/890 828/1255/72 52/1256/71 
f 52/1256/71 76/1257/74 840/1254/890 
f 840/1254/890 76/1257/74 77/1258/75 
f 77/1258/75 839/1259/891 840/1254/890 
f 839/1259/891 77/1258/75 5/1260/404 
f 5/1260/404 77/1258/75 79/1261/45 
f 5/1260/404 838/1262/404 839/1259/891 
f 838/1262/404 5/1260/404 6/1263/892 
f 6/1263/892 837/1264/893 838/1262/404 
f 837/1264/893 6/1263/892 4/1265/894 
f 4/1265/894 817/1266/894 837/1264/893 
f 7/20/72 5/1267/72 79/1268/72 
f 79/1268/72 17/21/72 7/20/72 
f 18/22/72 17/21/72 79/1268/72 
f 79/1268/72 78/1269/72 18/22/72 
f 3/3/2 14/115/873 1/1/1 
f 761/1019/813 760/1018/812 856/1270/895 
f 764/1022/816 856/1270/895 760/1018/812 
f 765/1271/817 763/1021/815 761/1019/813 
f 856/1270/895 857/1272/896 761/1019/813 
f 761/1019/813 857/1272/896 765/1271/817 
f 856/1270/895 764/1022/816 767/1273/819 
f 767/1273/819 801/1084/897 856/1270/895 
f 857/1272/896 856/1270/895 801/1084/897 
f 766/1274/818 765/1271/817 857/1272/896 
f 857/1272/896 800/1083/898 766/1274/818 
f 801/1084/897 800/1083/898 857/1272/896 
f 771/1275/899 858/1276/900 859/1277/901 
f 860/1278/902 858/1276/900 771/1275/899 
f 859/1277/901 769/1279/903 771/1275/899 
f 771/1275/899 773/1280/902 860/1278/902 
f 769/1279/903 859/1277/901 861/1281/59 
f 861/1281/59 770/1282/59 769/1279/903 
f 860/1278/902 773/1280/902 775/1283/5 
f 775/1283/5 862/1284/5 860/1278/902 
f 770/1282/59 861/1281/59 863/1285/904 
f 863/1285/904 768/1286/904 770/1282/59 
f 862/1284/5 775/1283/5 777/1287/905 
f 777/1287/905 864/1288/905 862/1284/5 
f 768/1286/904 863/1285/904 865/1289/906 
f 865/1289/906 772/1290/906 768/1286/904 
f 864/1288/905 777/1287/905 779/1291/907 
f 779/1291/907 866/1292/907 864/1288/905 
f 772/1290/906 865/1289/906 867/1293/908 
f 867/1293/908 774/1294/908 772/1290/906 
f 866/1292/907 779/1291/907 782/1295/317 
f 782/1295/317 868/1296/317 866/1292/907 
f 774/1294/908 867/1293/908 869/1297/9 
f 869/1297/9 776/1298/9 774/1294/908 
f 868/1296/317 782/1295/317 783/1299/4 
f 783/1299/4 870/1300/4 868/1296/317 
f 776/1298/9 869/1297/9 871/1301/909 
f 871/1301/909 778/1302/909 776/1298/9 
f 870/1300/4 783/1299/4 781/1303/910 
f 781/1303/910 872/1304/910 870/1300/4 
f 778/1302/909 871/1301/909 873/1305/911 
f 780/1306/911 873/1305/911 872/1304/910 
f 872/1304/910 781/1303/910 780/1306/911 
f 873/1305/911 780/1306/911 778/1302/909 
f 874/1277/912 875/1276/913 787/1275/914 
f 787/1275/914 875/1276/913 876/1278/905 
f 787/1275/914 786/1279/915 874/1277/912 
f 877/1281/4 874/1277/912 786/1279/915 
f 876/1278/905 789/1280/905 787/1275/914 
f 786/1279/915 785/1282/4 877/1281/4 
f 878/1285/910 877/1281/4 785/1282/4 
f 791/1283/5 789/1280/905 876/1278/905 
f 876/1278/905 879/1284/5 791/1283/5 
f 785/1282/4 784/1286/910 878/1285/910 
f 880/1289/911 878/1285/910 784/1286/910 
f 793/1287/902 791/1283/5 879/1284/5 
f 879/1284/5 881/1288/902 793/1287/902 
f 784/1286/910 788/1290/911 880/1289/911 
f 882/1293/909 880/1289/911 788/1290/911 
f 795/1291/916 793/1287/902 881/1288/902 
f 881/1288/902 883/1292/916 795/1291/916 
f 788/1290/911 790/1294/909 882/1293/909 
f 884/1297/9 882/1293/909 790/1294/909 
f 798/1295/617 795/1291/916 883/1292/916 
f 883/1292/916 885/1296/617 798/1295/617 
f 790/1294/909 792/1298/9 884/1297/9 
f 886/1301/908 884/1297/9 792/1298/9 
f 799/1299/59 798/1295/617 885/1296/617 
f 885/1296/617 887/1300/59 799/1299/59 
f 792/1298/9 794/1302/908 886/1301/908 
f 888/1305/906 886/1301/908 794/1302/908 
f 797/1303/904 799/1299/59 887/1300/59 
f 887/1300/59 889/1304/904 797/1303/904 
f 889/1304/904 888/1305/906 796/1306/906 
f 794/1302/908 796/1306/906 888/1305/906 
f 796/1306/906 797/1303/904 889/1304/904 
f 890/1307/917 612/1308/918 611/1309/822 
f 617/1310/919 612/1308/918 890/1307/917 
f 611/1309/822 802/1311/821 890/1307/917 
f 890/1307/917 802/1311/821 601/1312/826 
f 890/1307/917 891/1313/920 617/1310/919 
f 601/1312/826 602/1314/921 890/1307/917 
f 890/1307/917 602/1314/921 606/1315/922 
f 606/1315/922 891/1313/920 890/1307/917 
f 620/1316/923 617/1310/919 891/1313/920 
f 891/1313/920 606/1315/922 613/1317/924 
f 892/1318/925 891/1313/920 613/1317/924 
f 620/1316/923 891/1313/920 892/1318/925 
f 892/1318/925 624/1319/926 620/1316/923 
f 613/1317/924 618/1320/926 892/1318/925 
f 628/1321/927 624/1319/926 892/1318/925 
f 628/1321/927 892/1318/925 893/1322/928 
f 892/1318/925 618/1320/926 625/1323/929 
f 893/1322/928 892/1318/925 625/1323/929 
f 893/1322/928 632/1324/930 628/1321/927 
f 625/1323/929 629/1325/931 893/1322/928 
f 637/1326/930 632/1324/930 893/1322/928 
f 893/1322/928 629/1325/931 636/1327/931 
f 893/1322/928 636/1327/931 639/1328/932 
f 640/1329/933 637/1326/930 893/1322/928 
f 893/1322/928 638/1330/934 640/1329/933 
f 639/1328/932 638/1330/934 893/1322/928 
f 894/1331/45 15/1332/45 8/1333/45 
f 83/1334/45 15/1332/45 894/1331/45 
f 8/1333/45 9/1335/45 894/1331/45 
f 894/1331/45 84/1336/45 83/1334/45 
f 894/1331/45 9/1335/45 10/25/5 
f 10/25/5 20/24/5 894/1331/45 
f 894/1331/45 20/24/5 21/26/5 
f 21/26/5 84/1336/45 894/1331/45 
f 347/1337/935 145/1338/935 142/1339/936 
f 148/1340/936 145/1338/935 347/1337/935 
f 142/1339/936 344/1341/936 347/1337/935 
f 347/1337/935 350/1342/936 148/1340/936 
f 344/1341/936 142/1339/936 139/1343/936 
f 151/1344/936 148/1340/936 350/1342/936 
f 139/1343/936 341/1345/936 344/1341/936 
f 350/1342/936 353/1346/936 151/1344/936 
f 341/1345/936 139/1343/936 136/1347/936 
f 136/1347/936 338/1348/936 341/1345/936 
f 151/1344/936 353/1346/936 356/1349/936 
f 356/1349/936 154/1350/936 151/1344/936 
f 338/1348/936 136/1347/936 133/1351/936 
f 133/1351/936 335/1352/936 338/1348/936 
f 157/1353/936 154/1350/936 356/1349/936 
f 356/1349/936 359/1354/936 157/1353/936 
f 335/1352/936 133/1351/936 130/1355/936 
f 130/1355/936 332/1356/936 335/1352/936 
f 160/1357/936 157/1353/936 359/1354/936 
f 359/1354/936 362/1358/936 160/1357/936 
f 332/1356/936 130/1355/936 127/1359/936 
f 127/1359/936 174/1360/936 332/1356/936 
f 160/1357/936 362/1358/936 365/1361/936 
f 365/1361/936 163/1362/936 160/1357/936 
f 174/1360/936 127/1359/936 124/1363/935 
f 124/1363/935 172/1364/935 174/1360/936 
f 163/1362/936 365/1361/936 368/1365/935 
f 368/1365/935 166/1366/935 163/1362/936 
f 172/1364/935 124/1363/935 125/1367/829 
f 125/1367/829 166/1366/935 368/1365/935 
f 125/1367/829 173/1368/937 172/1364/935 
f 368/1365/935 173/1368/937 125/1367/829 
f 895/1369/938 896/1370/939 897/1371/940 
f 898/1372/941 897/1371/940 896/1370/939 
f 897/1371/940 899/1373/942 895/1369/938 
f 900/1374/943 895/1369/938 899/1373/942 
f 901/1375/944 895/1369/938 900/1374/943 
f 896/1370/939 895/1369/938 901/1375/944 
f 896/1370/939 902/1376/945 898/1372/941 
f 901/1375/944 902/1376/945 896/1370/939 
f 898/1372/941 902/1376/945 903/1377/946 
f 903/1377/946 902/1376/945 901/1375/944 
f 903/1377/946 904/1378/947 898/1372/941 
f 904/1378/947 903/1377/946 905/1379/948 
f 901/1375/944 905/1379/948 903/1377/946 
f 899/1373/942 906/1380/949 900/1374/943 
f 907/1381/950 900/1374/943 906/1380/949 
f 908/1382/951 901/1375/944 900/1374/943 
f 900/1374/943 907/1381/950 908/1382/951 
f 901/1375/944 909/1383/952 905/1379/948 
f 909/1383/952 901/1375/944 908/1382/951 
f 905/1379/948 910/1384/953 904/1378/947 
f 910/1384/953 905/1379/948 909/1383/952 
f 906/1380/949 911/1385/954 907/1381/950 
f 907/1381/950 911/1385/954 912/1386/955 
f 908/1382/951 907/1381/950 912/1386/955 
f 909/1383/952 913/1387/956 910/1384/953 
f 908/1382/951 914/1388/957 909/1383/952 
f 913/1387/956 909/1383/952 914/1388/957 
f 912/1386/955 915/1389/958 908/1382/951 
f 916/1390/959 914/1388/957 908/1382/951 
f 908/1382/951 915/1389/958 916/1390/959 
f 912/1386/955 911/1385/954 917/1391/960 
f 915/1389/958 912/1386/955 917/1391/960 
f 914/1388/957 916/1390/959 918/1392/961 
f 914/1388/957 918/1392/961 913/1387/956 
f 916/1390/959 919/1393/962 918/1392/961 
f 919/1393/962 916/1390/959 915/1389/958 
f 917/1391/960 920/1394/963 915/1389/958 
f 915/1389/958 920/1394/963 919/1393/962 
f 921/1395/964 920/1394/963 917/1391/960 
f 919/1393/962 920/1394/963 921/1395/964 
f 917/1391/960 922/1396/965 921/1395/964 
f 917/1391/960 911/1385/954 922/1396/965 
f 921/1395/964 923/1397/966 919/1393/962 
f 919/1393/962 923/1397/966 918/1392/961 
f 924/1398/967 921/1395/964 922/1396/965 
f 923/1397/966 921/1395/964 924/1398/967 
f 922/1396/965 911/1385/954 925/1399/968 
f 922/1396/965 925/1399/968 924/1398/967 
f 923/1397/966 926/1400/969 918/1392/961 
f 924/1398/967 926/1400/969 923/1397/966 
f 927/1401/970 918/1392/961 926/1400/969 
f 926/1400/969 928/1402/971 927/1401/970 
f 928/1402/971 926/1400/969 924/1398/967 
f 924/1398/967 925/1399/968 929/1403/972 
f 924/1398/967 930/1404/251 928/1402/971 
f 929/1403/972 930/1404/251 924/1398/967 
f 931/1405/973 927/1401/970 928/1402/971 
f 928/1402/971 932/1406/974 931/1405/973 
f 930/1404/251 932/1406/974 928/1402/971 
f 933/1407/975 929/1403/972 925/1399/968 
f 925/1399/968 911/1385/954 933/1407/975 
f 929/1403/972 933/1407/975 934/1408/976 
f 934/1408/976 935/1409/977 929/1403/972 
f 930/1404/251 929/1403/972 935/1409/977 
f 936/1410/978 931/1405/973 932/1406/974 
f 932/1406/974 937/1411/979 936/1410/978 
f 937/1411/979 932/1406/974 930/1404/251 
f 930/1404/251 935/1409/977 938/1412/980 
f 930/1404/251 939/1413/981 937/1411/979 
f 938/1412/980 939/1413/981 930/1404/251 
f 940/1414/982 938/1412/980 935/1409/977 
f 935/1409/977 934/1408/976 940/1414/982 
f 941/1415/12 936/1410/978 937/1411/979 
f 937/1411/979 939/1413/981 941/1415/12 
f 938/1412/980 940/1414/982 941/1415/12 
f 941/1415/12 939/1413/981 938/1412/980 
# 0 polygons - 1753 triangles

#
# object ShotgunReceiver_1
#

v  -0.0000 6.8045 -12.6709
v  0.7271 6.8084 -12.6084
v  0.7295 6.2810 -12.6084
v  -0.0000 6.1795 -12.6709
v  0.5156 6.0506 -12.6396
v  0.3486 5.7224 -12.6396
v  -0.7295 6.2810 -12.6084
v  -0.7271 6.8084 -12.6084
v  -0.5156 6.0506 -12.6396
v  -0.0000 5.5427 -12.6709
v  -0.3486 5.7224 -12.6396
v  0.2935 5.3592 -12.6396
v  -0.0000 4.8318 -12.6709
v  -0.2935 5.3592 -12.6396
v  0.3486 4.9959 -12.6396
v  -0.3486 4.9959 -12.6396
v  0.5156 4.6677 -12.6396
v  -0.0000 4.4080 -12.6709
v  -0.5156 4.6677 -12.6396
v  0.7759 4.4080 -12.6396
v  -0.0000 4.1853 -12.6709
v  -0.7759 4.4080 -12.6396
v  0.8633 4.1853 -12.6396
v  0.9814 4.2498 -12.6396
v  -0.8633 4.1853 -12.6396
v  -0.9814 4.2498 -12.6396
v  0.7178 4.1931 9.6924
v  0.8745 4.2283 9.6924
v  0.6523 4.4470 9.7100
v  -0.0000 4.1931 9.6905
v  -0.0000 4.4685 9.7002
v  0.3579 4.7439 9.7100
v  -0.6523 4.4470 9.7100
v  -0.7178 4.1931 9.6924
v  -0.0000 4.9295 9.7100
v  -0.3579 4.7439 9.7100
v  0.1688 5.1150 9.7080
v  -0.8745 4.2283 9.6924
v  -0.1688 5.1150 9.7080
v  0.0984 5.5271 9.7080
v  -0.0000 5.7342 9.7080
v  -0.0984 5.5271 9.7080
v  0.1584 5.9412 9.7080
v  -0.0000 6.4842 9.7217
v  -0.1584 5.9412 9.7080
v  0.3142 6.3123 9.7100
v  -0.3142 6.3123 9.7100
v  0.6177 6.6677 9.6729
v  -0.0000 7.0701 9.6885
v  -0.6177 6.6677 9.6729
v  0.7178 7.0740 9.6748
v  0.7246 6.7146 9.6221
v  -0.7178 7.0740 9.6748
v  -0.7246 6.7146 9.6221
v  -1.4707 6.0701 -11.0927
v  -1.4658 6.1834 -12.6709
v  -1.2109 6.1443 -12.6709
v  -1.1514 5.9842 -11.0927
v  -0.9805 6.0271 -12.6709
v  -0.8452 5.6756 -11.1084
v  -0.7974 5.8435 -12.6709
v  -0.6802 5.6131 -12.6709
v  -0.7598 5.3592 -11.1084
v  -0.6396 5.3592 -12.6709
v  -0.6802 5.1033 -12.6709
v  -0.8452 5.0388 -11.1084
v  -0.7974 4.8728 -12.6709
v  -0.9805 4.6912 -12.6709
v  -1.1514 4.7322 -11.0927
v  -1.2109 4.5720 -12.6709
v  -1.4707 4.6482 -11.0927
v  -1.4658 4.5330 -12.6709
v  -1.7207 4.5720 -12.6709
v  -1.7891 4.7322 -11.0927
v  -1.9512 4.6912 -12.6709
v  -2.1348 4.8728 -12.6709
v  -2.0957 5.0388 -11.0927
v  -2.2520 5.1033 -12.6709
v  -2.1816 5.3592 -11.0927
v  -2.2910 5.3592 -12.6709
v  -2.2520 5.6131 -12.6709
v  -2.0957 5.6756 -11.0927
v  -2.1348 5.8435 -12.6709
v  -1.9512 6.0271 -12.6709
v  -1.7891 5.9842 -11.0927
v  -1.7207 6.1443 -12.6709
v  -1.4375 6.4138 8.7119
v  -1.4365 6.5974 9.6377
v  -1.7656 6.5427 9.6377
v  -1.8369 6.3084 8.7119
v  -2.0625 6.3943 9.6377
v  -2.2988 6.1560 9.6377
v  -2.2227 5.9217 8.7119
v  -2.4512 5.8592 9.6377
v  -2.3301 5.5193 8.7119
v  -2.5020 5.5310 9.6377
v  -2.4512 5.1990 9.6377
v  -2.2227 5.1209 8.7119
v  -2.2988 4.9021 9.6377
v  -1.8369 4.7342 8.7295
v  -2.0625 4.6658 9.6377
v  -1.7656 4.5154 9.6377
v  -1.4375 4.6267 8.7471
v  -1.4365 4.4627 9.6377
v  -1.1074 4.5135 9.6377
v  -1.0371 4.7342 8.7471
v  -0.8105 4.6658 9.6377
v  -0.6523 5.1209 8.7471
v  -0.5752 4.9021 9.6377
v  -0.4238 5.1990 9.6377
v  -0.5449 5.5193 8.7471
v  -0.3716 5.5310 9.6377
v  -0.4236 5.8592 9.6377
v  -0.6519 5.9217 8.7471
v  -0.5747 6.1560 9.6377
v  -0.8101 6.3904 9.6377
v  -1.0371 6.3084 8.7471
v  -1.1074 6.5427 9.6377
v  -1.1035 6.4763 -12.7177
v  -1.0039 6.8592 9.6221
v  -1.4658 6.5349 -12.7177
v  -1.4365 6.9256 9.6221
v  -1.8291 6.4763 -12.7177
v  -1.8682 6.8592 9.6221
v  -2.1563 6.3084 -12.7177
v  -2.2578 6.6599 9.6221
v  -2.4160 6.0506 -12.7177
v  -2.5664 6.3513 9.6221
v  -2.5840 5.7224 -12.7177
v  -2.7656 5.9607 9.6221
v  -2.6406 5.3592 -12.7177
v  -2.8340 5.5271 9.6221
v  -2.5879 5.0017 -12.7177
v  -2.7656 5.0955 9.6221
v  -2.4160 4.6677 -12.7177
v  -2.5664 4.7049 9.6221
v  -2.1563 4.4080 -12.7177
v  -2.2578 4.3963 9.6221
v  -1.8291 4.2420 -12.7177
v  -1.8682 4.1970 9.6221
v  -1.4658 4.1834 -12.7177
v  -1.4365 4.1287 9.6221
v  1.2109 6.1443 -12.6709
v  1.4658 6.1834 -12.6709
v  1.4707 6.0701 -11.0927
v  1.1514 5.9842 -11.0927
v  0.9805 6.0271 -12.6709
v  0.8452 5.6756 -11.1084
v  0.7974 5.8435 -12.6709
v  0.6802 5.6131 -12.6709
v  0.7598 5.3592 -11.1084
v  0.6396 5.3592 -12.6709
v  0.6802 5.1033 -12.6709
v  0.8452 5.0388 -11.1084
v  0.7974 4.8728 -12.6709
v  0.9805 4.6912 -12.6709
v  1.1514 4.7322 -11.0927
v  1.2109 4.5720 -12.6709
v  1.4707 4.6482 -11.0927
v  1.4658 4.5330 -12.6709
v  1.7207 4.5720 -12.6709
v  1.7891 4.7322 -11.0927
v  1.9512 4.6912 -12.6709
v  2.1348 4.8728 -12.6709
v  2.0957 5.0388 -11.0927
v  2.2520 5.1033 -12.6709
v  2.1816 5.3592 -11.0927
v  2.2910 5.3592 -12.6709
v  2.2520 5.6131 -12.6709
v  2.0957 5.6756 -11.0927
v  2.1348 5.8435 -12.6709
v  1.9512 6.0271 -12.6709
v  1.7891 5.9842 -11.0927
v  1.7207 6.1443 -12.6709
v  1.1035 6.4763 -12.7177
v  1.0039 6.8592 9.6221
v  1.4658 6.5349 -12.7177
v  1.4365 6.9256 9.6221
v  1.8291 6.4763 -12.7177
v  1.8682 6.8592 9.6221
v  2.1563 6.3084 -12.7177
v  2.2578 6.6599 9.6221
v  2.4160 6.0506 -12.7177
v  2.5664 6.3513 9.6221
v  2.5840 5.7224 -12.7177
v  2.7656 5.9607 9.6221
v  2.6406 5.3592 -12.7177
v  2.8340 5.5271 9.6221
v  2.5840 4.9959 -12.7177
v  2.7656 5.0955 9.6221
v  2.4160 4.6677 -12.7177
v  2.5664 4.7049 9.6221
v  2.1563 4.4080 -12.7177
v  2.2578 4.3963 9.6221
v  1.8291 4.2420 -12.7177
v  1.8682 4.1970 9.6221
v  1.4658 4.1834 -12.7177
v  1.4365 4.1287 9.6221
v  1.7656 6.5427 9.6377
v  1.4365 6.5974 9.6377
v  1.4375 6.4138 8.7119
v  1.8369 6.3084 8.7119
v  2.0625 6.3943 9.6377
v  2.2988 6.1560 9.6377
v  2.2227 5.9217 8.7119
v  2.4512 5.8592 9.6377
v  2.3301 5.5193 8.7119
v  2.5020 5.5310 9.6377
v  2.4512 5.1990 9.6377
v  2.2227 5.1209 8.7119
v  2.2988 4.9021 9.6377
v  1.8369 4.7342 8.7295
v  2.0625 4.6658 9.6377
v  1.7656 4.5154 9.6377
v  1.4375 4.6267 8.7471
v  1.4365 4.4627 9.6377
v  1.1074 4.5135 9.6377
v  1.0371 4.7342 8.7471
v  0.8105 4.6658 9.6377
v  0.6523 5.1209 8.7471
v  0.5752 4.9021 9.6377
v  0.4238 5.1990 9.6377
v  0.5449 5.5193 8.7471
v  0.3716 5.5310 9.6377
v  0.4236 5.8592 9.6377
v  0.6519 5.9217 8.7471
v  0.5747 6.1560 9.6377
v  0.8101 6.3904 9.6377
v  1.0371 6.3084 8.7471
v  1.1074 6.5427 9.6377
v  0.1639 5.3631 10.0479
v  -0.1639 5.3631 10.0479
v  -0.2317 5.2400 10.0518
v  0.2317 5.2400 10.0518
v  2.5371 5.7068 -12.7646
v  2.3770 6.0193 -12.7646
v  1.1035 4.2420 -12.7177
v  1.1182 4.2869 -12.7646
v  1.4658 4.2322 -12.7646
v  1.1816 4.4842 -12.7646
v  0.9258 4.6150 -12.7646
v  2.3848 5.3592 -12.7646
v  2.3398 5.6404 -12.7646
v  2.5918 5.3592 -12.7646
v  1.4658 4.4392 -12.7646
v  1.8135 4.2869 -12.7646
v  2.3398 5.0740 -12.7646
v  2.5371 5.0095 -12.7646
v  1.7500 4.4842 -12.7646
v  2.2090 4.8181 -12.7646
v  2.3770 4.6970 -12.7646
v  2.1270 4.4470 -12.7646
v  2.0059 4.6150 -12.7646
v  -1.4717 5.3592 -10.7959
v  -1.4365 5.5115 8.1709
v  -1.0244 4.2576 9.7100
v  -1.0869 4.4510 9.7100
v  -1.4365 4.3963 9.7100
v  -1.4365 4.1931 9.7100
v  -1.8486 4.2576 9.7100
v  -1.7861 4.4510 9.7100
v  -0.7710 4.6131 9.7100
v  -2.1016 4.6131 9.7100
v  -2.2207 4.4490 9.7100
v  -0.5205 4.8631 9.7100
v  -2.3535 4.8631 9.7100
v  -2.5156 4.7439 9.7100
v  -0.3601 5.1795 9.7100
v  -2.5137 5.1795 9.7100
v  -2.7070 5.1170 9.7100
v  -0.3044 5.5310 9.7100
v  -2.5703 5.5310 9.7100
v  -2.7715 5.5310 9.7100
v  -0.3596 5.8787 9.7100
v  -2.5137 5.8787 9.7100
v  -2.7051 5.9412 9.7100
v  -0.5200 6.1951 9.7100
v  -2.3535 6.1951 9.7100
v  -2.5156 6.3162 9.7100
v  -0.7705 6.4490 9.7100
v  -2.1035 6.4490 9.7100
v  -2.2207 6.6092 9.7100
v  -1.7861 6.6092 9.7100
v  -1.8486 6.8006 9.7100
v  -1.4365 6.6638 9.7100
v  -1.4365 6.8631 9.7100
v  -1.0859 6.6092 9.7100
v  -1.0244 6.8006 9.7100
v  -0.6802 6.6482 9.7100
v  -0.5161 6.0506 -12.7177
v  -0.7759 6.3084 -12.7177
v  -0.5547 6.0193 -12.7646
v  -0.8037 6.2693 -12.7646
v  -0.3950 5.7068 -12.7646
v  -0.3491 5.7224 -12.7177
v  -0.7227 5.8982 -12.7646
v  -0.9258 6.1013 -12.7646
v  -1.1816 6.2302 -12.7646
v  -1.1182 6.4295 -12.7646
v  -0.5923 5.6404 -12.7646
v  -0.3423 5.3592 -12.7646
v  -0.2939 5.3592 -12.7177
v  -1.4658 6.2771 -12.7646
v  -1.4658 6.4842 -12.7646
v  -0.5469 5.3592 -12.7646
v  -0.3950 5.0095 -12.7646
v  -0.3491 4.9959 -12.7177
v  -1.7500 6.2302 -12.7646
v  -1.8135 6.4295 -12.7646
v  -0.5923 5.0740 -12.7646
v  -0.5547 4.6970 -12.7646
v  -0.5161 4.6677 -12.7177
v  -2.0059 6.1013 -12.7646
v  -2.1270 6.2693 -12.7646
v  -0.7227 4.8181 -12.7646
v  -0.8037 4.4470 -12.7646
v  -0.7759 4.4080 -12.7177
v  -2.2090 5.8982 -12.7646
v  -2.3770 6.0193 -12.7646
v  -0.2998 5.1013 10.0518
v  0.2998 5.1013 10.0518
v  -0.4187 4.9588 10.0518
v  0.4187 4.9588 10.0518
v  -0.6353 4.8006 10.0479
v  0.6353 4.8006 10.0479
v  -0.6318 4.2420 10.0479
v  0.6318 4.2420 10.0479
v  0.1653 5.3631 9.7881
v  -0.1653 5.3631 9.7881
v  -0.2317 5.2400 9.7881
v  -0.2998 5.1013 9.7881
v  -0.4187 4.9588 9.7881
v  -0.6318 4.8045 9.7881
v  0.2317 5.2400 9.7881
v  0.2998 5.1013 9.7881
v  0.4187 4.9588 9.7881
v  0.6318 4.8045 9.7881
v  0.6318 4.2459 9.7881
v  -0.6318 4.2459 9.7881
v  -0.1945 4.5408 9.5928
v  0.1945 4.5408 9.5928
v  0.1945 4.5408 9.7979
v  -0.1945 4.5408 9.7979
v  -0.2146 4.5623 9.5928
v  -0.2146 4.5623 9.7979
v  -0.2146 5.2010 9.5928
v  -0.2146 5.2010 9.7979
v  -0.1945 5.2205 9.5928
v  -0.1945 5.2205 9.7979
v  0.1945 5.2205 9.5928
v  0.1945 5.2205 9.7979
v  0.2146 5.2010 9.5928
v  0.2146 5.2010 9.7979
v  0.2146 4.5623 9.5928
v  0.2146 4.5623 9.7979
v  1.0244 4.2576 9.7100
v  1.0869 4.4510 9.7100
v  1.4365 4.3963 9.7100
v  1.4365 4.1931 9.7100
v  1.7861 4.4510 9.7100
v  1.8486 4.2576 9.7100
v  0.7710 4.6131 9.7100
v  2.1016 4.6131 9.7100
v  2.2207 4.4490 9.7100
v  0.5205 4.8631 9.7100
v  2.3535 4.8631 9.7100
v  2.5156 4.7439 9.7100
v  0.3601 5.1795 9.7100
v  2.5137 5.1795 9.7100
v  2.7070 5.1170 9.7100
v  0.3044 5.5310 9.7100
v  2.5703 5.5310 9.7100
v  2.7715 5.5310 9.7100
v  0.3596 5.8787 9.7100
v  2.5137 5.8787 9.7100
v  2.7051 5.9412 9.7100
v  0.5200 6.1951 9.7100
v  2.3535 6.1951 9.7100
v  2.5156 6.3162 9.7100
v  0.7705 6.4490 9.7100
v  2.1035 6.4490 9.7100
v  2.2207 6.6092 9.7100
v  1.7861 6.6092 9.7100
v  1.8486 6.8006 9.7100
v  1.4365 6.6638 9.7100
v  1.4365 6.8631 9.7100
v  1.0859 6.6092 9.7100
v  1.0244 6.8006 9.7100
v  0.6802 6.6482 9.7100
v  0.5161 6.0506 -12.7177
v  0.7759 6.3084 -12.7177
v  0.5547 6.0193 -12.7646
v  0.8037 6.2693 -12.7646
v  0.3950 5.7068 -12.7646
v  0.3491 5.7224 -12.7177
v  0.7227 5.8982 -12.7646
v  0.9258 6.1013 -12.7646
v  1.1816 6.2302 -12.7646
v  1.1182 6.4295 -12.7646
v  0.5923 5.6404 -12.7646
v  0.3423 5.3592 -12.7646
v  0.2939 5.3592 -12.7177
v  1.4658 6.2771 -12.7646
v  1.4658 6.4842 -12.7646
v  0.5469 5.3592 -12.7646
v  0.3950 5.0095 -12.7646
v  0.3491 4.9959 -12.7177
v  1.7500 6.2302 -12.7646
v  1.8135 6.4295 -12.7646
v  0.5923 5.0740 -12.7646
v  0.5547 4.6970 -12.7646
v  0.5161 4.6677 -12.7177
v  2.0059 6.1013 -12.7646
v  2.1270 6.2693 -12.7646
v  0.7227 4.8181 -12.7646
v  0.8037 4.4470 -12.7646
v  0.7759 4.4080 -12.7177
v  2.2090 5.8982 -12.7646
v  -0.9258 4.6150 -12.7646
v  -1.1182 4.2869 -12.7646
v  -1.1035 4.2420 -12.7177
v  -2.3398 5.6404 -12.7646
v  -2.5371 5.7068 -12.7646
v  -1.4658 4.2322 -12.7646
v  -1.1816 4.4842 -12.7646
v  -2.3848 5.3592 -12.7646
v  -2.5918 5.3592 -12.7646
v  -1.4658 4.4392 -12.7646
v  -1.8135 4.2869 -12.7646
v  -2.3398 5.0740 -12.7646
v  -2.5371 5.0095 -12.7646
v  -1.7500 4.4842 -12.7646
v  -2.2090 4.8181 -12.7646
v  -2.3770 4.6970 -12.7646
v  -2.1270 4.4470 -12.7646
v  -2.0059 4.6150 -12.7646
v  1.4717 5.3592 -10.7959
v  1.4365 5.5115 8.1709
v  -0.0000 7.0271 -10.5927
v  -0.0000 6.6795 -10.7021
v  0.2159 6.6795 -10.7802
v  -0.2159 6.6795 -10.7802
v  0.3037 7.0271 -10.6865
v  0.4050 7.0271 -10.9834
v  0.2915 6.6795 -10.9834
v  0.2251 7.2537 -10.7646
v  -0.0000 7.3318 -10.6865
v  -0.3037 7.0271 -10.6865
v  -0.2251 7.2537 -10.7646
v  -0.0000 7.4334 -10.9834
v  0.3037 7.3318 -10.9834
v  -0.4050 7.0271 -10.9834
v  -0.2915 6.6795 -10.9834
v  -0.3037 7.3318 -10.9834
v  0.2159 6.6795 -11.2021
v  0.3037 7.0271 -11.2959
v  0.2251 7.2537 -11.2177
v  -0.2251 7.2537 -11.2177
v  -0.0000 7.3318 -11.2959
v  -0.0000 7.0271 -11.3896
v  -0.3037 7.0271 -11.2959
v  -0.2159 6.6795 -11.2021
v  -0.0000 6.6795 -11.2802
# 463 vertices

vn -0.0039 1.0000 -0.0039
vn 0.0667 0.9922 -0.0039
vn 0.0667 0.9922 0.0196
vn -0.0039 0.9922 0.0039
vn 0.0431 0.9922 0.0431
vn 0.0510 0.9922 -0.0118
vn -0.0745 0.9922 0.0196
vn -0.0745 0.9922 -0.0039
vn -0.0510 0.9922 0.0431
vn -0.0039 0.9922 -0.0039
vn -0.0588 0.9922 -0.0118
vn 0.0588 0.9922 -0.0039
vn -0.0667 0.9922 -0.0039
vn 0.0431 0.9922 0.0118
vn -0.0510 0.9922 0.0118
vn 0.0275 0.9922 0.0196
vn -0.0353 0.9922 0.0196
vn 0.0275 0.9922 0.0118
vn -0.0353 0.9922 0.0118
vn 0.0353 0.9922 0.0118
vn -0.0431 0.9922 0.0118
vn 0.0039 -1.0000 -0.0745
vn 0.0118 -1.0000 -0.0745
vn -0.0039 -1.0000 -0.0588
vn -0.0039 -1.0000 -0.0510
vn -0.0039 -1.0000 -0.0275
vn -0.0196 -1.0000 -0.0196
vn -0.0118 -1.0000 -0.0745
vn -0.0039 -1.0000 -0.0039
vn 0.0118 -1.0000 -0.0196
vn 0.0039 -1.0000 -0.0039
vn -0.0196 -1.0000 -0.0745
vn -0.0118 -1.0000 -0.0039
vn 0.0196 -1.0000 -0.0196
vn -0.0039 -1.0000 0.0275
vn -0.0275 -1.0000 -0.0196
vn 0.0431 -1.0000 0.0118
vn -0.0510 -1.0000 0.0118
vn 0.1529 -0.9922 -0.0196
vn -0.1608 -0.9922 -0.0196
vn 0.0980 -1.0000 -0.0353
vn 0.4667 -0.8824 -0.1216
vn -0.1059 -1.0000 -0.0353
vn -0.4745 -0.8824 -0.1216
vn -0.0039 0.5451 -0.8353
vn -0.0039 0.0667 -1.0000
vn -0.3098 0.0745 -0.9529
vn -0.4196 0.5529 -0.7255
vn -0.5922 0.0824 -0.8039
vn -0.7333 0.5451 -0.4196
vn -0.8039 0.0824 -0.5922
vn -0.9529 0.0745 -0.3098
vn -0.8353 0.5451 -0.0039
vn -1.0000 0.0745 -0.0039
vn -0.9529 0.0745 0.3020
vn -0.7333 0.5451 0.4118
vn -0.8039 0.0824 0.5843
vn -0.5922 0.0824 0.7961
vn -0.4196 0.5529 0.7176
vn -0.3098 0.0745 0.9451
vn -0.0039 0.5451 0.8275
vn -0.0039 0.0667 0.9922
vn 0.3020 0.0667 0.9451
vn 0.4118 0.5451 0.7176
vn 0.5843 0.0824 0.7961
vn 0.7961 0.0745 0.5843
vn 0.7176 0.5451 0.4118
vn 0.9451 0.0667 0.3020
vn 0.8275 0.5451 -0.0039
vn 0.9922 0.0667 -0.0039
vn 0.9451 0.0667 -0.3098
vn 0.7176 0.5451 -0.4196
vn 0.7961 0.0824 -0.5922
vn 0.5843 0.0824 -0.8039
vn 0.4118 0.5451 -0.7255
vn 0.3020 0.0667 -0.9529
vn -0.0275 -0.5686 -0.8275
vn -0.0039 -0.2000 -0.9843
vn 0.3020 -0.2000 -0.9373
vn 0.4039 -0.5608 -0.7255
vn 0.5843 -0.2157 -0.7882
vn 0.7804 -0.2157 -0.5922
vn 0.7176 -0.5608 -0.4118
vn 0.9294 -0.1922 -0.3098
vn 0.8275 -0.5529 -0.0039
vn 0.9765 -0.1843 -0.0039
vn 0.9294 -0.1922 0.3020
vn 0.7176 -0.5608 0.4196
vn 0.7804 -0.2078 0.5843
vn 0.3961 -0.5529 0.7333
vn 0.5843 -0.2078 0.7804
vn 0.3020 -0.1922 0.9294
vn -0.0118 -0.5373 0.8431
vn -0.0039 -0.1843 0.9765
vn -0.3098 -0.1922 0.9294
vn -0.4196 -0.5451 0.7255
vn -0.5922 -0.2157 0.7804
vn -0.7333 -0.5451 0.4118
vn -0.7882 -0.2157 0.5843
vn -0.9373 -0.2000 0.2941
vn -0.8431 -0.5451 -0.0039
vn -0.9843 -0.1922 -0.0039
vn -0.9373 -0.2000 -0.3098
vn -0.7333 -0.5529 -0.4196
vn -0.7882 -0.2235 -0.5843
vn -0.5922 -0.2235 -0.7804
vn -0.4353 -0.5451 -0.7255
vn -0.3098 -0.2078 -0.9373
vn 0.4510 0.0118 0.8824
vn 0.4667 0.0118 0.8824
vn 0.3020 0.0118 0.9529
vn 0.3098 0.0118 0.9451
vn -0.0039 0.0118 0.9922
vn -0.3098 0.0118 0.9451
vn -0.5922 0.0118 0.8039
vn -0.8118 0.0118 0.5843
vn -0.9529 0.0039 0.3020
vn -1.0000 0.0039 0.0039
vn -1.0000 0.0039 -0.0039
vn -0.9529 0.0039 -0.3098
vn -0.8118 0.0039 -0.5922
vn -0.5922 -0.0039 -0.8118
vn -0.3098 -0.0039 -0.9529
vn -0.0196 -0.0039 -1.0000
vn 0.0118 -0.0039 -1.0000
vn -0.1686 -0.0039 -0.9922
vn -0.0353 -0.0039 -1.0000
vn -0.2471 -0.0039 -0.9765
vn -0.1137 -0.0039 -1.0000
vn -0.0039 -0.0039 -1.0000
vn -1.0000 -0.0039 0.0118
vn -1.0000 -0.0039 0.0039
vn 0.0039 0.0118 0.9922
vn 0.3020 0.0745 -0.9529
vn 0.4118 0.5529 -0.7255
vn 0.7255 0.5451 -0.4196
vn 0.9451 0.0745 -0.3098
vn 0.9922 0.0745 -0.0039
vn 0.9451 0.0745 0.3020
vn 0.7255 0.5451 0.4118
vn 0.7961 0.0824 0.5843
vn 0.4118 0.5529 0.7176
vn 0.3020 0.0745 0.9451
vn -0.3098 0.0667 0.9451
vn -0.4196 0.5451 0.7176
vn -0.8039 0.0745 0.5843
vn -0.7255 0.5451 0.4118
vn -0.9529 0.0667 0.3020
vn -1.0000 0.0667 -0.0039
vn -0.9529 0.0667 -0.3098
vn -0.7255 0.5451 -0.4196
vn -0.4196 0.5451 -0.7255
vn -0.3098 0.0667 -0.9529
vn -0.3098 0.0118 0.9529
vn -0.4745 0.0118 0.8824
vn -0.4588 0.0118 0.8824
vn -0.3176 0.0118 0.9451
vn 0.3020 0.0118 0.9451
vn 0.5843 0.0118 0.8039
vn 0.8039 0.0118 0.5843
vn 0.9451 0.0039 0.3020
vn 0.9922 0.0039 -0.0039
vn 0.9451 0.0039 -0.3098
vn 0.8039 0.0039 -0.5922
vn 0.5843 -0.0039 -0.8118
vn 0.3020 -0.0039 -0.9529
vn 0.1608 -0.0039 -0.9922
vn 0.0275 -0.0039 -1.0000
vn 0.2392 -0.0039 -0.9765
vn 0.1059 -0.0039 -1.0000
vn 0.9922 -0.0039 0.0039
vn 0.9922 -0.0039 0.0118
vn -0.0118 0.0118 0.9922
vn -0.3098 -0.2000 -0.9373
vn 0.0196 -0.5686 -0.8275
vn -0.4118 -0.5608 -0.7255
vn -0.5922 -0.2157 -0.7882
vn -0.7882 -0.2157 -0.5922
vn -0.7255 -0.5608 -0.4118
vn -0.9373 -0.1922 -0.3098
vn -0.8353 -0.5529 -0.0039
vn -0.9843 -0.1843 -0.0039
vn -0.9373 -0.1922 0.3020
vn -0.7255 -0.5608 0.4196
vn -0.7882 -0.2078 0.5843
vn -0.4039 -0.5529 0.7333
vn -0.5922 -0.2078 0.7804
vn 0.0039 -0.5373 0.8431
vn 0.4118 -0.5451 0.7255
vn 0.5843 -0.2157 0.7804
vn 0.7255 -0.5451 0.4118
vn 0.7804 -0.2157 0.5843
vn 0.9294 -0.2000 0.2941
vn 0.8353 -0.5451 -0.0039
vn 0.9765 -0.1922 -0.0039
vn 0.9294 -0.2000 -0.3098
vn 0.7255 -0.5529 -0.4196
vn 0.7804 -0.2235 -0.5843
vn 0.5843 -0.2235 -0.7804
vn 0.4275 -0.5451 -0.7255
vn 0.3020 -0.2078 -0.9373
vn -0.0039 -1.0000 0.0039
vn 0.6627 0.7098 0.2157
vn 0.3804 0.9137 0.1216
vn 0.3255 0.9059 0.2314
vn -0.2235 0.4667 -0.8588
vn -0.1294 0.9059 -0.3961
vn -0.0039 0.9059 -0.4118
vn -0.0118 0.6863 -0.7333
vn 0.1059 0.9294 0.3333
vn 0.2000 0.9294 0.2784
vn 0.4118 0.7020 0.5686
vn 0.2157 0.7020 0.6706
vn 0.6941 0.7098 -0.0039
vn -0.3569 0.9294 -0.0039
vn -0.3412 0.9294 -0.1137
vn -0.6784 0.7020 -0.2235
vn -0.5765 0.7020 -0.4196
vn 0.4039 0.9137 -0.0039
vn -0.0039 0.9294 0.3490
vn 0.1216 0.9059 -0.3882
vn -0.0039 0.7020 0.7020
vn 0.6627 0.7098 -0.2235
vn -0.3412 0.9294 0.1059
vn -0.7098 0.7020 -0.0039
vn 0.3804 0.9137 -0.1294
vn -0.1137 0.9294 0.3333
vn -0.2235 0.7020 0.6706
vn 0.5608 0.7098 -0.4118
vn -0.2863 0.9294 0.2000
vn -0.6784 0.7020 0.2157
vn 0.3255 0.9059 -0.2392
vn -0.4196 0.7020 0.5686
vn 0.2314 0.9059 -0.3333
vn -0.2078 0.9294 0.2784
vn 0.4118 0.7098 -0.5686
vn -0.5765 0.7020 0.4118
vn 0.2157 0.7098 -0.6706
vn -0.0118 0.9922 -0.0039
vn -0.0196 -1.0000 0.0039
vn -0.0118 -0.6078 -0.8039
vn 0.0667 -0.9686 -0.2471
vn 0.0118 -0.9608 -0.2941
vn 0.0039 -1.0000 -0.0196
vn -0.1216 -0.9373 0.3490
vn -0.0039 -0.9373 0.3647
vn -0.0039 -0.8745 -0.4902
vn -0.1529 -0.8745 -0.4667
vn -0.2549 -0.5922 -0.7725
vn 0.1059 -0.9373 0.3490
vn 0.2235 -0.6784 0.6941
vn -0.0039 -0.6784 0.7333
vn -0.2235 -0.9373 0.2941
vn -0.2314 -0.6784 0.6941
vn 0.2157 -0.9373 0.2941
vn -0.2941 -0.8745 -0.4039
vn 0.4275 -0.6784 0.5922
vn -0.4824 -0.5843 -0.6627
vn -0.3020 -0.9373 0.2157
vn -0.4353 -0.6784 0.5922
vn 0.2941 -0.9373 0.2157
vn 0.5922 -0.6784 0.4275
vn -0.4039 -0.8745 -0.2941
vn -0.6627 -0.5843 -0.4824
vn -0.3490 -0.9373 0.1059
vn -0.6000 -0.6863 0.4275
vn 0.3412 -0.9373 0.1059
vn 0.6941 -0.6863 0.2235
vn -0.4745 -0.8745 -0.1529
vn -0.7804 -0.5843 -0.2549
vn -0.3647 -0.9373 -0.0039
vn -0.7020 -0.6863 0.2235
vn 0.3647 -0.9373 -0.0039
vn 0.7255 -0.6863 -0.0039
vn -0.4980 -0.8745 -0.0039
vn -0.8196 -0.5843 -0.0039
vn -0.3412 -0.9373 -0.1137
vn -0.7333 -0.6863 -0.0039
vn 0.0196 -1.0000 0.0118
vn 0.3412 -0.9373 -0.1137
vn 0.6941 -0.6863 -0.2314
vn -0.4745 -0.8745 0.1451
vn -0.7804 -0.5843 0.2471
vn -0.2941 -0.9373 -0.2157
vn -0.6941 -0.6863 -0.2314
vn 0.2941 -0.9373 -0.2157
vn 0.5843 -0.6863 -0.4353
vn -0.4039 -0.8745 0.2863
vn -0.6627 -0.5843 0.4745
vn -0.2157 -0.9373 -0.2941
vn -0.5922 -0.6863 -0.4353
vn 0.2078 -0.9373 -0.3020
vn 0.4275 -0.6863 -0.5922
vn -0.2941 -0.8745 0.3961
vn -0.4824 -0.5843 0.6549
vn -0.4353 -0.6863 -0.5922
vn 0.1059 -0.9373 -0.3490
vn 0.2235 -0.6863 -0.6941
vn -0.1529 -0.8745 0.4667
vn -0.2549 -0.5843 0.7725
vn -0.0039 -0.9373 -0.3647
vn -0.0039 -0.6863 -0.7333
vn -0.0039 -0.8745 0.4902
vn -0.0039 -0.5843 0.8118
vn -0.1137 -0.9373 -0.3490
vn -0.2314 -0.6863 -0.6941
vn 0.1451 -0.8745 0.4667
vn 0.1529 -0.8902 0.4275
vn 0.2471 -0.5843 0.7725
vn 0.3020 -0.4902 0.8196
vn 0.2627 -0.7725 0.5765
vn 0.6314 0.0588 0.7647
vn 0.8118 0.0118 0.5765
vn 0.7490 0.3804 0.5294
vn 0.5216 0.3725 0.7569
vn 0.2392 0.6627 0.7020
vn 0.3255 0.9059 0.2392
vn 0.2392 0.9059 0.3255
vn 0.3882 0.9059 0.1216
vn 0.8824 0.3725 0.2784
vn -0.2863 0.9294 -0.2078
vn -0.2078 0.9294 -0.2863
vn -0.1137 0.9294 -0.3412
vn 0.1216 0.9059 0.3882
vn -0.0039 0.7098 0.7020
vn 0.4039 0.9059 -0.0039
vn 0.9216 0.3725 -0.0039
vn 0.9451 -0.0039 -0.3098
vn -0.4196 0.7020 -0.5765
vn -0.0039 0.9294 -0.3569
vn -0.2235 0.7020 -0.6784
vn -0.0039 0.9059 0.4039
vn -0.2235 0.7098 0.6627
vn 0.3882 0.9059 -0.1294
vn 0.8824 0.3647 -0.2863
vn 0.8039 -0.0039 -0.5922
vn 0.1059 0.9294 -0.3412
vn -0.0039 0.7020 -0.7098
vn -0.1294 0.9059 0.3804
vn -0.4196 0.7098 0.5608
vn 0.3255 0.9059 -0.2471
vn 0.7490 0.3647 -0.5529
vn 0.6549 -0.0039 -0.7569
vn 0.2000 0.9294 -0.2863
vn 0.2157 0.7020 -0.6784
vn -0.2392 0.9059 0.3255
vn -0.5686 0.7098 0.4039
vn 0.2392 0.9059 -0.3333
vn 0.5686 0.3961 -0.7255
vn 0.3882 0.3961 -0.8353
vn 0.2784 0.9294 -0.2078
vn 0.4118 0.7020 -0.5765
vn -0.3333 0.9059 0.2314
vn -0.0039 -1.0000 -0.0196
vn -0.0039 -1.0000 -0.0118
vn -0.8824 -0.0039 0.4745
vn -0.8902 -0.0039 0.4588
vn -0.8431 -0.0039 0.5451
vn -0.6863 -0.0039 0.7255
vn -0.5922 -0.0039 0.8039
vn 0.8745 -0.0039 0.4745
vn 0.8824 -0.0039 0.4588
vn 0.8353 -0.0039 0.5451
vn 0.6784 -0.0039 0.7255
vn 0.5843 -0.0039 0.8039
vn -0.0039 0.0118 -1.0000
vn -1.0000 -0.0039 -0.0118
vn -1.0000 0.0118 -0.0039
vn 0.9922 -0.0039 -0.0118
vn 0.9922 0.0118 -0.0039
vn -0.3882 -0.0039 -0.9294
vn 0.3804 -0.0039 -0.9294
vn -0.9294 -0.0039 -0.3882
vn -0.9294 -0.0039 0.3804
vn -0.3882 -0.0039 0.9216
vn 0.3804 -0.0039 0.9216
vn 0.9216 -0.0039 0.3804
vn 0.9216 -0.0039 -0.3882
vn -0.0196 -0.9608 -0.2941
vn -0.0745 -0.9686 -0.2471
vn 0.0039 -0.6078 -0.8039
vn -0.0118 -1.0000 -0.0196
vn 0.1137 -0.9373 0.3490
vn -0.1137 -0.9373 0.3490
vn 0.1451 -0.8745 -0.4667
vn 0.2471 -0.5922 -0.7725
vn 0.2863 -0.8745 -0.4039
vn 0.4745 -0.5843 -0.6627
vn -0.6000 -0.6784 0.4275
vn 0.3961 -0.8745 -0.2941
vn 0.6549 -0.5843 -0.4824
vn 0.5922 -0.6863 0.4275
vn 0.4667 -0.8745 -0.1529
vn 0.7725 -0.5843 -0.2549
vn 0.3569 -0.9373 -0.0039
vn -0.3725 -0.9373 -0.0039
vn 0.4902 -0.8745 -0.0039
vn 0.8118 -0.5843 -0.0039
vn 0.3333 -0.9373 -0.1137
vn -0.0275 -1.0000 0.0118
vn -0.3490 -0.9373 -0.1137
vn -0.7020 -0.6863 -0.2314
vn 0.4667 -0.8745 0.1451
vn 0.7725 -0.5843 0.2471
vn 0.2863 -0.9373 -0.2157
vn 0.6863 -0.6863 -0.2314
vn -0.3020 -0.9373 -0.2157
vn 0.3961 -0.8745 0.2863
vn 0.6549 -0.5843 0.4745
vn 0.2078 -0.9373 -0.2941
vn -0.2157 -0.9373 -0.3020
vn 0.2863 -0.8745 0.3961
vn 0.4745 -0.5843 0.6549
vn -0.1608 -0.8902 0.4275
vn -0.3098 -0.4902 0.8196
vn -0.2706 -0.7725 0.5765
vn -0.7569 0.3804 0.5294
vn -0.8196 0.0118 0.5765
vn -0.6392 0.0588 0.7647
vn -0.5294 0.3725 0.7569
vn -0.2471 0.6627 0.7020
vn -0.3333 0.9059 0.2392
vn -0.2471 0.9059 0.3255
vn -0.3961 0.9059 0.1216
vn -0.8902 0.3725 0.2784
vn -0.1294 0.9059 0.3882
vn 0.3333 0.9294 -0.1137
vn -0.4118 0.9059 -0.0039
vn -0.9294 0.3725 -0.0039
vn -0.9529 -0.0039 -0.3098
vn 0.5686 0.7020 -0.4196
vn 0.6706 0.7020 -0.2235
vn 0.2157 0.7098 0.6627
vn 0.3490 0.9294 -0.0039
vn 0.7020 0.7020 -0.0039
vn -0.3961 0.9059 -0.1294
vn -0.8902 0.3647 -0.2863
vn -0.8118 -0.0039 -0.5922
vn 0.1216 0.9059 0.3804
vn 0.4118 0.7098 0.5608
vn 0.3333 0.9294 0.1059
vn 0.6706 0.7020 0.2157
vn -0.3333 0.9059 -0.2471
vn -0.7569 0.3647 -0.5529
vn -0.6627 -0.0039 -0.7569
vn 0.2314 0.9059 0.3255
vn 0.5608 0.7098 0.4039
vn 0.2784 0.9294 0.2000
vn 0.5686 0.7020 0.4118
vn -0.2471 0.9059 -0.3333
vn -0.5765 0.3961 -0.7255
vn -0.3961 0.3961 -0.8353
vn -0.6706 0.7098 0.2157
vn 0.1216 0.9059 -0.3961
vn 0.2157 0.4667 -0.8588
vn 0.0039 0.6863 -0.7333
vn -0.3882 0.9137 0.1216
vn -0.7020 0.7098 -0.0039
vn -0.4118 0.9137 -0.0039
vn -0.1294 0.9059 -0.3882
vn -0.6784 0.7020 -0.2157
vn -0.3961 0.9059 -0.1373
vn -0.5686 0.7098 -0.4118
vn -0.3333 0.9059 -0.2392
vn -0.2392 0.9059 -0.3333
vn -0.4196 0.7098 -0.5686
vn -0.2235 0.7098 -0.6706
vn 0.0039 0.9922 -0.0039
vn 0.0118 -1.0000 0.0039
vn -0.0039 -1.0000 0.0196
vn -0.0039 -0.9529 -0.3176
vn 0.6627 -0.6706 -0.3333
vn -0.6706 -0.6706 -0.3333
vn 0.7020 -0.7098 0.0510
vn 0.9922 -0.0039 0.0196
vn 0.9451 -0.0039 -0.3176
vn 0.5765 -0.5843 0.5765
vn -0.0039 -0.7098 0.7020
vn -0.7098 -0.7098 0.0510
vn -0.5843 -0.5843 0.5765
vn -0.0039 -0.0039 1.0000
vn 0.7020 -0.0039 0.7020
vn -1.0000 -0.0039 0.0196
vn -0.9529 -0.0039 -0.3176
vn -0.7098 -0.0039 0.7020
vn 0.6627 0.6627 -0.3333
vn 0.7020 0.7020 0.0510
vn 0.5765 0.5765 0.5765
vn -0.5843 0.5765 0.5765
vn -0.0039 0.9922 0.0196
vn -0.7098 0.7020 0.0510
vn -0.6706 0.6627 -0.3333
vn -0.0039 0.9451 -0.3176
# 493 vertex normals

vt 0.8257 0.1714 0.0000
vt 0.7881 0.1714 0.0000
vt 0.7881 0.1392 0.0000
vt 0.8257 0.1318 0.0000
vt 0.7988 0.1235 0.0000
vt 0.8076 0.1030 0.0000
vt 0.8628 0.1392 0.0000
vt 0.8633 0.1714 0.0000
vt 0.8521 0.1235 0.0000
vt 0.8257 0.0923 0.0000
vt 0.8433 0.1030 0.0000
vt 0.8105 0.0811 0.0000
vt 0.8252 0.0503 0.0000
vt 0.8403 0.0811 0.0000
vt 0.8081 0.0596 0.0000
vt 0.8428 0.0596 0.0000
vt 0.8008 0.0400 0.0000
vt 0.8252 0.0254 0.0000
vt 0.8501 0.0400 0.0000
vt 0.7886 0.0249 0.0000
vt 0.8252 0.0127 0.0000
vt 0.8618 0.0249 0.0000
vt 0.7847 0.0122 0.0000
vt 0.7773 0.0156 0.0000
vt 0.8662 0.0117 0.0000
vt 0.8716 0.0156 0.0000
vt 0.8628 0.1875 0.0000
vt 0.8711 0.1899 0.0000
vt 0.8594 0.2026 0.0000
vt 0.8247 0.1870 0.0000
vt 0.8247 0.2036 0.0000
vt 0.8438 0.2202 0.0000
vt 0.7905 0.2021 0.0000
vt 0.7871 0.1870 0.0000
vt 0.8247 0.2314 0.0000
vt 0.8062 0.2202 0.0000
vt 0.8335 0.2427 0.0000
vt 0.7788 0.1890 0.0000
vt 0.8159 0.2427 0.0000
vt 0.8296 0.2681 0.0000
vt 0.8242 0.2803 0.0000
vt 0.8193 0.2681 0.0000
vt 0.8325 0.2930 0.0000
vt 0.8242 0.3267 0.0000
vt 0.8159 0.2930 0.0000
vt 0.8413 0.3159 0.0000
vt 0.8071 0.3154 0.0000
vt 0.8584 0.3384 0.0000
vt 0.8237 0.3628 0.0000
vt 0.7900 0.3379 0.0000
vt 0.8628 0.3638 0.0000
vt 0.8643 0.3418 0.0000
vt 0.7852 0.3633 0.0000
vt 0.7837 0.3413 0.0000
vt 0.6787 0.9871 0.0000
vt 0.6787 0.8898 0.0000
vt 0.6953 0.8898 0.0000
vt 0.7012 0.9871 0.0000
vt 0.7104 0.8898 0.0000
vt 0.7300 0.9871 0.0000
vt 0.7251 0.8898 0.0000
vt 0.7402 0.8898 0.0000
vt 0.7524 0.9871 0.0000
vt 0.7554 0.8898 0.0000
vt 0.7705 0.8898 0.0000
vt 0.7749 0.9871 0.0000
vt 0.7852 0.8898 0.0000
vt 0.8003 0.8898 0.0000
vt 0.8047 0.9871 0.0000
vt 0.8154 0.8898 0.0000
vt 0.8271 0.9871 0.0000
vt 0.8306 0.8898 0.0000
vt 0.8457 0.8898 0.0000
vt 0.8496 0.9871 0.0000
vt 0.8608 0.8898 0.0000
vt 0.8760 0.8898 0.0000
vt 0.8789 0.9871 0.0000
vt 0.8906 0.8898 0.0000
vt 0.9009 0.9871 0.0000
vt 0.9058 0.8898 0.0000
vt 0.9204 0.8898 0.0000
vt 0.9233 0.9871 0.0000
vt 0.9351 0.8898 0.0000
vt 0.9502 0.8898 0.0000
vt 0.9521 0.9871 0.0000
vt 0.9644 0.8898 0.0000
vt 0.9790 0.9871 0.0000
vt 0.9790 0.8898 0.0000
vt 0.6797 0.8632 0.0000
vt 0.6777 0.7972 0.0000
vt 0.6914 0.7972 0.0000
vt 0.6982 0.8632 0.0000
vt 0.7056 0.7972 0.0000
vt 0.7197 0.7972 0.0000
vt 0.7256 0.8632 0.0000
vt 0.7339 0.7972 0.0000
vt 0.7480 0.8632 0.0000
vt 0.7490 0.7972 0.0000
vt 0.7646 0.7972 0.0000
vt 0.7725 0.8632 0.0000
vt 0.7803 0.7972 0.0000
vt 0.8062 0.8632 0.0000
vt 0.7969 0.7972 0.0000
vt 0.8135 0.7972 0.0000
vt 0.8325 0.8632 0.0000
vt 0.8301 0.7972 0.0000
vt 0.8472 0.7972 0.0000
vt 0.8584 0.8632 0.0000
vt 0.8638 0.7972 0.0000
vt 0.8916 0.8632 0.0000
vt 0.8799 0.7972 0.0000
vt 0.8960 0.7972 0.0000
vt 0.9150 0.8632 0.0000
vt 0.9121 0.7972 0.0000
vt 0.9272 0.7972 0.0000
vt 0.9370 0.8632 0.0000
vt 0.9424 0.7972 0.0000
vt 0.9565 0.7972 0.0000
vt 0.9639 0.8632 0.0000
vt 0.9707 0.7972 0.0000
vt 0.9814 0.8632 0.0000
vt 0.9834 0.7972 0.0000
vt 0.0739 0.9871 0.0000
vt 0.0739 0.0088 0.0000
vt 0.1080 0.0088 0.0000
vt 0.0879 0.9871 0.0000
vt 0.1227 0.0088 0.0000
vt 0.1057 0.9871 0.0000
vt 0.1373 0.0088 0.0000
vt 0.1235 0.9871 0.0000
vt 0.1520 0.0088 0.0000
vt 0.1414 0.9871 0.0000
vt 0.1667 0.0088 0.0000
vt 0.1592 0.9871 0.0000
vt 0.1814 0.0088 0.0000
vt 0.1770 0.9871 0.0000
vt 0.1960 0.0088 0.0000
vt 0.1948 0.9871 0.0000
vt 0.2108 0.0088 0.0000
vt 0.2126 0.9871 0.0000
vt 0.2255 0.0088 0.0000
vt 0.2306 0.9871 0.0000
vt 0.2401 0.0088 0.0000
vt 0.2484 0.9871 0.0000
vt 0.2549 0.0088 0.0000
vt 0.2661 0.9871 0.0000
vt 0.2695 0.0088 0.0000
vt 0.2839 0.9871 0.0000
vt 0.2888 0.0088 0.0000
vt 0.3074 0.9871 0.0000
vt 0.2942 0.0088 0.0000
vt 0.3140 0.9871 0.0000
vt 0.3406 0.0088 0.0000
vt 0.3406 0.9871 0.0000
vt 0.0500 0.9871 0.0000
vt 0.0500 0.0088 0.0000
vt 0.0647 0.0088 0.0000
vt 0.0647 0.9871 0.0000
vt 0.0397 0.0088 0.0000
vt 0.0397 0.9871 0.0000
vt 0.0104 0.9871 0.0000
vt 0.0104 0.0088 0.0000
vt 0.8188 0.5820 0.0000
vt 0.8042 0.5820 0.0000
vt 0.8013 0.5764 0.0000
vt 0.8223 0.5764 0.0000
vt 0.6680 0.0967 0.0000
vt 0.6719 0.0957 0.0000
vt 0.6792 0.1152 0.0000
vt 0.7603 0.0181 0.0000
vt 0.7593 0.0215 0.0000
vt 0.7407 0.0161 0.0000
vt 0.7412 0.0122 0.0000
vt 0.7549 0.0317 0.0000
vt 0.7681 0.0396 0.0000
vt 0.7637 0.0449 0.0000
vt 0.7520 0.0381 0.0000
vt 0.6665 0.0747 0.0000
vt 0.6826 0.0762 0.0000
vt 0.6836 0.0933 0.0000
vt 0.6909 0.0913 0.0000
vt 0.6963 0.1050 0.0000
vt 0.6704 0.0752 0.0000
vt 0.7393 0.0278 0.0000
vt 0.7207 0.0171 0.0000
vt 0.7388 0.0347 0.0000
vt 0.6719 0.0537 0.0000
vt 0.6865 0.0601 0.0000
vt 0.6899 0.0771 0.0000
vt 0.6753 0.0552 0.0000
vt 0.7231 0.0288 0.0000
vt 0.7251 0.0356 0.0000
vt 0.6831 0.0352 0.0000
vt 0.6953 0.0459 0.0000
vt 0.6934 0.0630 0.0000
vt 0.6865 0.0376 0.0000
vt 0.7119 0.0410 0.0000
vt 0.7021 0.0249 0.0000
vt 0.7080 0.0352 0.0000
vt 0.6997 0.0215 0.0000
vt 0.7012 0.0508 0.0000
vt 0.7197 0.0132 0.0000
vt 0.8799 0.3804 0.0000
vt 0.9185 0.3818 0.0000
vt 0.8950 0.4409 0.0000
vt 0.8535 0.3936 0.0000
vt 0.9448 0.4004 0.0000
vt 0.8374 0.4175 0.0000
vt 0.9565 0.4272 0.0000
vt 0.8350 0.4556 0.0000
vt 0.9521 0.4653 0.0000
vt 0.8477 0.4814 0.0000
vt 0.8711 0.4980 0.0000
vt 0.9355 0.4893 0.0000
vt 0.9092 0.5015 0.0000
vt 0.7354 0.4326 0.0000
vt 0.6787 0.4136 0.0000
vt 0.6948 0.3916 0.0000
vt 0.6738 0.4409 0.0000
vt 0.7271 0.3774 0.0000
vt 0.6914 0.4727 0.0000
vt 0.7534 0.3804 0.0000
vt 0.7144 0.4873 0.0000
vt 0.7749 0.3955 0.0000
vt 0.7412 0.4888 0.0000
vt 0.7891 0.4268 0.0000
vt 0.7720 0.4736 0.0000
vt 0.7866 0.4521 0.0000
vt 0.7339 0.1831 0.0000
vt 0.7666 0.1909 0.0000
vt 0.7578 0.1929 0.0000
vt 0.7798 0.2041 0.0000
vt 0.7544 0.2041 0.0000
vt 0.7339 0.2012 0.0000
vt 0.7339 0.1895 0.0000
vt 0.7109 0.1929 0.0000
vt 0.7090 0.1870 0.0000
vt 0.7139 0.2036 0.0000
vt 0.7158 0.2090 0.0000
vt 0.7339 0.2065 0.0000
vt 0.7729 0.2139 0.0000
vt 0.7524 0.2095 0.0000
vt 0.7969 0.2212 0.0000
vt 0.6958 0.2119 0.0000
vt 0.6899 0.2026 0.0000
vt 0.6987 0.2168 0.0000
vt 0.6865 0.1978 0.0000
vt 0.7876 0.2285 0.0000
vt 0.7695 0.2183 0.0000
vt 0.8081 0.2437 0.0000
vt 0.6812 0.2251 0.0000
vt 0.6855 0.2285 0.0000
vt 0.6729 0.2178 0.0000
vt 0.6685 0.2139 0.0000
vt 0.7969 0.2471 0.0000
vt 0.7827 0.2319 0.0000
vt 0.8125 0.2681 0.0000
vt 0.6714 0.2417 0.0000
vt 0.6763 0.2437 0.0000
vt 0.6611 0.2373 0.0000
vt 0.6558 0.2349 0.0000
vt 0.8003 0.2681 0.0000
vt 0.7915 0.2490 0.0000
vt 0.8086 0.2925 0.0000
vt 0.6670 0.2603 0.0000
vt 0.6719 0.2607 0.0000
vt 0.6558 0.2593 0.0000
vt 0.6499 0.2588 0.0000
vt 0.7964 0.2886 0.0000
vt 0.7944 0.2681 0.0000
vt 0.7983 0.3149 0.0000
vt 0.6685 0.2793 0.0000
vt 0.6733 0.2783 0.0000
vt 0.6577 0.2822 0.0000
vt 0.6519 0.2837 0.0000
vt 0.7866 0.3071 0.0000
vt 0.7910 0.2866 0.0000
vt 0.6763 0.2974 0.0000
vt 0.6807 0.2944 0.0000
vt 0.6665 0.3032 0.0000
vt 0.6611 0.3066 0.0000
vt 0.7705 0.3208 0.0000
vt 0.7822 0.3037 0.0000
vt 0.6895 0.3125 0.0000
vt 0.6929 0.3081 0.0000
vt 0.6821 0.3213 0.0000
vt 0.6777 0.3262 0.0000
vt 0.7681 0.3159 0.0000
vt 0.7075 0.3232 0.0000
vt 0.7095 0.3174 0.0000
vt 0.7026 0.3345 0.0000
vt 0.7002 0.3403 0.0000
vt 0.7290 0.3286 0.0000
vt 0.7295 0.3218 0.0000
vt 0.7275 0.3408 0.0000
vt 0.7271 0.3477 0.0000
vt 0.7510 0.3276 0.0000
vt 0.7500 0.3218 0.0000
vt 0.7529 0.3398 0.0000
vt 0.7749 0.3340 0.0000
vt 0.7544 0.3462 0.0000
vt 0.7725 0.3398 0.0000
vt 0.7793 0.3364 0.0000
vt 0.8701 0.1392 0.0000
vt 0.8574 0.1235 0.0000
vt 0.8608 0.1206 0.0000
vt 0.8467 0.1030 0.0000
vt 0.8770 0.1362 0.0000
vt 0.8965 0.1470 0.0000
vt 0.8638 0.1182 0.0000
vt 0.8794 0.1333 0.0000
vt 0.8545 0.1001 0.0000
vt 0.8511 0.1016 0.0000
vt 0.8428 0.0811 0.0000
vt 0.8740 0.1108 0.0000
vt 0.8862 0.1230 0.0000
vt 0.9014 0.1309 0.0000
vt 0.8979 0.1426 0.0000
vt 0.9189 0.1494 0.0000
vt 0.8657 0.0962 0.0000
vt 0.8511 0.0811 0.0000
vt 0.8472 0.0811 0.0000
vt 0.8457 0.0596 0.0000
vt 0.8799 0.1064 0.0000
vt 0.8726 0.0938 0.0000
vt 0.8906 0.1167 0.0000
vt 0.9185 0.1333 0.0000
vt 0.9038 0.1235 0.0000
vt 0.9189 0.1455 0.0000
vt 0.9409 0.1450 0.0000
vt 0.8623 0.0806 0.0000
vt 0.8696 0.0801 0.0000
vt 0.8535 0.0615 0.0000
vt 0.8496 0.0605 0.0000
vt 0.8550 0.0400 0.0000
vt 0.9351 0.1299 0.0000
vt 0.9180 0.1260 0.0000
vt 0.9395 0.1411 0.0000
vt 0.9595 0.1333 0.0000
vt 0.8643 0.0649 0.0000
vt 0.8711 0.0669 0.0000
vt 0.8613 0.0444 0.0000
vt 0.8584 0.0425 0.0000
vt 0.8696 0.0249 0.0000
vt 0.9492 0.1211 0.0000
vt 0.9321 0.1230 0.0000
vt 0.9570 0.1304 0.0000
vt 0.9741 0.1167 0.0000
vt 0.8706 0.0508 0.0000
vt 0.8765 0.0547 0.0000
vt 0.8745 0.0308 0.0000
vt 0.8721 0.0278 0.0000
vt 0.8813 0.0156 0.0000
vt 0.9600 0.1084 0.0000
vt 0.9443 0.1157 0.0000
vt 0.9702 0.1147 0.0000
vt 0.7983 0.5703 0.0000
vt 0.8252 0.5703 0.0000
vt 0.7930 0.5637 0.0000
vt 0.8306 0.5637 0.0000
vt 0.7832 0.5566 0.0000
vt 0.8403 0.5566 0.0000
vt 0.7832 0.5313 0.0000
vt 0.8403 0.5315 0.0000
vt 0.8242 0.6184 0.0000
vt 0.8242 0.6331 0.0000
vt 0.8052 0.6331 0.0000
vt 0.8052 0.6182 0.0000
vt 0.8071 0.6062 0.0000
vt 0.7949 0.6140 0.0000
vt 0.7910 0.6074 0.0000
vt 0.8032 0.5991 0.0000
vt 0.7866 0.6003 0.0000
vt 0.7983 0.5916 0.0000
vt 0.7803 0.5923 0.0000
vt 0.7920 0.5833 0.0000
vt 0.7695 0.5825 0.0000
vt 0.7808 0.5732 0.0000
vt 0.8350 0.6140 0.0000
vt 0.8228 0.6062 0.0000
vt 0.8271 0.5991 0.0000
vt 0.8394 0.6077 0.0000
vt 0.8315 0.5918 0.0000
vt 0.8438 0.6006 0.0000
vt 0.8384 0.5835 0.0000
vt 0.8501 0.5925 0.0000
vt 0.8496 0.5732 0.0000
vt 0.8608 0.5828 0.0000
vt 0.9292 0.5156 0.0000
vt 0.9512 0.5154 0.0000
vt 0.9556 0.5234 0.0000
vt 0.9248 0.5234 0.0000
vt 0.9600 0.5325 0.0000
vt 0.9204 0.5325 0.0000
vt 0.9678 0.5417 0.0000
vt 0.9126 0.5417 0.0000
vt 0.9814 0.5518 0.0000
vt 0.8989 0.5520 0.0000
vt 0.9814 0.5884 0.0000
vt 0.8989 0.5886 0.0000
vt 0.8496 0.5061 0.0000
vt 0.8496 0.5210 0.0000
vt 0.7769 0.5210 0.0000
vt 0.7769 0.5061 0.0000
vt 0.7554 0.5288 0.0000
vt 0.7700 0.5288 0.0000
vt 0.7700 0.5605 0.0000
vt 0.7554 0.5605 0.0000
vt 0.8706 0.5288 0.0000
vt 0.8701 0.5605 0.0000
vt 0.8555 0.5605 0.0000
vt 0.8555 0.5288 0.0000
vt 0.8799 0.7446 0.0000
vt 0.9141 0.7446 0.0000
vt 0.9126 0.7697 0.0000
vt 0.8784 0.7697 0.0000
vt 0.8770 0.7446 0.0000
vt 0.8755 0.7697 0.0000
vt 0.8193 0.7446 0.0000
vt 0.8188 0.7697 0.0000
vt 0.8164 0.7446 0.0000
vt 0.8159 0.7697 0.0000
vt 0.7813 0.7446 0.0000
vt 0.7817 0.7697 0.0000
vt 0.7783 0.7446 0.0000
vt 0.7793 0.7697 0.0000
vt 0.7207 0.7446 0.0000
vt 0.7222 0.7697 0.0000
vt 0.7183 0.7446 0.0000
vt 0.7192 0.7697 0.0000
vt 0.8877 0.1997 0.0000
vt 0.8794 0.1978 0.0000
vt 0.9097 0.1909 0.0000
vt 0.8672 0.2095 0.0000
vt 0.8906 0.2100 0.0000
vt 0.9097 0.2075 0.0000
vt 0.9097 0.1968 0.0000
vt 0.9277 0.2100 0.0000
vt 0.9307 0.2002 0.0000
vt 0.9326 0.1948 0.0000
vt 0.9263 0.2148 0.0000
vt 0.9092 0.2124 0.0000
vt 0.8735 0.2183 0.0000
vt 0.8921 0.2148 0.0000
vt 0.8511 0.2251 0.0000
vt 0.9443 0.2178 0.0000
vt 0.9414 0.2222 0.0000
vt 0.9497 0.2095 0.0000
vt 0.9531 0.2046 0.0000
vt 0.8599 0.2319 0.0000
vt 0.8770 0.2227 0.0000
vt 0.8408 0.2456 0.0000
vt 0.9575 0.2300 0.0000
vt 0.9536 0.2329 0.0000
vt 0.9653 0.2236 0.0000
vt 0.9697 0.2202 0.0000
vt 0.8511 0.2490 0.0000
vt 0.8643 0.2349 0.0000
vt 0.8369 0.2681 0.0000
vt 0.9668 0.2451 0.0000
vt 0.9619 0.2471 0.0000
vt 0.9761 0.2417 0.0000
vt 0.9810 0.2393 0.0000
vt 0.8481 0.2681 0.0000
vt 0.8560 0.2505 0.0000
vt 0.8398 0.2905 0.0000
vt 0.9707 0.2627 0.0000
vt 0.9658 0.2627 0.0000
vt 0.9805 0.2617 0.0000
vt 0.9858 0.2612 0.0000
vt 0.8511 0.2871 0.0000
vt 0.8530 0.2681 0.0000
vt 0.8486 0.3110 0.0000
vt 0.9688 0.2803 0.0000
vt 0.9639 0.2788 0.0000
vt 0.9785 0.2827 0.0000
vt 0.9839 0.2842 0.0000
vt 0.8599 0.3042 0.0000
vt 0.8560 0.2856 0.0000
vt 0.9614 0.2969 0.0000
vt 0.9575 0.2939 0.0000
vt 0.9702 0.3022 0.0000
vt 0.9751 0.3052 0.0000
vt 0.8745 0.3174 0.0000
vt 0.8643 0.3008 0.0000
vt 0.9492 0.3105 0.0000
vt 0.9458 0.3062 0.0000
vt 0.9561 0.3188 0.0000
vt 0.9595 0.3232 0.0000
vt 0.8770 0.3125 0.0000
vt 0.9326 0.3198 0.0000
vt 0.9307 0.3149 0.0000
vt 0.9365 0.3301 0.0000
vt 0.9390 0.3359 0.0000
vt 0.9126 0.3247 0.0000
vt 0.9121 0.3184 0.0000
vt 0.9136 0.3359 0.0000
vt 0.9141 0.3418 0.0000
vt 0.8926 0.3237 0.0000
vt 0.8936 0.3184 0.0000
vt 0.8901 0.3345 0.0000
vt 0.8701 0.3291 0.0000
vt 0.8892 0.3403 0.0000
vt 0.8726 0.3345 0.0000
vt 0.8662 0.3311 0.0000
vt 0.7891 0.1206 0.0000
vt 0.7925 0.1235 0.0000
vt 0.7793 0.1392 0.0000
vt 0.8032 0.1030 0.0000
vt 0.7729 0.1367 0.0000
vt 0.7534 0.1470 0.0000
vt 0.7856 0.1182 0.0000
vt 0.7705 0.1333 0.0000
vt 0.7954 0.1006 0.0000
vt 0.7988 0.1016 0.0000
vt 0.8066 0.0811 0.0000
vt 0.7759 0.1108 0.0000
vt 0.7637 0.1230 0.0000
vt 0.7480 0.1313 0.0000
vt 0.7520 0.1431 0.0000
vt 0.7310 0.1499 0.0000
vt 0.7842 0.0962 0.0000
vt 0.7988 0.0811 0.0000
vt 0.8027 0.0811 0.0000
vt 0.8037 0.0596 0.0000
vt 0.7700 0.1064 0.0000
vt 0.7773 0.0938 0.0000
vt 0.7588 0.1172 0.0000
vt 0.7314 0.1333 0.0000
vt 0.7461 0.1240 0.0000
vt 0.7310 0.1460 0.0000
vt 0.7090 0.1455 0.0000
vt 0.7871 0.0806 0.0000
vt 0.7803 0.0801 0.0000
vt 0.7964 0.0615 0.0000
vt 0.7998 0.0605 0.0000
vt 0.7944 0.0400 0.0000
vt 0.7148 0.1299 0.0000
vt 0.7319 0.1260 0.0000
vt 0.7104 0.1416 0.0000
vt 0.6899 0.1338 0.0000
vt 0.7852 0.0649 0.0000
vt 0.7788 0.0669 0.0000
vt 0.7881 0.0444 0.0000
vt 0.7910 0.0425 0.0000
vt 0.7803 0.0249 0.0000
vt 0.7007 0.1216 0.0000
vt 0.7178 0.1230 0.0000
vt 0.6929 0.1309 0.0000
vt 0.6758 0.1172 0.0000
vt 0.7788 0.0508 0.0000
vt 0.7729 0.0547 0.0000
vt 0.7754 0.0308 0.0000
vt 0.7773 0.0278 0.0000
vt 0.7681 0.0161 0.0000
vt 0.6899 0.1089 0.0000
vt 0.7056 0.1157 0.0000
vt 0.9819 0.0962 0.0000
vt 0.8813 0.0391 0.0000
vt 0.8857 0.0449 0.0000
vt 0.8906 0.0210 0.0000
vt 0.8892 0.0176 0.0000
vt 0.9087 0.0122 0.0000
vt 0.9663 0.0928 0.0000
vt 0.9536 0.1045 0.0000
vt 0.9780 0.0952 0.0000
vt 0.9087 0.0156 0.0000
vt 0.8950 0.0313 0.0000
vt 0.8975 0.0381 0.0000
vt 0.9834 0.0742 0.0000
vt 0.9673 0.0757 0.0000
vt 0.9590 0.0913 0.0000
vt 0.9795 0.0747 0.0000
vt 0.9102 0.0273 0.0000
vt 0.9287 0.0171 0.0000
vt 0.9106 0.0347 0.0000
vt 0.9780 0.0532 0.0000
vt 0.9629 0.0596 0.0000
vt 0.9600 0.0767 0.0000
vt 0.9741 0.0547 0.0000
vt 0.9263 0.0283 0.0000
vt 0.9248 0.0356 0.0000
vt 0.9663 0.0347 0.0000
vt 0.9541 0.0454 0.0000
vt 0.9561 0.0625 0.0000
vt 0.9634 0.0376 0.0000
vt 0.9375 0.0410 0.0000
vt 0.9478 0.0244 0.0000
vt 0.9414 0.0347 0.0000
vt 0.9497 0.0210 0.0000
vt 0.9487 0.0503 0.0000
vt 0.9297 0.0132 0.0000
vt 0.9106 0.6118 0.0000
vt 0.8965 0.6699 0.0000
vt 0.8740 0.6135 0.0000
vt 0.9355 0.6243 0.0000
vt 0.8491 0.6309 0.0000
vt 0.9512 0.6475 0.0000
vt 0.8374 0.6565 0.0000
vt 0.9536 0.6836 0.0000
vt 0.8418 0.6929 0.0000
vt 0.9419 0.7085 0.0000
vt 0.9189 0.7241 0.0000
vt 0.8579 0.7156 0.0000
vt 0.8828 0.7273 0.0000
vt 0.7271 0.6611 0.0000
vt 0.7676 0.6201 0.0000
vt 0.7842 0.6421 0.0000
vt 0.7354 0.6062 0.0000
vt 0.7891 0.6697 0.0000
vt 0.7095 0.6091 0.0000
vt 0.7710 0.7017 0.0000
vt 0.6880 0.6243 0.0000
vt 0.7480 0.7158 0.0000
vt 0.6738 0.6553 0.0000
vt 0.6758 0.6809 0.0000
vt 0.7217 0.7173 0.0000
vt 0.6904 0.7024 0.0000
vt 0.7261 0.0596 0.0000
vt 0.7227 0.0498 0.0000
vt 0.7476 0.0508 0.0000
vt 0.7046 0.0674 0.0000
vt 0.7427 0.0605 0.0000
vt 0.7544 0.0723 0.0000
vt 0.7637 0.0684 0.0000
vt 0.7393 0.0679 0.0000
vt 0.7300 0.0693 0.0000
vt 0.7144 0.0713 0.0000
vt 0.7217 0.0742 0.0000
vt 0.7339 0.0796 0.0000
vt 0.7441 0.0757 0.0000
vt 0.7134 0.0879 0.0000
vt 0.7041 0.0913 0.0000
vt 0.7236 0.0835 0.0000
vt 0.7632 0.0933 0.0000
vt 0.7534 0.0884 0.0000
vt 0.7461 0.0850 0.0000
vt 0.7285 0.0918 0.0000
vt 0.7378 0.0898 0.0000
vt 0.7417 0.1006 0.0000
vt 0.7251 0.0991 0.0000
vt 0.7207 0.1094 0.0000
vt 0.7456 0.1099 0.0000
# 643 texture coords

o ShotgunReceiver_1
g ShotgunReceiver_1
usemtl Material_0005e1
s 1
f 942/1416/983 943/1417/984 944/1418/985 
f 944/1418/985 945/1419/986 942/1416/983 
f 946/1420/987 945/1419/986 944/1418/985 
f 945/1419/986 946/1420/987 947/1421/988 
f 942/1416/983 945/1419/986 948/1422/989 
f 948/1422/989 949/1423/990 942/1416/983 
f 950/1424/991 948/1422/989 945/1419/986 
f 947/1421/988 951/1425/992 945/1419/986 
f 945/1419/986 951/1425/992 952/1426/993 
f 952/1426/993 950/1424/991 945/1419/986 
f 953/1427/994 951/1425/992 947/1421/988 
f 954/1428/986 951/1425/992 953/1427/994 
f 955/1429/995 952/1426/993 951/1425/992 
f 955/1429/995 951/1425/992 954/1428/986 
f 953/1427/994 956/1430/996 954/1428/986 
f 954/1428/986 957/1431/997 955/1429/995 
f 958/1432/998 954/1428/986 956/1430/996 
f 959/1433/992 954/1428/986 958/1432/998 
f 960/1434/999 957/1431/997 954/1428/986 
f 960/1434/999 954/1428/986 959/1433/992 
f 958/1432/998 961/1435/1000 959/1433/992 
f 962/1436/992 959/1433/992 961/1435/1000 
f 963/1437/1001 959/1433/992 962/1436/992 
f 959/1433/992 963/1437/1001 960/1434/999 
f 961/1435/1000 964/1438/1002 962/1436/992 
f 965/1439/996 964/1438/1002 961/1435/1000 
f 962/1436/992 966/1440/1003 963/1437/1001 
f 967/1441/997 963/1437/1001 966/1440/1003 
f 968/1442/1004 969/1443/1005 970/1444/1006 
f 971/1445/1007 968/1442/1004 970/1444/1006 
f 970/1444/1006 972/1446/1008 971/1445/1007 
f 972/1446/1008 970/1444/1006 973/1447/1009 
f 971/1445/1007 972/1446/1008 974/1448/1006 
f 974/1448/1006 975/1449/1010 971/1445/1007 
f 973/1447/1009 976/1450/1011 972/1446/1008 
f 972/1446/1008 976/1450/1011 977/1451/1012 
f 977/1451/1012 974/1448/1006 972/1446/1008 
f 978/1452/1013 976/1450/1011 973/1447/1009 
f 975/1449/1010 974/1448/1006 979/1453/1014 
f 980/1454/1015 977/1451/1012 976/1450/1011 
f 976/1450/1011 978/1452/1013 981/1455/1011 
f 981/1455/1011 982/1456/1011 976/1450/1011 
f 976/1450/1011 982/1456/1011 983/1457/1011 
f 983/1457/1011 980/1454/1015 976/1450/1011 
f 984/1458/1016 982/1456/1011 981/1455/1011 
f 985/1459/1017 982/1456/1011 984/1458/1016 
f 986/1460/1018 982/1456/1011 985/1459/1017 
f 986/1460/1018 983/1457/1011 982/1456/1011 
f 984/1458/1016 987/1461/1019 985/1459/1017 
f 985/1459/1017 988/1462/1020 986/1460/1018 
f 989/1463/1021 985/1459/1017 987/1461/1019 
f 990/1464/1017 985/1459/1017 989/1463/1021 
f 991/1465/1022 988/1462/1020 985/1459/1017 
f 991/1465/1022 985/1459/1017 990/1464/1017 
f 989/1463/1021 992/1466/1023 990/1464/1017 
f 992/1466/1023 989/1463/1021 993/1467/1024 
f 990/1464/1017 994/1468/1025 991/1465/1022 
f 994/1468/1025 995/1469/1026 991/1465/1022 
f 996/1470/1027 997/1471/1028 998/1472/1029 
f 998/1472/1029 999/1473/1030 996/1470/1027 
f 998/1472/1029 1000/1474/1031 999/1473/1030 
f 1001/1475/1032 999/1473/1030 1000/1474/1031 
f 1000/1474/1031 1002/1476/1033 1001/1475/1032 
f 1002/1476/1033 1003/1477/1034 1001/1475/1032 
f 1004/1478/1035 1001/1475/1032 1003/1477/1034 
f 1003/1477/1034 1005/1479/1036 1004/1478/1035 
f 1004/1478/1035 1005/1479/1036 1006/1480/1037 
f 1006/1480/1037 1007/1481/1038 1004/1478/1035 
f 1006/1480/1037 1008/1482/1039 1007/1481/1038 
f 1007/1481/1038 1008/1482/1039 1009/1483/1040 
f 1009/1483/1040 1010/1484/1041 1007/1481/1038 
f 1009/1483/1040 1011/1485/1042 1010/1484/1041 
f 1012/1486/1043 1010/1484/1041 1011/1485/1042 
f 1011/1485/1042 1013/1487/1044 1012/1486/1043 
f 1012/1486/1043 1013/1487/1044 1014/1488/1045 
f 1014/1488/1045 1015/1489/1046 1012/1486/1043 
f 1014/1488/1045 1016/1490/1047 1015/1489/1046 
f 1015/1489/1046 1016/1490/1047 1017/1491/1048 
f 1017/1491/1048 1018/1492/1049 1015/1489/1046 
f 1017/1491/1048 1019/1493/1050 1018/1492/1049 
f 1020/1494/1051 1018/1492/1049 1019/1493/1050 
f 1019/1493/1050 1021/1495/1052 1020/1494/1051 
f 1020/1494/1051 1021/1495/1052 1022/1496/1053 
f 1022/1496/1053 1023/1497/1054 1020/1494/1051 
f 1022/1496/1053 1024/1498/1055 1023/1497/1054 
f 1023/1497/1054 1024/1498/1055 1025/1499/1056 
f 1025/1499/1056 1026/1500/1057 1023/1497/1054 
f 1025/1499/1056 1027/1501/1058 1026/1500/1057 
f 996/1502/1027 1026/1500/1057 1027/1501/1058 
f 1027/1501/1058 997/1503/1028 996/1502/1027 
f 1028/1504/1059 1029/1505/1060 1030/1506/1061 
f 1030/1506/1061 1031/1507/1062 1028/1504/1059 
f 1030/1506/1061 1032/1508/1063 1031/1507/1062 
f 1031/1507/1062 1032/1508/1063 1033/1509/1064 
f 1033/1509/1064 1034/1510/1065 1031/1507/1062 
f 1033/1509/1064 1035/1511/1066 1034/1510/1065 
f 1036/1512/1067 1034/1510/1065 1035/1511/1066 
f 1035/1511/1066 1037/1513/1068 1036/1512/1067 
f 1036/1512/1067 1037/1513/1068 1038/1514/1069 
f 1038/1514/1069 1039/1515/1070 1036/1512/1067 
f 1038/1514/1069 1040/1516/1071 1039/1515/1070 
f 1041/1517/1072 1039/1515/1070 1040/1516/1071 
f 1040/1516/1071 1042/1518/1073 1041/1517/1072 
f 1042/1518/1073 1043/1519/1074 1041/1517/1072 
f 1044/1520/1075 1041/1517/1072 1043/1519/1074 
f 1043/1519/1074 1045/1521/1076 1044/1520/1075 
f 1044/1520/1075 1045/1521/1076 1046/1522/1077 
f 1046/1522/1077 1047/1523/1078 1044/1520/1075 
f 1046/1522/1077 1048/1524/1079 1047/1523/1078 
f 1049/1525/1080 1047/1523/1078 1048/1524/1079 
f 1048/1524/1079 1050/1526/1081 1049/1525/1080 
f 1050/1526/1081 1051/1527/1082 1049/1525/1080 
f 1052/1528/1083 1049/1525/1080 1051/1527/1082 
f 1051/1527/1082 1053/1529/1084 1052/1528/1083 
f 1052/1528/1083 1053/1529/1084 1054/1530/1085 
f 1054/1530/1085 1055/1531/1086 1052/1528/1083 
f 1054/1530/1085 1056/1532/1087 1055/1531/1086 
f 1055/1531/1086 1056/1532/1087 1057/1533/1088 
f 1057/1533/1088 1058/1534/1089 1055/1531/1086 
f 1057/1533/1088 1059/1535/1090 1058/1534/1089 
f 1028/1536/1059 1058/1534/1089 1059/1535/1090 
f 1059/1535/1090 1029/1537/1060 1028/1536/1059 
f 995/1538/1091 948/1539/1092 1060/1540/1093 
f 1060/1540/1093 1061/1541/1094 995/1538/1091 
f 1061/1541/1094 1060/1540/1093 1062/1542/1095 
f 1062/1542/1095 1063/1543/1095 1061/1541/1094 
f 1063/1543/1095 1062/1542/1095 1064/1544/1096 
f 1064/1544/1096 1065/1545/1096 1063/1543/1095 
f 1065/1545/1096 1064/1544/1096 1066/1546/1097 
f 1066/1546/1097 1067/1547/1097 1065/1545/1096 
f 1067/1547/1097 1066/1546/1097 1068/1548/1098 
f 1068/1548/1098 1069/1549/1098 1067/1547/1097 
f 1069/1549/1098 1068/1548/1098 1070/1550/1099 
f 1070/1550/1099 1071/1551/1099 1069/1549/1098 
f 1071/1551/1099 1070/1550/1099 1072/1552/1100 
f 1072/1552/1100 1073/1553/1101 1071/1551/1099 
f 1073/1553/1101 1072/1552/1100 1074/1554/1102 
f 1074/1554/1102 1075/1555/1102 1073/1553/1101 
f 1075/1555/1102 1074/1554/1102 1076/1556/1103 
f 1076/1556/1103 1077/1557/1103 1075/1555/1102 
f 1077/1557/1103 1076/1556/1103 1078/1558/1104 
f 1078/1558/1104 1079/1559/1104 1077/1557/1103 
f 1079/1559/1104 1078/1558/1104 1080/1560/1105 
f 1080/1560/1105 1081/1561/1105 1079/1559/1104 
f 1081/1561/1105 1080/1560/1105 1082/1562/1106 
f 1082/1562/1106 1083/1563/1107 1081/1561/1105 
f 1083/1563/1107 1082/1562/1106 967/1564/1108 
f 967/1564/1108 979/1565/1109 1083/1563/1107 
f 979/1565/1109 967/1564/1108 966/1566/1110 
f 966/1566/1110 975/1567/1111 979/1565/1109 
f 975/1567/1111 966/1566/1110 962/1568/1112 
f 962/1568/1112 971/1569/1112 975/1567/1111 
f 994/1570/1113 949/1571/1114 948/1572/1114 
f 948/1572/1114 995/1573/1113 994/1570/1113 
f 949/1574/1115 994/1575/1115 990/1576/1095 
f 990/1576/1095 942/1577/1095 949/1574/1115 
f 1084/1472/1116 1085/1471/1028 1086/1470/1027 
f 1086/1470/1027 1087/1473/1117 1084/1472/1116 
f 1084/1472/1116 1087/1473/1117 1088/1474/1056 
f 1088/1474/1056 1087/1473/1117 1089/1475/1118 
f 1089/1475/1118 1090/1476/1055 1088/1474/1056 
f 1090/1476/1055 1089/1475/1118 1091/1477/1119 
f 1091/1477/1119 1089/1475/1118 1092/1478/1051 
f 1092/1478/1051 1093/1479/1120 1091/1477/1119 
f 1094/1480/1121 1093/1479/1120 1092/1478/1051 
f 1092/1478/1051 1095/1481/1122 1094/1480/1121 
f 1094/1480/1121 1095/1481/1122 1096/1482/1123 
f 1097/1483/1047 1096/1482/1123 1095/1481/1122 
f 1095/1481/1122 1098/1484/1124 1097/1483/1047 
f 1097/1483/1047 1098/1484/1124 1099/1485/1125 
f 1099/1485/1125 1098/1484/1124 1100/1486/1043 
f 1100/1486/1043 1101/1487/1044 1099/1485/1125 
f 1102/1488/1126 1101/1487/1044 1100/1486/1043 
f 1100/1486/1043 1103/1489/1127 1102/1488/1126 
f 1102/1488/1126 1103/1489/1127 1104/1490/1040 
f 1105/1491/1128 1104/1490/1040 1103/1489/1127 
f 1103/1489/1127 1106/1492/1129 1105/1491/1128 
f 1105/1491/1128 1106/1492/1129 1107/1493/1130 
f 1107/1493/1130 1106/1492/1129 1108/1494/1035 
f 1108/1494/1035 1109/1495/1131 1107/1493/1130 
f 1110/1496/1132 1109/1495/1131 1108/1494/1035 
f 1108/1494/1035 1111/1497/1133 1110/1496/1132 
f 1110/1496/1132 1111/1497/1133 1112/1498/1033 
f 1113/1499/1031 1112/1498/1033 1111/1497/1133 
f 1111/1497/1133 1114/1500/1134 1113/1499/1031 
f 1113/1499/1031 1114/1500/1134 1115/1501/1135 
f 1115/1501/1135 1114/1500/1134 1086/1502/1027 
f 1086/1502/1027 1085/1503/1028 1115/1501/1135 
f 1116/1540/1136 944/1539/1137 993/1538/1138 
f 993/1538/1138 1117/1541/1139 1116/1540/1136 
f 1118/1542/1095 1116/1540/1136 1117/1541/1139 
f 1117/1541/1139 1119/1543/1095 1118/1542/1095 
f 1120/1544/1140 1118/1542/1095 1119/1543/1095 
f 1119/1543/1095 1121/1545/1140 1120/1544/1140 
f 1122/1546/1141 1120/1544/1140 1121/1545/1140 
f 1121/1545/1140 1123/1547/1141 1122/1546/1141 
f 1124/1548/1142 1122/1546/1141 1123/1547/1141 
f 1123/1547/1141 1125/1549/1142 1124/1548/1142 
f 1126/1550/1143 1124/1548/1142 1125/1549/1142 
f 1125/1549/1142 1127/1551/1143 1126/1550/1143 
f 1128/1552/1144 1126/1550/1143 1127/1551/1143 
f 1127/1551/1143 1129/1553/1144 1128/1552/1144 
f 1130/1554/1145 1128/1552/1144 1129/1553/1144 
f 1129/1553/1144 1131/1555/1145 1130/1554/1145 
f 1132/1556/1146 1130/1554/1145 1131/1555/1145 
f 1131/1555/1145 1133/1557/1146 1132/1556/1146 
f 1134/1558/1147 1132/1556/1146 1133/1557/1146 
f 1133/1557/1146 1135/1559/1147 1134/1558/1147 
f 1136/1560/1148 1134/1558/1147 1135/1559/1147 
f 1135/1559/1147 1137/1561/1148 1136/1560/1148 
f 1138/1562/1107 1136/1560/1148 1137/1561/1148 
f 1137/1561/1148 1139/1563/1106 1138/1562/1107 
f 965/1564/1149 1138/1562/1107 1139/1563/1106 
f 1139/1563/1106 969/1565/1150 965/1564/1149 
f 964/1566/1151 965/1564/1149 969/1565/1150 
f 969/1565/1150 968/1567/1152 964/1566/1151 
f 962/1568/1112 964/1566/1151 968/1567/1152 
f 968/1567/1152 971/1569/1112 962/1568/1112 
f 944/1572/1153 943/1571/1153 992/1570/1154 
f 992/1570/1154 993/1573/1154 944/1572/1153 
f 990/1576/1095 992/1575/1155 943/1574/1155 
f 943/1574/1155 942/1577/1095 990/1576/1095 
f 1140/1506/1156 1141/1505/1060 1142/1504/1157 
f 1142/1504/1157 1143/1507/1158 1140/1506/1156 
f 1140/1506/1156 1143/1507/1158 1144/1508/1159 
f 1145/1509/1160 1144/1508/1159 1143/1507/1158 
f 1143/1507/1158 1146/1510/1161 1145/1509/1160 
f 1145/1509/1160 1146/1510/1161 1147/1511/1162 
f 1147/1511/1162 1146/1510/1161 1148/1512/1163 
f 1148/1512/1163 1149/1513/1164 1147/1511/1162 
f 1150/1514/1165 1149/1513/1164 1148/1512/1163 
f 1148/1512/1163 1151/1515/1166 1150/1514/1165 
f 1150/1514/1165 1151/1515/1166 1152/1516/1167 
f 1152/1516/1167 1151/1515/1166 1153/1517/1168 
f 1153/1517/1168 1154/1518/1169 1152/1516/1167 
f 1154/1518/1169 1153/1517/1168 1155/1519/1077 
f 1155/1519/1077 1153/1517/1168 1156/1520/1170 
f 1156/1520/1170 1157/1521/1076 1155/1519/1077 
f 1158/1522/1074 1157/1521/1076 1156/1520/1170 
f 1156/1520/1170 1159/1523/1171 1158/1522/1074 
f 1158/1522/1074 1159/1523/1171 1160/1524/1172 
f 1160/1524/1172 1159/1523/1171 1161/1525/1173 
f 1161/1525/1173 1162/1526/1174 1160/1524/1172 
f 1162/1526/1174 1161/1525/1173 1163/1527/1175 
f 1163/1527/1175 1161/1525/1173 1164/1528/1176 
f 1164/1528/1176 1165/1529/1177 1163/1527/1175 
f 1166/1530/1178 1165/1529/1177 1164/1528/1176 
f 1164/1528/1176 1167/1531/1179 1166/1530/1178 
f 1166/1530/1178 1167/1531/1179 1168/1532/1180 
f 1169/1533/1181 1168/1532/1180 1167/1531/1179 
f 1167/1531/1179 1170/1534/1182 1169/1533/1181 
f 1169/1533/1181 1170/1534/1182 1171/1535/1183 
f 1171/1535/1183 1170/1534/1182 1142/1536/1157 
f 1142/1536/1157 1141/1537/1060 1171/1535/1183 
f 1172/1578/1017 1173/1579/1017 1174/1580/1184 
f 1174/1580/1184 1175/1581/1184 1172/1578/1017 
f 1126/1582/1185 1176/1583/1186 1177/1584/1187 
f 1178/1585/1188 1179/1586/1189 1180/1587/1190 
f 1180/1587/1190 1138/1588/1191 1178/1585/1188 
f 1180/1587/1190 1179/1586/1189 1181/1589/1192 
f 1182/1590/1193 1181/1589/1192 1179/1586/1189 
f 1182/1590/1193 1097/1591/1194 1099/1592/1195 
f 1099/1592/1195 1181/1589/1192 1182/1590/1193 
f 1176/1583/1186 1126/1582/1185 1128/1593/1196 
f 1183/1594/1197 1184/1595/1198 1176/1583/1186 
f 1110/1596/1199 1184/1595/1198 1183/1594/1197 
f 1184/1595/1198 1110/1596/1199 1112/1597/1200 
f 1176/1583/1186 1185/1598/1201 1183/1594/1197 
f 1128/1593/1196 1185/1598/1201 1176/1583/1186 
f 1181/1589/1192 1186/1599/1202 1180/1587/1190 
f 1187/1600/1203 1180/1587/1190 1186/1599/1202 
f 1138/1588/1191 1180/1587/1190 1187/1600/1203 
f 1181/1589/1192 1099/1592/1195 1101/1601/1204 
f 1101/1601/1204 1186/1599/1202 1181/1589/1192 
f 1185/1598/1201 1128/1593/1196 1130/1602/1205 
f 1188/1603/1206 1183/1594/1197 1185/1598/1201 
f 1109/1604/1207 1183/1594/1197 1188/1603/1206 
f 1183/1594/1197 1109/1604/1207 1110/1596/1199 
f 1185/1598/1201 1189/1605/1208 1188/1603/1206 
f 1130/1602/1205 1189/1605/1208 1185/1598/1201 
f 1186/1599/1202 1190/1606/1209 1187/1600/1203 
f 1102/1607/1210 1190/1606/1209 1186/1599/1202 
f 1186/1599/1202 1101/1601/1204 1102/1607/1210 
f 1189/1605/1208 1130/1602/1205 1132/1608/1211 
f 1191/1609/1212 1188/1603/1206 1189/1605/1208 
f 1107/1610/1213 1188/1603/1206 1191/1609/1212 
f 1188/1603/1206 1107/1610/1213 1109/1604/1207 
f 1189/1605/1208 1192/1611/1214 1191/1609/1212 
f 1132/1608/1211 1192/1611/1214 1189/1605/1208 
f 1190/1606/1209 1102/1607/1210 1104/1612/1215 
f 1193/1613/1216 1187/1600/1203 1190/1606/1209 
f 1190/1606/1209 1194/1614/1217 1193/1613/1216 
f 1104/1612/1215 1194/1614/1217 1190/1606/1209 
f 1194/1614/1217 1191/1609/1212 1192/1611/1214 
f 1192/1611/1214 1193/1613/1216 1194/1614/1217 
f 1192/1611/1214 1132/1608/1211 1134/1615/1218 
f 1134/1615/1218 1193/1613/1216 1192/1611/1214 
f 1191/1609/1212 1105/1616/1219 1107/1610/1213 
f 1105/1616/1219 1191/1609/1212 1194/1614/1217 
f 1194/1614/1217 1104/1612/1215 1105/1616/1219 
f 1193/1613/1216 1134/1615/1218 1136/1617/1220 
f 1136/1617/1220 1187/1600/1203 1193/1613/1216 
f 1187/1600/1203 1136/1617/1220 1138/1588/1191 
f 999/1618/1030 1001/1619/1032 1195/1620/1221 
f 996/1621/1027 999/1618/1030 1195/1620/1221 
f 1001/1619/1032 1004/1622/1035 1195/1620/1221 
f 1026/1623/1057 996/1621/1027 1195/1620/1221 
f 1004/1622/1035 1007/1624/1038 1195/1620/1221 
f 1023/1625/1054 1026/1623/1057 1195/1620/1221 
f 1007/1624/1038 1010/1626/1041 1195/1620/1221 
f 1020/1627/1051 1023/1625/1054 1195/1620/1221 
f 1018/1628/1049 1020/1627/1051 1195/1620/1221 
f 1010/1626/1041 1012/1629/1043 1195/1620/1221 
f 1012/1629/1043 1015/1630/1046 1195/1620/1221 
f 1015/1630/1046 1018/1628/1049 1195/1620/1221 
f 1196/1631/1222 1028/1632/1059 1031/1633/1062 
f 1196/1631/1222 1058/1634/1089 1028/1632/1059 
f 1031/1633/1062 1034/1635/1065 1196/1631/1222 
f 1055/1636/1086 1058/1634/1089 1196/1631/1222 
f 1034/1635/1065 1036/1637/1067 1196/1631/1222 
f 1052/1638/1083 1055/1636/1086 1196/1631/1222 
f 1036/1637/1067 1039/1639/1070 1196/1631/1222 
f 1049/1640/1080 1052/1638/1083 1196/1631/1222 
f 1039/1639/1070 1041/1641/1072 1196/1631/1222 
f 1047/1642/1078 1049/1640/1080 1196/1631/1222 
f 1044/1643/1075 1047/1642/1078 1196/1631/1222 
f 1041/1641/1072 1044/1643/1075 1196/1631/1222 
f 1083/1644/1223 979/1645/1224 1197/1646/1225 
f 974/1647/1226 1197/1646/1225 979/1645/1224 
f 1198/1648/1227 1197/1646/1225 974/1647/1226 
f 1197/1646/1225 1198/1648/1227 1199/1649/1228 
f 1199/1649/1228 1200/1650/1229 1197/1646/1225 
f 1197/1646/1225 1200/1650/1229 1083/1644/1223 
f 1083/1644/1223 1200/1650/1229 1201/1651/1230 
f 1201/1651/1230 1081/1652/1231 1083/1644/1223 
f 1202/1653/1232 1201/1651/1230 1200/1650/1229 
f 1200/1650/1229 1199/1649/1228 1202/1653/1232 
f 1043/1654/1233 1202/1653/1232 1199/1649/1228 
f 1045/1655/1234 1199/1649/1228 1198/1648/1227 
f 1199/1649/1228 1045/1655/1234 1043/1654/1233 
f 974/1647/1226 1203/1656/1235 1198/1648/1227 
f 1046/1657/1236 1198/1648/1227 1203/1656/1235 
f 1198/1648/1227 1046/1657/1236 1045/1655/1234 
f 1203/1656/1235 974/1647/1226 977/1658/1011 
f 1201/1651/1230 1202/1653/1232 1204/1659/1237 
f 1204/1659/1237 1205/1660/1238 1201/1651/1230 
f 1081/1652/1231 1201/1651/1230 1205/1660/1238 
f 1042/1661/1239 1204/1659/1237 1202/1653/1232 
f 1202/1653/1232 1043/1654/1233 1042/1661/1239 
f 1205/1660/1238 1079/1662/1240 1081/1652/1231 
f 977/1658/1011 1206/1663/1241 1203/1656/1235 
f 1048/1664/1242 1203/1656/1235 1206/1663/1241 
f 1203/1656/1235 1048/1664/1242 1046/1657/1236 
f 1206/1663/1241 977/1658/1011 980/1665/1013 
f 1205/1660/1238 1204/1659/1237 1207/1666/1243 
f 1204/1659/1237 1042/1661/1239 1040/1667/1244 
f 1040/1667/1244 1207/1666/1243 1204/1659/1237 
f 1207/1666/1243 1208/1668/1245 1205/1660/1238 
f 1079/1662/1240 1205/1660/1238 1208/1668/1245 
f 1208/1668/1245 1077/1669/1246 1079/1662/1240 
f 980/1665/1013 1209/1670/1247 1206/1663/1241 
f 1050/1671/1248 1206/1663/1241 1209/1670/1247 
f 1206/1663/1241 1050/1671/1248 1048/1664/1242 
f 1209/1670/1247 980/1665/1013 983/1672/1013 
f 1208/1668/1245 1207/1666/1243 1210/1673/1249 
f 1207/1666/1243 1040/1667/1244 1038/1674/1250 
f 1038/1674/1250 1210/1673/1249 1207/1666/1243 
f 1210/1673/1249 1211/1675/1251 1208/1668/1245 
f 1077/1669/1246 1208/1668/1245 1211/1675/1251 
f 1211/1675/1251 1075/1676/1252 1077/1669/1246 
f 983/1672/1013 1212/1677/1253 1209/1670/1247 
f 1051/1678/1254 1209/1670/1247 1212/1677/1253 
f 1209/1670/1247 1051/1678/1254 1050/1671/1248 
f 1212/1677/1253 983/1672/1013 986/1679/1013 
f 1211/1675/1251 1210/1673/1249 1213/1680/1255 
f 1210/1673/1249 1038/1674/1250 1037/1681/1256 
f 1037/1681/1256 1213/1680/1255 1210/1673/1249 
f 1213/1680/1255 1214/1682/1257 1211/1675/1251 
f 1075/1676/1252 1211/1675/1251 1214/1682/1257 
f 1214/1682/1257 1073/1683/1258 1075/1676/1252 
f 986/1679/1013 1215/1684/1259 1212/1677/1253 
f 1053/1685/1260 1212/1677/1253 1215/1684/1259 
f 1212/1677/1253 1053/1685/1260 1051/1678/1254 
f 1215/1684/1259 986/1679/1013 988/1686/1261 
f 1214/1682/1257 1213/1680/1255 1216/1687/1262 
f 1213/1680/1255 1037/1681/1256 1035/1688/1263 
f 1035/1688/1263 1216/1687/1262 1213/1680/1255 
f 1216/1687/1262 1217/1689/1264 1214/1682/1257 
f 1073/1683/1258 1214/1682/1257 1217/1689/1264 
f 1217/1689/1264 1071/1690/1265 1073/1683/1258 
f 988/1686/1261 1218/1691/1266 1215/1684/1259 
f 1054/1692/1267 1215/1684/1259 1218/1691/1266 
f 1215/1684/1259 1054/1692/1267 1053/1685/1260 
f 1217/1689/1264 1216/1687/1262 1219/1693/1268 
f 1216/1687/1262 1035/1688/1263 1033/1694/1269 
f 1033/1694/1269 1219/1693/1268 1216/1687/1262 
f 1219/1693/1268 1220/1695/1270 1217/1689/1264 
f 1071/1690/1265 1217/1689/1264 1220/1695/1270 
f 1220/1695/1270 1069/1696/1271 1071/1690/1265 
f 1221/1697/1272 1218/1691/1266 988/1686/1261 
f 1056/1698/1273 1218/1691/1266 1221/1697/1272 
f 1218/1691/1266 1056/1698/1273 1054/1692/1267 
f 1220/1695/1270 1219/1693/1268 1222/1699/1274 
f 1219/1693/1268 1033/1694/1269 1032/1700/1275 
f 1032/1700/1275 1222/1699/1274 1219/1693/1268 
f 1222/1699/1274 1223/1701/1276 1220/1695/1270 
f 1069/1696/1271 1220/1695/1270 1223/1701/1276 
f 1223/1701/1276 1067/1702/1277 1069/1696/1271 
f 1221/1697/1272 1057/1703/1278 1056/1698/1273 
f 1223/1701/1276 1222/1699/1274 1224/1704/1279 
f 1222/1699/1274 1032/1700/1275 1030/1705/1280 
f 1030/1705/1280 1224/1704/1279 1222/1699/1274 
f 1224/1704/1279 1225/1706/1281 1223/1701/1276 
f 1067/1702/1277 1223/1701/1276 1225/1706/1281 
f 1225/1706/1281 1065/1707/1282 1067/1702/1277 
f 1225/1706/1281 1224/1704/1279 1226/1708/1283 
f 1029/1709/1284 1226/1708/1283 1224/1704/1279 
f 1224/1704/1279 1030/1705/1280 1029/1709/1284 
f 1226/1708/1283 1227/1710/1285 1225/1706/1281 
f 1065/1707/1282 1225/1706/1281 1227/1710/1285 
f 1227/1710/1285 1063/1711/1286 1065/1707/1282 
f 1227/1710/1285 1226/1708/1283 1228/1712/1287 
f 1059/1713/1288 1228/1712/1287 1226/1708/1283 
f 1226/1708/1283 1029/1709/1284 1059/1713/1288 
f 1228/1712/1287 1059/1713/1288 1057/1703/1278 
f 1057/1703/1278 1221/1697/1272 1228/1712/1287 
f 1228/1712/1287 1229/1714/1289 1227/1710/1285 
f 1063/1711/1286 1227/1710/1285 1229/1714/1289 
f 1230/1715/1290 1229/1714/1289 1228/1712/1287 
f 1228/1712/1287 1221/1697/1272 1230/1715/1290 
f 1229/1714/1289 1061/1716/1291 1063/1711/1286 
f 1229/1714/1289 1230/1715/1290 995/1717/1292 
f 995/1717/1292 1061/1716/1291 1229/1714/1289 
f 988/1686/1261 1230/1715/1290 1221/1697/1272 
f 991/1718/1293 995/1717/1292 1230/1715/1290 
f 1230/1715/1290 988/1686/1261 991/1718/1293 
f 948/1719/1294 950/1720/1295 1231/1721/1296 
f 1231/1721/1296 950/1720/1295 952/1722/1143 
f 1231/1721/1296 1232/1723/1297 948/1719/1294 
f 1232/1723/1297 1060/1724/1298 948/1719/1294 
f 1232/1723/1297 1231/1721/1296 1233/1725/1299 
f 1233/1725/1299 1234/1726/1300 1232/1723/1297 
f 1060/1724/1298 1232/1723/1297 1234/1726/1300 
f 1235/1727/1301 1233/1725/1299 1231/1721/1296 
f 952/1722/1143 1236/1728/1302 1231/1721/1296 
f 1231/1721/1296 1236/1728/1302 1235/1727/1301 
f 1236/1728/1302 952/1722/1143 955/1729/1144 
f 1237/1730/1303 1233/1725/1299 1235/1727/1301 
f 1238/1731/1304 1234/1726/1300 1233/1725/1299 
f 1233/1725/1299 1237/1730/1303 1238/1731/1304 
f 1234/1726/1300 1238/1731/1304 1239/1732/1305 
f 1234/1726/1300 1240/1733/1306 1060/1724/1298 
f 1239/1732/1305 1240/1733/1306 1234/1726/1300 
f 1062/1734/1307 1060/1724/1298 1240/1733/1306 
f 1235/1727/1301 1241/1735/1198 1237/1730/1303 
f 1242/1736/1308 1235/1727/1301 1236/1728/1302 
f 1241/1735/1198 1235/1727/1301 1242/1736/1308 
f 1236/1728/1302 1243/1737/1309 1242/1736/1308 
f 955/1729/1144 1243/1737/1309 1236/1728/1302 
f 1243/1737/1309 955/1729/1144 957/1738/1310 
f 1238/1731/1304 1237/1730/1303 1002/1739/1200 
f 1237/1730/1303 1241/1735/1198 1003/1740/1199 
f 1003/1740/1199 1002/1739/1200 1237/1730/1303 
f 1002/1739/1200 1000/1741/1311 1238/1731/1304 
f 1239/1732/1305 1238/1731/1304 1000/1741/1311 
f 1240/1733/1306 1239/1732/1305 1244/1742/1312 
f 1244/1742/1312 1239/1732/1305 998/1743/1313 
f 1000/1741/1311 998/1743/1313 1239/1732/1305 
f 1244/1742/1312 1245/1744/1314 1240/1733/1306 
f 1240/1733/1306 1245/1744/1314 1062/1734/1307 
f 1064/1745/1315 1062/1734/1307 1245/1744/1314 
f 1242/1736/1308 1246/1746/1197 1241/1735/1198 
f 1005/1747/1207 1003/1740/1199 1241/1735/1198 
f 1241/1735/1198 1246/1746/1197 1005/1747/1207 
f 1246/1746/1197 1242/1736/1308 1247/1748/1316 
f 1247/1748/1316 1242/1736/1308 1243/1737/1309 
f 1243/1737/1309 1248/1749/1317 1247/1748/1316 
f 957/1738/1310 1248/1749/1317 1243/1737/1309 
f 1248/1749/1317 957/1738/1310 960/1750/1318 
f 1245/1744/1314 1244/1742/1312 1249/1751/1319 
f 1249/1751/1319 1244/1742/1312 997/1752/1320 
f 998/1743/1313 997/1752/1320 1244/1742/1312 
f 1249/1751/1319 1250/1753/1321 1245/1744/1314 
f 1245/1744/1314 1250/1753/1321 1064/1745/1315 
f 1066/1754/1322 1064/1745/1315 1250/1753/1321 
f 1247/1748/1316 1251/1755/1206 1246/1746/1197 
f 1246/1746/1197 1251/1755/1206 1006/1756/1213 
f 1006/1756/1213 1005/1747/1207 1246/1746/1197 
f 1251/1755/1206 1247/1748/1316 1252/1757/1323 
f 1252/1757/1323 1247/1748/1316 1248/1749/1317 
f 1248/1749/1317 1253/1758/1324 1252/1757/1323 
f 960/1750/1318 1253/1758/1324 1248/1749/1317 
f 1253/1758/1324 960/1750/1318 963/1759/1325 
f 1250/1753/1321 1249/1751/1319 1254/1760/1326 
f 1254/1760/1326 1249/1751/1319 1027/1761/1327 
f 997/1752/1320 1027/1761/1327 1249/1751/1319 
f 1254/1760/1326 1255/1762/1328 1250/1753/1321 
f 1250/1753/1321 1255/1762/1328 1066/1754/1322 
f 1068/1763/1329 1066/1754/1322 1255/1762/1328 
f 1252/1757/1323 1256/1764/1212 1251/1755/1206 
f 1251/1755/1206 1256/1764/1212 1008/1765/1219 
f 1008/1765/1219 1006/1756/1213 1251/1755/1206 
f 1256/1764/1212 1252/1757/1323 1257/1766/1330 
f 1257/1766/1330 1252/1757/1323 1253/1758/1324 
f 1253/1758/1324 1258/1767/1331 1257/1766/1330 
f 963/1759/1325 1258/1767/1331 1253/1758/1324 
f 1258/1767/1331 963/1759/1325 967/1768/1332 
f 1255/1762/1328 1254/1760/1326 1259/1769/1333 
f 1259/1769/1333 1254/1760/1326 1025/1770/1334 
f 1027/1761/1327 1025/1770/1334 1254/1760/1326 
f 1259/1769/1333 1260/1771/1335 1255/1762/1328 
f 1255/1762/1328 1260/1771/1335 1068/1763/1329 
f 1175/1581/1184 1174/1580/1184 1261/1772/1011 
f 1261/1772/1011 1262/1773/1011 1175/1581/1184 
f 1262/1773/1011 1261/1772/1011 1263/1774/1336 
f 1263/1774/1336 1264/1775/1336 1262/1773/1011 
f 1264/1775/1336 1263/1774/1336 1265/1776/1337 
f 1265/1776/1337 1266/1777/1337 1264/1775/1336 
f 1266/1777/1337 1265/1776/1337 1267/1778/1011 
f 1267/1778/1011 1268/1779/1011 1266/1777/1337 
f 1172/1780/1095 1269/1781/1095 1270/1782/1095 
f 1270/1782/1095 1173/1783/1095 1172/1780/1095 
f 1173/1784/1338 1270/1785/1338 1271/1786/1339 
f 1271/1786/1339 1174/1787/1339 1173/1784/1338 
f 1174/1787/1339 1271/1786/1339 1272/1788/1340 
f 1272/1788/1340 1261/1789/1340 1174/1787/1339 
f 1261/1789/1340 1272/1788/1340 1273/1790/1341 
f 1273/1790/1341 1263/1791/1341 1261/1789/1340 
f 1263/1791/1341 1273/1790/1341 1274/1792/1342 
f 1274/1792/1342 1265/1793/1342 1263/1791/1341 
f 1269/1794/1343 1172/1795/1343 1175/1796/1344 
f 1175/1796/1344 1275/1797/1344 1269/1794/1343 
f 1275/1797/1344 1175/1796/1344 1262/1798/1345 
f 1262/1798/1345 1276/1799/1345 1275/1797/1344 
f 1276/1799/1345 1262/1798/1345 1264/1800/1346 
f 1264/1800/1346 1277/1801/1346 1276/1799/1345 
f 1277/1801/1346 1264/1800/1346 1266/1802/1347 
f 1266/1802/1347 1278/1803/1347 1277/1801/1346 
f 1270/1804/992 1269/1805/992 1275/1806/992 
f 1275/1806/992 1271/1807/992 1270/1804/992 
f 1271/1807/992 1275/1806/992 1276/1808/983 
f 1276/1808/983 1272/1809/983 1271/1807/992 
f 1272/1809/983 1276/1808/983 1277/1810/992 
f 1277/1810/992 1273/1811/992 1272/1809/983 
f 1273/1811/992 1277/1810/992 1278/1812/992 
f 1278/1812/992 1274/1813/992 1273/1811/992 
f 1274/1813/992 1278/1812/992 1279/1814/983 
f 1279/1814/983 1280/1815/983 1274/1813/992 
f 1279/1816/1348 1268/1817/1348 1267/1818/1348 
f 1267/1818/1348 1280/1819/1348 1279/1816/1348 
f 1280/1820/1349 1267/1821/1349 1265/1822/1101 
f 1265/1822/1101 1274/1823/1350 1280/1820/1349 
f 1279/1824/1351 1278/1825/1352 1266/1826/1144 
f 1266/1826/1144 1268/1827/1351 1279/1824/1351 
f 1281/1828/1353 1282/1829/1354 1283/1830/1354 
f 1283/1830/1354 1284/1831/1353 1281/1828/1353 
f 1285/1832/1355 1281/1828/1353 1284/1831/1353 
f 1284/1831/1353 1286/1833/1355 1285/1832/1355 
f 1287/1834/1356 1285/1832/1355 1286/1833/1355 
f 1286/1833/1355 1288/1835/1356 1287/1834/1356 
f 1289/1836/1357 1287/1834/1356 1288/1835/1356 
f 1288/1835/1356 1290/1837/1357 1289/1836/1357 
f 1291/1838/1358 1289/1836/1357 1290/1837/1357 
f 1290/1837/1357 1292/1839/1358 1291/1838/1358 
f 1293/1840/1359 1291/1838/1358 1292/1839/1358 
f 1292/1839/1358 1294/1841/1359 1293/1840/1359 
f 1295/1842/1360 1293/1840/1359 1294/1841/1359 
f 1294/1841/1359 1296/1843/1360 1295/1842/1360 
f 1282/1844/1354 1295/1842/1360 1296/1843/1360 
f 1296/1843/1360 1283/1845/1354 1282/1844/1354 
f 1297/1846/1361 969/1847/1362 1139/1848/1363 
f 970/1849/1364 969/1847/1362 1297/1846/1361 
f 970/1849/1364 1297/1846/1361 1298/1850/1365 
f 1299/1851/1228 1298/1850/1365 1297/1846/1361 
f 1297/1846/1361 1300/1852/1229 1299/1851/1228 
f 1139/1848/1363 1300/1852/1229 1297/1846/1361 
f 1301/1853/1366 1299/1851/1228 1300/1852/1229 
f 1300/1852/1229 1302/1854/1367 1301/1853/1366 
f 1302/1854/1367 1300/1852/1229 1139/1848/1363 
f 1139/1848/1363 1137/1855/1368 1302/1854/1367 
f 1299/1851/1228 1301/1853/1366 1155/1856/1236 
f 1298/1850/1365 1299/1851/1228 1157/1857/1234 
f 1155/1856/1236 1157/1857/1234 1299/1851/1228 
f 1298/1850/1365 1303/1858/1237 970/1849/1364 
f 1303/1858/1237 1298/1850/1365 1158/1859/1233 
f 1157/1857/1234 1158/1859/1233 1298/1850/1365 
f 973/1860/1011 970/1849/1364 1303/1858/1237 
f 1304/1861/1235 1301/1853/1366 1302/1854/1367 
f 1154/1862/1242 1155/1856/1236 1301/1853/1366 
f 1301/1853/1366 1304/1861/1235 1154/1862/1242 
f 1302/1854/1367 1305/1863/1369 1304/1861/1235 
f 1305/1863/1369 1302/1854/1367 1137/1855/1368 
f 1137/1855/1368 1135/1864/1370 1305/1863/1369 
f 1303/1858/1237 1306/1865/1243 973/1860/1011 
f 1306/1865/1243 1303/1858/1237 1160/1866/1239 
f 1158/1859/1233 1160/1866/1239 1303/1858/1237 
f 978/1867/1015 973/1860/1011 1306/1865/1243 
f 1307/1868/1241 1304/1861/1235 1305/1863/1369 
f 1152/1869/1371 1154/1862/1242 1304/1861/1235 
f 1304/1861/1235 1307/1868/1241 1152/1869/1371 
f 1305/1863/1369 1308/1870/1372 1307/1868/1241 
f 1308/1870/1372 1305/1863/1369 1135/1864/1370 
f 1135/1864/1370 1133/1871/1373 1308/1870/1372 
f 1306/1865/1243 1309/1872/1249 978/1867/1015 
f 1309/1872/1249 1306/1865/1243 1162/1873/1374 
f 1160/1866/1239 1162/1873/1374 1306/1865/1243 
f 981/1874/1015 978/1867/1015 1309/1872/1249 
f 1310/1875/1247 1307/1868/1241 1308/1870/1372 
f 1150/1876/1254 1152/1869/1371 1307/1868/1241 
f 1307/1868/1241 1310/1875/1247 1150/1876/1254 
f 1308/1870/1372 1311/1877/1375 1310/1875/1247 
f 1311/1877/1375 1308/1870/1372 1133/1871/1373 
f 1133/1871/1373 1131/1878/1376 1311/1877/1375 
f 1309/1872/1249 1312/1879/1377 981/1874/1015 
f 1312/1879/1377 1309/1872/1249 1163/1880/1250 
f 1162/1873/1374 1163/1880/1250 1309/1872/1249 
f 984/1881/1015 981/1874/1015 1312/1879/1377 
f 1313/1882/1378 1310/1875/1247 1311/1877/1375 
f 1149/1883/1260 1150/1876/1254 1310/1875/1247 
f 1310/1875/1247 1313/1882/1378 1149/1883/1260 
f 1311/1877/1375 1314/1884/1379 1313/1882/1378 
f 1314/1884/1379 1311/1877/1375 1131/1878/1376 
f 1131/1878/1376 1129/1885/1380 1314/1884/1379 
f 1312/1879/1377 1315/1886/1381 984/1881/1015 
f 1315/1886/1381 1312/1879/1377 1165/1887/1256 
f 1163/1880/1250 1165/1887/1256 1312/1879/1377 
f 987/1888/1382 984/1881/1015 1315/1886/1381 
f 1316/1889/1383 1313/1882/1378 1314/1884/1379 
f 1147/1890/1384 1149/1883/1260 1313/1882/1378 
f 1313/1882/1378 1316/1889/1383 1147/1890/1384 
f 1314/1884/1379 1317/1891/1385 1316/1889/1383 
f 1317/1891/1385 1314/1884/1379 1129/1885/1380 
f 1129/1885/1380 1127/1892/1386 1317/1891/1385 
f 1315/1886/1381 1318/1893/1387 987/1888/1382 
f 1318/1893/1387 1315/1886/1381 1166/1894/1388 
f 1165/1887/1256 1166/1894/1388 1315/1886/1381 
f 1319/1895/1389 1316/1889/1383 1317/1891/1385 
f 1145/1896/1273 1147/1890/1384 1316/1889/1383 
f 1316/1889/1383 1319/1895/1389 1145/1896/1273 
f 1317/1891/1385 1320/1897/1390 1319/1895/1389 
f 1320/1897/1390 1317/1891/1385 1127/1892/1386 
f 1127/1892/1386 1125/1898/1391 1320/1897/1390 
f 987/1888/1382 1318/1893/1387 1321/1899/1392 
f 1321/1899/1392 1318/1893/1387 1168/1900/1269 
f 1166/1894/1388 1168/1900/1269 1318/1893/1387 
f 1322/1901/1393 1319/1895/1389 1320/1897/1390 
f 1144/1902/1278 1145/1896/1273 1319/1895/1389 
f 1319/1895/1389 1322/1901/1393 1144/1902/1278 
f 1320/1897/1390 1323/1903/1394 1322/1901/1393 
f 1323/1903/1394 1320/1897/1390 1125/1898/1391 
f 1125/1898/1391 1123/1904/1395 1323/1903/1394 
f 1168/1900/1269 1169/1905/1275 1321/1899/1392 
f 1324/1906/1287 1322/1901/1393 1323/1903/1394 
f 1140/1907/1288 1144/1902/1278 1322/1901/1393 
f 1322/1901/1393 1324/1906/1287 1140/1907/1288 
f 1323/1903/1394 1325/1908/1289 1324/1906/1287 
f 1325/1908/1289 1323/1903/1394 1123/1904/1395 
f 1123/1904/1395 1121/1909/1291 1325/1908/1289 
f 1326/1910/1283 1324/1906/1287 1325/1908/1289 
f 1324/1906/1287 1326/1910/1283 1141/1911/1284 
f 1141/1911/1284 1140/1907/1288 1324/1906/1287 
f 1325/1908/1289 1327/1912/1285 1326/1910/1283 
f 1327/1912/1285 1325/1908/1289 1121/1909/1291 
f 1121/1909/1291 1119/1913/1286 1327/1912/1285 
f 1328/1914/1279 1326/1910/1283 1327/1912/1285 
f 1326/1910/1283 1328/1914/1279 1171/1915/1280 
f 1171/1915/1280 1141/1911/1284 1326/1910/1283 
f 1169/1905/1275 1171/1915/1280 1328/1914/1279 
f 1328/1914/1279 1321/1899/1392 1169/1905/1275 
f 1327/1912/1285 1329/1916/1281 1328/1914/1279 
f 1329/1916/1281 1327/1912/1285 1119/1913/1286 
f 1330/1917/1396 1321/1899/1392 1328/1914/1279 
f 1328/1914/1279 1329/1916/1281 1330/1917/1396 
f 1119/1913/1286 1117/1918/1282 1329/1916/1281 
f 1329/1916/1281 1117/1918/1282 993/1919/1397 
f 993/1919/1397 1330/1917/1396 1329/1916/1281 
f 1321/1899/1392 1330/1917/1396 987/1888/1382 
f 989/1920/1398 1330/1917/1396 993/1919/1397 
f 1330/1917/1396 989/1920/1398 987/1888/1382 
f 1331/1921/1399 946/1922/1400 944/1923/1401 
f 947/1924/1099 946/1922/1400 1331/1921/1399 
f 944/1923/1401 1332/1925/1402 1331/1921/1399 
f 1332/1925/1402 944/1923/1401 1116/1926/1403 
f 1333/1927/1404 1331/1921/1399 1332/1925/1402 
f 1332/1925/1402 1334/1928/1405 1333/1927/1404 
f 1334/1928/1405 1332/1925/1402 1116/1926/1403 
f 1331/1921/1399 1333/1927/1404 1335/1929/1406 
f 1331/1921/1399 1336/1930/1407 947/1924/1099 
f 1335/1929/1406 1336/1930/1407 1331/1921/1399 
f 953/1931/1101 947/1924/1099 1336/1930/1407 
f 1335/1929/1406 1333/1927/1404 1337/1932/1333 
f 1333/1927/1404 1334/1928/1405 1338/1933/1326 
f 1338/1933/1326 1337/1932/1333 1333/1927/1404 
f 1339/1934/1319 1338/1933/1326 1334/1928/1405 
f 1116/1926/1403 1340/1935/1408 1334/1928/1405 
f 1334/1928/1405 1340/1935/1408 1339/1934/1319 
f 1340/1935/1408 1116/1926/1403 1118/1936/1307 
f 1337/1932/1333 1341/1937/1409 1335/1929/1406 
f 1336/1930/1407 1335/1929/1406 1342/1938/1410 
f 1342/1938/1410 1335/1929/1406 1341/1937/1409 
f 1342/1938/1410 1343/1939/1411 1336/1930/1407 
f 1336/1930/1407 1343/1939/1411 953/1931/1101 
f 956/1940/1412 953/1931/1101 1343/1939/1411 
f 1090/1941/1413 1337/1932/1333 1338/1933/1326 
f 1091/1942/1414 1341/1937/1409 1337/1932/1333 
f 1337/1932/1333 1090/1941/1413 1091/1942/1414 
f 1338/1933/1326 1088/1943/1334 1090/1941/1413 
f 1088/1943/1334 1338/1933/1326 1339/1934/1319 
f 1344/1944/1312 1339/1934/1319 1340/1935/1408 
f 1084/1945/1327 1339/1934/1319 1344/1944/1312 
f 1339/1934/1319 1084/1945/1327 1088/1943/1334 
f 1340/1935/1408 1345/1946/1314 1344/1944/1312 
f 1118/1936/1307 1345/1946/1314 1340/1935/1408 
f 1345/1946/1314 1118/1936/1307 1120/1947/1415 
f 1341/1937/1409 1346/1948/1416 1342/1938/1410 
f 1341/1937/1409 1091/1942/1414 1093/1949/1417 
f 1093/1949/1417 1346/1948/1416 1341/1937/1409 
f 1347/1950/1418 1342/1938/1410 1346/1948/1416 
f 1343/1939/1411 1342/1938/1410 1347/1950/1418 
f 1347/1950/1418 1348/1951/1419 1343/1939/1411 
f 1343/1939/1411 1348/1951/1419 956/1940/1412 
f 958/1952/1420 956/1940/1412 1348/1951/1419 
f 1349/1953/1305 1344/1944/1312 1345/1946/1314 
f 1085/1954/1320 1344/1944/1312 1349/1953/1305 
f 1344/1944/1312 1085/1954/1320 1084/1945/1327 
f 1345/1946/1314 1350/1955/1421 1349/1953/1305 
f 1120/1947/1415 1350/1955/1421 1345/1946/1314 
f 1350/1955/1421 1120/1947/1415 1122/1956/1422 
f 1346/1948/1416 1351/1957/1423 1347/1950/1418 
f 1094/1958/1424 1351/1957/1423 1346/1948/1416 
f 1346/1948/1416 1093/1949/1417 1094/1958/1424 
f 1352/1959/1425 1347/1950/1418 1351/1957/1423 
f 1348/1951/1419 1347/1950/1418 1352/1959/1425 
f 1352/1959/1425 1353/1960/1426 1348/1951/1419 
f 1348/1951/1419 1353/1960/1426 958/1952/1420 
f 961/1961/1427 958/1952/1420 1353/1960/1426 
f 1354/1962/1304 1349/1953/1305 1350/1955/1421 
f 1115/1963/1313 1349/1953/1305 1354/1962/1304 
f 1349/1953/1305 1115/1963/1313 1085/1954/1320 
f 1350/1955/1421 1355/1964/1428 1354/1962/1304 
f 1122/1956/1422 1355/1964/1428 1350/1955/1421 
f 1355/1964/1428 1122/1956/1422 1124/1965/1429 
f 1351/1957/1423 1356/1966/1430 1352/1959/1425 
f 1096/1967/1431 1356/1966/1430 1351/1957/1423 
f 1351/1957/1423 1094/1958/1424 1096/1967/1431 
f 1357/1968/1432 1352/1959/1425 1356/1966/1430 
f 1353/1960/1426 1352/1959/1425 1357/1968/1432 
f 1357/1968/1432 1358/1969/1433 1353/1960/1426 
f 1353/1960/1426 1358/1969/1433 961/1961/1427 
f 965/1970/1434 961/1961/1427 1358/1969/1433 
f 1359/1971/1303 1354/1962/1304 1355/1964/1428 
f 1113/1972/1311 1354/1962/1304 1359/1971/1303 
f 1354/1962/1304 1113/1972/1311 1115/1963/1313 
f 1355/1964/1428 1177/1584/1187 1359/1971/1303 
f 1124/1965/1429 1177/1584/1187 1355/1964/1428 
f 1177/1584/1187 1124/1965/1429 1126/1582/1185 
f 1356/1966/1430 1182/1590/1193 1357/1968/1432 
f 1097/1591/1194 1182/1590/1193 1356/1966/1430 
f 1356/1966/1430 1096/1967/1431 1097/1591/1194 
f 1179/1586/1189 1357/1968/1432 1182/1590/1193 
f 1358/1969/1433 1357/1968/1432 1179/1586/1189 
f 1179/1586/1189 1178/1585/1188 1358/1969/1433 
f 1358/1969/1433 1178/1585/1188 965/1970/1434 
f 1138/1588/1191 965/1970/1434 1178/1585/1188 
f 1184/1595/1198 1359/1971/1303 1177/1584/1187 
f 1112/1597/1200 1359/1971/1303 1184/1595/1198 
f 1359/1971/1303 1112/1597/1200 1113/1972/1311 
f 1177/1584/1187 1176/1583/1186 1184/1595/1198 
f 1070/1973/1435 1068/1763/1329 1260/1771/1335 
f 1257/1766/1330 1360/1974/1217 1256/1764/1212 
f 1256/1764/1212 1360/1974/1217 1009/1975/1215 
f 1009/1975/1215 1008/1765/1219 1256/1764/1212 
f 1360/1974/1217 1257/1766/1330 1361/1976/1436 
f 1361/1976/1436 1257/1766/1330 1258/1767/1331 
f 1258/1767/1331 1362/1977/1437 1361/1976/1436 
f 967/1768/1332 1362/1977/1437 1258/1767/1331 
f 1082/1978/1438 1362/1977/1437 967/1768/1332 
f 1260/1771/1335 1259/1769/1333 1363/1979/1409 
f 1363/1979/1409 1259/1769/1333 1024/1980/1413 
f 1025/1770/1334 1024/1980/1413 1259/1769/1333 
f 1363/1979/1409 1364/1981/1439 1260/1771/1335 
f 1260/1771/1335 1364/1981/1439 1070/1973/1435 
f 1365/1982/1190 1361/1976/1436 1362/1977/1437 
f 1362/1977/1437 1082/1978/1438 1365/1982/1190 
f 1366/1983/1209 1361/1976/1436 1365/1982/1190 
f 1361/1976/1436 1366/1983/1209 1360/1974/1217 
f 1011/1984/1210 1009/1975/1215 1360/1974/1217 
f 1360/1974/1217 1366/1983/1209 1011/1984/1210 
f 1072/1985/1440 1070/1973/1435 1364/1981/1439 
f 1364/1981/1439 1363/1979/1409 1367/1986/1416 
f 1367/1986/1416 1363/1979/1409 1022/1987/1414 
f 1024/1980/1413 1022/1987/1414 1363/1979/1409 
f 1367/1986/1416 1368/1988/1441 1364/1981/1439 
f 1364/1981/1439 1368/1988/1441 1072/1985/1440 
f 1365/1982/1190 1369/1989/1202 1366/1983/1209 
f 1369/1989/1202 1365/1982/1190 1370/1990/1442 
f 1370/1990/1442 1365/1982/1190 1082/1978/1438 
f 1013/1991/1204 1011/1984/1210 1366/1983/1209 
f 1366/1983/1209 1369/1989/1202 1013/1991/1204 
f 1074/1992/1443 1072/1985/1440 1368/1988/1441 
f 1368/1988/1441 1367/1986/1416 1371/1993/1423 
f 1371/1993/1423 1367/1986/1416 1021/1994/1417 
f 1022/1987/1414 1021/1994/1417 1367/1986/1416 
f 1371/1993/1423 1372/1995/1444 1368/1988/1441 
f 1368/1988/1441 1372/1995/1444 1074/1992/1443 
f 1370/1990/1442 1373/1996/1192 1369/1989/1202 
f 1369/1989/1202 1373/1996/1192 1014/1997/1195 
f 1014/1997/1195 1013/1991/1204 1369/1989/1202 
f 1076/1998/1445 1074/1992/1443 1372/1995/1444 
f 1372/1995/1444 1371/1993/1423 1374/1999/1430 
f 1374/1999/1430 1371/1993/1423 1019/2000/1424 
f 1021/1994/1417 1019/2000/1424 1371/1993/1423 
f 1374/1999/1430 1375/2001/1446 1372/1995/1444 
f 1372/1995/1444 1375/2001/1446 1076/1998/1445 
f 1016/2002/1194 1014/1997/1195 1373/1996/1192 
f 1373/1996/1192 1370/1990/1442 1376/2003/1447 
f 1376/2003/1447 1377/2004/1193 1373/1996/1192 
f 1373/1996/1192 1377/2004/1193 1016/2002/1194 
f 1375/2001/1446 1374/1999/1430 1377/2004/1193 
f 1377/2004/1193 1376/2003/1447 1375/2001/1446 
f 1078/2005/1448 1076/1998/1445 1375/2001/1446 
f 1375/2001/1446 1376/2003/1447 1078/2005/1448 
f 1019/2000/1424 1017/2006/1431 1374/1999/1430 
f 1377/2004/1193 1374/1999/1430 1017/2006/1431 
f 1017/2006/1431 1016/2002/1194 1377/2004/1193 
f 1080/2007/1449 1078/2005/1448 1376/2003/1447 
f 1376/2003/1447 1370/1990/1442 1080/2007/1449 
f 1082/1978/1438 1080/2007/1449 1370/1990/1442 
f 1087/2008/1117 1378/2009/1450 1089/2010/1118 
f 1086/2011/1027 1378/2009/1450 1087/2008/1117 
f 1089/2010/1118 1378/2009/1450 1092/2012/1051 
f 1114/2013/1134 1378/2009/1450 1086/2011/1027 
f 1092/2012/1051 1378/2009/1450 1095/2014/1122 
f 1111/2015/1133 1378/2009/1450 1114/2013/1134 
f 1095/2014/1122 1378/2009/1450 1098/2016/1124 
f 1108/2017/1035 1378/2009/1450 1111/2015/1133 
f 1106/2018/1129 1378/2009/1450 1108/2017/1035 
f 1098/2016/1124 1378/2009/1450 1100/2019/1043 
f 1100/2019/1043 1378/2009/1450 1103/2020/1127 
f 1103/2020/1127 1378/2009/1450 1106/2018/1129 
f 1379/2021/1451 1143/2022/1158 1142/2023/1157 
f 1143/2022/1158 1379/2021/1451 1146/2024/1161 
f 1379/2021/1451 1142/2023/1157 1170/2025/1182 
f 1146/2024/1161 1379/2021/1451 1148/2026/1163 
f 1167/2027/1179 1379/2021/1451 1170/2025/1182 
f 1148/2026/1163 1379/2021/1451 1151/2028/1166 
f 1164/2029/1176 1379/2021/1451 1167/2027/1179 
f 1151/2028/1166 1379/2021/1451 1153/2030/1168 
f 1153/2030/1168 1379/2021/1451 1156/2031/1170 
f 1161/2032/1173 1379/2021/1451 1164/2029/1176 
f 1159/2033/1171 1379/2021/1451 1161/2032/1173 
f 1156/2031/1170 1379/2021/1451 1159/2033/1171 
f 1380/2034/1452 1381/2035/1453 1382/2036/1454 
f 1383/2037/1455 1381/2035/1453 1380/2034/1452 
f 1382/2036/1454 1384/2038/1456 1380/2034/1452 
f 1385/2039/1457 1384/2038/1456 1382/2036/1454 
f 1382/2036/1454 1386/2040/1458 1385/2039/1457 
f 1380/2034/1452 1384/2038/1456 1387/2041/1459 
f 1387/2041/1459 1384/2038/1456 1385/2039/1457 
f 1387/2041/1459 1388/2042/1460 1380/2034/1452 
f 1380/2034/1452 1389/2043/1461 1383/2037/1455 
f 1390/2044/1462 1389/2043/1461 1380/2034/1452 
f 1380/2034/1452 1388/2042/1460 1390/2044/1462 
f 1391/2045/1463 1388/2042/1460 1387/2041/1459 
f 1390/2044/1462 1388/2042/1460 1391/2045/1463 
f 1387/2041/1459 1392/2046/1464 1391/2045/1463 
f 1385/2039/1457 1392/2046/1464 1387/2041/1459 
f 1383/2037/1455 1389/2043/1461 1393/2047/1465 
f 1393/2047/1465 1389/2043/1461 1390/2044/1462 
f 1393/2047/1465 1394/2048/1466 1383/2037/1455 
f 1391/2045/1463 1395/2049/1467 1390/2044/1462 
f 1390/2044/1462 1395/2049/1467 1393/2047/1465 
f 1385/2039/1457 1386/2040/1458 1396/2050/1468 
f 1396/2050/1468 1397/2051/1469 1385/2039/1457 
f 1398/2052/1470 1392/2046/1464 1385/2039/1457 
f 1385/2039/1457 1397/2051/1469 1398/2052/1470 
f 1391/2045/1463 1392/2046/1464 1398/2052/1470 
f 1399/2053/1471 1395/2049/1467 1391/2045/1463 
f 1393/2047/1465 1395/2049/1467 1399/2053/1471 
f 1398/2052/1470 1400/2054/1204 1391/2045/1463 
f 1391/2045/1463 1400/2054/1204 1399/2053/1471 
f 1398/2052/1470 1397/2051/1469 1401/2055/1472 
f 1401/2055/1472 1397/2051/1469 1396/2050/1468 
f 1401/2055/1472 1400/2054/1204 1398/2052/1470 
f 1399/2053/1471 1400/2054/1204 1401/2055/1472 
f 1399/2053/1471 1402/2056/1473 1393/2047/1465 
f 1403/2057/1474 1394/2048/1466 1393/2047/1465 
f 1393/2047/1465 1402/2056/1473 1403/2057/1474 
f 1403/2057/1474 1402/2056/1473 1401/2055/1472 
f 1401/2055/1472 1402/2056/1473 1399/2053/1471 
f 1396/2050/1468 1404/2058/1475 1401/2055/1472 
f 1401/2055/1472 1404/2058/1475 1403/2057/1474 
# 0 polygons - 892 triangles

#
# object ShotgunReceiver_2
#

v  -0.0000 4.2263 3.0401
v  1.7598 4.2224 3.0401
v  1.6953 4.4627 2.8487
v  -0.0000 4.4412 2.7393
v  -0.0000 4.4295 1.8565
v  1.6299 4.4002 1.8565
v  1.7061 4.4998 0.0752
v  -0.0000 4.3728 -0.9248
v  1.7881 4.6736 -1.9521
v  -0.0000 4.1970 -9.5771
v  1.5664 4.7010 -9.0927
v  1.4365 4.3709 -9.9521
v  1.0508 4.2400 -10.3896
v  0.5298 4.2127 -10.5146
v  -0.0000 4.1951 -10.5615
v  0.4441 1.4058 3.0401
v  -0.0000 1.3905 3.0401
v  -0.0000 1.3531 1.7237
v  0.4878 1.3543 1.7237
v  1.1455 1.4921 3.0401
v  -0.0000 1.2327 -0.3076
v  1.1699 1.4992 1.7237
v  0.5493 1.2820 -0.3037
v  1.6924 1.7046 3.0401
v  1.6367 1.6426 1.7237
v  1.1875 1.4715 -0.2959
v  0.5435 1.2725 -2.0498
v  -0.0000 1.2207 -2.0888
v  1.7383 2.1189 3.0401
v  1.5791 1.6873 -0.2881
v  1.6934 2.2434 1.7080
v  1.1582 1.5735 -1.9717
v  1.5889 1.9383 -1.8935
v  0.6240 1.7771 -9.1396
v  1.6738 2.2366 -0.3388
v  1.2188 2.1560 -9.1318
v  1.8281 2.3523 -2.4521
v  -0.0000 1.6673 -9.1474
v  1.7471 2.4236 3.0401
v  1.7246 2.7420 1.7002
v  1.7363 2.6834 -0.3896
v  0.6055 2.0828 -10.0927
v  -0.0000 1.9500 -10.1084
v  1.4756 2.5056 -9.1396
v  1.9971 2.7761 -2.7724
v  1.0918 2.3347 -10.0849
v  1.3428 2.6355 -10.1006
v  1.6797 2.8719 -9.1474
v  1.7568 2.8445 3.0401
v  1.7471 3.2400 1.7002
v  1.7832 3.2547 -0.4443
v  2.1621 3.3260 -2.9287
v  1.0615 2.6463 -10.3740
v  0.5732 2.5750 -10.6084
v  -0.0000 2.5467 -10.6396
v  1.5410 3.0017 -10.1006
v  1.8877 3.3845 -9.1474
v  1.6777 3.3982 -10.1006
v  1.7568 3.2908 3.0401
v  1.7910 3.7967 1.7276
v  1.8564 3.7888 -0.3506
v  2.2246 3.8982 -2.7021
v  1.9551 3.9510 -9.1474
v  1.1133 3.2752 -10.5771
v  0.5684 3.2488 -10.8115
v  -0.0000 3.2332 -10.8584
v  1.7197 3.8709 -10.1084
v  1.1465 3.8435 -10.6240
v  0.5591 3.8201 -10.8740
v  1.7568 3.8748 3.0401
v  1.8291 4.1365 1.7901
v  1.8477 4.3474 0.0479
v  2.0098 4.6150 -1.9599
v  1.7627 4.5584 -9.1396
v  1.5850 4.2283 -10.1162
v  -0.0000 3.8338 -10.9365
v  0.5498 4.0467 -10.7802
v  1.1289 4.0545 -10.6240
v  -0.0000 4.0467 -10.8271
v  -1.6953 4.4666 2.8487
v  -1.7598 4.2244 3.0401
v  -1.6299 4.4470 1.8565
v  -1.7061 4.5525 0.0752
v  -1.7881 4.6736 -1.9521
v  -1.5664 4.7010 -9.0927
v  -1.4365 4.3709 -9.9521
v  -1.0508 4.2400 -10.3896
v  -0.5298 4.2127 -10.5146
v  -0.4441 1.4058 3.0401
v  -0.4878 1.3737 1.7237
v  -1.1455 1.4921 3.0401
v  -1.1699 1.5403 1.7237
v  -0.5493 1.2820 -0.3037
v  -1.6924 1.7053 3.0401
v  -1.6367 1.6953 1.7237
v  -1.1875 1.4893 -0.2959
v  -0.5435 1.2725 -2.0498
v  -1.7383 2.1204 3.0401
v  -1.5791 1.7254 -0.2881
v  -1.6934 2.3133 1.7080
v  -1.5889 1.9383 -1.8935
v  -1.1582 1.5735 -1.9717
v  -0.6240 1.7771 -9.1396
v  -1.6738 2.2947 -0.3388
v  -1.2188 2.1560 -9.1318
v  -1.8281 2.3523 -2.4521
v  -1.7471 2.4256 3.0401
v  -1.7246 2.8181 1.7002
v  -1.7363 2.7556 -0.3896
v  -0.6055 2.0828 -10.0927
v  -1.4756 2.5056 -9.1396
v  -1.9971 2.7761 -2.7724
v  -1.0918 2.3347 -10.0849
v  -1.3428 2.6355 -10.1006
v  -1.6797 2.8719 -9.1474
v  -1.7568 2.8474 3.0401
v  -1.7471 3.3142 1.7002
v  -1.7832 3.3455 -0.4443
v  -2.1621 3.3260 -2.9287
v  -1.0615 2.6463 -10.3740
v  -0.5732 2.5750 -10.6084
v  -1.5410 3.0017 -10.1006
v  -1.8877 3.3845 -9.1474
v  -1.6777 3.3982 -10.1006
v  -1.7568 3.2927 3.0401
v  -1.7910 3.8650 1.7276
v  -1.8564 3.8631 -0.3506
v  -2.2246 3.8982 -2.7021
v  -1.9551 3.9510 -9.1474
v  -1.1133 3.2752 -10.5771
v  -0.5684 3.2488 -10.8115
v  -1.7197 3.8709 -10.1084
v  -1.1465 3.8435 -10.6240
v  -0.5591 3.8201 -10.8740
v  -1.7568 3.8767 3.0401
v  -1.8291 4.1951 1.7901
v  -1.8477 4.4080 0.0479
v  -2.0098 4.6150 -1.9599
v  -1.7627 4.5584 -9.1396
v  -1.5850 4.2283 -10.1162
v  -0.5498 4.0467 -10.7802
v  -1.1289 4.0545 -10.6240
# 142 vertices

vn -0.0039 -0.6078 0.7882
vn 0.8275 -0.4039 0.3804
vn 0.4980 -0.3255 0.8039
vn -0.0039 -0.2941 0.9529
vn 0.0039 -0.0039 0.9922
vn 0.4431 0.0118 0.8902
vn 0.3725 -0.0667 0.9216
vn 0.0039 -0.0118 0.9922
vn 0.0588 -0.0431 0.9922
vn -0.0039 0.0745 0.9922
vn 0.1529 0.1529 0.9686
vn 0.1451 0.3569 0.9137
vn 0.0824 0.3804 0.9137
vn 0.0039 0.2863 0.9529
vn -0.0039 0.2706 0.9608
vn 0.0667 -0.0431 -1.0000
vn -0.0039 -0.0353 -1.0000
vn -0.0196 -0.0510 -1.0000
vn 0.0980 -0.0431 -1.0000
vn 0.2549 -0.0196 -0.9686
vn -0.0039 -0.0275 -1.0000
vn 0.1843 -0.0196 -0.9843
vn 0.7961 0.0118 -0.6000
vn 0.7647 0.0039 -0.6392
vn 0.3961 0.0275 -0.9216
vn 0.2627 0.0353 -0.9686
vn -0.0039 0.0275 -1.0000
vn 0.9922 0.0353 -0.0745
vn 0.8039 0.0510 -0.5922
vn 0.9922 0.0275 -0.0824
vn 0.5451 0.0588 -0.8353
vn 0.7804 0.0196 -0.6235
vn 0.3569 0.1686 -0.9216
vn 0.9843 -0.0118 -0.1686
vn 0.6627 0.1373 -0.7333
vn 0.8980 -0.0118 -0.4353
vn -0.0039 0.1686 -0.9922
vn 0.9922 0.0275 -0.0353
vn 0.9922 0.0118 -0.0588
vn 0.9922 -0.0510 -0.1137
vn 0.3020 0.4902 -0.8118
vn -0.0039 0.5294 -0.8510
vn 0.8275 0.1137 -0.5451
vn 0.9451 -0.0275 -0.3255
vn 0.5373 0.4588 -0.7098
vn 0.7412 0.4353 -0.5059
vn 0.8902 0.1137 -0.4275
vn 0.9922 0.0118 -0.0196
vn 0.9922 -0.0118 -0.0667
vn 0.9843 -0.0824 -0.1216
vn 0.9765 -0.0353 -0.2078
vn 0.4980 0.7333 -0.4510
vn 0.2471 0.8275 -0.5059
vn -0.0039 0.8510 -0.5216
vn 0.8118 0.4588 -0.3569
vn 0.9608 0.1294 -0.2471
vn 0.8510 0.4745 -0.1922
vn 0.9922 -0.0118 -0.0118
vn 0.9922 -0.0196 -0.0902
vn 0.9922 -0.0824 -0.0824
vn 0.9922 -0.0510 0.0667
vn 0.9765 0.1451 0.0980
vn 0.5216 0.8275 -0.2078
vn 0.2392 0.9451 -0.2078
vn -0.0039 0.9765 -0.2157
vn 0.8588 0.4902 0.0980
vn 0.5294 0.8431 0.0196
vn 0.2314 0.9608 0.1294
vn 0.9922 -0.0431 -0.0196
vn 0.9686 -0.0196 0.2314
vn 0.9294 -0.0745 0.3569
vn 0.7255 -0.0980 0.6706
vn 0.7647 0.1922 0.6078
vn 0.6471 0.5059 0.5608
vn -0.0039 0.9843 0.1608
vn 0.1451 0.7569 0.6235
vn 0.4275 0.7882 0.4275
vn -0.0039 0.7255 0.6784
vn -0.4980 -0.3412 0.7961
vn -0.8353 -0.4118 0.3725
vn -0.4275 -0.0118 0.9059
vn -0.3569 -0.0588 0.9294
vn -0.0588 -0.0353 0.9922
vn -0.1608 0.1529 0.9686
vn -0.1529 0.3569 0.9137
vn -0.0902 0.3804 0.9137
vn -0.0118 0.2863 0.9529
vn -0.0824 -0.0353 -1.0000
vn -0.1373 -0.0353 -0.9922
vn -0.2627 0.0039 -0.9686
vn -0.2863 -0.0118 -0.9608
vn -0.2000 -0.0275 -0.9843
vn -0.7961 0.0353 -0.6078
vn -0.7882 0.0118 -0.6235
vn -0.4275 0.0196 -0.9059
vn -0.2706 0.0353 -0.9686
vn -1.0000 0.0353 -0.0745
vn -0.8275 0.0431 -0.5765
vn -1.0000 0.0275 -0.0824
vn -0.7961 0.0118 -0.6157
vn -0.5529 0.0510 -0.8353
vn -0.3647 0.1686 -0.9216
vn -0.9922 -0.0196 -0.1608
vn -0.6706 0.1373 -0.7333
vn -0.9059 -0.0118 -0.4353
vn -1.0000 0.0275 -0.0353
vn -1.0000 0.0118 -0.0588
vn -1.0000 -0.0510 -0.1137
vn -0.3098 0.4902 -0.8118
vn -0.8353 0.1137 -0.5451
vn -0.9529 -0.0275 -0.3176
vn -0.5451 0.4588 -0.7098
vn -0.7490 0.4353 -0.5059
vn -0.8980 0.1137 -0.4275
vn -1.0000 0.0118 -0.0196
vn -1.0000 -0.0039 -0.0667
vn -0.9922 -0.0824 -0.1294
vn -0.9843 -0.0353 -0.2078
vn -0.5059 0.7333 -0.4510
vn -0.2549 0.8275 -0.5059
vn -0.8196 0.4588 -0.3569
vn -0.9686 0.1294 -0.2471
vn -0.8588 0.4745 -0.1922
vn -1.0000 -0.0118 -0.0118
vn -1.0000 -0.0196 -0.0902
vn -1.0000 -0.0824 -0.0824
vn -1.0000 -0.0510 0.0667
vn -0.9843 0.1451 0.0980
vn -0.5294 0.8275 -0.2078
vn -0.2471 0.9451 -0.2078
vn -0.8667 0.4902 0.0980
vn -0.5373 0.8431 0.0196
vn -0.2392 0.9608 0.1294
vn -1.0000 -0.0431 -0.0196
vn -0.9765 -0.0196 0.2392
vn -0.9294 -0.0745 0.3725
vn -0.7412 -0.0902 0.6706
vn -0.7725 0.1922 0.6078
vn -0.6549 0.5059 0.5608
vn -0.1529 0.7569 0.6235
vn -0.4353 0.7882 0.4275
# 141 vertex normals

vt 0.9912 0.5420 0.0000
vt 0.9507 0.5413 0.0000
vt 0.9521 0.5488 0.0000
vt 0.9912 0.5513 0.0000
vt 0.9912 0.5732 0.0000
vt 0.9502 0.5735 0.0000
vt 0.9443 0.6182 0.0000
vt 0.9917 0.6428 0.0000
vt 0.9375 0.6687 0.0000
vt 0.9932 0.8583 0.0000
vt 0.9448 0.8464 0.0000
vt 0.9502 0.8690 0.0000
vt 0.9619 0.8795 0.0000
vt 0.9775 0.8821 0.0000
vt 0.9932 0.8828 0.0000
vt 0.1901 0.4980 0.0000
vt 0.1763 0.4980 0.0000
vt 0.1759 0.5413 0.0000
vt 0.1918 0.5415 0.0000
vt 0.2118 0.4980 0.0000
vt 0.1755 0.6052 0.0000
vt 0.2144 0.5422 0.0000
vt 0.1941 0.6055 0.0000
vt 0.2300 0.4980 0.0000
vt 0.2300 0.5432 0.0000
vt 0.2166 0.6062 0.0000
vt 0.1945 0.6582 0.0000
vt 0.1752 0.6589 0.0000
vt 0.2429 0.4980 0.0000
vt 0.2316 0.6067 0.0000
vt 0.2483 0.5442 0.0000
vt 0.2177 0.6570 0.0000
vt 0.2358 0.6563 0.0000
vt 0.1936 0.8589 0.0000
vt 0.2483 0.6096 0.0000
vt 0.2147 0.8611 0.0000
vt 0.2480 0.6736 0.0000
vt 0.1738 0.8584 0.0000
vt 0.2524 0.4980 0.0000
vt 0.2632 0.5452 0.0000
vt 0.2615 0.6123 0.0000
vt 0.1927 0.8853 0.0000
vt 0.1737 0.8845 0.0000
vt 0.2267 0.8633 0.0000
vt 0.2595 0.6843 0.0000
vt 0.2092 0.8869 0.0000
vt 0.2198 0.8898 0.0000
vt 0.2382 0.8656 0.0000
vt 0.2654 0.4980 0.0000
vt 0.2781 0.5461 0.0000
vt 0.2778 0.6152 0.0000
vt 0.2747 0.6912 0.0000
vt 0.2107 0.8992 0.0000
vt 0.1935 0.9058 0.0000
vt 0.1735 0.9073 0.0000
vt 0.2310 0.8939 0.0000
vt 0.2529 0.8691 0.0000
vt 0.2423 0.8983 0.0000
vt 0.2791 0.4980 0.0000
vt 0.2949 0.5461 0.0000
vt 0.2937 0.6143 0.0000
vt 0.2905 0.6868 0.0000
vt 0.2683 0.8729 0.0000
vt 0.2207 0.9178 0.0000
vt 0.1982 0.9289 0.0000
vt 0.1733 0.9324 0.0000
vt 0.2551 0.9060 0.0000
vt 0.2339 0.9349 0.0000
vt 0.2042 0.9524 0.0000
vt 0.2969 0.4980 0.0000
vt 0.3049 0.5449 0.0000
vt 0.3105 0.6030 0.0000
vt 0.3135 0.6677 0.0000
vt 0.2856 0.8778 0.0000
vt 0.2642 0.9162 0.0000
vt 0.1731 0.9581 0.0000
vt 0.2074 0.9611 0.0000
vt 0.2383 0.9410 0.0000
vt 0.3215 0.6682 0.0000
vt 0.3171 0.6016 0.0000
vt 0.3074 0.4980 0.0000
vt 0.3152 0.4980 0.0000
vt 0.3149 0.5422 0.0000
vt 0.2460 0.9494 0.0000
vt 0.2732 0.9199 0.0000
vt 0.2949 0.8788 0.0000
vt 0.1731 0.9672 0.0000
vt 0.1730 0.9790 0.0000
vt 0.2119 0.9716 0.0000
# 89 texture coords

o ShotgunReceiver_2
g ShotgunReceiver_2
usemtl Material_0008d0
s 1
f 1405/2059/1476 1406/2060/1477 1407/2061/1478 
f 1407/2061/1478 1408/2062/1479 1405/2059/1476 
f 1409/2063/1480 1408/2062/1479 1407/2061/1478 
f 1407/2061/1478 1410/2064/1481 1409/2063/1480 
f 1409/2063/1480 1410/2064/1481 1411/2065/1482 
f 1411/2065/1482 1412/2066/1483 1409/2063/1480 
f 1411/2065/1482 1413/2067/1484 1412/2066/1483 
f 1414/2068/1485 1412/2066/1483 1413/2067/1484 
f 1413/2067/1484 1415/2069/1486 1414/2068/1485 
f 1415/2069/1486 1416/2070/1487 1414/2068/1485 
f 1416/2070/1487 1417/2071/1488 1414/2068/1485 
f 1417/2071/1488 1418/2072/1489 1414/2068/1485 
f 1418/2072/1489 1419/2073/1490 1414/2068/1485 
f 1420/2074/1491 1421/2075/1492 1422/2076/1493 
f 1422/2076/1493 1423/2077/1494 1420/2074/1491 
f 1424/2078/1495 1420/2074/1491 1423/2077/1494 
f 1423/2077/1494 1422/2076/1493 1425/2079/1496 
f 1423/2077/1494 1426/2080/1495 1424/2078/1495 
f 1426/2080/1495 1423/2077/1494 1427/2081/1497 
f 1425/2079/1496 1427/2081/1497 1423/2077/1494 
f 1428/2082/1498 1424/2078/1495 1426/2080/1495 
f 1426/2080/1495 1429/2083/1499 1428/2082/1498 
f 1427/2081/1497 1430/2084/1500 1426/2080/1495 
f 1429/2083/1499 1426/2080/1495 1430/2084/1500 
f 1430/2084/1500 1427/2081/1497 1431/2085/1501 
f 1431/2085/1501 1427/2081/1497 1425/2079/1496 
f 1425/2079/1496 1432/2086/1502 1431/2085/1501 
f 1433/2087/1503 1428/2082/1498 1429/2083/1499 
f 1430/2084/1500 1434/2088/1504 1429/2083/1499 
f 1429/2083/1499 1435/2089/1505 1433/2087/1503 
f 1435/2089/1505 1429/2083/1499 1434/2088/1504 
f 1431/2085/1501 1436/2090/1506 1430/2084/1500 
f 1430/2084/1500 1436/2090/1506 1437/2091/1507 
f 1430/2084/1500 1437/2091/1507 1434/2088/1504 
f 1436/2090/1506 1431/2085/1501 1438/2092/1508 
f 1438/2092/1508 1431/2085/1501 1432/2086/1502 
f 1434/2088/1504 1439/2093/1509 1435/2089/1505 
f 1439/2093/1509 1434/2088/1504 1437/2091/1507 
f 1436/2090/1506 1438/2092/1508 1440/2094/1510 
f 1440/2094/1510 1437/2091/1507 1436/2090/1506 
f 1441/2095/1511 1437/2091/1507 1440/2094/1510 
f 1437/2091/1507 1441/2095/1511 1439/2093/1509 
f 1432/2086/1502 1442/2096/1512 1438/2092/1508 
f 1443/2097/1513 1433/2087/1503 1435/2089/1505 
f 1443/2097/1513 1435/2089/1505 1444/2098/1514 
f 1444/2098/1514 1435/2089/1505 1439/2093/1509 
f 1439/2093/1509 1445/2099/1515 1444/2098/1514 
f 1445/2099/1515 1439/2093/1509 1441/2095/1511 
f 1440/2094/1510 1438/2092/1508 1446/2100/1516 
f 1438/2092/1508 1442/2096/1512 1447/2101/1517 
f 1447/2101/1517 1446/2100/1516 1438/2092/1508 
f 1440/2094/1510 1448/2102/1518 1441/2095/1511 
f 1441/2095/1511 1449/2103/1519 1445/2099/1515 
f 1449/2103/1519 1441/2095/1511 1448/2102/1518 
f 1446/2100/1516 1450/2104/1520 1440/2094/1510 
f 1451/2105/1521 1448/2102/1518 1440/2094/1510 
f 1440/2094/1510 1450/2104/1520 1451/2105/1521 
f 1452/2106/1522 1448/2102/1518 1451/2105/1521 
f 1448/2102/1518 1452/2106/1522 1449/2103/1519 
f 1444/2098/1514 1453/2107/1523 1443/2097/1513 
f 1453/2107/1523 1444/2098/1514 1454/2108/1524 
f 1454/2108/1524 1444/2098/1514 1445/2099/1515 
f 1455/2109/1525 1445/2099/1515 1449/2103/1519 
f 1445/2099/1515 1455/2109/1525 1454/2108/1524 
f 1456/2110/1526 1449/2103/1519 1452/2106/1522 
f 1449/2103/1519 1456/2110/1526 1455/2109/1525 
f 1457/2111/1527 1450/2104/1520 1446/2100/1516 
f 1450/2104/1520 1457/2111/1527 1451/2105/1521 
f 1446/2100/1516 1458/2112/1528 1457/2111/1527 
f 1446/2100/1516 1447/2101/1517 1459/2113/1529 
f 1459/2113/1529 1458/2112/1528 1446/2100/1516 
f 1460/2114/1530 1451/2105/1521 1457/2111/1527 
f 1451/2105/1521 1460/2114/1530 1452/2106/1522 
f 1452/2106/1522 1461/2115/1531 1456/2110/1526 
f 1462/2116/1532 1461/2115/1531 1452/2106/1522 
f 1452/2106/1522 1460/2114/1530 1462/2116/1532 
f 1454/2108/1524 1463/2117/1533 1453/2107/1523 
f 1463/2117/1533 1454/2108/1524 1464/2118/1534 
f 1465/2119/1535 1464/2118/1534 1454/2108/1524 
f 1454/2108/1524 1455/2109/1525 1465/2119/1535 
f 1466/2120/1536 1465/2119/1535 1455/2109/1525 
f 1455/2109/1525 1456/2110/1526 1466/2120/1536 
f 1456/2110/1526 1461/2115/1531 1467/2121/1537 
f 1467/2121/1537 1466/2120/1536 1456/2110/1526 
f 1468/2122/1538 1462/2116/1532 1460/2114/1530 
f 1457/2111/1527 1468/2122/1538 1460/2114/1530 
f 1457/2111/1527 1458/2112/1528 1469/2123/1539 
f 1469/2123/1539 1468/2122/1538 1457/2111/1527 
f 1470/2124/1540 1469/2123/1539 1458/2112/1528 
f 1458/2112/1528 1459/2113/1529 1470/2124/1540 
f 1461/2115/1531 1462/2116/1532 1471/2125/1541 
f 1471/2125/1541 1467/2121/1537 1461/2115/1531 
f 1462/2116/1532 1468/2122/1538 1472/2126/1542 
f 1472/2126/1542 1471/2125/1541 1462/2116/1532 
f 1468/2122/1538 1469/2123/1539 1473/2127/1543 
f 1473/2127/1543 1472/2126/1542 1468/2122/1538 
f 1473/2127/1543 1469/2123/1539 1470/2124/1540 
f 1464/2118/1534 1474/2128/1544 1463/2117/1533 
f 1474/2128/1544 1464/2118/1534 1475/2129/1545 
f 1464/2118/1534 1465/2119/1535 1476/2130/1546 
f 1476/2130/1546 1475/2129/1545 1464/2118/1534 
f 1477/2131/1547 1476/2130/1546 1465/2119/1535 
f 1465/2119/1535 1466/2120/1536 1477/2131/1547 
f 1466/2120/1536 1467/2121/1537 1478/2132/1548 
f 1478/2132/1548 1477/2131/1547 1466/2120/1536 
f 1479/2133/1549 1478/2132/1548 1467/2121/1537 
f 1467/2121/1537 1471/2125/1541 1479/2133/1549 
f 1479/2133/1549 1471/2125/1541 1472/2126/1542 
f 1470/2124/1540 1480/2134/1550 1473/2127/1543 
f 1481/2135/1551 1473/2127/1543 1480/2134/1550 
f 1472/2126/1542 1473/2127/1543 1481/2135/1551 
f 1481/2135/1551 1482/2136/1552 1472/2126/1542 
f 1472/2126/1542 1482/2136/1552 1479/2133/1549 
f 1413/2137/1484 1477/2131/1547 1478/2132/1548 
f 1476/2130/1546 1477/2131/1547 1413/2137/1484 
f 1413/2137/1484 1411/2138/1482 1476/2130/1546 
f 1476/2130/1546 1411/2138/1482 1475/2129/1545 
f 1475/2129/1545 1406/2139/1477 1474/2128/1544 
f 1407/2140/1478 1406/2139/1477 1475/2129/1545 
f 1475/2129/1545 1411/2138/1482 1410/2141/1481 
f 1475/2129/1545 1410/2141/1481 1407/2140/1478 
f 1479/2133/1549 1482/2136/1552 1417/2142/1488 
f 1417/2142/1488 1482/2136/1552 1481/2135/1551 
f 1478/2132/1548 1479/2133/1549 1416/2143/1487 
f 1417/2142/1488 1416/2143/1487 1479/2133/1549 
f 1478/2132/1548 1415/2144/1486 1413/2137/1484 
f 1416/2143/1487 1415/2144/1486 1478/2132/1548 
f 1480/2134/1550 1483/2145/1553 1481/2135/1551 
f 1481/2135/1551 1483/2145/1553 1419/2146/1490 
f 1419/2146/1490 1418/2147/1489 1481/2135/1551 
f 1481/2135/1551 1418/2147/1489 1417/2142/1488 
f 1484/2061/1554 1485/2060/1555 1405/2059/1476 
f 1405/2059/1476 1408/2062/1479 1484/2061/1554 
f 1484/2061/1554 1408/2062/1479 1409/2063/1480 
f 1409/2063/1480 1486/2064/1556 1484/2061/1554 
f 1487/2065/1557 1486/2064/1556 1409/2063/1480 
f 1409/2063/1480 1412/2066/1483 1487/2065/1557 
f 1487/2065/1557 1412/2066/1483 1488/2067/1558 
f 1488/2067/1558 1412/2066/1483 1414/2068/1485 
f 1414/2068/1485 1489/2069/1559 1488/2067/1558 
f 1489/2069/1559 1414/2068/1485 1490/2070/1560 
f 1490/2070/1560 1414/2068/1485 1491/2071/1561 
f 1491/2071/1561 1414/2068/1485 1492/2072/1562 
f 1492/2072/1562 1414/2068/1485 1419/2073/1490 
f 1422/2076/1493 1421/2075/1492 1493/2074/1563 
f 1493/2074/1563 1494/2077/1564 1422/2076/1493 
f 1425/2079/1496 1422/2076/1493 1494/2077/1564 
f 1494/2077/1564 1493/2074/1563 1495/2078/1565 
f 1495/2078/1565 1496/2080/1566 1494/2077/1564 
f 1497/2081/1567 1494/2077/1564 1496/2080/1566 
f 1494/2077/1564 1497/2081/1567 1425/2079/1496 
f 1496/2080/1566 1495/2078/1565 1498/2082/1568 
f 1498/2082/1568 1499/2083/1569 1496/2080/1566 
f 1496/2080/1566 1500/2084/1570 1497/2081/1567 
f 1500/2084/1570 1496/2080/1566 1499/2083/1569 
f 1501/2085/1571 1497/2081/1567 1500/2084/1570 
f 1425/2079/1496 1497/2081/1567 1501/2085/1571 
f 1501/2085/1571 1432/2086/1502 1425/2079/1496 
f 1499/2083/1569 1498/2082/1568 1502/2087/1572 
f 1499/2083/1569 1503/2088/1573 1500/2084/1570 
f 1502/2087/1572 1504/2089/1574 1499/2083/1569 
f 1503/2088/1573 1499/2083/1569 1504/2089/1574 
f 1500/2084/1570 1503/2088/1573 1505/2091/1575 
f 1500/2084/1570 1505/2091/1575 1506/2090/1576 
f 1500/2084/1570 1506/2090/1576 1501/2085/1571 
f 1506/2090/1576 1507/2092/1577 1501/2085/1571 
f 1432/2086/1502 1501/2085/1571 1507/2092/1577 
f 1504/2089/1574 1508/2093/1578 1503/2088/1573 
f 1505/2091/1575 1503/2088/1573 1508/2093/1578 
f 1506/2090/1576 1505/2091/1575 1509/2094/1579 
f 1509/2094/1579 1507/2092/1577 1506/2090/1576 
f 1509/2094/1579 1505/2091/1575 1510/2095/1580 
f 1508/2093/1578 1510/2095/1580 1505/2091/1575 
f 1507/2092/1577 1442/2096/1512 1432/2086/1502 
f 1511/2097/1581 1504/2089/1574 1502/2087/1572 
f 1512/2098/1582 1504/2089/1574 1511/2097/1581 
f 1508/2093/1578 1504/2089/1574 1512/2098/1582 
f 1512/2098/1582 1513/2099/1583 1508/2093/1578 
f 1510/2095/1580 1508/2093/1578 1513/2099/1583 
f 1514/2100/1584 1507/2092/1577 1509/2094/1579 
f 1447/2101/1517 1442/2096/1512 1507/2092/1577 
f 1507/2092/1577 1514/2100/1584 1447/2101/1517 
f 1510/2095/1580 1515/2102/1585 1509/2094/1579 
f 1513/2099/1583 1516/2103/1586 1510/2095/1580 
f 1515/2102/1585 1510/2095/1580 1516/2103/1586 
f 1509/2094/1579 1517/2104/1587 1514/2100/1584 
f 1509/2094/1579 1515/2102/1585 1518/2105/1588 
f 1518/2105/1588 1517/2104/1587 1509/2094/1579 
f 1518/2105/1588 1515/2102/1585 1519/2106/1589 
f 1516/2103/1586 1519/2106/1589 1515/2102/1585 
f 1511/2097/1581 1520/2107/1590 1512/2098/1582 
f 1521/2108/1591 1512/2098/1582 1520/2107/1590 
f 1513/2099/1583 1512/2098/1582 1521/2108/1591 
f 1516/2103/1586 1513/2099/1583 1522/2109/1592 
f 1521/2108/1591 1522/2109/1592 1513/2099/1583 
f 1519/2106/1589 1516/2103/1586 1523/2110/1593 
f 1522/2109/1592 1523/2110/1593 1516/2103/1586 
f 1514/2100/1584 1517/2104/1587 1524/2111/1594 
f 1517/2104/1587 1518/2105/1588 1524/2111/1594 
f 1524/2111/1594 1525/2112/1595 1514/2100/1584 
f 1459/2113/1529 1447/2101/1517 1514/2100/1584 
f 1514/2100/1584 1525/2112/1595 1459/2113/1529 
f 1524/2111/1594 1518/2105/1588 1526/2114/1596 
f 1519/2106/1589 1526/2114/1596 1518/2105/1588 
f 1523/2110/1593 1527/2115/1597 1519/2106/1589 
f 1519/2106/1589 1527/2115/1597 1528/2116/1598 
f 1528/2116/1598 1526/2114/1596 1519/2106/1589 
f 1520/2107/1590 1529/2117/1599 1521/2108/1591 
f 1530/2118/1600 1521/2108/1591 1529/2117/1599 
f 1521/2108/1591 1530/2118/1600 1531/2119/1601 
f 1531/2119/1601 1522/2109/1592 1521/2108/1591 
f 1532/2120/1602 1523/2110/1593 1522/2109/1592 
f 1522/2109/1592 1531/2119/1601 1532/2120/1602 
f 1523/2110/1593 1532/2120/1602 1533/2121/1603 
f 1533/2121/1603 1527/2115/1597 1523/2110/1593 
f 1534/2122/1604 1526/2114/1596 1528/2116/1598 
f 1526/2114/1596 1534/2122/1604 1524/2111/1594 
f 1524/2111/1594 1534/2122/1604 1535/2123/1605 
f 1535/2123/1605 1525/2112/1595 1524/2111/1594 
f 1470/2124/1540 1459/2113/1529 1525/2112/1595 
f 1525/2112/1595 1535/2123/1605 1470/2124/1540 
f 1536/2125/1606 1528/2116/1598 1527/2115/1597 
f 1527/2115/1597 1533/2121/1603 1536/2125/1606 
f 1528/2116/1598 1536/2125/1606 1537/2126/1607 
f 1537/2126/1607 1534/2122/1604 1528/2116/1598 
f 1538/2127/1608 1535/2123/1605 1534/2122/1604 
f 1534/2122/1604 1537/2126/1607 1538/2127/1608 
f 1470/2124/1540 1535/2123/1605 1538/2127/1608 
f 1529/2117/1599 1539/2128/1609 1530/2118/1600 
f 1540/2129/1610 1530/2118/1600 1539/2128/1609 
f 1530/2118/1600 1540/2129/1610 1541/2130/1611 
f 1541/2130/1611 1531/2119/1601 1530/2118/1600 
f 1542/2131/1612 1532/2120/1602 1531/2119/1601 
f 1531/2119/1601 1541/2130/1611 1542/2131/1612 
f 1532/2120/1602 1542/2131/1612 1543/2132/1613 
f 1543/2132/1613 1533/2121/1603 1532/2120/1602 
f 1533/2121/1603 1543/2132/1613 1544/2133/1614 
f 1544/2133/1614 1536/2125/1606 1533/2121/1603 
f 1537/2126/1607 1536/2125/1606 1544/2133/1614 
f 1538/2127/1608 1480/2134/1550 1470/2124/1540 
f 1480/2134/1550 1538/2127/1608 1545/2135/1615 
f 1545/2135/1615 1538/2127/1608 1537/2126/1607 
f 1537/2126/1607 1546/2136/1616 1545/2135/1615 
f 1544/2133/1614 1546/2136/1616 1537/2126/1607 
f 1543/2132/1613 1542/2131/1612 1488/2137/1558 
f 1488/2137/1558 1542/2131/1612 1541/2130/1611 
f 1541/2130/1611 1487/2138/1557 1488/2137/1558 
f 1541/2130/1611 1540/2129/1610 1487/2138/1557 
f 1539/2128/1609 1485/2139/1555 1540/2129/1610 
f 1540/2129/1610 1485/2139/1555 1484/2140/1554 
f 1487/2138/1557 1540/2129/1610 1486/2141/1556 
f 1484/2140/1554 1486/2141/1556 1540/2129/1610 
f 1491/2142/1561 1546/2136/1616 1544/2133/1614 
f 1545/2135/1615 1546/2136/1616 1491/2142/1561 
f 1490/2143/1560 1544/2133/1614 1543/2132/1613 
f 1544/2133/1614 1490/2143/1560 1491/2142/1561 
f 1488/2137/1558 1489/2144/1559 1543/2132/1613 
f 1543/2132/1613 1489/2144/1559 1490/2143/1560 
f 1545/2135/1615 1483/2145/1553 1480/2134/1550 
f 1419/2146/1490 1483/2145/1553 1545/2135/1615 
f 1545/2135/1615 1492/2147/1562 1419/2146/1490 
f 1491/2142/1561 1492/2147/1562 1545/2135/1615 
# 0 polygons - 262 triangles

#
# object ShotgunReceiver_3
#

v  -0.7378 -1.7483 21.8760
v  -0.0000 -1.8283 21.8135
v  -0.0000 -2.8713 22.0635
v  -0.0000 -0.9631 21.3291
v  -0.6855 -0.8108 21.4307
v  -0.0000 -0.2199 20.7119
v  -0.8735 -2.8283 22.1416
v  -1.4277 -1.4104 22.1573
v  -1.5244 -2.4240 22.5479
v  -1.3545 -0.4358 21.6651
v  -0.6997 -0.0578 20.7588
v  -0.0000 0.3728 20.0010
v  -0.9912 -3.7385 22.5948
v  -1.5889 -3.2502 23.1416
v  -0.0000 -3.8987 22.5323
v  -1.8857 -1.3498 23.5166
v  -1.7822 -0.4426 22.8291
v  -1.8896 -2.2776 24.1885
v  -0.9487 -4.3713 23.2198
v  -1.5176 -3.9768 23.7666
v  -1.7217 0.4876 22.1416
v  -1.2334 0.3640 20.9698
v  -0.6860 0.5061 20.0323
v  -0.0000 0.7969 19.1494
v  -0.0000 -4.5744 23.0635
v  -0.7158 -4.7229 23.8291
v  -1.6523 -0.4817 24.5010
v  -1.6533 -1.5393 25.2198
v  -1.5283 0.5457 23.6885
v  -1.7783 -3.1643 24.9698
v  -1.2285 -4.5002 24.3916
v  -1.6152 1.3913 21.3682
v  -1.4336 1.4518 22.9073
v  -1.2734 1.0595 20.1729
v  -0.7036 0.9143 19.1651
v  -0.0000 1.0237 17.9698
v  -0.0000 -4.8127 23.5323
v  -0.0000 -4.8557 24.1416
v  -0.3772 -4.8049 24.4385
v  -1.1250 -1.1057 25.9229
v  -1.6221 -2.5178 25.9385
v  -1.5635 -3.8908 25.5948
v  -1.5850 -3.0979 26.2198
v  -0.7002 -4.6447 24.9073
v  -1.5381 2.0574 20.4229
v  -1.1934 1.5387 19.1963
v  -0.7627 1.1281 18.0323
v  -0.0000 -4.6643 24.9229
v  -1.1143 -2.1701 26.4854
v  -1.1201 -2.6623 26.6104
v  -0.8643 -4.1994 25.8135
v  -1.0039 -3.5237 26.5791
v  -1.0859 -3.0627 26.6573
v  -0.0000 -4.1994 25.8916
v  -1.4561 2.5984 19.3838
v  -1.2100 1.9256 18.1260
v  -0.0000 -3.4182 26.7666
v  -0.0000 -2.9885 26.8760
v  -0.0000 -2.5432 26.8916
v  -0.0000 -1.9455 26.7354
v  -0.0000 -0.8928 26.1416
v  -1.3984 2.9197 18.2901
v  -1.2207 2.0803 17.4073
v  -1.2207 3.6443 19.6807
v  -1.3379 3.0359 20.7744
v  -1.0635 0.0066 25.1416
v  -0.0000 0.1687 25.3135
v  -1.4727 3.0896 17.0010
v  -1.3398 3.9099 17.4151
v  -1.1230 4.2517 18.5401
v  -1.3613 2.2454 16.1494
v  -0.8521 1.2990 16.9541
v  -0.8828 4.1795 19.8604
v  -0.8799 3.5271 21.0166
v  -0.8809 1.0926 24.2510
v  -0.0000 1.1881 24.4541
v  -1.7246 3.2234 16.2432
v  -1.4473 4.1189 16.3213
v  -1.1553 4.6560 17.3369
v  -0.8667 4.6814 18.6416
v  -0.0000 1.0717 16.8994
v  -0.0000 4.7615 18.7041
v  -0.0000 4.2537 19.8994
v  -0.0000 2.1282 23.4541
v  -0.8203 1.9754 23.3291
v  -0.0000 5.1853 17.3213
v  -0.8516 5.1150 17.3057
v  -1.2354 4.9998 15.7744
v  -1.1895 5.4881 15.4619
v  -0.0000 5.6951 15.5401
v  -0.0000 3.0486 22.2354
v  -0.8501 2.8582 22.1104
v  -1.4033 2.3914 21.8448
v  -0.0000 5.9412 13.6494
v  -1.4316 5.1502 15.1651
v  -1.3652 5.7107 13.6416
v  -0.0000 3.7107 21.0948
v  -0.0000 6.1209 11.6338
v  -1.4463 5.8240 11.6026
v  -1.6113 5.4959 13.6377
v  -1.6084 5.6248 11.6065
v  -1.7168 4.8142 11.5948
v  -1.7900 4.7322 13.6416
v  -1.7285 3.6677 11.5948
v  -1.7979 3.5369 13.6221
v  -1.6787 2.6853 11.5987
v  -1.7764 2.5525 13.6104
v  -1.7021 1.9212 11.6065
v  -1.6367 4.1326 15.5244
v  -1.7148 2.7644 15.3682
v  -1.5244 1.7962 13.6026
v  -1.7178 2.1731 14.7510
v  -1.5898 4.7283 15.2276
v  -1.2998 1.5808 11.5987
v  -1.1006 1.4486 13.6026
v  -1.5098 1.7937 14.6026
v  -1.2412 1.6331 15.5635
v  -1.0615 1.4085 15.1651
v  -0.0000 1.4877 11.5948
v  -0.0000 1.3128 13.6104
v  -0.0000 1.2541 15.3448
v  1.3652 5.7107 13.6416
v  1.4463 5.8240 11.6026
v  1.6084 5.6248 11.6065
v  1.6113 5.4959 13.6377
v  1.1895 5.4881 15.4619
v  1.4316 5.1502 15.1651
v  1.7168 4.8142 11.5948
v  1.7900 4.7322 13.6416
v  1.5898 4.7283 15.2276
v  1.2354 4.9998 15.7744
v  1.1553 4.6560 17.3369
v  0.8516 5.1150 17.3057
v  1.4473 4.1189 16.3213
v  1.6367 4.1326 15.5244
v  1.7285 3.6677 11.5948
v  1.7979 3.5369 13.6221
v  0.8667 4.6814 18.6416
v  1.7246 3.2234 16.2432
v  1.3398 3.9099 17.4151
v  1.1230 4.2517 18.5401
v  1.4727 3.0896 17.0010
v  1.3984 2.9197 18.2901
v  1.6787 2.6853 11.5987
v  1.7764 2.5525 13.6104
v  1.7148 2.7644 15.3682
v  1.3613 2.2454 16.1494
v  1.2207 2.0803 17.4073
v  0.8828 4.1795 19.8604
v  1.2207 3.6443 19.6807
v  1.7178 2.1731 14.7510
v  1.2100 1.9256 18.1260
v  1.4561 2.5984 19.3838
v  1.7021 1.9212 11.6065
v  1.5244 1.7962 13.6026
v  1.2412 1.6331 15.5635
v  0.8521 1.2990 16.9541
v  0.7627 1.1281 18.0323
v  1.5098 1.7937 14.6026
v  1.1934 1.5387 19.1963
v  0.8799 3.5271 21.0166
v  1.3379 3.0359 20.7744
v  1.5381 2.0574 20.4229
v  1.0615 1.4085 15.1651
v  1.1006 1.4486 13.6026
v  1.2998 1.5808 11.5987
v  0.7036 0.9143 19.1651
v  1.2734 1.0595 20.1729
v  0.8501 2.8582 22.1104
v  1.4033 2.3914 21.8448
v  1.6152 1.3913 21.3682
v  0.6860 0.5061 20.0323
v  1.2334 0.3640 20.9698
v  0.8203 1.9754 23.3291
v  1.4336 1.4518 22.9073
v  1.7217 0.4876 22.1416
v  0.8809 1.0926 24.2510
v  1.5283 0.5457 23.6885
v  0.6997 -0.0578 20.7588
v  1.3545 -0.4358 21.6651
v  1.7822 -0.4426 22.8291
v  1.0635 0.0066 25.1416
v  1.6523 -0.4817 24.5010
v  0.6855 -0.8108 21.4307
v  1.4277 -1.4104 22.1573
v  1.8857 -1.3498 23.5166
v  1.1250 -1.1057 25.9229
v  1.6533 -1.5393 25.2198
v  0.7378 -1.7483 21.8760
v  1.5244 -2.4240 22.5479
v  1.8896 -2.2776 24.1885
v  1.1143 -2.1701 26.4854
v  1.6221 -2.5178 25.9385
v  1.7783 -3.1643 24.9698
v  0.8735 -2.8283 22.1416
v  1.5889 -3.2502 23.1416
v  1.5176 -3.9768 23.7666
v  1.1201 -2.6623 26.6104
v  1.5850 -3.0979 26.2198
v  0.9912 -3.7385 22.5948
v  0.9487 -4.3713 23.2198
v  1.2285 -4.5002 24.3916
v  1.5635 -3.8908 25.5948
v  0.7158 -4.7229 23.8291
v  1.0859 -3.0627 26.6573
v  1.0039 -3.5237 26.5791
v  0.7002 -4.6447 24.9073
v  0.3772 -4.8049 24.4385
v  0.8643 -4.1994 25.8135
v  0.0000 4.8025 11.6221
v  0.0000 3.1492 11.6065
v  0.0000 1.9197 11.5987
# 212 vertices

vn -0.3333 0.8824 -0.3176
vn -0.0039 0.9294 -0.3647
vn -0.0039 0.9373 -0.3333
vn -0.0039 0.8353 -0.5451
vn -0.3804 0.7725 -0.5059
vn -0.0039 0.7020 -0.7176
vn -0.3961 0.8667 -0.3020
vn -0.7725 0.6000 -0.2235
vn -0.8196 0.5373 -0.2000
vn -0.7804 0.5373 -0.3176
vn -0.4275 0.6314 -0.6471
vn -0.0039 0.5373 -0.8431
vn -0.4902 0.7176 -0.4980
vn -0.8980 0.3569 -0.2706
vn -0.0039 0.8275 -0.5529
vn -1.0000 0.0745 0.0118
vn -1.0000 0.1216 0.0118
vn -1.0000 -0.0118 -0.0431
vn -0.5137 0.4745 -0.7176
vn -0.8667 0.1843 -0.4667
vn -1.0000 0.1137 -0.0039
vn -0.8118 0.4353 -0.3961
vn -0.4510 0.4667 -0.7569
vn -0.0039 0.3098 -0.9529
vn -0.0039 0.6235 -0.7804
vn -0.3882 0.1765 -0.9059
vn -0.9216 -0.2863 0.2706
vn -0.9373 -0.3098 0.1922
vn -0.9059 -0.2784 0.3255
vn -0.9922 -0.0588 -0.1529
vn -0.6706 -0.0196 -0.7490
vn -1.0000 0.0745 -0.0118
vn -0.8902 -0.2941 0.3647
vn -0.8667 0.2863 -0.4196
vn -0.4980 0.2706 -0.8275
vn -0.0039 0.1373 -0.9922
vn -0.0039 0.3020 -0.9608
vn -0.0039 -0.0353 -1.0000
vn -0.1451 -0.1451 -0.9843
vn -0.5765 -0.6941 0.4353
vn -0.9216 -0.3725 0.1529
vn -0.8039 -0.2784 -0.5451
vn -0.8588 -0.5059 -0.1059
vn -0.2627 -0.3020 -0.9216
vn -1.0000 0.0745 -0.0039
vn -0.9059 0.1686 -0.3961
vn -0.5686 0.1294 -0.8196
vn -0.0039 -0.3647 -0.9373
vn -0.5451 -0.7882 0.3020
vn -0.5137 -0.8510 0.1529
vn -0.2706 -0.5059 -0.8275
vn -0.3647 -0.7882 -0.5059
vn -0.4353 -0.8980 -0.0824
vn -0.0039 -0.5608 -0.8353
vn -1.0000 0.0510 0.0118
vn -0.9451 0.0824 -0.3333
vn -0.0039 -0.8745 -0.4980
vn -0.0039 -1.0000 -0.1216
vn -0.0039 -0.9922 0.1216
vn -0.0039 -0.9294 0.3725
vn -0.0039 -0.8431 0.5451
vn -1.0000 -0.0118 -0.0039
vn -0.9451 -0.0118 -0.3333
vn -0.9294 -0.1294 0.3569
vn -0.9059 -0.1765 0.3961
vn -0.5529 -0.6392 0.5373
vn -0.0039 -0.7804 0.6314
vn -0.9922 -0.1451 -0.0667
vn -0.9765 -0.1216 0.1765
vn -0.9294 -0.1373 0.3490
vn -0.9294 -0.1765 -0.3490
vn -0.6235 0.0118 -0.7882
vn -0.5294 -0.3725 0.7647
vn -0.5294 -0.4118 0.7412
vn -0.5137 -0.6078 0.6078
vn -0.0039 -0.7333 0.6784
vn -0.9765 -0.2235 -0.0353
vn -0.9451 -0.2078 0.2549
vn -0.9059 -0.1686 0.3961
vn -0.5373 -0.2941 0.7882
vn -0.0039 0.0745 -1.0000
vn -0.0039 -0.3412 0.9373
vn -0.0039 -0.4275 0.8980
vn -0.0039 -0.6471 0.7647
vn -0.4980 -0.5608 0.6627
vn -0.0039 -0.2941 0.9529
vn -0.4745 -0.2784 0.8353
vn -0.9373 -0.2235 0.2784
vn -0.6157 -0.2314 0.7490
vn -0.0039 -0.1922 0.9765
vn -0.0039 -0.5608 0.8275
vn -0.4980 -0.4824 0.7176
vn -0.8824 -0.2549 0.4039
vn -0.0039 -0.1137 0.9922
vn -0.8902 -0.2314 0.3961
vn -0.4510 -0.1294 0.8824
vn -0.0039 -0.4588 0.8824
vn -0.0039 -0.0745 0.9922
vn -0.5216 -0.0745 0.8510
vn -0.8588 -0.1137 0.5059
vn -0.9137 -0.0431 0.4118
vn -1.0000 0.0118 0.0824
vn -0.9922 -0.0510 0.1216
vn -1.0000 0.0353 -0.0275
vn -1.0000 0.0431 -0.0118
vn -0.9922 -0.0039 -0.1451
vn -0.9137 0.0039 -0.4275
vn -0.9765 -0.1529 0.1529
vn -0.9843 -0.1216 -0.1686
vn -0.8196 -0.0118 -0.5843
vn -0.9529 -0.0980 -0.3020
vn -0.9373 -0.2157 0.2863
vn -0.3961 0.0196 -0.9216
vn -0.3882 0.0196 -0.9294
vn -0.7804 -0.0510 -0.6314
vn -0.8275 -0.1373 -0.5529
vn -0.4510 -0.0118 -0.8980
vn -0.0039 0.0667 -1.0000
vn -0.0039 0.0510 -1.0000
vn 0.4431 -0.1294 0.8824
vn 0.5137 -0.0745 0.8510
vn 0.9059 -0.0431 0.4118
vn 0.8510 -0.1137 0.5059
vn 0.6078 -0.2314 0.7490
vn 0.8824 -0.2314 0.3961
vn 0.9922 0.0118 0.0824
vn 0.9843 -0.0510 0.1216
vn 0.9294 -0.2157 0.2863
vn 0.9294 -0.2235 0.2784
vn 0.8980 -0.1686 0.3961
vn 0.4667 -0.2784 0.8353
vn 0.9373 -0.2078 0.2549
vn 0.9686 -0.1529 0.1529
vn 0.9922 0.0353 -0.0275
vn 0.9922 -0.0118 -0.0039
vn 0.5294 -0.2941 0.7882
vn 0.9686 -0.2235 -0.0353
vn 0.9686 -0.1216 0.1765
vn 0.9216 -0.1373 0.3490
vn 0.9843 -0.1451 -0.0667
vn 0.9922 0.0431 -0.0118
vn 0.9843 -0.0039 -0.1451
vn 0.9765 -0.1216 -0.1686
vn 0.9216 -0.1765 -0.3490
vn 0.9373 -0.0118 -0.3333
vn 0.5216 -0.3725 0.7647
vn 0.9216 -0.1294 0.3569
vn 0.9451 -0.0980 -0.3020
vn 0.9373 0.0824 -0.3333
vn 0.9922 0.0510 0.0118
vn 0.9059 0.0039 -0.4275
vn 0.8118 -0.0118 -0.5843
vn 0.8196 -0.1373 -0.5529
vn 0.6157 0.0118 -0.7882
vn 0.5608 0.1294 -0.8196
vn 0.7725 -0.0510 -0.6314
vn 0.8980 0.1686 -0.3961
vn 0.5216 -0.4118 0.7412
vn 0.8980 -0.1765 0.3961
vn 0.9922 0.0745 -0.0039
vn 0.4431 -0.0118 -0.8980
vn 0.3804 0.0196 -0.9294
vn 0.3882 0.0196 -0.9216
vn 0.4902 0.2706 -0.8275
vn 0.8588 0.2863 -0.4196
vn 0.4902 -0.4824 0.7176
vn 0.8745 -0.2549 0.4039
vn 0.9922 0.0745 -0.0118
vn 0.4431 0.4667 -0.7569
vn 0.8039 0.4353 -0.3961
vn 0.4902 -0.5608 0.6627
vn 0.8824 -0.2941 0.3647
vn 0.9922 0.1137 -0.0039
vn 0.5059 -0.6078 0.6078
vn 0.8980 -0.2784 0.3255
vn 0.4196 0.6314 -0.6471
vn 0.7725 0.5373 -0.3176
vn 0.9922 0.1216 0.0118
vn 0.5451 -0.6392 0.5373
vn 0.9137 -0.2863 0.2706
vn 0.3725 0.7725 -0.5059
vn 0.7647 0.6000 -0.2235
vn 0.9922 0.0745 0.0118
vn 0.5686 -0.6941 0.4353
vn 0.9294 -0.3098 0.1922
vn 0.3255 0.8824 -0.3176
vn 0.8118 0.5373 -0.2000
vn 0.9922 -0.0118 -0.0431
vn 0.5373 -0.7882 0.3020
vn 0.9137 -0.3725 0.1529
vn 0.9843 -0.0588 -0.1529
vn 0.3882 0.8667 -0.3020
vn 0.8902 0.3569 -0.2706
vn 0.8588 0.1843 -0.4667
vn 0.5059 -0.8510 0.1529
vn 0.8510 -0.5059 -0.1059
vn 0.4824 0.7176 -0.4980
vn 0.5059 0.4745 -0.7176
vn 0.6627 -0.0196 -0.7490
vn 0.7961 -0.2784 -0.5451
vn 0.3804 0.1765 -0.9059
vn 0.4275 -0.8980 -0.0824
vn 0.3569 -0.7882 -0.5059
vn 0.2549 -0.3020 -0.9216
vn 0.1373 -0.1451 -0.9843
vn 0.2627 -0.5059 -0.8275
vn -0.0039 0.9922 0.0039
vn 0.0039 0.9922 -0.0118
vn -0.0118 0.9922 -0.0118
vn 0.0118 0.9922 0.0039
vn 0.0039 0.9922 -0.0039
vn -0.0118 0.9922 -0.0039
vn -0.0196 0.9922 0.0039
vn -0.0039 0.9922 -0.0039
vn -0.0118 0.9922 0.0118
vn 0.0039 0.9922 0.0118
# 216 vertex normals

vt 0.5928 0.8113 0.0000
vt 0.6211 0.8003 0.0000
vt 0.6357 0.8431 0.0000
vt 0.6021 0.7605 0.0000
vt 0.5781 0.7733 0.0000
vt 0.5869 0.7312 0.0000
vt 0.5977 0.8508 0.0000
vt 0.5586 0.8143 0.0000
vt 0.5625 0.8497 0.0000
vt 0.5464 0.7765 0.0000
vt 0.5635 0.7395 0.0000
vt 0.5742 0.7026 0.0000
vt 0.5991 0.8848 0.0000
vt 0.5645 0.8801 0.0000
vt 0.6382 0.8905 0.0000
vt 0.5122 0.8413 0.0000
vt 0.5107 0.8065 0.0000
vt 0.5161 0.8729 0.0000
vt 0.5933 0.9164 0.0000
vt 0.5610 0.9098 0.0000
vt 0.5029 0.7708 0.0000
vt 0.5337 0.7395 0.0000
vt 0.5527 0.7061 0.0000
vt 0.5688 0.6753 0.0000
vt 0.6284 0.9302 0.0000
vt 0.5859 0.9472 0.0000
vt 0.4731 0.8383 0.0000
vt 0.4763 0.8724 0.0000
vt 0.4690 0.8022 0.0000
vt 0.5127 0.9064 0.0000
vt 0.5547 0.9406 0.0000
vt 0.4932 0.7329 0.0000
vt 0.4639 0.7681 0.0000
vt 0.5239 0.7029 0.0000
vt 0.5488 0.6721 0.0000
vt 0.5742 0.6448 0.0000
vt 0.6143 0.9538 0.0000
vt 0.5894 0.9770 0.0000
vt 0.5713 0.9733 0.0000
vt 0.4465 0.8753 0.0000
vt 0.4761 0.9070 0.0000
vt 0.5073 0.9370 0.0000
vt 0.4790 0.9261 0.0000
vt 0.5474 0.9680 0.0000
vt 0.4910 0.6946 0.0000
vt 0.5234 0.6653 0.0000
vt 0.5532 0.6372 0.0000
vt 0.5479 0.9938 0.0000
vt 0.4485 0.9114 0.0000
vt 0.4529 0.9269 0.0000
vt 0.5049 0.9639 0.0000
vt 0.4700 0.9509 0.0000
vt 0.4590 0.9391 0.0000
vt 0.4963 0.9956 0.0000
vt 0.4915 0.6555 0.0000
vt 0.5273 0.6272 0.0000
vt 0.4436 0.9769 0.0000
vt 0.4253 0.9612 0.0000
vt 0.4114 0.9414 0.0000
vt 0.4116 0.9167 0.0000
vt 0.4121 0.8759 0.0000
vt 0.4968 0.6189 0.0000
vt 0.5332 0.6035 0.0000
vt 0.4597 0.6504 0.0000
vt 0.4609 0.6885 0.0000
vt 0.4441 0.8376 0.0000
vt 0.4126 0.8362 0.0000
vt 0.5093 0.5801 0.0000
vt 0.4800 0.5840 0.0000
vt 0.4565 0.6125 0.0000
vt 0.5464 0.5659 0.0000
vt 0.5649 0.6035 0.0000
vt 0.4409 0.6489 0.0000
vt 0.4412 0.6870 0.0000
vt 0.4390 0.8007 0.0000
vt 0.4131 0.8007 0.0000
vt 0.5151 0.5566 0.0000
vt 0.4861 0.5525 0.0000
vt 0.4583 0.5757 0.0000
vt 0.4412 0.6113 0.0000
vt 0.5894 0.6179 0.0000
vt 0.4160 0.6138 0.0000
vt 0.4155 0.6501 0.0000
vt 0.4138 0.7642 0.0000
vt 0.4375 0.7657 0.0000
vt 0.4167 0.5728 0.0000
vt 0.4419 0.5718 0.0000
vt 0.4639 0.5320 0.0000
vt 0.4524 0.5188 0.0000
vt 0.4175 0.5200 0.0000
vt 0.4143 0.7229 0.0000
vt 0.4387 0.7239 0.0000
vt 0.4607 0.7263 0.0000
vt 0.4180 0.4614 0.0000
vt 0.4673 0.5112 0.0000
vt 0.4604 0.4634 0.0000
vt 0.4148 0.6865 0.0000
vt 0.4187 0.4087 0.0000
vt 0.4673 0.4087 0.0000
vt 0.4722 0.4653 0.0000
vt 0.4783 0.4087 0.0000
vt 0.5059 0.4087 0.0000
vt 0.4956 0.4702 0.0000
vt 0.5474 0.4087 0.0000
vt 0.5347 0.4795 0.0000
vt 0.5845 0.4087 0.0000
vt 0.5664 0.4888 0.0000
vt 0.6133 0.4087 0.0000
vt 0.4961 0.5298 0.0000
vt 0.5391 0.5369 0.0000
vt 0.5938 0.4980 0.0000
vt 0.5645 0.5264 0.0000
vt 0.4810 0.5166 0.0000
vt 0.6338 0.4087 0.0000
vt 0.6123 0.5061 0.0000
vt 0.5801 0.5283 0.0000
vt 0.5737 0.5583 0.0000
vt 0.5894 0.5522 0.0000
vt 0.6836 0.4087 0.0000
vt 0.6519 0.5264 0.0000
vt 0.6182 0.5762 0.0000
vt 0.3760 0.7831 0.0000
vt 0.4072 0.8048 0.0000
vt 0.3762 0.8114 0.0000
vt 0.4106 0.8005 0.0000
vt 0.3450 0.8052 0.0000
vt 0.4128 0.7831 0.0000
vt 0.3416 0.8009 0.0000
vt 0.4131 0.7584 0.0000
vt 0.3757 0.7476 0.0000
vt 0.3386 0.7589 0.0000
vt 0.3391 0.7836 0.0000
vt 0.4119 0.7373 0.0000
vt 0.3396 0.7378 0.0000
vt 0.3757 0.7212 0.0000
vt 0.4124 0.7209 0.0000
vt 0.3391 0.7214 0.0000
vt 0.4036 0.7136 0.0000
vt 0.3477 0.7139 0.0000
vt 0.3757 0.7119 0.0000
# 140 texture coords

o ShotgunReceiver_3
g ShotgunReceiver_3
usemtl Material_000982
s 1
f 1547/2148/1617 1548/2149/1618 1549/2150/1619 
f 1550/2151/1620 1548/2149/1618 1547/2148/1617 
f 1547/2148/1617 1551/2152/1621 1550/2151/1620 
f 1552/2153/1622 1550/2151/1620 1551/2152/1621 
f 1549/2150/1619 1553/2154/1623 1547/2148/1617 
f 1551/2152/1621 1547/2148/1617 1554/2155/1624 
f 1547/2148/1617 1553/2154/1623 1555/2156/1625 
f 1555/2156/1625 1554/2155/1624 1547/2148/1617 
f 1554/2155/1624 1556/2157/1626 1551/2152/1621 
f 1551/2152/1621 1557/2158/1627 1552/2153/1622 
f 1557/2158/1627 1551/2152/1621 1556/2157/1626 
f 1558/2159/1628 1552/2153/1622 1557/2158/1627 
f 1559/2160/1629 1553/2154/1623 1549/2150/1619 
f 1553/2154/1623 1559/2160/1629 1560/2161/1630 
f 1560/2161/1630 1555/2156/1625 1553/2154/1623 
f 1549/2150/1619 1561/2162/1631 1559/2160/1629 
f 1554/2155/1624 1555/2156/1625 1562/2163/1632 
f 1562/2163/1632 1563/2164/1633 1554/2155/1624 
f 1556/2157/1626 1554/2155/1624 1563/2164/1633 
f 1564/2165/1634 1562/2163/1632 1555/2156/1625 
f 1555/2156/1625 1560/2161/1630 1564/2165/1634 
f 1560/2161/1630 1559/2160/1629 1565/2166/1635 
f 1565/2166/1635 1559/2160/1629 1561/2162/1631 
f 1565/2166/1635 1566/2167/1636 1560/2161/1630 
f 1564/2165/1634 1560/2161/1630 1566/2167/1636 
f 1563/2164/1633 1567/2168/1637 1556/2157/1626 
f 1556/2157/1626 1568/2169/1638 1557/2158/1627 
f 1568/2169/1638 1556/2157/1626 1567/2168/1637 
f 1569/2170/1639 1557/2158/1627 1568/2169/1638 
f 1557/2158/1627 1569/2170/1639 1558/2159/1628 
f 1570/2171/1640 1558/2159/1628 1569/2170/1639 
f 1561/2162/1631 1571/2172/1641 1565/2166/1635 
f 1572/2173/1642 1565/2166/1635 1571/2172/1641 
f 1566/2167/1636 1565/2166/1635 1572/2173/1642 
f 1563/2164/1633 1562/2163/1632 1573/2174/1643 
f 1562/2163/1632 1564/2165/1634 1574/2175/1644 
f 1574/2175/1644 1573/2174/1643 1562/2163/1632 
f 1567/2168/1637 1563/2164/1633 1575/2176/1645 
f 1573/2174/1643 1575/2176/1645 1563/2164/1633 
f 1566/2167/1636 1576/2177/1646 1564/2165/1634 
f 1574/2175/1644 1564/2165/1634 1576/2177/1646 
f 1576/2177/1646 1566/2167/1636 1577/2178/1647 
f 1572/2173/1642 1577/2178/1647 1566/2167/1636 
f 1567/2168/1637 1578/2179/1648 1568/2169/1638 
f 1575/2176/1645 1579/2180/1649 1567/2168/1637 
f 1578/2179/1648 1567/2168/1637 1579/2180/1649 
f 1580/2181/1650 1568/2169/1638 1578/2179/1648 
f 1568/2169/1638 1580/2181/1650 1569/2170/1639 
f 1581/2182/1651 1569/2170/1639 1580/2181/1650 
f 1569/2170/1639 1581/2182/1651 1570/2171/1640 
f 1582/2183/1652 1570/2171/1640 1581/2182/1651 
f 1571/2172/1641 1583/2184/1653 1572/2173/1642 
f 1572/2173/1642 1583/2184/1653 1584/2185/1654 
f 1584/2185/1654 1585/2186/1655 1572/2173/1642 
f 1577/2178/1647 1572/2173/1642 1585/2186/1655 
f 1573/2174/1643 1574/2175/1644 1586/2187/1656 
f 1586/2187/1656 1574/2175/1644 1587/2188/1657 
f 1576/2177/1646 1587/2188/1657 1574/2175/1644 
f 1577/2178/1647 1588/2189/1658 1576/2177/1646 
f 1589/2190/1659 1576/2177/1646 1588/2189/1658 
f 1587/2188/1657 1576/2177/1646 1589/2190/1659 
f 1588/2189/1658 1577/2178/1647 1590/2191/1660 
f 1585/2186/1655 1590/2191/1660 1577/2178/1647 
f 1578/2179/1648 1591/2192/1661 1580/2181/1650 
f 1592/2193/1662 1580/2181/1650 1591/2192/1661 
f 1580/2181/1650 1592/2193/1662 1581/2182/1651 
f 1581/2182/1651 1593/2194/1663 1582/2183/1652 
f 1593/2194/1663 1581/2182/1651 1592/2193/1662 
f 1585/2186/1655 1584/2185/1654 1594/2195/1664 
f 1594/2195/1664 1590/2191/1660 1585/2186/1655 
f 1587/2188/1657 1595/2196/1665 1586/2187/1656 
f 1587/2188/1657 1589/2190/1659 1596/2197/1666 
f 1596/2197/1666 1595/2196/1665 1587/2188/1657 
f 1590/2191/1660 1597/2198/1667 1588/2189/1658 
f 1598/2199/1668 1588/2189/1658 1597/2198/1667 
f 1589/2190/1659 1588/2189/1658 1598/2199/1668 
f 1589/2190/1659 1599/2200/1669 1596/2197/1666 
f 1599/2200/1669 1589/2190/1659 1598/2199/1668 
f 1600/2201/1670 1597/2198/1667 1590/2191/1660 
f 1590/2191/1660 1594/2195/1664 1600/2201/1670 
f 1598/2199/1668 1597/2198/1667 1600/2201/1670 
f 1591/2192/1661 1601/2202/1671 1592/2193/1662 
f 1602/2203/1672 1592/2193/1662 1601/2202/1671 
f 1592/2193/1662 1602/2203/1672 1593/2194/1663 
f 1600/2201/1670 1603/2204/1673 1598/2199/1668 
f 1599/2200/1669 1598/2199/1668 1603/2204/1673 
f 1596/2197/1666 1599/2200/1669 1604/2205/1674 
f 1603/2204/1673 1604/2205/1674 1599/2200/1669 
f 1604/2205/1674 1605/2206/1675 1596/2197/1666 
f 1595/2196/1665 1596/2197/1666 1605/2206/1675 
f 1605/2206/1675 1606/2207/1676 1595/2196/1665 
f 1586/2187/1656 1595/2196/1665 1606/2207/1676 
f 1606/2207/1676 1607/2208/1677 1586/2187/1656 
f 1601/2202/1671 1608/2209/1678 1602/2203/1672 
f 1609/2210/1679 1602/2203/1672 1608/2209/1678 
f 1593/2194/1663 1602/2203/1672 1609/2210/1679 
f 1608/2209/1678 1601/2202/1671 1610/2211/1680 
f 1611/2212/1681 1610/2211/1680 1601/2202/1671 
f 1601/2202/1671 1591/2192/1661 1611/2212/1681 
f 1612/2213/1682 1586/2187/1656 1607/2208/1677 
f 1586/2187/1656 1612/2213/1682 1573/2174/1643 
f 1607/2208/1677 1613/2214/1683 1612/2213/1682 
f 1608/2209/1678 1614/2215/1684 1609/2210/1679 
f 1608/2209/1678 1615/2216/1685 1614/2215/1684 
f 1610/2211/1680 1616/2217/1686 1608/2209/1678 
f 1616/2217/1686 1615/2216/1685 1608/2209/1678 
f 1614/2215/1684 1617/2218/1687 1609/2210/1679 
f 1618/2219/1688 1609/2210/1679 1617/2218/1687 
f 1609/2210/1679 1618/2219/1688 1593/2194/1663 
f 1582/2183/1652 1593/2194/1663 1618/2219/1688 
f 1616/2217/1686 1610/2211/1680 1619/2220/1689 
f 1610/2211/1680 1611/2212/1681 1620/2221/1690 
f 1620/2221/1690 1619/2220/1689 1610/2211/1680 
f 1621/2222/1691 1612/2213/1682 1613/2214/1683 
f 1575/2176/1645 1573/2174/1643 1612/2213/1682 
f 1612/2213/1682 1621/2222/1691 1575/2176/1645 
f 1613/2214/1683 1622/2223/1692 1621/2222/1691 
f 1617/2218/1687 1614/2215/1684 1623/2224/1693 
f 1615/2216/1685 1624/2225/1694 1614/2215/1684 
f 1623/2224/1693 1614/2215/1684 1624/2225/1694 
f 1624/2225/1694 1615/2216/1685 1625/2226/1695 
f 1616/2217/1686 1625/2226/1695 1615/2216/1685 
f 1619/2220/1689 1626/2227/1696 1616/2217/1686 
f 1625/2226/1695 1616/2217/1686 1626/2227/1696 
f 1618/2219/1688 1627/2228/1697 1582/2183/1652 
f 1628/2229/1698 1626/2227/1696 1619/2220/1689 
f 1629/2230/1699 1619/2220/1689 1620/2221/1690 
f 1619/2220/1689 1629/2230/1699 1628/2229/1698 
f 1579/2180/1649 1575/2176/1645 1621/2222/1691 
f 1621/2222/1691 1622/2223/1692 1630/2231/1700 
f 1621/2222/1691 1631/2232/1701 1579/2180/1649 
f 1630/2231/1700 1631/2232/1701 1621/2222/1691 
f 1626/2227/1696 1628/2229/1698 1632/2233/1702 
f 1626/2227/1696 1633/2234/1703 1625/2226/1695 
f 1632/2233/1702 1633/2234/1703 1626/2227/1696 
f 1625/2226/1695 1634/2235/1704 1624/2225/1694 
f 1625/2226/1695 1635/2236/1705 1634/2235/1704 
f 1635/2236/1705 1625/2226/1695 1633/2234/1703 
f 1636/2237/1706 1635/2236/1705 1633/2234/1703 
f 1633/2234/1703 1632/2233/1702 1636/2237/1706 
f 1631/2232/1701 1630/2231/1700 1637/2238/1707 
f 1637/2238/1707 1638/2239/1708 1631/2232/1701 
f 1631/2232/1701 1638/2239/1708 1639/2240/1709 
f 1639/2240/1709 1579/2180/1649 1631/2232/1701 
f 1579/2180/1649 1639/2240/1709 1578/2179/1648 
f 1635/2236/1705 1636/2237/1706 1640/2241/1710 
f 1635/2236/1705 1641/2242/1711 1634/2235/1704 
f 1641/2242/1711 1635/2236/1705 1642/2243/1712 
f 1640/2241/1710 1642/2243/1712 1635/2236/1705 
f 1620/2221/1690 1638/2239/1708 1637/2238/1707 
f 1638/2239/1708 1620/2221/1690 1611/2212/1681 
f 1611/2212/1681 1639/2240/1709 1638/2239/1708 
f 1591/2192/1661 1578/2179/1648 1639/2240/1709 
f 1639/2240/1709 1611/2212/1681 1591/2192/1661 
f 1637/2238/1707 1643/2244/1713 1620/2221/1690 
f 1642/2243/1712 1640/2241/1710 1644/2245/1714 
f 1620/2221/1690 1643/2244/1713 1629/2230/1699 
f 1644/2245/1714 1645/2246/1715 1642/2243/1712 
f 1642/2243/1712 1646/2247/1716 1641/2242/1711 
f 1642/2243/1712 1645/2246/1715 1647/2248/1717 
f 1647/2248/1717 1646/2247/1716 1642/2243/1712 
f 1646/2247/1716 1647/2248/1717 1648/2249/1718 
f 1641/2242/1711 1646/2247/1716 1649/2250/1719 
f 1648/2249/1718 1649/2250/1719 1646/2247/1716 
f 1649/2250/1719 1648/2249/1718 1650/2251/1720 
f 1650/2251/1720 1651/2252/1678 1649/2250/1719 
f 1651/2252/1678 1650/2251/1720 1652/2253/1721 
f 1652/2253/1721 1653/2254/1722 1651/2252/1678 
f 1653/2254/1722 1652/2253/1721 1654/2255/1723 
f 1655/2256/1724 1649/2250/1719 1651/2252/1678 
f 1651/2252/1678 1623/2224/1693 1655/2256/1724 
f 1651/2252/1678 1653/2254/1722 1656/2257/1725 
f 1656/2257/1725 1623/2224/1693 1651/2252/1678 
f 1654/2255/1723 1657/2258/1726 1653/2254/1722 
f 1658/2259/1727 1653/2254/1722 1657/2258/1726 
f 1653/2254/1722 1658/2259/1727 1656/2257/1725 
f 1617/2218/1687 1656/2257/1725 1658/2259/1727 
f 1623/2224/1693 1656/2257/1725 1617/2218/1687 
f 1655/2256/1724 1659/2260/1728 1649/2250/1719 
f 1649/2250/1719 1659/2260/1728 1641/2242/1711 
f 1624/2225/1694 1659/2260/1728 1655/2256/1724 
f 1624/2225/1694 1655/2256/1724 1623/2224/1693 
f 1657/2258/1726 1654/2255/1723 1660/2261/1729 
f 1659/2260/1728 1624/2225/1694 1634/2235/1704 
f 1634/2235/1704 1641/2242/1711 1659/2260/1728 
f 1660/2261/1729 1661/2262/1730 1657/2258/1726 
f 1662/2263/1731 1657/2258/1726 1661/2262/1730 
f 1657/2258/1726 1662/2263/1731 1658/2259/1727 
f 1663/2264/1732 1617/2218/1687 1658/2259/1727 
f 1658/2259/1727 1662/2263/1731 1663/2264/1732 
f 1617/2218/1687 1663/2264/1732 1618/2219/1688 
f 1661/2262/1730 1664/2265/1733 1662/2263/1731 
f 1662/2263/1731 1664/2265/1733 1663/2264/1732 
f 1663/2264/1732 1664/2265/1733 1618/2219/1688 
f 1661/2262/1730 1660/2261/1729 1665/2266/1734 
f 1665/2266/1734 1666/2267/1735 1661/2262/1730 
f 1664/2265/1733 1661/2262/1730 1666/2267/1735 
f 1666/2267/1735 1667/2268/1735 1664/2265/1733 
f 1618/2219/1688 1664/2265/1733 1667/2268/1735 
f 1667/2268/1735 1627/2228/1697 1618/2219/1688 
f 1668/2243/1736 1669/2246/1737 1644/2245/1714 
f 1670/2248/1738 1669/2246/1737 1668/2243/1736 
f 1644/2245/1714 1640/2241/1710 1668/2243/1736 
f 1668/2243/1736 1671/2247/1739 1670/2248/1738 
f 1672/2236/1740 1668/2243/1736 1640/2241/1710 
f 1673/2242/1741 1671/2247/1739 1668/2243/1736 
f 1668/2243/1736 1672/2236/1740 1673/2242/1741 
f 1674/2249/1742 1670/2248/1738 1671/2247/1739 
f 1671/2247/1739 1675/2250/1743 1674/2249/1742 
f 1675/2250/1743 1671/2247/1739 1673/2242/1741 
f 1640/2241/1710 1636/2237/1706 1672/2236/1740 
f 1673/2242/1741 1676/2260/1744 1675/2250/1743 
f 1672/2236/1740 1677/2235/1745 1673/2242/1741 
f 1676/2260/1744 1673/2242/1741 1677/2235/1745 
f 1678/2226/1746 1677/2235/1745 1672/2236/1740 
f 1672/2236/1740 1679/2234/1747 1678/2226/1746 
f 1636/2237/1706 1679/2234/1747 1672/2236/1740 
f 1677/2235/1745 1680/2225/1748 1676/2260/1744 
f 1680/2225/1748 1677/2235/1745 1678/2226/1746 
f 1681/2256/1749 1675/2250/1743 1676/2260/1744 
f 1680/2225/1748 1681/2256/1749 1676/2260/1744 
f 1682/2251/1750 1674/2249/1742 1675/2250/1743 
f 1675/2250/1743 1683/2252/1751 1682/2251/1750 
f 1683/2252/1751 1675/2250/1743 1681/2256/1749 
f 1679/2234/1747 1636/2237/1706 1632/2233/1702 
f 1684/2227/1752 1679/2234/1747 1632/2233/1702 
f 1678/2226/1746 1679/2234/1747 1684/2227/1752 
f 1681/2256/1749 1685/2224/1753 1683/2252/1751 
f 1685/2224/1753 1681/2256/1749 1680/2225/1748 
f 1678/2226/1746 1686/2216/1754 1680/2225/1748 
f 1684/2227/1752 1687/2217/1755 1678/2226/1746 
f 1687/2217/1755 1686/2216/1754 1678/2226/1746 
f 1680/2225/1748 1688/2215/1756 1685/2224/1753 
f 1686/2216/1754 1688/2215/1756 1680/2225/1748 
f 1689/2209/1751 1688/2215/1756 1686/2216/1754 
f 1687/2217/1755 1689/2209/1751 1686/2216/1754 
f 1690/2253/1757 1682/2251/1750 1683/2252/1751 
f 1683/2252/1751 1691/2254/1758 1690/2253/1757 
f 1692/2257/1759 1691/2254/1758 1683/2252/1751 
f 1683/2252/1751 1685/2224/1753 1692/2257/1759 
f 1685/2224/1753 1688/2215/1756 1693/2218/1760 
f 1693/2218/1760 1692/2257/1759 1685/2224/1753 
f 1688/2215/1756 1694/2210/1761 1693/2218/1760 
f 1689/2209/1751 1694/2210/1761 1688/2215/1756 
f 1632/2233/1702 1628/2229/1698 1684/2227/1752 
f 1695/2220/1762 1684/2227/1752 1628/2229/1698 
f 1687/2217/1755 1684/2227/1752 1695/2220/1762 
f 1689/2209/1751 1687/2217/1755 1696/2211/1763 
f 1695/2220/1762 1696/2211/1763 1687/2217/1755 
f 1691/2254/1758 1692/2257/1759 1697/2259/1764 
f 1693/2218/1760 1697/2259/1764 1692/2257/1759 
f 1694/2210/1761 1689/2209/1751 1698/2203/1765 
f 1696/2211/1763 1699/2202/1766 1689/2209/1751 
f 1698/2203/1765 1689/2209/1751 1699/2202/1766 
f 1700/2255/1767 1690/2253/1757 1691/2254/1758 
f 1691/2254/1758 1701/2258/1768 1700/2255/1767 
f 1701/2258/1768 1691/2254/1758 1697/2259/1764 
f 1697/2259/1764 1693/2218/1760 1702/2264/1769 
f 1703/2219/1770 1702/2264/1769 1693/2218/1760 
f 1693/2218/1760 1694/2210/1761 1703/2219/1770 
f 1704/2194/1771 1703/2219/1770 1694/2210/1761 
f 1694/2210/1761 1698/2203/1765 1704/2194/1771 
f 1697/2259/1764 1705/2263/1772 1701/2258/1768 
f 1702/2264/1769 1705/2263/1772 1697/2259/1764 
f 1704/2194/1771 1698/2203/1765 1706/2193/1773 
f 1699/2202/1766 1706/2193/1773 1698/2203/1765 
f 1628/2229/1698 1629/2230/1699 1695/2220/1762 
f 1707/2221/1774 1695/2220/1762 1629/2230/1699 
f 1696/2211/1763 1695/2220/1762 1707/2221/1774 
f 1699/2202/1766 1696/2211/1763 1708/2212/1775 
f 1707/2221/1774 1708/2212/1775 1696/2211/1763 
f 1706/2193/1773 1699/2202/1766 1709/2192/1776 
f 1708/2212/1775 1709/2192/1776 1699/2202/1766 
f 1705/2263/1772 1702/2264/1769 1710/2265/1777 
f 1702/2264/1769 1703/2219/1770 1710/2265/1777 
f 1705/2263/1772 1710/2265/1777 1711/2262/1778 
f 1711/2262/1778 1701/2258/1768 1705/2263/1772 
f 1712/2261/1779 1700/2255/1767 1701/2258/1768 
f 1701/2258/1768 1711/2262/1778 1712/2261/1779 
f 1706/2193/1773 1713/2182/1780 1704/2194/1771 
f 1582/2183/1652 1704/2194/1771 1713/2182/1780 
f 1703/2219/1770 1704/2194/1771 1582/2183/1652 
f 1709/2192/1776 1714/2181/1781 1706/2193/1773 
f 1713/2182/1780 1706/2193/1773 1714/2181/1781 
f 1629/2230/1699 1643/2244/1713 1707/2221/1774 
f 1707/2221/1774 1643/2244/1713 1637/2238/1707 
f 1637/2238/1707 1715/2239/1782 1707/2221/1774 
f 1708/2212/1775 1707/2221/1774 1715/2239/1782 
f 1709/2192/1776 1708/2212/1775 1716/2240/1783 
f 1715/2239/1782 1716/2240/1783 1708/2212/1775 
f 1714/2181/1781 1709/2192/1776 1717/2179/1784 
f 1716/2240/1783 1717/2179/1784 1709/2192/1776 
f 1665/2266/1734 1712/2261/1779 1711/2262/1778 
f 1666/2267/1735 1711/2262/1778 1710/2265/1777 
f 1711/2262/1778 1666/2267/1735 1665/2266/1734 
f 1713/2182/1780 1570/2171/1640 1582/2183/1652 
f 1570/2171/1640 1713/2182/1780 1718/2170/1785 
f 1714/2181/1781 1718/2170/1785 1713/2182/1780 
f 1717/2179/1784 1719/2169/1786 1714/2181/1781 
f 1718/2170/1785 1714/2181/1781 1719/2169/1786 
f 1720/2232/1787 1715/2239/1782 1637/2238/1707 
f 1716/2240/1783 1715/2239/1782 1720/2232/1787 
f 1717/2179/1784 1716/2240/1783 1721/2180/1788 
f 1720/2232/1787 1721/2180/1788 1716/2240/1783 
f 1719/2169/1786 1717/2179/1784 1722/2168/1789 
f 1721/2180/1788 1722/2168/1789 1717/2179/1784 
f 1637/2238/1707 1630/2231/1700 1720/2232/1787 
f 1723/2222/1790 1720/2232/1787 1630/2231/1700 
f 1721/2180/1788 1720/2232/1787 1723/2222/1790 
f 1722/2168/1789 1721/2180/1788 1724/2176/1791 
f 1723/2222/1790 1724/2176/1791 1721/2180/1788 
f 1718/2170/1785 1558/2159/1628 1570/2171/1640 
f 1719/2169/1786 1725/2158/1792 1718/2170/1785 
f 1558/2159/1628 1718/2170/1785 1725/2158/1792 
f 1722/2168/1789 1726/2157/1793 1719/2169/1786 
f 1725/2158/1792 1719/2169/1786 1726/2157/1793 
f 1726/2157/1793 1722/2168/1789 1727/2164/1794 
f 1724/2176/1791 1727/2164/1794 1722/2168/1789 
f 1630/2231/1700 1622/2223/1692 1723/2222/1790 
f 1723/2222/1790 1622/2223/1692 1613/2214/1683 
f 1724/2176/1791 1723/2222/1790 1728/2213/1795 
f 1613/2214/1683 1728/2213/1795 1723/2222/1790 
f 1727/2164/1794 1724/2176/1791 1729/2174/1796 
f 1728/2213/1795 1729/2174/1796 1724/2176/1791 
f 1725/2158/1792 1552/2153/1622 1558/2159/1628 
f 1726/2157/1793 1730/2152/1797 1725/2158/1792 
f 1552/2153/1622 1725/2158/1792 1730/2152/1797 
f 1727/2164/1794 1731/2155/1798 1726/2157/1793 
f 1730/2152/1797 1726/2157/1793 1731/2155/1798 
f 1731/2155/1798 1727/2164/1794 1732/2163/1799 
f 1729/2174/1796 1732/2163/1799 1727/2164/1794 
f 1728/2213/1795 1613/2214/1683 1607/2208/1677 
f 1607/2208/1677 1733/2187/1800 1728/2213/1795 
f 1729/2174/1796 1728/2213/1795 1733/2187/1800 
f 1732/2163/1799 1729/2174/1796 1734/2175/1801 
f 1733/2187/1800 1734/2175/1801 1729/2174/1796 
f 1730/2152/1797 1550/2151/1620 1552/2153/1622 
f 1731/2155/1798 1735/2148/1802 1730/2152/1797 
f 1550/2151/1620 1730/2152/1797 1735/2148/1802 
f 1735/2148/1802 1731/2155/1798 1736/2156/1803 
f 1732/2163/1799 1736/2156/1803 1731/2155/1798 
f 1736/2156/1803 1732/2163/1799 1737/2165/1804 
f 1734/2175/1801 1737/2165/1804 1732/2163/1799 
f 1733/2187/1800 1607/2208/1677 1606/2207/1676 
f 1606/2207/1676 1738/2196/1805 1733/2187/1800 
f 1733/2187/1800 1738/2196/1805 1739/2188/1806 
f 1739/2188/1806 1734/2175/1801 1733/2187/1800 
f 1740/2177/1807 1737/2165/1804 1734/2175/1801 
f 1734/2175/1801 1739/2188/1806 1740/2177/1807 
f 1735/2148/1802 1548/2149/1618 1550/2151/1620 
f 1549/2150/1619 1548/2149/1618 1735/2148/1802 
f 1736/2156/1803 1741/2154/1808 1735/2148/1802 
f 1735/2148/1802 1741/2154/1808 1549/2150/1619 
f 1741/2154/1808 1736/2156/1803 1742/2161/1809 
f 1737/2165/1804 1742/2161/1809 1736/2156/1803 
f 1743/2167/1810 1742/2161/1809 1737/2165/1804 
f 1737/2165/1804 1740/2177/1807 1743/2167/1810 
f 1738/2196/1805 1606/2207/1676 1605/2206/1675 
f 1739/2188/1806 1738/2196/1805 1744/2197/1811 
f 1605/2206/1675 1744/2197/1811 1738/2196/1805 
f 1739/2188/1806 1745/2190/1812 1740/2177/1807 
f 1744/2197/1811 1745/2190/1812 1739/2188/1806 
f 1549/2150/1619 1741/2154/1808 1746/2160/1813 
f 1742/2161/1809 1746/2160/1813 1741/2154/1808 
f 1747/2166/1814 1746/2160/1813 1742/2161/1809 
f 1742/2161/1809 1743/2167/1810 1747/2166/1814 
f 1748/2178/1815 1743/2167/1810 1740/2177/1807 
f 1740/2177/1807 1749/2189/1816 1748/2178/1815 
f 1745/2190/1812 1749/2189/1816 1740/2177/1807 
f 1743/2167/1810 1748/2178/1815 1750/2173/1817 
f 1750/2173/1817 1747/2166/1814 1743/2167/1810 
f 1746/2160/1813 1561/2162/1631 1549/2150/1619 
f 1561/2162/1631 1746/2160/1813 1747/2166/1814 
f 1747/2166/1814 1571/2172/1641 1561/2162/1631 
f 1571/2172/1641 1747/2166/1814 1750/2173/1817 
f 1744/2197/1811 1605/2206/1675 1604/2205/1674 
f 1745/2190/1812 1744/2197/1811 1751/2200/1818 
f 1604/2205/1674 1751/2200/1818 1744/2197/1811 
f 1745/2190/1812 1752/2199/1819 1749/2189/1816 
f 1751/2200/1818 1752/2199/1819 1745/2190/1812 
f 1753/2191/1820 1748/2178/1815 1749/2189/1816 
f 1754/2186/1821 1750/2173/1817 1748/2178/1815 
f 1748/2178/1815 1753/2191/1820 1754/2186/1821 
f 1749/2189/1816 1755/2198/1822 1753/2191/1820 
f 1752/2199/1819 1755/2198/1822 1749/2189/1816 
f 1603/2204/1673 1752/2199/1819 1751/2200/1818 
f 1751/2200/1818 1604/2205/1674 1603/2204/1673 
f 1750/2173/1817 1583/2184/1653 1571/2172/1641 
f 1584/2185/1654 1583/2184/1653 1750/2173/1817 
f 1750/2173/1817 1754/2186/1821 1584/2185/1654 
f 1600/2201/1670 1755/2198/1822 1752/2199/1819 
f 1752/2199/1819 1603/2204/1673 1600/2201/1670 
f 1753/2191/1820 1755/2198/1822 1600/2201/1670 
f 1754/2186/1821 1753/2191/1820 1594/2195/1664 
f 1600/2201/1670 1594/2195/1664 1753/2191/1820 
f 1594/2195/1664 1584/2185/1654 1754/2186/1821 
f 1582/2183/1652 1627/2228/1697 1703/2219/1770 
f 1703/2219/1770 1627/2228/1697 1667/2268/1735 
f 1667/2268/1735 1710/2265/1777 1703/2219/1770 
f 1710/2265/1777 1667/2268/1735 1666/2267/1735 
f 1756/2269/1823 1645/2270/1824 1644/2271/1823 
f 1756/2269/1823 1647/2272/1824 1645/2270/1824 
f 1756/2269/1823 1644/2271/1823 1669/2273/1825 
f 1756/2269/1823 1648/2274/1826 1647/2272/1824 
f 1756/2269/1823 1669/2273/1825 1670/2275/1825 
f 1650/2276/1827 1648/2274/1826 1756/2269/1823 
f 1756/2269/1823 1757/2277/1823 1650/2276/1827 
f 1682/2278/1828 1757/2277/1823 1756/2269/1823 
f 1756/2269/1823 1670/2275/1825 1674/2279/1829 
f 1756/2269/1823 1674/2279/1829 1682/2278/1828 
f 1652/2280/1830 1650/2276/1827 1757/2277/1823 
f 1757/2277/1823 1682/2278/1828 1690/2281/1830 
f 1652/2280/1830 1757/2277/1823 1758/2282/1823 
f 1758/2282/1823 1757/2277/1823 1690/2281/1830 
f 1758/2282/1823 1654/2283/1828 1652/2280/1830 
f 1690/2281/1830 1700/2284/1827 1758/2282/1823 
f 1660/2285/1831 1654/2283/1828 1758/2282/1823 
f 1758/2282/1823 1700/2284/1827 1712/2286/1832 
f 1712/2286/1832 1665/2287/1823 1758/2282/1823 
f 1758/2282/1823 1665/2287/1823 1660/2285/1831 
# 0 polygons - 420 triangles

#
# object ShotgunReceiver_4
#

v  -0.5649 5.3592 -12.7646
v  -0.6880 5.8006 -12.7646
v  -0.6880 5.8006 -14.9209
v  -0.5649 5.3592 -14.9209
v  -0.6001 5.5896 -15.2959
v  -0.6904 4.9099 -12.7646
v  -0.6904 4.9099 -14.9365
v  -0.5962 5.1228 -15.2959
v  -1.0117 4.5838 -12.7646
v  -1.0117 4.5838 -14.9209
v  -0.8379 4.7322 -15.2802
v  -1.4648 4.4568 -12.7646
v  -1.4648 4.4568 -14.9209
v  -1.2295 4.4822 -15.2802
v  -1.4648 6.2576 -12.7646
v  -1.0234 6.1443 -12.7646
v  -1.0410 6.3865 -12.7646
v  -1.4658 6.4685 -12.7646
v  -1.8916 6.3865 -12.7646
v  -1.9053 6.1365 -12.7646
v  -1.9141 4.5760 -12.7646
v  -1.8916 4.3318 -12.7646
v  -1.4658 4.2478 -12.7646
v  -1.0410 4.3318 -12.7646
v  -2.3652 5.3592 -12.7646
v  -2.2383 5.8201 -12.7646
v  -2.4922 5.7849 -12.7646
v  -2.5781 5.3592 -12.7646
v  -2.4922 4.9334 -12.7646
v  -2.2402 4.9002 -12.7646
v  -0.4397 4.9334 -12.7646
v  -0.3552 5.3592 -12.7646
v  -0.4397 5.7849 -12.7646
v  -2.2520 4.5720 -12.7646
v  -0.6807 4.5720 -12.7646
v  -0.6807 6.1443 -12.7646
v  -2.2520 6.1443 -12.7646
v  1.8906 4.3318 -12.7646
v  1.4658 4.2478 -12.7646
v  1.4658 4.2478 -12.9052
v  1.8906 4.3318 -12.9052
v  2.2520 4.5720 -12.7646
v  1.4658 4.1502 -12.9834
v  2.2520 4.5720 -12.9052
v  1.9277 4.2420 -12.9834
v  2.4922 4.9334 -12.7646
v  1.4658 4.1502 -13.2334
v  2.4922 4.9334 -12.9052
v  2.3203 4.5037 -12.9834
v  1.9277 4.2420 -13.2334
v  2.5762 5.3592 -12.7646
v  1.4658 4.2322 -13.2802
v  2.5762 5.3592 -12.9052
v  2.5820 4.8963 -12.9834
v  2.3203 4.5037 -13.2334
v  1.8965 4.3181 -13.2802
v  2.4922 5.7849 -12.7646
v  1.4658 4.2322 -13.4990
v  2.4922 5.7849 -12.9052
v  2.6738 5.3592 -12.9834
v  2.5820 4.8963 -13.2334
v  2.2617 4.5623 -13.2802
v  1.8965 4.3181 -13.4990
v  2.2520 6.1443 -12.7646
v  1.4658 4.0935 -13.4990
v  2.2520 6.1443 -12.9052
v  2.5820 5.8201 -12.9834
v  2.6738 5.3592 -13.2334
v  2.5059 4.9275 -13.2802
v  2.2617 4.5623 -13.4990
v  1.9502 4.1892 -13.4990
v  1.8906 6.3865 -12.7646
v  1.4658 4.0935 -14.9209
v  1.8906 6.3865 -12.9052
v  2.3203 6.2146 -12.9834
v  2.5820 5.8201 -13.2334
v  2.5918 5.3592 -13.2802
v  2.5059 4.9275 -13.4990
v  2.3613 4.4646 -13.4990
v  2.1016 4.2693 -14.9209
v  1.4658 6.4685 -12.7646
v  1.7969 4.1287 -15.2802
v  1.4658 6.4685 -12.9052
v  1.9277 6.4763 -12.9834
v  2.3203 6.2146 -13.2334
v  2.5059 5.7888 -13.2802
v  2.5918 5.3592 -13.4990
v  2.6348 4.8748 -13.4990
v  2.5547 4.7283 -14.9365
v  2.3477 4.4802 -15.2802
v  1.0400 6.3865 -12.7646
v  1.0400 6.3865 -12.9052
v  1.4658 6.5662 -12.9834
v  1.9277 6.4763 -13.2334
v  2.2617 6.1560 -13.2802
v  2.5059 5.7888 -13.4990
v  2.7305 5.3592 -13.4990
v  2.7305 5.3592 -14.9209
v  2.6855 5.0291 -15.2959
v  0.6802 6.1443 -12.7646
v  0.6802 6.1443 -12.9052
v  1.0029 6.4763 -12.9834
v  1.4658 6.5662 -13.2334
v  1.8965 6.3982 -13.2802
v  2.2617 6.1560 -13.4990
v  2.6348 5.8435 -13.4990
v  0.4392 5.7849 -12.7646
v  0.4392 5.7849 -12.9052
v  0.6113 6.2146 -12.9834
v  1.0029 6.4763 -13.2334
v  1.4658 6.4842 -13.2802
v  1.8965 6.3982 -13.4990
v  2.3613 6.2537 -13.4990
v  0.3545 5.3592 -12.7646
v  0.3545 5.3592 -12.9052
v  0.3491 5.8201 -12.9834
v  0.6113 6.2146 -13.2334
v  1.0352 6.3982 -13.2802
v  1.4658 6.4842 -13.4990
v  1.9502 6.5271 -13.4990
v  0.4392 4.9334 -12.7646
v  0.4392 4.9334 -12.9052
v  0.2571 5.3592 -12.9834
v  0.3491 5.8201 -13.2334
v  0.6694 6.1560 -13.2802
v  1.0352 6.3982 -13.4990
v  1.4658 6.6248 -13.4990
v  0.6802 4.5720 -12.7646
v  0.6802 4.5720 -12.9052
v  0.3491 4.8963 -12.9834
v  0.2571 5.3592 -13.2334
v  0.4253 5.7888 -13.2802
v  0.6694 6.1560 -13.4990
v  0.9814 6.5271 -13.4990
v  1.0400 4.3318 -12.7646
v  1.0400 4.3318 -12.9052
v  0.6113 4.5037 -12.9834
v  0.3491 4.8963 -13.2334
v  0.3396 5.3592 -13.2802
v  0.4253 5.7888 -13.4990
v  0.5708 6.2537 -13.4990
v  1.0029 4.2420 -12.9834
v  0.6113 4.5037 -13.2334
v  0.4253 4.9275 -13.2802
v  0.3396 5.3592 -13.4990
v  0.2966 5.8435 -13.4990
v  1.0029 4.2420 -13.2334
v  0.6694 4.5623 -13.2802
v  0.4253 4.9275 -13.4990
v  0.2003 5.3592 -13.4990
v  0.2012 5.3592 -14.9209
v  0.3799 6.0076 -14.9365
v  0.2966 4.8748 -13.4990
v  0.6694 4.5623 -13.4990
v  1.0352 4.3181 -13.2802
v  0.5708 4.4646 -13.4990
v  0.3752 4.7166 -14.9209
v  1.0352 4.3181 -13.4990
v  0.2925 5.6599 -15.2802
v  0.2457 5.0271 -15.2802
v  0.9814 4.1892 -13.4990
v  0.8345 4.2595 -14.9209
v  0.6006 4.4666 -15.2802
v  -1.4658 4.2478 -12.9052
v  -1.0410 4.3318 -12.9052
v  -1.4658 4.1502 -12.9834
v  -0.6807 4.5720 -12.9052
v  -1.0039 4.2420 -12.9834
v  -1.4658 4.1502 -13.2334
v  -0.4397 4.9334 -12.9052
v  -0.6118 4.5037 -12.9834
v  -1.0039 4.2420 -13.2334
v  -1.4658 4.2322 -13.2802
v  -0.3552 5.3592 -12.9052
v  -0.3499 4.8963 -12.9834
v  -0.6118 4.5037 -13.2334
v  -1.0352 4.3181 -13.2802
v  -1.4658 4.2322 -13.4990
v  -0.4397 5.7849 -12.9052
v  -0.2578 5.3592 -12.9834
v  -0.3499 4.8963 -13.2334
v  -0.6699 4.5623 -13.2802
v  -1.0352 4.3181 -13.4990
v  -1.4658 4.0935 -13.4990
v  -0.6807 6.1443 -12.9052
v  -0.3499 5.8201 -12.9834
v  -0.2578 5.3592 -13.2334
v  -0.4258 4.9275 -13.2802
v  -0.6699 4.5623 -13.4990
v  -0.9819 4.1892 -13.4990
v  -1.4658 4.0935 -14.9209
v  -1.0410 6.3865 -12.9052
v  -0.6118 6.2146 -12.9834
v  -0.3499 5.8201 -13.2334
v  -0.3401 5.3592 -13.2802
v  -0.4258 4.9275 -13.4990
v  -0.5713 4.4646 -13.4990
v  -0.8296 4.2693 -14.9209
v  -1.1348 4.1287 -15.2802
v  -1.4658 6.4685 -12.9052
v  -1.0039 6.4763 -12.9834
v  -0.6118 6.2146 -13.2334
v  -0.4258 5.7888 -13.2802
v  -0.3401 5.3592 -13.4990
v  -0.2971 4.8748 -13.4990
v  -0.3777 4.7283 -14.9365
v  -0.5850 4.4802 -15.2802
v  -1.8916 6.3865 -12.9052
v  -1.4658 6.5662 -12.9834
v  -1.0039 6.4763 -13.2334
v  -0.6699 6.1560 -13.2802
v  -0.4258 5.7888 -13.4990
v  -0.2009 5.3592 -13.4990
v  -0.2018 5.3592 -14.9209
v  -0.2456 5.0291 -15.2959
v  -2.2520 6.1443 -12.9052
v  -1.9287 6.4763 -12.9834
v  -1.4658 6.5662 -13.2334
v  -1.0352 6.3982 -13.2802
v  -0.6699 6.1560 -13.4990
v  -0.2971 5.8435 -13.4990
v  -2.4922 5.7849 -12.9052
v  -2.3203 6.2146 -12.9834
v  -1.9287 6.4763 -13.2334
v  -1.4658 6.4842 -13.2802
v  -1.0352 6.3982 -13.4990
v  -0.5713 6.2537 -13.4990
v  -2.5781 5.3592 -12.9052
v  -2.5820 5.8201 -12.9834
v  -2.3203 6.2146 -13.2334
v  -1.8975 6.3982 -13.2802
v  -1.4658 6.4842 -13.4990
v  -0.9819 6.5271 -13.4990
v  -2.4922 4.9334 -12.9052
v  -2.6738 5.3592 -12.9834
v  -2.5820 5.8201 -13.2334
v  -2.2617 6.1560 -13.2802
v  -1.8975 6.3982 -13.4990
v  -1.4658 6.6248 -13.4990
v  -2.2520 4.5720 -12.9052
v  -2.5820 4.8963 -12.9834
v  -2.6738 5.3592 -13.2334
v  -2.5059 5.7888 -13.2802
v  -2.2617 6.1560 -13.4990
v  -1.9502 6.5271 -13.4990
v  -1.8916 4.3318 -12.9052
v  -2.3203 4.5037 -12.9834
v  -2.5820 4.8963 -13.2334
v  -2.5918 5.3592 -13.2802
v  -2.5059 5.7888 -13.4990
v  -2.3613 6.2537 -13.4990
v  -1.9287 4.2420 -12.9834
v  -2.3203 4.5037 -13.2334
v  -2.5059 4.9275 -13.2802
v  -2.5918 5.3592 -13.4990
v  -2.6348 5.8435 -13.4990
v  -1.9287 4.2420 -13.2334
v  -2.2617 4.5623 -13.2802
v  -2.5059 4.9275 -13.4990
v  -2.7324 5.3592 -13.4990
v  -2.7305 5.3592 -14.9209
v  -2.5527 6.0076 -14.9365
v  -2.6348 4.8748 -13.4990
v  -2.2617 4.5623 -13.4990
v  -1.8975 4.3181 -13.2802
v  -2.3613 4.4646 -13.4990
v  -2.5566 4.7166 -14.9209
v  -1.8975 4.3181 -13.4990
v  -2.6387 5.6599 -15.2802
v  -2.6855 5.0271 -15.2802
v  -1.9502 4.1892 -13.4990
v  -2.0977 4.2595 -14.9209
v  -2.3320 4.4666 -15.2802
v  -1.7754 4.1385 -15.2802
v  -0.3745 5.9842 -14.9209
v  -0.5718 6.2459 -15.2802
v  -0.8462 6.4646 -14.9209
v  -0.2510 5.6834 -15.2959
v  -1.4658 6.6248 -14.9209
v  -1.1357 6.5506 -15.2802
v  -2.0859 6.4529 -14.9365
v  -1.7842 6.5701 -15.2802
v  -2.3574 6.2381 -15.2802
v  -2.3340 5.5818 -15.2802
v  -2.2383 5.8201 -14.9365
v  -2.3652 5.3592 -14.9209
v  -1.9053 6.1365 -14.9365
v  -2.0996 5.9842 -15.2802
v  -2.2402 4.9002 -14.9209
v  -2.3340 5.1228 -15.2802
v  -1.4648 6.2576 -14.9209
v  -1.6914 6.2185 -15.2802
v  -1.9141 4.5760 -14.9209
v  -2.0898 4.7146 -15.2802
v  -1.0234 6.1443 -14.9209
v  -1.2266 6.2185 -15.2802
v  -1.6846 4.4881 -15.2802
v  -0.8286 5.9881 -15.2802
v  1.1563 4.1385 -15.2802
v  2.5566 5.9842 -14.9209
v  2.3594 6.2459 -15.2802
v  2.0859 6.4646 -14.9209
v  2.6816 5.6834 -15.2959
v  1.4658 6.6248 -14.9209
v  1.7959 6.5506 -15.2802
v  0.8467 6.4529 -14.9365
v  1.1475 6.5701 -15.2802
v  0.5742 6.2381 -15.2802
v  0.5981 5.5818 -15.2802
v  0.6943 5.8201 -14.9365
v  0.5669 5.3592 -14.9209
v  0.6943 5.8201 -12.7646
v  1.0264 6.1365 -12.7646
v  1.0264 6.1365 -14.9365
v  0.8325 5.9842 -15.2802
v  0.5669 5.3592 -12.7646
v  1.4668 6.2576 -12.7646
v  0.6909 4.9002 -14.9209
v  0.5986 5.1228 -15.2802
v  0.6909 4.9002 -12.7646
v  1.4668 6.2576 -14.9209
v  1.2402 6.2185 -15.2802
v  1.9082 6.1443 -12.7646
v  1.0176 4.5760 -14.9209
v  0.8433 4.7146 -15.2802
v  1.0176 4.5760 -12.7646
v  1.9082 6.1443 -14.9209
v  1.7051 6.2185 -15.2802
v  2.2441 5.8006 -12.7646
v  1.4668 4.4568 -14.9209
v  1.2471 4.4881 -15.2802
v  1.4668 4.4568 -12.7646
v  2.2441 5.8006 -14.9209
v  2.1035 5.9881 -15.2802
v  2.3672 5.3592 -12.7646
v  2.3672 5.3592 -14.9209
v  2.3320 5.5896 -15.2959
v  2.2422 4.9099 -12.7646
v  2.2422 4.9099 -14.9365
v  2.3359 5.1228 -15.2959
v  1.9199 4.5838 -12.7646
v  1.9199 4.5838 -14.9209
v  2.0938 4.7322 -15.2802
v  1.7021 4.4822 -15.2802
# 344 vertices

vn -1.0000 -0.0039 -0.0039
vn -0.8667 -0.0039 -0.5059
vn -0.8667 0.0275 -0.5059
vn -1.0000 0.0275 -0.0039
vn -0.9686 0.0745 -0.2706
vn -0.8667 -0.0039 0.4980
vn -0.8667 0.0275 0.4980
vn -0.9608 0.0824 0.2627
vn -0.5137 -0.0039 0.8588
vn -0.5137 0.0275 0.8588
vn -0.7176 0.0510 0.6941
vn -0.0118 -0.0039 0.9922
vn -0.0118 0.0353 0.9922
vn -0.2706 0.1059 0.9529
vn -0.0039 -1.0000 -0.0039
vn 0.3804 -0.0039 -0.9294
vn -0.0039 -0.0039 -1.0000
vn -0.0039 -0.4353 -0.9059
vn 0.3412 -0.4353 -0.8353
vn 0.7020 -0.0039 -0.7098
vn -0.0039 -0.3961 -0.9216
vn 0.6314 -0.4353 -0.6392
vn 0.3490 -0.3961 -0.8510
vn 0.9216 -0.0039 -0.3882
vn -0.0039 0.4588 -0.8902
vn 0.8275 -0.4353 -0.3490
vn 0.6471 -0.3961 -0.6549
vn 0.3333 0.4588 -0.8275
vn 1.0000 -0.0039 -0.0039
vn -0.0039 0.5059 -0.8588
vn 0.8980 -0.4353 -0.0039
vn 0.8431 -0.3961 -0.3569
vn 0.6235 0.4588 -0.6314
vn 0.3255 0.5059 -0.7961
vn 0.9216 -0.0039 0.3804
vn -0.0039 -0.7569 -0.6627
vn 0.8275 -0.4353 0.3412
vn 0.9137 -0.3961 -0.0039
vn 0.8196 0.4588 -0.3412
vn 0.6000 0.5059 -0.6078
vn 0.2471 -0.7569 -0.6078
vn 0.7020 -0.0039 0.7020
vn -0.0039 -0.6706 -0.7490
vn 0.6314 -0.4353 0.6314
vn 0.8431 -0.3961 0.3490
vn 0.8824 0.4588 -0.0039
vn 0.7882 0.5059 -0.3333
vn 0.4588 -0.7569 -0.4667
vn 0.2784 -0.6706 -0.6941
vn 0.3804 -0.0039 0.9216
vn -0.0039 -0.0353 -1.0000
vn 0.3412 -0.4353 0.8275
vn 0.6471 -0.3961 0.6471
vn 0.8196 0.4588 0.3333
vn 0.8510 0.5059 -0.0039
vn 0.6000 -0.7569 -0.2549
vn 0.5216 -0.6706 -0.5294
vn 0.5059 -0.0275 -0.8667
vn -0.0039 -0.0039 1.0000
vn 0.2627 -0.1529 -0.9529
vn -0.0039 -0.4353 0.8980
vn 0.3490 -0.3961 0.8431
vn 0.6235 0.4588 0.6235
vn 0.7882 0.5059 0.3255
vn 0.6549 -0.7569 -0.0039
vn 0.6863 -0.6706 -0.2863
vn 0.8588 -0.0196 -0.5059
vn 0.7098 -0.0824 -0.7020
vn -0.3882 -0.0039 0.9216
vn -0.3490 -0.4353 0.8275
vn -0.0039 -0.3961 0.9137
vn 0.3333 0.4588 0.8196
vn 0.6000 0.5059 0.6000
vn 0.6000 -0.7569 0.2471
vn 0.7412 -0.6706 -0.0039
vn 0.9922 -0.0353 -0.0039
vn 0.9529 -0.1294 -0.2706
vn -0.7098 -0.0039 0.7020
vn -0.6392 -0.4353 0.6314
vn -0.3569 -0.3961 0.8431
vn -0.0039 0.4588 0.8824
vn 0.3255 0.5059 0.7882
vn 0.4588 -0.7569 0.4588
vn 0.6863 -0.6706 0.2784
vn -0.9294 -0.0039 0.3804
vn -0.8353 -0.4353 0.3412
vn -0.6549 -0.3961 0.6471
vn -0.3412 0.4588 0.8196
vn -0.0039 0.5059 0.8510
vn 0.2471 -0.7569 0.6000
vn 0.5216 -0.6706 0.5216
vn -0.9059 -0.4353 -0.0039
vn -0.8510 -0.3961 0.3490
vn -0.6314 0.4588 0.6235
vn -0.3333 0.5059 0.7882
vn -0.0039 -0.7569 0.6549
vn 0.2784 -0.6706 0.6863
vn -0.9294 -0.0039 -0.3882
vn -0.8353 -0.4353 -0.3490
vn -0.9216 -0.3961 -0.0039
vn -0.8275 0.4588 0.3333
vn -0.6078 0.5059 0.6000
vn -0.2549 -0.7569 0.6000
vn -0.0039 -0.6706 0.7412
vn -0.7098 -0.0039 -0.7098
vn -0.6392 -0.4353 -0.6392
vn -0.8510 -0.3961 -0.3569
vn -0.8902 0.4588 -0.0039
vn -0.7961 0.5059 0.3255
vn -0.4667 -0.7569 0.4588
vn -0.2863 -0.6706 0.6863
vn -0.3882 -0.0039 -0.9294
vn -0.3490 -0.4353 -0.8353
vn -0.6549 -0.3961 -0.6549
vn -0.8275 0.4588 -0.3412
vn -0.8588 0.5059 -0.0039
vn -0.6078 -0.7569 0.2471
vn -0.5294 -0.6706 0.5216
vn -0.3569 -0.3961 -0.8510
vn -0.6314 0.4588 -0.6314
vn -0.7961 0.5059 -0.3333
vn -0.6627 -0.7569 -0.0039
vn -0.6941 -0.6706 0.2784
vn -0.3412 0.4588 -0.8275
vn -0.6078 0.5059 -0.6078
vn -0.6078 -0.7569 -0.2549
vn -0.7490 -0.6706 -0.0039
vn -1.0000 -0.0118 -0.0039
vn -0.8588 -0.0039 0.5137
vn -0.6941 -0.6706 -0.2863
vn -0.4667 -0.7569 -0.4667
vn -0.3333 0.5059 -0.7961
vn -0.5294 -0.6706 -0.5294
vn -0.8667 -0.0196 -0.5059
vn -0.2549 -0.7569 -0.6078
vn -0.9686 0.0196 0.2627
vn -0.9608 -0.1216 -0.2627
vn -0.2863 -0.6706 -0.6941
vn -0.5059 -0.0196 -0.8667
vn -0.7098 -0.0510 -0.7098
vn -0.2549 -0.1059 -0.9686
vn 0.8667 -0.0275 0.4902
vn 0.7020 -0.1216 0.6941
vn 0.4902 -0.0196 0.8667
vn 0.9529 -0.1137 0.2627
vn -0.0118 -0.0118 0.9922
vn 0.2471 -0.0431 0.9608
vn -0.4902 -0.0196 0.8667
vn -0.2706 -0.0902 0.9529
vn -0.6941 -0.0980 0.7176
vn 0.9529 0.0824 -0.2706
vn 0.8510 0.0275 -0.5216
vn 0.9922 0.0275 -0.0118
vn 0.8588 -0.0039 -0.5137
vn 0.4902 -0.0039 -0.8745
vn 0.4902 0.0196 -0.8745
vn 0.6863 0.0667 -0.7255
vn 0.9922 -0.0039 -0.0039
vn 0.0039 -0.0039 -1.0000
vn 0.8588 0.0275 0.4980
vn 0.9608 0.0824 0.2549
vn 0.8588 -0.0039 0.4980
vn 0.0039 0.0196 -1.0000
vn 0.2627 0.0588 -0.9686
vn -0.5059 -0.0039 -0.8667
vn 0.4980 0.0275 0.8588
vn 0.7020 0.0667 0.7020
vn 0.4902 -0.0039 0.8667
vn -0.4980 0.0275 -0.8745
vn -0.2549 0.0588 -0.9686
vn 0.2549 0.0667 0.9608
vn -0.7176 0.0824 -0.7020
vn -0.0667 0.9922 -0.0196
vn 0.0588 0.9922 -0.0196
vn 0.0745 0.9922 -0.0039
vn -0.0824 0.9922 -0.0667
vn 0.0510 0.9922 0.0510
vn -0.1059 0.9922 -0.0431
vn -0.1216 0.9843 -0.0667
vn 0.0588 0.9922 0.0667
vn -0.0353 0.9922 -0.0824
vn 0.0745 0.9922 -0.0353
vn 0.0431 0.9922 -0.0510
vn -0.0431 0.9922 -0.0824
vn 0.0275 0.9922 0.0667
vn -0.1059 0.9922 0.0275
vn -0.0902 0.9922 0.0196
vn 0.0196 0.9922 0.0824
vn 0.0196 0.9922 -0.0902
vn 0.0667 0.9922 -0.0667
vn 0.0667 0.9922 -0.0588
vn 0.0196 0.9922 -0.1059
vn 0.0039 0.9922 0.0667
vn -0.0431 0.9922 0.0745
vn -0.0196 0.9922 0.0588
vn -0.0118 0.9922 0.0745
vn 0.0431 0.9922 -0.0667
vn 0.0431 0.9922 -0.0980
vn 0.0510 0.9922 -0.0902
vn 0.0667 0.9922 -0.0824
vn -0.0667 0.9922 0.0510
vn 0.0039 0.9922 0.0745
vn 0.0196 0.9922 0.0667
vn -0.0745 0.9922 0.0588
vn 0.0745 0.9922 -0.0431
vn -0.0039 0.9922 -0.1137
vn -0.0118 0.9922 -0.0902
vn 0.0510 0.9922 -0.0588
vn -0.0902 0.9922 0.0039
vn 0.0353 0.9922 0.0824
vn 0.0353 0.9922 0.0667
vn -0.0980 0.9922 0.0118
vn 0.0667 0.9922 -0.0196
vn -0.0667 0.9922 -0.0667
vn -0.0588 0.9922 -0.0588
vn 0.0980 0.9922 0.0196
vn -0.0745 0.9922 -0.0196
vn 0.0745 0.9922 0.0431
vn 0.0667 0.9922 0.0431
vn -0.0902 0.9922 -0.0431
# 220 vertex normals

vt 0.0781 0.0044 0.0000
vt 0.1021 0.0044 0.0000
vt 0.1021 0.1172 0.0000
vt 0.0781 0.1167 0.0000
vt 0.0901 0.1357 0.0000
vt 0.0538 0.0044 0.0000
vt 0.0538 0.1172 0.0000
vt 0.0659 0.1362 0.0000
vt 0.0299 0.0044 0.0000
vt 0.0299 0.1167 0.0000
vt 0.0418 0.1357 0.0000
vt 0.0054 0.0044 0.0000
vt 0.0054 0.1167 0.0000
vt 0.0176 0.1357 0.0000
vt 0.5039 0.1812 0.0000
vt 0.5249 0.1758 0.0000
vt 0.5239 0.1870 0.0000
vt 0.5039 0.1909 0.0000
vt 0.4836 0.1870 0.0000
vt 0.4829 0.1753 0.0000
vt 0.5039 0.0952 0.0000
vt 0.4824 0.1011 0.0000
vt 0.4836 0.0894 0.0000
vt 0.5039 0.0850 0.0000
vt 0.5239 0.0894 0.0000
vt 0.5254 0.1011 0.0000
vt 0.4609 0.1382 0.0000
vt 0.4670 0.1602 0.0000
vt 0.4548 0.1582 0.0000
vt 0.4509 0.1382 0.0000
vt 0.4548 0.1177 0.0000
vt 0.4668 0.1162 0.0000
vt 0.5469 0.1382 0.0000
vt 0.5410 0.1167 0.0000
vt 0.5527 0.1177 0.0000
vt 0.5566 0.1382 0.0000
vt 0.5527 0.1582 0.0000
vt 0.5410 0.1592 0.0000
vt 0.4663 0.1006 0.0000
vt 0.5415 0.1006 0.0000
vt 0.5415 0.1758 0.0000
vt 0.4663 0.1758 0.0000
vt 0.8857 0.6235 0.0000
vt 0.9390 0.6133 0.0000
vt 0.9429 0.6296 0.0000
vt 0.8892 0.6401 0.0000
vt 0.8315 0.6311 0.0000
vt 0.9492 0.6455 0.0000
vt 0.8335 0.6479 0.0000
vt 0.8921 0.6560 0.0000
vt 0.7759 0.6360 0.0000
vt 0.9546 0.6763 0.0000
vt 0.7778 0.6528 0.0000
vt 0.8359 0.6638 0.0000
vt 0.8970 0.6858 0.0000
vt 0.7202 0.6409 0.0000
vt 0.9536 0.6890 0.0000
vt 0.7217 0.6577 0.0000
vt 0.7798 0.6689 0.0000
vt 0.8398 0.6938 0.0000
vt 0.8984 0.6978 0.0000
vt 0.6641 0.6458 0.0000
vt 0.9580 0.7168 0.0000
vt 0.6655 0.6626 0.0000
vt 0.7231 0.6738 0.0000
vt 0.7827 0.6990 0.0000
vt 0.8418 0.7053 0.0000
vt 0.9028 0.7256 0.0000
vt 0.6084 0.6506 0.0000
vt 0.9658 0.7336 0.0000
vt 0.6094 0.6675 0.0000
vt 0.6665 0.6790 0.0000
vt 0.7261 0.7041 0.0000
vt 0.7847 0.7109 0.0000
vt 0.8457 0.7329 0.0000
vt 0.9063 0.7427 0.0000
vt 0.5527 0.6536 0.0000
vt 0.9888 0.9108 0.0000
vt 0.5532 0.6704 0.0000
vt 0.6104 0.6838 0.0000
vt 0.6689 0.7090 0.0000
vt 0.7271 0.7161 0.0000
vt 0.7876 0.7388 0.0000
vt 0.8486 0.7498 0.0000
vt 0.9063 0.9216 0.0000
vt 0.4971 0.6553 0.0000
vt 0.9541 0.9610 0.0000
vt 0.4973 0.6721 0.0000
vt 0.5542 0.6865 0.0000
vt 0.6123 0.7141 0.0000
vt 0.6699 0.7209 0.0000
vt 0.7295 0.7437 0.0000
vt 0.7905 0.7552 0.0000
vt 0.8262 0.9302 0.0000
vt 0.8701 0.9707 0.0000
vt 0.4414 0.6558 0.0000
vt 0.4414 0.6726 0.0000
vt 0.4976 0.6882 0.0000
vt 0.5552 0.7168 0.0000
vt 0.6123 0.7258 0.0000
vt 0.6714 0.7488 0.0000
vt 0.7314 0.7606 0.0000
vt 0.7466 0.9371 0.0000
vt 0.7905 0.9794 0.0000
vt 0.3857 0.6550 0.0000
vt 0.3853 0.6719 0.0000
vt 0.4412 0.6890 0.0000
vt 0.4980 0.7188 0.0000
vt 0.5552 0.7288 0.0000
vt 0.6138 0.7537 0.0000
vt 0.6719 0.7656 0.0000
vt 0.3301 0.6533 0.0000
vt 0.3293 0.6702 0.0000
vt 0.3850 0.6882 0.0000
vt 0.4412 0.7192 0.0000
vt 0.4983 0.7307 0.0000
vt 0.5562 0.7568 0.0000
vt 0.6138 0.7706 0.0000
vt 0.2747 0.6504 0.0000
vt 0.2737 0.6672 0.0000
vt 0.3286 0.6863 0.0000
vt 0.3843 0.7185 0.0000
vt 0.4409 0.7312 0.0000
vt 0.4985 0.7587 0.0000
vt 0.5566 0.7740 0.0000
vt 0.2194 0.6462 0.0000
vt 0.2179 0.6631 0.0000
vt 0.2725 0.6833 0.0000
vt 0.3274 0.7166 0.0000
vt 0.3838 0.7305 0.0000
vt 0.4409 0.7592 0.0000
vt 0.4988 0.7759 0.0000
vt 0.1643 0.6409 0.0000
vt 0.1624 0.6577 0.0000
vt 0.2163 0.6792 0.0000
vt 0.2705 0.7136 0.0000
vt 0.3267 0.7285 0.0000
vt 0.3831 0.7584 0.0000
vt 0.4407 0.7764 0.0000
vt 0.1099 0.6340 0.0000
vt 0.1071 0.6506 0.0000
vt 0.1603 0.6736 0.0000
vt 0.2136 0.7092 0.0000
vt 0.2695 0.7256 0.0000
vt 0.3254 0.7565 0.0000
vt 0.3828 0.7755 0.0000
vt 0.0564 0.6245 0.0000
vt 0.0530 0.6411 0.0000
vt 0.1041 0.6665 0.0000
vt 0.1569 0.7036 0.0000
vt 0.2125 0.7212 0.0000
vt 0.2678 0.7534 0.0000
vt 0.3247 0.7736 0.0000
vt 0.0469 0.6570 0.0000
vt 0.1000 0.6965 0.0000
vt 0.1556 0.7156 0.0000
vt 0.2101 0.7490 0.0000
vt 0.2666 0.7705 0.0000
vt 0.2551 0.9477 0.0000
vt 0.3398 0.9533 0.0000
vt 0.2085 0.7660 0.0000
vt 0.1525 0.7432 0.0000
vt 0.0991 0.7085 0.0000
vt 0.0425 0.6877 0.0000
vt 0.1505 0.7601 0.0000
vt 0.1716 0.9401 0.0000
vt 0.0953 0.7363 0.0000
vt 0.0439 0.7002 0.0000
vt 0.2927 0.9943 0.0000
vt 0.2097 0.9889 0.0000
vt 0.0923 0.7532 0.0000
vt 0.0903 0.9321 0.0000
vt 0.0397 0.7278 0.0000
vt 0.1246 0.9809 0.0000
vt 0.0325 0.7444 0.0000
vt 0.0091 0.9210 0.0000
vt 0.0419 0.9703 0.0000
vt 0.6680 0.9441 0.0000
vt 0.6313 0.9926 0.0000
vt 0.5835 0.9507 0.0000
vt 0.7109 0.9860 0.0000
vt 0.5024 0.9534 0.0000
vt 0.5469 0.9970 0.0000
vt 0.4216 0.9548 0.0000
vt 0.4619 0.9987 0.0000
vt 0.3770 0.9977 0.0000
vt 0.2119 0.1357 0.0000
vt 0.1986 0.1177 0.0000
vt 0.2235 0.1167 0.0000
vt 0.1986 0.0044 0.0000
vt 0.1746 0.0044 0.0000
vt 0.1746 0.1172 0.0000
vt 0.1875 0.1357 0.0000
vt 0.2235 0.0044 0.0000
vt 0.1508 0.0044 0.0000
vt 0.2482 0.1167 0.0000
vt 0.2358 0.1357 0.0000
vt 0.2482 0.0044 0.0000
vt 0.1508 0.1167 0.0000
vt 0.1627 0.1357 0.0000
vt 0.1271 0.0044 0.0000
vt 0.2722 0.1172 0.0000
vt 0.2607 0.1357 0.0000
vt 0.2722 0.0044 0.0000
vt 0.1271 0.1167 0.0000
vt 0.1383 0.1357 0.0000
vt 0.2964 0.1167 0.0000
vt 0.2849 0.1353 0.0000
vt 0.2964 0.0044 0.0000
vt 0.1141 0.1357 0.0000
vt 0.3918 0.1440 0.0000
vt 0.3916 0.1724 0.0000
vt 0.3711 0.1787 0.0000
vt 0.3669 0.1440 0.0000
vt 0.3955 0.1152 0.0000
vt 0.3872 0.2104 0.0000
vt 0.4082 0.1968 0.0000
vt 0.3713 0.1089 0.0000
vt 0.4060 0.0874 0.0000
vt 0.4084 0.2363 0.0000
vt 0.4250 0.2178 0.0000
vt 0.3840 0.0757 0.0000
vt 0.4216 0.0625 0.0000
vt 0.4373 0.2563 0.0000
vt 0.4492 0.2344 0.0000
vt 0.4043 0.0464 0.0000
vt 0.4446 0.0464 0.0000
vt 0.4692 0.2695 0.0000
vt 0.4751 0.2451 0.0000
vt 0.4316 0.0249 0.0000
vt 0.4709 0.0337 0.0000
vt 0.5044 0.2729 0.0000
vt 0.5039 0.2476 0.0000
vt 0.4636 0.0103 0.0000
vt 0.4985 0.0298 0.0000
vt 0.5396 0.2686 0.0000
vt 0.5332 0.2461 0.0000
vt 0.4978 0.0049 0.0000
vt 0.5273 0.0327 0.0000
vt 0.5708 0.2539 0.0000
vt 0.5576 0.2324 0.0000
vt 0.5327 0.0083 0.0000
vt 0.5552 0.0420 0.0000
vt 0.5991 0.2314 0.0000
vt 0.5815 0.2144 0.0000
vt 0.5664 0.0200 0.0000
vt 0.5791 0.0571 0.0000
vt 0.6201 0.2031 0.0000
vt 0.5986 0.1909 0.0000
vt 0.5957 0.0396 0.0000
vt 0.5962 0.0796 0.0000
vt 0.6333 0.1704 0.0000
vt 0.6094 0.1646 0.0000
vt 0.6177 0.0669 0.0000
vt 0.6079 0.1064 0.0000
vt 0.6367 0.1348 0.0000
vt 0.6123 0.1357 0.0000
vt 0.6313 0.0996 0.0000
# 258 texture coords

o ShotgunReceiver_4
g ShotgunReceiver_4
usemtl Material_000a87
s 1
f 1759/2288/1833 1760/2289/1834 1761/2290/1835 
f 1761/2290/1835 1762/2291/1836 1759/2288/1833 
f 1761/2290/1835 1763/2292/1837 1762/2291/1836 
f 1764/2293/1838 1759/2288/1833 1762/2291/1836 
f 1762/2291/1836 1765/2294/1839 1764/2293/1838 
f 1766/2295/1840 1765/2294/1839 1762/2291/1836 
f 1767/2296/1841 1764/2293/1838 1765/2294/1839 
f 1765/2294/1839 1768/2297/1842 1767/2296/1841 
f 1769/2298/1843 1768/2297/1842 1765/2294/1839 
f 1770/2299/1844 1767/2296/1841 1768/2297/1842 
f 1768/2297/1842 1771/2300/1845 1770/2299/1844 
f 1772/2301/1846 1771/2300/1845 1768/2297/1842 
f 1773/2302/1847 1774/2303/1847 1775/2304/1847 
f 1775/2304/1847 1776/2305/1847 1773/2302/1847 
f 1773/2302/1847 1776/2305/1847 1777/2306/1847 
f 1777/2306/1847 1778/2307/1847 1773/2302/1847 
f 1770/2308/1847 1779/2309/1847 1780/2310/1847 
f 1780/2310/1847 1781/2311/1847 1770/2308/1847 
f 1770/2308/1847 1781/2311/1847 1782/2312/1847 
f 1782/2312/1847 1767/2313/1847 1770/2308/1847 
f 1783/2314/1847 1784/2315/1847 1785/2316/1847 
f 1785/2316/1847 1786/2317/1847 1783/2314/1847 
f 1783/2314/1847 1786/2317/1847 1787/2318/1847 
f 1787/2318/1847 1788/2319/1847 1783/2314/1847 
f 1759/2320/1847 1764/2321/1847 1789/2322/1847 
f 1789/2322/1847 1790/2323/1847 1759/2320/1847 
f 1759/2320/1847 1790/2323/1847 1791/2324/1847 
f 1791/2324/1847 1760/2325/1847 1759/2320/1847 
f 1787/2318/1847 1792/2326/1847 1788/2319/1847 
f 1792/2326/1847 1779/2309/1847 1788/2319/1847 
f 1792/2326/1847 1780/2310/1847 1779/2309/1847 
f 1782/2312/1847 1793/2327/1847 1767/2313/1847 
f 1793/2327/1847 1764/2321/1847 1767/2313/1847 
f 1793/2327/1847 1789/2322/1847 1764/2321/1847 
f 1794/2328/1847 1775/2304/1847 1774/2303/1847 
f 1774/2303/1847 1760/2325/1847 1794/2328/1847 
f 1791/2324/1847 1794/2328/1847 1760/2325/1847 
f 1785/2316/1847 1784/2315/1847 1795/2329/1847 
f 1784/2315/1847 1778/2307/1847 1795/2329/1847 
f 1777/2306/1847 1795/2329/1847 1778/2307/1847 
f 1796/2330/1848 1797/2331/1849 1798/2332/1850 
f 1798/2332/1850 1799/2333/1851 1796/2330/1848 
f 1800/2334/1852 1796/2330/1848 1799/2333/1851 
f 1799/2333/1851 1798/2332/1850 1801/2335/1853 
f 1799/2333/1851 1802/2336/1854 1800/2334/1852 
f 1801/2335/1853 1803/2337/1855 1799/2333/1851 
f 1802/2336/1854 1799/2333/1851 1803/2337/1855 
f 1804/2338/1856 1800/2334/1852 1802/2336/1854 
f 1803/2337/1855 1801/2335/1853 1805/2339/1857 
f 1802/2336/1854 1806/2340/1858 1804/2338/1856 
f 1803/2337/1855 1807/2341/1859 1802/2336/1854 
f 1806/2340/1858 1802/2336/1854 1807/2341/1859 
f 1807/2341/1859 1803/2337/1855 1808/2342/1860 
f 1805/2339/1857 1808/2342/1860 1803/2337/1855 
f 1809/2343/1861 1804/2338/1856 1806/2340/1858 
f 1808/2342/1860 1805/2339/1857 1810/2344/1862 
f 1806/2340/1858 1811/2345/1863 1809/2343/1861 
f 1807/2341/1859 1812/2346/1864 1806/2340/1858 
f 1811/2345/1863 1806/2340/1858 1812/2346/1864 
f 1812/2346/1864 1807/2341/1859 1813/2347/1865 
f 1808/2342/1860 1813/2347/1865 1807/2341/1859 
f 1813/2347/1865 1808/2342/1860 1814/2348/1866 
f 1810/2344/1862 1814/2348/1866 1808/2342/1860 
f 1815/2349/1867 1809/2343/1861 1811/2345/1863 
f 1814/2348/1866 1810/2344/1862 1816/2350/1868 
f 1811/2345/1863 1817/2351/1869 1815/2349/1867 
f 1812/2346/1864 1818/2352/1870 1811/2345/1863 
f 1817/2351/1869 1811/2345/1863 1818/2352/1870 
f 1818/2352/1870 1812/2346/1864 1819/2353/1871 
f 1813/2347/1865 1819/2353/1871 1812/2346/1864 
f 1819/2353/1871 1813/2347/1865 1820/2354/1872 
f 1814/2348/1866 1820/2354/1872 1813/2347/1865 
f 1820/2354/1872 1814/2348/1866 1821/2355/1873 
f 1816/2350/1868 1821/2355/1873 1814/2348/1866 
f 1822/2356/1874 1815/2349/1867 1817/2351/1869 
f 1821/2355/1873 1816/2350/1868 1823/2357/1875 
f 1817/2351/1869 1824/2358/1876 1822/2356/1874 
f 1818/2352/1870 1825/2359/1877 1817/2351/1869 
f 1824/2358/1876 1817/2351/1869 1825/2359/1877 
f 1825/2359/1877 1818/2352/1870 1826/2360/1878 
f 1819/2353/1871 1826/2360/1878 1818/2352/1870 
f 1826/2360/1878 1819/2353/1871 1827/2361/1879 
f 1820/2354/1872 1827/2361/1879 1819/2353/1871 
f 1827/2361/1879 1820/2354/1872 1828/2362/1880 
f 1821/2355/1873 1828/2362/1880 1820/2354/1872 
f 1828/2362/1880 1821/2355/1873 1829/2363/1881 
f 1823/2357/1875 1829/2363/1881 1821/2355/1873 
f 1830/2364/1882 1822/2356/1874 1824/2358/1876 
f 1829/2363/1881 1823/2357/1875 1831/2365/1883 
f 1824/2358/1876 1832/2366/1884 1830/2364/1882 
f 1825/2359/1877 1833/2367/1885 1824/2358/1876 
f 1832/2366/1884 1824/2358/1876 1833/2367/1885 
f 1833/2367/1885 1825/2359/1877 1834/2368/1886 
f 1826/2360/1878 1834/2368/1886 1825/2359/1877 
f 1834/2368/1886 1826/2360/1878 1835/2369/1887 
f 1827/2361/1879 1835/2369/1887 1826/2360/1878 
f 1835/2369/1887 1827/2361/1879 1836/2370/1888 
f 1828/2362/1880 1836/2370/1888 1827/2361/1879 
f 1836/2370/1888 1828/2362/1880 1837/2371/1889 
f 1829/2363/1881 1837/2371/1889 1828/2362/1880 
f 1837/2371/1889 1829/2363/1881 1838/2372/1890 
f 1829/2363/1881 1831/2365/1883 1838/2372/1890 
f 1839/2373/1891 1830/2364/1882 1832/2366/1884 
f 1838/2372/1890 1831/2365/1883 1840/2374/1892 
f 1832/2366/1884 1841/2375/1893 1839/2373/1891 
f 1833/2367/1885 1842/2376/1894 1832/2366/1884 
f 1841/2375/1893 1832/2366/1884 1842/2376/1894 
f 1842/2376/1894 1833/2367/1885 1843/2377/1895 
f 1834/2368/1886 1843/2377/1895 1833/2367/1885 
f 1843/2377/1895 1834/2368/1886 1844/2378/1896 
f 1835/2369/1887 1844/2378/1896 1834/2368/1886 
f 1844/2378/1896 1835/2369/1887 1845/2379/1897 
f 1836/2370/1888 1845/2379/1897 1835/2369/1887 
f 1845/2379/1897 1836/2370/1888 1846/2380/1898 
f 1837/2371/1889 1846/2380/1898 1836/2370/1888 
f 1847/2381/1899 1837/2371/1889 1838/2372/1890 
f 1847/2381/1899 1846/2380/1898 1837/2371/1889 
f 1838/2372/1890 1848/2382/1900 1847/2381/1899 
f 1849/2383/1901 1839/2373/1891 1841/2375/1893 
f 1841/2375/1893 1850/2384/1902 1849/2383/1901 
f 1842/2376/1894 1851/2385/1903 1841/2375/1893 
f 1850/2384/1902 1841/2375/1893 1851/2385/1903 
f 1851/2385/1903 1842/2376/1894 1852/2386/1904 
f 1843/2377/1895 1852/2386/1904 1842/2376/1894 
f 1852/2386/1904 1843/2377/1895 1853/2387/1905 
f 1844/2378/1896 1853/2387/1905 1843/2377/1895 
f 1853/2387/1905 1844/2378/1896 1854/2388/1906 
f 1845/2379/1897 1854/2388/1906 1844/2378/1896 
f 1854/2388/1906 1845/2379/1897 1855/2389/1907 
f 1846/2380/1898 1855/2389/1907 1845/2379/1897 
f 1856/2390/1908 1855/2389/1907 1846/2380/1898 
f 1846/2380/1898 1847/2381/1899 1856/2390/1908 
f 1847/2381/1899 1857/2391/1909 1856/2390/1908 
f 1858/2392/1910 1849/2383/1901 1850/2384/1902 
f 1850/2384/1902 1859/2393/1911 1858/2392/1910 
f 1851/2385/1903 1860/2394/1912 1850/2384/1902 
f 1859/2393/1911 1850/2384/1902 1860/2394/1912 
f 1860/2394/1912 1851/2385/1903 1861/2395/1913 
f 1852/2386/1904 1861/2395/1913 1851/2385/1903 
f 1861/2395/1913 1852/2386/1904 1862/2396/1914 
f 1853/2387/1905 1862/2396/1914 1852/2386/1904 
f 1862/2396/1914 1853/2387/1905 1863/2397/1915 
f 1854/2388/1906 1863/2397/1915 1853/2387/1905 
f 1863/2397/1915 1854/2388/1906 1864/2398/1916 
f 1855/2389/1907 1864/2398/1916 1854/2388/1906 
f 1864/2398/1916 1855/2389/1907 1856/2390/1908 
f 1865/2399/1917 1858/2392/1910 1859/2393/1911 
f 1859/2393/1911 1866/2400/1918 1865/2399/1917 
f 1860/2394/1912 1867/2401/1919 1859/2393/1911 
f 1866/2400/1918 1859/2393/1911 1867/2401/1919 
f 1867/2401/1919 1860/2394/1912 1868/2402/1920 
f 1861/2395/1913 1868/2402/1920 1860/2394/1912 
f 1868/2402/1920 1861/2395/1913 1869/2403/1921 
f 1862/2396/1914 1869/2403/1921 1861/2395/1913 
f 1869/2403/1921 1862/2396/1914 1870/2404/1922 
f 1863/2397/1915 1870/2404/1922 1862/2396/1914 
f 1870/2404/1922 1863/2397/1915 1871/2405/1923 
f 1864/2398/1916 1871/2405/1923 1863/2397/1915 
f 1872/2406/1833 1865/2399/1917 1866/2400/1918 
f 1866/2400/1918 1873/2407/1924 1872/2406/1833 
f 1867/2401/1919 1874/2408/1925 1866/2400/1918 
f 1873/2407/1924 1866/2400/1918 1874/2408/1925 
f 1874/2408/1925 1867/2401/1919 1875/2409/1926 
f 1868/2402/1920 1875/2409/1926 1867/2401/1919 
f 1875/2409/1926 1868/2402/1920 1876/2410/1927 
f 1869/2403/1921 1876/2410/1927 1868/2402/1920 
f 1876/2410/1927 1869/2403/1921 1877/2411/1928 
f 1870/2404/1922 1877/2411/1928 1869/2403/1921 
f 1877/2411/1928 1870/2404/1922 1878/2412/1929 
f 1871/2405/1923 1878/2412/1929 1870/2404/1922 
f 1879/2413/1930 1872/2406/1833 1873/2407/1924 
f 1873/2407/1924 1880/2414/1931 1879/2413/1930 
f 1880/2414/1931 1873/2407/1924 1881/2415/1932 
f 1874/2408/1925 1881/2415/1932 1873/2407/1924 
f 1881/2415/1932 1874/2408/1925 1882/2416/1933 
f 1875/2409/1926 1882/2416/1933 1874/2408/1925 
f 1882/2416/1933 1875/2409/1926 1883/2417/1934 
f 1876/2410/1927 1883/2417/1934 1875/2409/1926 
f 1883/2417/1934 1876/2410/1927 1884/2418/1935 
f 1877/2411/1928 1884/2418/1935 1876/2410/1927 
f 1884/2418/1935 1877/2411/1928 1885/2419/1936 
f 1878/2412/1929 1885/2419/1936 1877/2411/1928 
f 1886/2420/1937 1879/2413/1930 1880/2414/1931 
f 1880/2414/1931 1887/2421/1938 1886/2420/1937 
f 1881/2415/1932 1888/2422/1939 1880/2414/1931 
f 1887/2421/1938 1880/2414/1931 1888/2422/1939 
f 1882/2416/1933 1889/2423/1940 1881/2415/1932 
f 1888/2422/1939 1881/2415/1932 1889/2423/1940 
f 1889/2423/1940 1882/2416/1933 1890/2424/1941 
f 1883/2417/1934 1890/2424/1941 1882/2416/1933 
f 1890/2424/1941 1883/2417/1934 1891/2425/1942 
f 1884/2418/1935 1891/2425/1942 1883/2417/1934 
f 1891/2425/1942 1884/2418/1935 1892/2426/1943 
f 1885/2419/1936 1892/2426/1943 1884/2418/1935 
f 1893/2427/1944 1886/2420/1937 1887/2421/1938 
f 1887/2421/1938 1894/2428/1945 1893/2427/1944 
f 1888/2422/1939 1895/2429/1946 1887/2421/1938 
f 1894/2428/1945 1887/2421/1938 1895/2429/1946 
f 1895/2429/1946 1888/2422/1939 1896/2430/1947 
f 1889/2423/1940 1896/2430/1947 1888/2422/1939 
f 1890/2424/1941 1897/2431/1948 1889/2423/1940 
f 1896/2430/1947 1889/2423/1940 1897/2431/1948 
f 1897/2431/1948 1890/2424/1941 1898/2432/1949 
f 1891/2425/1942 1898/2432/1949 1890/2424/1941 
f 1898/2432/1949 1891/2425/1942 1899/2433/1950 
f 1892/2426/1943 1899/2433/1950 1891/2425/1942 
f 1797/2434/1849 1893/2427/1944 1894/2428/1945 
f 1894/2428/1945 1798/2435/1850 1797/2434/1849 
f 1895/2429/1946 1900/2436/1951 1894/2428/1945 
f 1798/2435/1850 1894/2428/1945 1900/2436/1951 
f 1900/2436/1951 1895/2429/1946 1901/2437/1952 
f 1896/2430/1947 1901/2437/1952 1895/2429/1946 
f 1901/2437/1952 1896/2430/1947 1902/2438/1953 
f 1897/2431/1948 1902/2438/1953 1896/2430/1947 
f 1898/2432/1949 1903/2439/1954 1897/2431/1948 
f 1902/2438/1953 1897/2431/1948 1903/2439/1954 
f 1903/2439/1954 1898/2432/1949 1904/2440/1955 
f 1899/2433/1950 1904/2440/1955 1898/2432/1949 
f 1900/2436/1951 1801/2441/1853 1798/2435/1850 
f 1801/2441/1853 1900/2436/1951 1905/2442/1956 
f 1901/2437/1952 1905/2442/1956 1900/2436/1951 
f 1905/2442/1956 1901/2437/1952 1906/2443/1957 
f 1902/2438/1953 1906/2443/1957 1901/2437/1952 
f 1906/2443/1957 1902/2438/1953 1907/2444/1958 
f 1903/2439/1954 1907/2444/1958 1902/2438/1953 
f 1904/2440/1955 1908/2445/1959 1903/2439/1954 
f 1907/2444/1958 1903/2439/1954 1908/2445/1959 
f 1909/2446/1960 1908/2445/1959 1904/2440/1955 
f 1910/2447/1961 1904/2440/1955 1899/2433/1950 
f 1904/2440/1955 1910/2447/1961 1909/2446/1960 
f 1908/2445/1959 1911/2448/1962 1907/2444/1958 
f 1911/2448/1962 1908/2445/1959 1909/2446/1960 
f 1907/2444/1958 1912/2449/1963 1906/2443/1957 
f 1912/2449/1963 1907/2444/1958 1911/2448/1962 
f 1906/2443/1957 1913/2450/1964 1905/2442/1956 
f 1913/2450/1964 1906/2443/1957 1912/2449/1963 
f 1905/2442/1956 1805/2451/1857 1801/2441/1853 
f 1805/2451/1857 1905/2442/1956 1913/2450/1964 
f 1911/2448/1962 1914/2452/1965 1912/2449/1963 
f 1909/2446/1960 1915/2453/1966 1911/2448/1962 
f 1914/2452/1965 1911/2448/1962 1915/2453/1966 
f 1912/2449/1963 1916/2454/1967 1913/2450/1964 
f 1916/2454/1967 1912/2449/1963 1914/2452/1965 
f 1913/2450/1964 1810/2455/1862 1805/2451/1857 
f 1810/2455/1862 1913/2450/1964 1916/2454/1967 
f 1910/2447/1961 1917/2456/1968 1909/2446/1960 
f 1909/2446/1960 1918/2457/1969 1915/2453/1966 
f 1914/2452/1965 1919/2458/1970 1916/2454/1967 
f 1915/2453/1966 1920/2459/1971 1914/2452/1965 
f 1919/2458/1970 1914/2452/1965 1920/2459/1971 
f 1916/2454/1967 1816/2460/1868 1810/2455/1862 
f 1816/2460/1868 1916/2454/1967 1919/2458/1970 
f 1915/2453/1966 1921/2461/1972 1920/2459/1971 
f 1919/2458/1970 1823/2462/1875 1816/2460/1868 
f 1831/2463/1883 1823/2462/1875 1919/2458/1970 
f 1919/2458/1970 1920/2459/1971 1831/2463/1883 
f 1782/2330/1848 1781/2331/1849 1922/2332/1850 
f 1922/2332/1850 1923/2333/1851 1782/2330/1848 
f 1793/2334/1852 1782/2330/1848 1923/2333/1851 
f 1923/2333/1851 1922/2332/1850 1924/2335/1853 
f 1923/2333/1851 1925/2336/1854 1793/2334/1852 
f 1924/2335/1853 1926/2337/1855 1923/2333/1851 
f 1925/2336/1854 1923/2333/1851 1926/2337/1855 
f 1789/2338/1856 1793/2334/1852 1925/2336/1854 
f 1926/2337/1855 1924/2335/1853 1927/2339/1857 
f 1925/2336/1854 1928/2340/1858 1789/2338/1856 
f 1926/2337/1855 1929/2341/1859 1925/2336/1854 
f 1928/2340/1858 1925/2336/1854 1929/2341/1859 
f 1929/2341/1859 1926/2337/1855 1930/2342/1860 
f 1927/2339/1857 1930/2342/1860 1926/2337/1855 
f 1790/2343/1861 1789/2338/1856 1928/2340/1858 
f 1930/2342/1860 1927/2339/1857 1931/2344/1862 
f 1928/2340/1858 1932/2345/1863 1790/2343/1861 
f 1929/2341/1859 1933/2346/1864 1928/2340/1858 
f 1932/2345/1863 1928/2340/1858 1933/2346/1864 
f 1933/2346/1864 1929/2341/1859 1934/2347/1865 
f 1930/2342/1860 1934/2347/1865 1929/2341/1859 
f 1934/2347/1865 1930/2342/1860 1935/2348/1866 
f 1931/2344/1862 1935/2348/1866 1930/2342/1860 
f 1791/2349/1867 1790/2343/1861 1932/2345/1863 
f 1935/2348/1866 1931/2344/1862 1936/2350/1868 
f 1932/2345/1863 1937/2351/1869 1791/2349/1867 
f 1933/2346/1864 1938/2352/1870 1932/2345/1863 
f 1937/2351/1869 1932/2345/1863 1938/2352/1870 
f 1938/2352/1870 1933/2346/1864 1939/2353/1871 
f 1934/2347/1865 1939/2353/1871 1933/2346/1864 
f 1939/2353/1871 1934/2347/1865 1940/2354/1872 
f 1935/2348/1866 1940/2354/1872 1934/2347/1865 
f 1940/2354/1872 1935/2348/1866 1941/2355/1873 
f 1936/2350/1868 1941/2355/1873 1935/2348/1866 
f 1794/2356/1874 1791/2349/1867 1937/2351/1869 
f 1941/2355/1873 1936/2350/1868 1942/2357/1875 
f 1937/2351/1869 1943/2358/1876 1794/2356/1874 
f 1938/2352/1870 1944/2359/1877 1937/2351/1869 
f 1943/2358/1876 1937/2351/1869 1944/2359/1877 
f 1944/2359/1877 1938/2352/1870 1945/2360/1878 
f 1939/2353/1871 1945/2360/1878 1938/2352/1870 
f 1945/2360/1878 1939/2353/1871 1946/2361/1879 
f 1940/2354/1872 1946/2361/1879 1939/2353/1871 
f 1946/2361/1879 1940/2354/1872 1947/2362/1880 
f 1941/2355/1873 1947/2362/1880 1940/2354/1872 
f 1947/2362/1880 1941/2355/1873 1948/2363/1881 
f 1942/2357/1875 1948/2363/1881 1941/2355/1873 
f 1775/2364/1882 1794/2356/1874 1943/2358/1876 
f 1948/2363/1881 1942/2357/1875 1949/2365/1883 
f 1943/2358/1876 1950/2366/1884 1775/2364/1882 
f 1944/2359/1877 1951/2367/1885 1943/2358/1876 
f 1950/2366/1884 1943/2358/1876 1951/2367/1885 
f 1951/2367/1885 1944/2359/1877 1952/2368/1886 
f 1945/2360/1878 1952/2368/1886 1944/2359/1877 
f 1952/2368/1886 1945/2360/1878 1953/2369/1887 
f 1946/2361/1879 1953/2369/1887 1945/2360/1878 
f 1953/2369/1887 1946/2361/1879 1954/2370/1888 
f 1947/2362/1880 1954/2370/1888 1946/2361/1879 
f 1954/2370/1888 1947/2362/1880 1955/2371/1889 
f 1948/2363/1881 1955/2371/1889 1947/2362/1880 
f 1955/2371/1889 1948/2363/1881 1956/2372/1890 
f 1948/2363/1881 1949/2365/1883 1956/2372/1890 
f 1776/2373/1891 1775/2364/1882 1950/2366/1884 
f 1956/2372/1890 1949/2365/1883 1957/2374/1892 
f 1950/2366/1884 1958/2375/1893 1776/2373/1891 
f 1951/2367/1885 1959/2376/1894 1950/2366/1884 
f 1958/2375/1893 1950/2366/1884 1959/2376/1894 
f 1959/2376/1894 1951/2367/1885 1960/2377/1895 
f 1952/2368/1886 1960/2377/1895 1951/2367/1885 
f 1960/2377/1895 1952/2368/1886 1961/2378/1896 
f 1953/2369/1887 1961/2378/1896 1952/2368/1886 
f 1961/2378/1896 1953/2369/1887 1962/2379/1897 
f 1954/2370/1888 1962/2379/1897 1953/2369/1887 
f 1962/2379/1897 1954/2370/1888 1963/2380/1898 
f 1955/2371/1889 1963/2380/1898 1954/2370/1888 
f 1964/2381/1899 1955/2371/1889 1956/2372/1890 
f 1964/2381/1899 1963/2380/1898 1955/2371/1889 
f 1956/2372/1890 1965/2382/1900 1964/2381/1899 
f 1777/2383/1901 1776/2373/1891 1958/2375/1893 
f 1958/2375/1893 1966/2384/1902 1777/2383/1901 
f 1959/2376/1894 1967/2385/1903 1958/2375/1893 
f 1966/2384/1902 1958/2375/1893 1967/2385/1903 
f 1967/2385/1903 1959/2376/1894 1968/2386/1904 
f 1960/2377/1895 1968/2386/1904 1959/2376/1894 
f 1968/2386/1904 1960/2377/1895 1969/2387/1905 
f 1961/2378/1896 1969/2387/1905 1960/2377/1895 
f 1969/2387/1905 1961/2378/1896 1970/2388/1906 
f 1962/2379/1897 1970/2388/1906 1961/2378/1896 
f 1970/2388/1906 1962/2379/1897 1971/2389/1907 
f 1963/2380/1898 1971/2389/1907 1962/2379/1897 
f 1972/2390/1908 1971/2389/1907 1963/2380/1898 
f 1963/2380/1898 1964/2381/1899 1972/2390/1908 
f 1964/2381/1899 1973/2391/1909 1972/2390/1908 
f 1795/2392/1910 1777/2383/1901 1966/2384/1902 
f 1966/2384/1902 1974/2393/1911 1795/2392/1910 
f 1967/2385/1903 1975/2394/1912 1966/2384/1902 
f 1974/2393/1911 1966/2384/1902 1975/2394/1912 
f 1975/2394/1912 1967/2385/1903 1976/2395/1913 
f 1968/2386/1904 1976/2395/1913 1967/2385/1903 
f 1976/2395/1913 1968/2386/1904 1977/2396/1914 
f 1969/2387/1905 1977/2396/1914 1968/2386/1904 
f 1977/2396/1914 1969/2387/1905 1978/2397/1915 
f 1970/2388/1906 1978/2397/1915 1969/2387/1905 
f 1978/2397/1915 1970/2388/1906 1979/2398/1916 
f 1971/2389/1907 1979/2398/1916 1970/2388/1906 
f 1979/2398/1916 1971/2389/1907 1972/2390/1908 
f 1785/2399/1917 1795/2392/1910 1974/2393/1911 
f 1974/2393/1911 1980/2400/1918 1785/2399/1917 
f 1975/2394/1912 1981/2401/1919 1974/2393/1911 
f 1980/2400/1918 1974/2393/1911 1981/2401/1919 
f 1981/2401/1919 1975/2394/1912 1982/2402/1920 
f 1976/2395/1913 1982/2402/1920 1975/2394/1912 
f 1982/2402/1920 1976/2395/1913 1983/2403/1921 
f 1977/2396/1914 1983/2403/1921 1976/2395/1913 
f 1983/2403/1921 1977/2396/1914 1984/2404/1922 
f 1978/2397/1915 1984/2404/1922 1977/2396/1914 
f 1984/2404/1922 1978/2397/1915 1985/2405/1923 
f 1979/2398/1916 1985/2405/1923 1978/2397/1915 
f 1786/2406/1833 1785/2399/1917 1980/2400/1918 
f 1980/2400/1918 1986/2407/1924 1786/2406/1833 
f 1981/2401/1919 1987/2408/1925 1980/2400/1918 
f 1986/2407/1924 1980/2400/1918 1987/2408/1925 
f 1987/2408/1925 1981/2401/1919 1988/2409/1926 
f 1982/2402/1920 1988/2409/1926 1981/2401/1919 
f 1988/2409/1926 1982/2402/1920 1989/2410/1927 
f 1983/2403/1921 1989/2410/1927 1982/2402/1920 
f 1989/2410/1927 1983/2403/1921 1990/2411/1928 
f 1984/2404/1922 1990/2411/1928 1983/2403/1921 
f 1990/2411/1928 1984/2404/1922 1991/2412/1929 
f 1985/2405/1923 1991/2412/1929 1984/2404/1922 
f 1787/2413/1930 1786/2406/1833 1986/2407/1924 
f 1986/2407/1924 1992/2414/1931 1787/2413/1930 
f 1992/2414/1931 1986/2407/1924 1993/2415/1932 
f 1987/2408/1925 1993/2415/1932 1986/2407/1924 
f 1993/2415/1932 1987/2408/1925 1994/2416/1933 
f 1988/2409/1926 1994/2416/1933 1987/2408/1925 
f 1994/2416/1933 1988/2409/1926 1995/2417/1934 
f 1989/2410/1927 1995/2417/1934 1988/2409/1926 
f 1995/2417/1934 1989/2410/1927 1996/2418/1935 
f 1990/2411/1928 1996/2418/1935 1989/2410/1927 
f 1996/2418/1935 1990/2411/1928 1997/2419/1936 
f 1991/2412/1929 1997/2419/1936 1990/2411/1928 
f 1792/2420/1937 1787/2413/1930 1992/2414/1931 
f 1992/2414/1931 1998/2421/1938 1792/2420/1937 
f 1993/2415/1932 1999/2422/1939 1992/2414/1931 
f 1998/2421/1938 1992/2414/1931 1999/2422/1939 
f 1994/2416/1933 2000/2423/1940 1993/2415/1932 
f 1999/2422/1939 1993/2415/1932 2000/2423/1940 
f 2000/2423/1940 1994/2416/1933 2001/2424/1941 
f 1995/2417/1934 2001/2424/1941 1994/2416/1933 
f 2001/2424/1941 1995/2417/1934 2002/2425/1942 
f 1996/2418/1935 2002/2425/1942 1995/2417/1934 
f 2002/2425/1942 1996/2418/1935 2003/2426/1943 
f 1997/2419/1936 2003/2426/1943 1996/2418/1935 
f 1780/2427/1944 1792/2420/1937 1998/2421/1938 
f 1998/2421/1938 2004/2428/1945 1780/2427/1944 
f 1999/2422/1939 2005/2429/1946 1998/2421/1938 
f 2004/2428/1945 1998/2421/1938 2005/2429/1946 
f 2005/2429/1946 1999/2422/1939 2006/2430/1947 
f 2000/2423/1940 2006/2430/1947 1999/2422/1939 
f 2001/2424/1941 2007/2431/1948 2000/2423/1940 
f 2006/2430/1947 2000/2423/1940 2007/2431/1948 
f 2007/2431/1948 2001/2424/1941 2008/2432/1949 
f 2002/2425/1942 2008/2432/1949 2001/2424/1941 
f 2008/2432/1949 2002/2425/1942 2009/2433/1950 
f 2003/2426/1943 2009/2433/1950 2002/2425/1942 
f 1781/2434/1849 1780/2427/1944 2004/2428/1945 
f 2004/2428/1945 1922/2435/1850 1781/2434/1849 
f 2005/2429/1946 2010/2436/1951 2004/2428/1945 
f 1922/2435/1850 2004/2428/1945 2010/2436/1951 
f 2010/2436/1951 2005/2429/1946 2011/2437/1952 
f 2006/2430/1947 2011/2437/1952 2005/2429/1946 
f 2011/2437/1952 2006/2430/1947 2012/2438/1953 
f 2007/2431/1948 2012/2438/1953 2006/2430/1947 
f 2008/2432/1949 2013/2439/1954 2007/2431/1948 
f 2012/2438/1953 2007/2431/1948 2013/2439/1954 
f 2013/2439/1954 2008/2432/1949 2014/2440/1955 
f 2009/2433/1950 2014/2440/1955 2008/2432/1949 
f 2010/2436/1951 1924/2441/1853 1922/2435/1850 
f 1924/2441/1853 2010/2436/1951 2015/2442/1956 
f 2011/2437/1952 2015/2442/1956 2010/2436/1951 
f 2015/2442/1956 2011/2437/1952 2016/2443/1957 
f 2012/2438/1953 2016/2443/1957 2011/2437/1952 
f 2016/2443/1957 2012/2438/1953 2017/2444/1958 
f 2013/2439/1954 2017/2444/1958 2012/2438/1953 
f 2014/2440/1955 2018/2445/1959 2013/2439/1954 
f 2017/2444/1958 2013/2439/1954 2018/2445/1959 
f 2019/2446/1960 2018/2445/1959 2014/2440/1955 
f 2020/2447/1961 2014/2440/1955 2009/2433/1950 
f 2014/2440/1955 2020/2447/1961 2019/2446/1960 
f 2018/2445/1959 2021/2448/1962 2017/2444/1958 
f 2021/2448/1962 2018/2445/1959 2019/2446/1960 
f 2017/2444/1958 2022/2449/1963 2016/2443/1957 
f 2022/2449/1963 2017/2444/1958 2021/2448/1962 
f 2016/2443/1957 2023/2450/1964 2015/2442/1956 
f 2023/2450/1964 2016/2443/1957 2022/2449/1963 
f 2015/2442/1956 1927/2451/1857 1924/2441/1853 
f 1927/2451/1857 2015/2442/1956 2023/2450/1964 
f 2021/2448/1962 2024/2452/1965 2022/2449/1963 
f 2019/2446/1960 2025/2453/1966 2021/2448/1962 
f 2024/2452/1965 2021/2448/1962 2025/2453/1966 
f 2022/2449/1963 2026/2454/1967 2023/2450/1964 
f 2026/2454/1967 2022/2449/1963 2024/2452/1965 
f 2023/2450/1964 1931/2455/1862 1927/2451/1857 
f 1931/2455/1862 2023/2450/1964 2026/2454/1967 
f 2020/2447/1961 2027/2456/1968 2019/2446/1960 
f 2019/2446/1960 2028/2457/1969 2025/2453/1966 
f 2024/2452/1965 2029/2458/1970 2026/2454/1967 
f 2025/2453/1966 2030/2459/1971 2024/2452/1965 
f 2029/2458/1970 2024/2452/1965 2030/2459/1971 
f 2026/2454/1967 1936/2460/1868 1931/2455/1862 
f 1936/2460/1868 2026/2454/1967 2029/2458/1970 
f 2025/2453/1966 2031/2461/1972 2030/2459/1971 
f 2029/2458/1970 1942/2462/1875 1936/2460/1868 
f 1949/2463/1883 1942/2462/1875 2029/2458/1970 
f 2029/2458/1970 2030/2459/1971 1949/2463/1883 
f 1949/2463/1883 2030/2459/1971 2032/2464/1973 
f 2033/2465/1974 2034/2466/1975 2035/2467/1976 
f 2033/2465/1974 2035/2467/1976 1985/2405/1923 
f 1985/2405/1923 1979/2398/1916 2033/2465/1974 
f 1972/2390/1908 2033/2465/1974 1979/2398/1916 
f 1972/2390/1908 2036/2468/1977 2033/2465/1974 
f 1991/2412/1929 1985/2405/1923 2035/2467/1976 
f 1991/2412/1929 2035/2467/1976 2037/2469/1978 
f 2037/2469/1978 2035/2467/1976 2038/2470/1979 
f 2037/2469/1978 1997/2419/1936 1991/2412/1929 
f 2003/2426/1943 1997/2419/1936 2037/2469/1978 
f 2003/2426/1943 2037/2469/1978 2039/2471/1980 
f 2040/2472/1981 2039/2471/1980 2037/2469/1978 
f 2009/2433/1950 2003/2426/1943 2039/2471/1980 
f 2020/2447/1961 2009/2433/1950 2039/2471/1980 
f 2039/2471/1980 2041/2473/1982 2020/2447/1961 
f 2042/2474/1983 2043/2475/1984 2044/2476/1985 
f 2044/2476/1985 2043/2475/1984 1784/2477/1986 
f 1778/2478/1987 1784/2477/1986 2043/2475/1984 
f 2043/2475/1984 2045/2479/1988 1778/2478/1987 
f 2043/2475/1984 2046/2480/1989 2045/2479/1988 
f 1784/2477/1986 1783/2481/1990 2044/2476/1985 
f 1773/2482/1991 1778/2478/1987 2045/2479/1988 
f 2047/2483/1992 2044/2476/1985 1783/2481/1990 
f 2048/2484/1993 2044/2476/1985 2047/2483/1992 
f 1783/2481/1990 1788/2485/1994 2047/2483/1992 
f 2045/2479/1988 2049/2486/1995 1773/2482/1991 
f 2045/2479/1988 2050/2487/1996 2049/2486/1995 
f 1774/2488/1997 1773/2482/1991 2049/2486/1995 
f 2051/2489/1998 2047/2483/1992 1788/2485/1994 
f 2052/2490/1999 2047/2483/1992 2051/2489/1998 
f 1788/2485/1994 1779/2491/2000 2051/2489/1998 
f 2049/2486/1995 2053/2492/2001 1774/2488/1997 
f 2049/2486/1995 2054/2493/2002 2053/2492/2001 
f 1760/2289/1834 1774/2488/1997 2053/2492/2001 
f 1771/2494/1845 2051/2489/1998 1779/2491/2000 
f 2055/2495/2003 2051/2489/1998 1771/2494/1845 
f 1779/2491/2000 1770/2496/1844 1771/2494/1845 
f 2053/2492/2001 1761/2290/1835 1760/2289/1834 
f 2053/2492/2001 2056/2497/2004 1761/2290/1835 
f 1831/2463/1883 1920/2459/1971 2057/2464/1973 
f 2058/2465/1974 2059/2466/1975 2060/2467/1976 
f 2058/2465/1974 2060/2467/1976 1871/2405/1923 
f 1871/2405/1923 1864/2398/1916 2058/2465/1974 
f 1856/2390/1908 2058/2465/1974 1864/2398/1916 
f 1856/2390/1908 2061/2468/1977 2058/2465/1974 
f 1878/2412/1929 1871/2405/1923 2060/2467/1976 
f 1878/2412/1929 2060/2467/1976 2062/2469/1978 
f 2062/2469/1978 2060/2467/1976 2063/2470/1979 
f 2062/2469/1978 1885/2419/1936 1878/2412/1929 
f 1892/2426/1943 1885/2419/1936 2062/2469/1978 
f 1892/2426/1943 2062/2469/1978 2064/2471/1980 
f 2065/2472/1981 2064/2471/1980 2062/2469/1978 
f 1899/2433/1950 1892/2426/1943 2064/2471/1980 
f 1910/2447/1961 1899/2433/1950 2064/2471/1980 
f 2064/2471/1980 2066/2473/1982 1910/2447/1961 
f 2067/2474/1983 2068/2475/1984 2069/2476/1985 
f 2069/2476/1985 2068/2475/1984 2070/2477/1986 
f 2071/2478/1987 2070/2477/1986 2068/2475/1984 
f 2068/2475/1984 2072/2479/1988 2071/2478/1987 
f 2068/2475/1984 2073/2480/1989 2072/2479/1988 
f 2070/2477/1986 2074/2481/1990 2069/2476/1985 
f 2075/2482/1991 2071/2478/1987 2072/2479/1988 
f 2076/2483/1992 2069/2476/1985 2074/2481/1990 
f 2077/2484/1993 2069/2476/1985 2076/2483/1992 
f 2074/2481/1990 2078/2485/1994 2076/2483/1992 
f 2072/2479/1988 2079/2486/1995 2075/2482/1991 
f 2072/2479/1988 2080/2487/1996 2079/2486/1995 
f 2081/2488/1997 2075/2482/1991 2079/2486/1995 
f 2082/2489/1998 2076/2483/1992 2078/2485/1994 
f 2083/2490/1999 2076/2483/1992 2082/2489/1998 
f 2078/2485/1994 2084/2491/2000 2082/2489/1998 
f 2079/2486/1995 2085/2492/2001 2081/2488/1997 
f 2079/2486/1995 2086/2493/2002 2085/2492/2001 
f 2087/2289/1834 2081/2488/1997 2085/2492/2001 
f 2088/2494/1845 2082/2489/1998 2084/2491/2000 
f 2089/2495/2003 2082/2489/1998 2088/2494/1845 
f 2084/2491/2000 2090/2496/1844 2088/2494/1845 
f 2085/2492/2001 2091/2290/1835 2087/2289/1834 
f 2085/2492/2001 2092/2497/2004 2091/2290/1835 
f 2093/2288/1833 2087/2289/1834 2091/2290/1835 
f 2091/2290/1835 2094/2291/1836 2093/2288/1833 
f 2091/2290/1835 2095/2292/1837 2094/2291/1836 
f 2096/2293/1838 2093/2288/1833 2094/2291/1836 
f 2094/2291/1836 2097/2294/1839 2096/2293/1838 
f 2098/2295/1840 2097/2294/1839 2094/2291/1836 
f 2099/2296/1841 2096/2293/1838 2097/2294/1839 
f 2097/2294/1839 2100/2297/1842 2099/2296/1841 
f 2101/2298/1843 2100/2297/1842 2097/2294/1839 
f 2090/2299/1844 2099/2296/1841 2100/2297/1842 
f 2100/2297/1842 2088/2300/1845 2090/2299/1844 
f 2102/2301/1846 2088/2300/1845 2100/2297/1842 
f 2075/2302/1847 2081/2303/1847 1830/2304/1847 
f 1830/2304/1847 1839/2305/1847 2075/2302/1847 
f 2075/2302/1847 1839/2305/1847 1849/2306/1847 
f 1849/2306/1847 2071/2307/1847 2075/2302/1847 
f 2090/2308/1847 2084/2309/1847 1893/2310/1847 
f 1893/2310/1847 1797/2311/1847 2090/2308/1847 
f 2090/2308/1847 1797/2311/1847 1796/2312/1847 
f 1796/2312/1847 2099/2313/1847 2090/2308/1847 
f 2074/2314/1847 2070/2315/1847 1865/2316/1847 
f 1865/2316/1847 1872/2317/1847 2074/2314/1847 
f 2074/2314/1847 1872/2317/1847 1879/2318/1847 
f 1879/2318/1847 2078/2319/1847 2074/2314/1847 
f 2093/2320/1847 2096/2321/1847 1804/2322/1847 
f 1804/2322/1847 1809/2323/1847 2093/2320/1847 
f 2093/2320/1847 1809/2323/1847 1815/2324/1847 
f 1815/2324/1847 2087/2325/1847 2093/2320/1847 
f 1879/2318/1847 1886/2326/1847 2078/2319/1847 
f 1886/2326/1847 2084/2309/1847 2078/2319/1847 
f 1886/2326/1847 1893/2310/1847 2084/2309/1847 
f 1796/2312/1847 1800/2327/1847 2099/2313/1847 
f 1800/2327/1847 2096/2321/1847 2099/2313/1847 
f 1800/2327/1847 1804/2322/1847 2096/2321/1847 
f 1822/2328/1847 1830/2304/1847 2081/2303/1847 
f 2081/2303/1847 2087/2325/1847 1822/2328/1847 
f 1815/2324/1847 1822/2328/1847 2087/2325/1847 
f 1865/2316/1847 2070/2315/1847 1858/2329/1847 
f 2070/2315/1847 2071/2307/1847 1858/2329/1847 
f 1849/2306/1847 1858/2329/1847 2071/2307/1847 
f 2019/2498/2005 2027/2499/2006 2042/2500/2007 
f 2042/2500/2007 2044/2501/2008 2019/2498/2005 
f 2028/2502/2009 2019/2498/2005 2044/2501/2008 
f 2043/2503/2010 2042/2500/2007 2027/2499/2006 
f 2027/2499/2006 2020/2504/2011 2043/2503/2010 
f 2044/2501/2008 2048/2505/2012 2028/2502/2009 
f 2025/2506/2013 2028/2502/2009 2048/2505/2012 
f 2046/2507/2014 2043/2503/2010 2020/2504/2011 
f 2020/2504/2011 2041/2508/2015 2046/2507/2014 
f 2048/2505/2012 2047/2509/2016 2025/2506/2013 
f 2031/2510/2017 2025/2506/2013 2047/2509/2016 
f 2045/2511/2018 2046/2507/2014 2041/2508/2015 
f 2041/2508/2015 2039/2512/2019 2045/2511/2018 
f 2047/2509/2016 2052/2513/2020 2031/2510/2017 
f 2030/2514/2021 2031/2510/2017 2052/2513/2020 
f 2050/2515/2022 2045/2511/2018 2039/2512/2019 
f 2039/2512/2019 2040/2516/2023 2050/2515/2022 
f 2052/2513/2020 2051/2517/2024 2030/2514/2021 
f 2032/2518/2025 2030/2514/2021 2051/2517/2024 
f 2049/2519/2026 2050/2515/2022 2040/2516/2023 
f 2040/2516/2023 2037/2520/2027 2049/2519/2026 
f 2051/2517/2024 2055/2521/2028 2032/2518/2025 
f 1949/2522/2029 2032/2518/2025 2055/2521/2028 
f 2054/2523/2030 2049/2519/2026 2037/2520/2027 
f 2037/2520/2027 2038/2524/2031 2054/2523/2030 
f 2055/2521/2028 1771/2525/2032 1949/2522/2029 
f 1957/2526/2033 1949/2522/2029 1771/2525/2032 
f 2053/2527/2034 2054/2523/2030 2038/2524/2031 
f 2038/2524/2031 2035/2528/2035 2053/2527/2034 
f 1771/2525/2032 1772/2529/2036 1957/2526/2033 
f 1956/2530/2037 1957/2526/2033 1772/2529/2036 
f 2056/2531/2038 2053/2527/2034 2035/2528/2035 
f 2035/2528/2035 2034/2532/2039 2056/2531/2038 
f 1772/2529/2036 1768/2533/2040 1956/2530/2037 
f 1965/2534/2041 1956/2530/2037 1768/2533/2040 
f 1761/2535/2042 2056/2531/2038 2034/2532/2039 
f 2034/2532/2039 2033/2536/2043 1761/2535/2042 
f 1768/2533/2040 1769/2537/2044 1965/2534/2041 
f 1964/2538/2045 1965/2534/2041 1769/2537/2044 
f 1763/2539/2046 1761/2535/2042 2033/2536/2043 
f 2033/2536/2043 2036/2540/2047 1763/2539/2046 
f 1769/2537/2044 1765/2541/2048 1964/2538/2045 
f 1973/2542/2049 1964/2538/2045 1765/2541/2048 
f 1762/2543/2050 1763/2539/2046 2036/2540/2047 
f 2036/2540/2047 1972/2544/2051 1762/2543/2050 
f 1972/2544/2051 1973/2542/2049 1766/2545/2052 
f 1765/2541/2048 1766/2545/2052 1973/2542/2049 
f 1766/2545/2052 1762/2543/2050 1972/2544/2051 
f 1909/2498/2005 1917/2499/2006 2067/2500/2007 
f 2067/2500/2007 2069/2501/2008 1909/2498/2005 
f 1918/2502/2009 1909/2498/2005 2069/2501/2008 
f 2068/2503/2010 2067/2500/2007 1917/2499/2006 
f 1917/2499/2006 1910/2504/2011 2068/2503/2010 
f 2069/2501/2008 2077/2505/2012 1918/2502/2009 
f 1915/2506/2013 1918/2502/2009 2077/2505/2012 
f 2073/2507/2014 2068/2503/2010 1910/2504/2011 
f 1910/2504/2011 2066/2508/2015 2073/2507/2014 
f 2077/2505/2012 2076/2509/2016 1915/2506/2013 
f 1921/2510/2017 1915/2506/2013 2076/2509/2016 
f 2072/2511/2018 2073/2507/2014 2066/2508/2015 
f 2066/2508/2015 2064/2512/2019 2072/2511/2018 
f 2076/2509/2016 2083/2513/2020 1921/2510/2017 
f 1920/2514/2021 1921/2510/2017 2083/2513/2020 
f 2080/2515/2022 2072/2511/2018 2064/2512/2019 
f 2064/2512/2019 2065/2516/2023 2080/2515/2022 
f 2083/2513/2020 2082/2517/2024 1920/2514/2021 
f 2057/2518/2025 1920/2514/2021 2082/2517/2024 
f 2079/2519/2026 2080/2515/2022 2065/2516/2023 
f 2065/2516/2023 2062/2520/2027 2079/2519/2026 
f 2082/2517/2024 2089/2521/2028 2057/2518/2025 
f 1831/2522/2029 2057/2518/2025 2089/2521/2028 
f 2086/2523/2030 2079/2519/2026 2062/2520/2027 
f 2062/2520/2027 2063/2524/2031 2086/2523/2030 
f 2089/2521/2028 2088/2525/2032 1831/2522/2029 
f 1840/2526/2033 1831/2522/2029 2088/2525/2032 
f 2085/2527/2034 2086/2523/2030 2063/2524/2031 
f 2063/2524/2031 2060/2528/2035 2085/2527/2034 
f 2088/2525/2032 2102/2529/2036 1840/2526/2033 
f 1838/2530/2037 1840/2526/2033 2102/2529/2036 
f 2092/2531/2038 2085/2527/2034 2060/2528/2035 
f 2060/2528/2035 2059/2532/2039 2092/2531/2038 
f 2102/2529/2036 2100/2533/2040 1838/2530/2037 
f 1848/2534/2041 1838/2530/2037 2100/2533/2040 
f 2091/2535/2042 2092/2531/2038 2059/2532/2039 
f 2059/2532/2039 2058/2536/2043 2091/2535/2042 
f 2100/2533/2040 2101/2537/2044 1848/2534/2041 
f 1847/2538/2045 1848/2534/2041 2101/2537/2044 
f 2095/2539/2046 2091/2535/2042 2058/2536/2043 
f 2058/2536/2043 2061/2540/2047 2095/2539/2046 
f 2101/2537/2044 2097/2541/2048 1847/2538/2045 
f 1857/2542/2049 1847/2538/2045 2097/2541/2048 
f 2094/2543/2050 2095/2539/2046 2061/2540/2047 
f 2061/2540/2047 1856/2544/2051 2094/2543/2050 
f 1856/2544/2051 1857/2542/2049 2098/2545/2052 
f 2097/2541/2048 2098/2545/2052 1857/2542/2049 
f 2098/2545/2052 2094/2543/2050 1856/2544/2051 
# 0 polygons - 688 triangles

