# Blender 5.1.2
# www.blender.org
o Gatekeeper_Soldiers
v -0.004706 0.060940 0.004932
v -0.006692 0.062160 0.003691
v -0.005023 0.063981 0.003792
v -0.006985 0.062562 -0.000630
v -0.004022 0.064752 -0.000785
v -0.005575 0.061349 -0.002507
v -0.000174 0.063930 -0.003908
v -0.000402 0.057702 -0.006297
v 0.004449 0.064601 -0.001325
v 0.003019 0.057659 -0.005612
v 0.005742 0.061141 -0.003290
v 0.005085 0.059095 -0.002686
v 0.005184 0.058738 -0.002072
v 0.005728 0.057387 0.000525
v 0.005198 0.058653 0.003111
v 0.005041 0.058856 0.003667
v 0.005185 0.060972 0.004331
v 0.003951 0.057233 0.006483
v 0.005821 0.064014 0.003255
v 0.000675 0.057210 0.007685
v -0.004713 0.059064 -0.001353
v -0.004959 0.059238 -0.001859
v -0.003679 0.057680 -0.005095
v 0.005897 0.065301 -0.001815
v 0.006404 0.064747 0.003624
v 0.003653 0.059618 0.008228
v 0.000907 0.057254 0.010346
v -0.002308 0.059645 0.008701
v 0.000918 0.059480 0.010741
v -0.002474 0.061251 0.008641
v 0.000822 0.062514 0.009394
v -0.005766 0.064766 0.003982
v -0.005562 0.065348 -0.001512
v 0.007688 0.057306 -0.002052
v 0.005581 0.056396 -0.001107
v 0.012804 0.044786 0.000545
v 0.009316 0.044374 0.001181
v 0.013272 0.042262 0.001886
v 0.009591 0.041960 0.002271
v 0.014693 0.030392 0.008757
v 0.012009 0.029705 0.008439
v 0.008769 0.035261 0.015327
v 0.007439 0.033177 0.013396
v 0.009445 0.045197 0.009052
v 0.007384 0.043639 0.006326
v 0.009426 0.047443 0.007782
v 0.007438 0.045901 0.005249
v 0.007188 0.058298 0.004956
v 0.005342 0.056992 0.003815
v 0.016316 0.031923 0.012192
v 0.014998 0.043678 0.004410
v 0.014695 0.046194 0.002946
v 0.009569 0.058605 -0.000349
v 0.007727 0.062140 -0.001143
v 0.007181 0.062292 0.003279
v 0.012237 0.034808 0.015702
v 0.012767 0.045363 0.008595
v 0.012798 0.047673 0.007188
v 0.009179 0.059203 0.003747
v 0.008302 0.039985 -0.000929
v 0.011761 0.029365 0.008129
v 0.013399 0.040691 -0.000826
v 0.014750 0.030268 0.008599
v 0.018202 0.042667 0.003840
v 0.016761 0.032130 0.012360
v 0.014506 0.046421 0.012032
v 0.012598 0.035131 0.016033
v 0.007575 0.047549 0.013918
v 0.008045 0.035735 0.016063
v 0.003050 0.045056 0.010265
v 0.006372 0.033390 0.013809
v 0.015960 0.035427 0.012448
v 0.014111 0.034872 0.011895
v 0.017277 0.034017 0.009779
v 0.015594 0.033381 0.008947
v 0.017603 0.032885 0.011774
v 0.016239 0.031972 0.010996
v 0.015743 0.034487 0.013966
v 0.014021 0.033780 0.013366
v -0.000162 0.064763 -0.004895
v -0.002747 0.057254 0.007001
v -0.004338 0.058868 0.004424
v -0.004352 0.058582 0.003848
v -0.004971 0.057463 0.001352
v 0.003701 0.061230 0.008133
v 0.010653 0.043687 0.006446
v 0.017546 0.030443 0.014365
v 0.012424 0.033332 0.018156
v 0.006930 0.033882 0.018670
v 0.005185 0.032143 0.015753
v 0.007500 0.029816 0.013680
v 0.003364 0.027167 0.017936
v 0.007287 0.027328 0.017655
v 0.002312 0.023906 0.019489
v 0.004677 0.022715 0.019558
v 0.003198 0.022994 0.020891
v 0.004719 0.023160 0.022061
v 0.002371 0.024369 0.021982
v 0.007443 0.028320 0.020467
v 0.003832 0.028590 0.021135
v 0.007538 0.028513 0.019212
v 0.007780 0.028521 0.021655
v 0.005953 0.025896 0.020875
v 0.005424 0.025536 0.022769
v 0.003715 0.024309 0.015888
v 0.002492 0.023095 0.016926
v 0.005868 0.022066 0.013198
v 0.004737 0.020325 0.013586
v 0.009047 0.019936 0.011691
v 0.008736 0.017979 0.012010
v 0.014064 0.019538 0.014723
v 0.015523 0.018189 0.015561
v 0.015747 0.023161 0.013854
v 0.017664 0.022286 0.014927
v 0.013220 0.026664 0.009437
v 0.016465 0.028104 0.010744
v 0.010488 0.027950 0.014358
v 0.011261 0.026812 0.022935
v 0.016939 0.023152 0.019164
v 0.010865 0.027769 0.011226
v 0.013774 0.018436 0.019254
v 0.008275 0.022547 0.023130
v 0.008051 0.016930 0.013561
v 0.004651 0.018331 0.015544
v 0.002721 0.021303 0.017761
v -0.006794 0.057502 0.004716
v -0.004688 0.056580 0.003707
v -0.004390 0.057050 -0.001254
v -0.006375 0.058116 -0.002339
v -0.008708 0.058606 0.003350
v -0.008506 0.058968 -0.000748
v -0.010427 0.045251 -0.003856
v -0.007103 0.044929 -0.002511
v -0.006331 0.045379 0.002192
v -0.009083 0.045958 0.004457
v -0.008569 0.031736 0.008042
v -0.009177 0.043377 0.004960
v -0.006478 0.030633 0.005824
v -0.006299 0.042842 0.002586
v -0.009967 0.029064 -0.000694
v -0.007243 0.042323 -0.002199
v -0.012657 0.029406 -0.000682
v -0.010765 0.042500 -0.003475
v -0.012208 0.046150 0.003136
v -0.012956 0.045803 -0.001682
v -0.012277 0.043502 0.003696
v -0.013218 0.043014 -0.001214
v -0.015011 0.029223 0.002576
v -0.011974 0.030819 0.007505
v -0.015987 0.042068 -0.002976
v -0.015501 0.029285 0.002709
v -0.009977 0.041831 -0.006486
v -0.012653 0.029357 -0.000889
v -0.004941 0.041492 -0.005387
v -0.009599 0.028938 -0.001056
v -0.003344 0.043212 0.007775
v -0.005537 0.030714 0.006519
v -0.008933 0.044222 0.010574
v -0.008096 0.031931 0.009043
v -0.014961 0.043353 0.006606
v -0.012446 0.030943 0.007819
v -0.013076 0.032368 0.003478
v -0.015103 0.032516 0.003709
v -0.013804 0.031790 0.000173
v -0.015634 0.032000 0.000688
v -0.014750 0.029775 0.001556
v -0.016286 0.030149 0.002275
v -0.013222 0.030623 0.004764
v -0.015072 0.030886 0.005098
v -0.009497 0.042661 0.001815
v -0.016347 0.026810 0.003712
v -0.014397 0.026550 -0.000187
v -0.010788 0.026198 -0.001277
v -0.015553 0.020220 0.000633
v -0.013508 0.021132 0.000698
v -0.013345 0.016292 -0.000273
v -0.011608 0.017733 -0.000040
v -0.006048 0.015492 -0.001286
v -0.006104 0.017446 -0.000833
v -0.002652 0.016276 0.002152
v -0.003481 0.018209 0.002237
v -0.001462 0.017079 0.006824
v -0.002188 0.018802 0.006095
v -0.005839 0.018531 0.011842
v -0.005530 0.019671 0.010129
v -0.008043 0.022516 0.011957
v -0.007376 0.021921 0.008996
v -0.007100 0.022956 0.010803
v -0.006660 0.023532 0.008082
v -0.004755 0.017888 0.010612
v -0.005062 0.018294 0.008115
v -0.003428 0.018078 0.009246
v -0.002662 0.019393 0.008083
v -0.002357 0.019008 0.010578
v -0.003367 0.023037 0.008051
v -0.003317 0.023171 0.011538
v -0.004521 0.028658 0.008118
v -0.007107 0.029222 0.010985
v -0.008885 0.025399 0.004037
v -0.008844 0.026557 0.001189
v -0.006024 0.027334 0.004817
v -0.012381 0.028381 0.009132
v -0.016104 0.019417 0.004765
v -0.011830 0.020598 0.011094
v -0.013274 0.014851 0.003707
v -0.009086 0.016103 0.010272
v -0.005998 0.013814 -0.000183
v -0.003349 0.013694 0.003045
v -0.002082 0.015170 0.006745
v 0.009169 0.019660 0.008617
v 0.013160 0.022360 0.003749
v 0.007832 0.014488 0.001198
v 0.010993 0.017171 -0.002515
v 0.008473 0.011332 0.000661
v 0.012419 0.011747 -0.001798
v 0.013066 0.010789 0.002023
v 0.016341 0.007528 0.003233
v 0.012668 0.010625 0.005728
v 0.015473 0.008669 0.007506
v 0.010845 0.009132 0.010404
v 0.017359 0.004368 0.008514
v 0.011053 0.004856 0.012268
v 0.016444 0.000358 0.007617
v 0.010597 0.000379 0.011295
v 0.004167 0.000373 0.010396
v 0.004196 0.005085 0.011488
v 0.005840 0.009114 0.009787
v 0.007784 0.010797 0.007141
v 0.003184 0.008047 0.006838
v 0.005654 0.011159 0.004323
v 0.003352 0.012269 0.000966
v 0.002905 0.016680 -0.000771
v 0.017910 0.004242 0.001471
v 0.017067 0.001280 0.000373
v 0.001231 0.001229 0.004138
v 0.001399 0.004965 0.005785
v 0.010001 0.013537 -0.011432
v 0.009301 0.010266 -0.012784
v 0.000356 0.010259 -0.010519
v 0.000725 0.013908 -0.008833
v 0.002056 0.015104 -0.005579
v 0.005788 0.016593 -0.009169
v 0.006146 0.020110 -0.005054
v 0.010252 0.014713 -0.007902
v 0.005026 0.014803 -0.011642
v 0.004480 0.011291 -0.013235
v 0.009786 0.020556 0.003943
v 0.009517 0.019726 0.002652
v 0.010943 0.019366 0.005116
v 0.010672 0.018488 0.003779
v 0.008942 0.017735 0.007269
v 0.008710 0.016850 0.006155
v 0.006096 0.019464 0.006386
v 0.005822 0.018548 0.005010
v 0.006572 0.020603 0.004941
v 0.006244 0.019818 0.003304
v 0.008618 0.019064 0.006119
v 0.008324 0.018193 0.004619
v 0.009133 0.018809 0.000833
v 0.008823 0.017969 -0.000688
v 0.010291 0.017581 0.001950
v 0.010038 0.016767 0.000743
v 0.008335 0.016024 0.004318
v 0.008110 0.015219 0.003263
v 0.005457 0.017606 0.003263
v 0.005208 0.016790 0.002077
v 0.005898 0.018844 0.001697
v 0.005628 0.018015 0.000406
v 0.007992 0.017232 0.003080
v 0.007707 0.016500 0.001683
v 0.011089 0.021809 0.004536
v 0.008861 0.020621 0.007834
v -0.002210 0.019336 0.001968
v -0.000512 0.020009 0.001764
v -0.005663 0.019007 0.005523
v -0.005613 0.019083 0.007033
v -0.008586 0.018498 0.002060
v -0.010775 0.018719 0.001992
v -0.008725 0.011843 0.000040
v -0.004457 0.011577 0.003922
v -0.009582 0.008434 0.004038
v -0.005073 0.008887 0.005390
v -0.009035 0.009907 0.008531
v -0.001307 0.010270 0.008206
v -0.007569 0.011294 0.013016
v -0.002491 0.011537 0.012822
v -0.004589 0.010041 0.018775
v 0.000106 0.010015 0.016582
v -0.004316 0.005804 0.021192
v 0.002132 0.005899 0.018612
v -0.004102 0.001310 0.020601
v 0.001894 0.001089 0.018084
v -0.010687 0.001139 0.018563
v 0.003068 0.000642 0.010986
v -0.013192 0.000726 0.011673
v -0.000587 0.000727 -0.005792
v -0.009801 0.000798 -0.005357
v -0.005349 0.000776 -0.007476
v -0.010169 0.004269 -0.005669
v -0.005507 0.004546 -0.007769
v -0.009400 0.007055 -0.003270
v -0.005560 0.007339 -0.006437
v -0.004972 0.012251 -0.004985
v -0.011360 0.005246 0.019147
v -0.009797 0.009535 0.016959
v -0.011759 0.007753 0.012408
v -0.000459 0.011670 -0.000352
v -0.000901 0.007488 -0.003683
v -0.000150 0.008879 0.003617
v -0.000552 0.004667 -0.006122
v 0.003319 0.004822 0.011296
v 0.001866 0.008362 0.011844
v -0.013728 0.004054 0.012034
v -0.003687 0.017981 0.002463
v -0.003458 0.016646 0.001929
v -0.002811 0.017822 0.004430
v -0.002549 0.016471 0.003856
v -0.005196 0.017099 0.006955
v -0.004975 0.015782 0.006502
v -0.007832 0.017119 0.004588
v -0.007564 0.015816 0.004036
v -0.007097 0.017501 0.002640
v -0.006821 0.016211 0.002034
v -0.005319 0.017389 0.005087
v -0.004989 0.016098 0.004421
v -0.003188 0.014989 0.001074
v -0.002954 0.013654 0.000460
v -0.002249 0.014822 0.002966
v -0.002066 0.013532 0.002482
v -0.004598 0.014280 0.005529
v -0.004437 0.013074 0.005112
v -0.007257 0.014287 0.003169
v -0.007052 0.013132 0.002663
v -0.006561 0.014616 0.001241
v -0.006330 0.013400 0.000662
v -0.004730 0.014504 0.003641
v -0.004487 0.013328 0.003040
v -0.000639 0.041371 -0.009685
v -0.000555 0.045212 -0.009208
v -0.006123 0.041478 -0.008029
v -0.005563 0.045299 -0.007608
v -0.009947 0.041345 -0.002944
v -0.009233 0.045298 -0.002711
v -0.010411 0.041376 0.004878
v -0.009581 0.045163 0.005031
v -0.005529 0.041180 0.009544
v -0.004650 0.044912 0.009603
v 0.000319 0.041013 0.010581
v 0.000517 0.044781 0.010657
v 0.006045 0.040892 0.008989
v 0.005523 0.044717 0.009036
v 0.010347 0.040956 0.003858
v 0.009863 0.044710 0.004056
v 0.009222 0.040870 -0.003838
v 0.008748 0.044879 -0.003613
v 0.004979 0.041207 -0.008555
v 0.004588 0.045073 -0.008131
v 0.006507 0.037808 0.007407
v 0.010731 0.034785 0.001882
v 0.007324 0.034371 0.005666
v 0.010737 0.026351 0.005049
v 0.008551 0.027576 0.008516
v 0.011155 0.022983 0.005966
v 0.008906 0.021716 0.008558
v 0.007601 0.023245 0.002504
v 0.007857 0.023597 0.004154
v 0.007672 0.024841 0.002415
v 0.006411 0.031298 -0.003734
v 0.010400 0.033785 -0.001605
v 0.005639 0.036613 -0.007311
v -0.006469 0.037632 0.008214
v 0.000110 0.037251 0.009185
v -0.001971 0.033684 0.004989
v -0.000045 0.033714 0.004889
v -0.001915 0.032787 -0.002950
v -0.000178 0.032747 -0.002167
v -0.000638 0.037477 -0.008361
v 0.001540 0.032403 -0.002571
v 0.001908 0.034041 0.005088
v -0.006728 0.037326 -0.006870
v 0.002339 0.032880 0.004010
v 0.002065 0.031658 -0.000351
v 0.004664 0.026087 0.006076
v 0.005126 0.022809 0.007134
v 0.004864 0.021676 0.005853
v 0.002759 0.040815 0.010027
v -0.002178 0.040946 0.010264
v 0.003277 0.040390 0.010695
v -0.002647 0.040545 0.010980
v 0.002831 0.040788 0.011422
v -0.002108 0.040919 0.011661
v 0.002315 0.041214 0.010755
v -0.001634 0.041317 0.010945
v 0.002465 0.044385 0.010791
v 0.002963 0.044777 0.010061
v -0.001489 0.044478 0.011003
v -0.001973 0.044880 0.010339
v 0.003495 0.045154 0.010745
v -0.002430 0.045281 0.011075
v -0.001919 0.044863 0.011737
v 0.003020 0.044753 0.011466
v 0.003152 0.022063 0.005972
v 0.007341 0.025002 0.001355
v -0.005714 0.019086 -0.001547
v -0.005901 0.019984 -0.003167
v -0.006809 0.032315 -0.004399
v -0.002142 0.031953 -0.001017
v -0.002244 0.032509 0.003568
v -0.007204 0.033196 0.005804
v -0.003062 0.025225 0.002241
v -0.006749 0.025344 0.005545
v -0.002492 0.021002 0.002425
v -0.005804 0.020097 0.005604
v -0.005781 0.021007 -0.000970
v -0.006239 0.024595 -0.001469
v -0.008645 0.020280 0.002386
v -0.009123 0.024799 0.001928
v -0.010951 0.034285 0.002449
v -0.010797 0.033976 -0.001326
v 0.002718 0.048875 0.008062
v 0.000910 0.048881 0.008580
v 0.001869 0.047255 0.008632
v 0.001450 0.049236 0.010384
v 0.002401 0.047614 0.010437
v 0.003486 0.049350 0.010498
v 0.004242 0.047595 0.009907
v 0.005128 0.049208 0.009315
v 0.003706 0.047235 0.008108
v 0.004591 0.048849 0.007514
v -0.000490 0.051720 -0.007821
v -0.004608 0.051727 -0.006414
v 0.003782 0.051644 -0.006990
v 0.007498 0.051487 -0.003427
v 0.008590 0.051263 0.003907
v 0.004810 0.051193 0.007921
v 0.000695 0.051195 0.009333
v -0.003575 0.051265 0.008509
v -0.007908 0.051439 0.005022
v -0.007805 0.051651 -0.002394
v 0.001822 0.050478 0.007986
v 0.002344 0.050839 0.009797
v 0.004178 0.050833 0.009256
v 0.003656 0.050475 0.007443
v 0.000169 0.067877 -0.001996
v -0.003127 0.067668 0.001192
v 0.000374 0.067594 0.004148
v 0.000240 0.054237 0.007223
v 0.001073 0.055866 0.006653
v 0.000778 0.054592 0.009027
v 0.001622 0.056216 0.008456
v 0.002813 0.054722 0.009121
v 0.003455 0.056224 0.007895
v 0.004451 0.054600 0.007912
v 0.002907 0.055875 0.006092
v 0.003907 0.054249 0.006108
v 0.001223 0.052619 0.007243
v 0.001769 0.052970 0.009045
v 0.003057 0.052620 0.006691
v 0.003606 0.052971 0.008492
v -0.004564 0.054318 0.005639
v -0.003624 0.055927 0.005756
v -0.005359 0.054691 0.007399
v -0.004309 0.056284 0.007497
v -0.003861 0.054785 0.008764
v -0.002552 0.056248 0.008228
v -0.001833 0.054617 0.008863
v -0.001847 0.055889 0.006482
v -0.001129 0.054257 0.007120
v -0.003956 0.052702 0.006300
v -0.004661 0.053061 0.008042
v -0.002179 0.052657 0.007034
v -0.002887 0.053020 0.008775
v -0.005505 0.049004 0.007067
v -0.004421 0.050575 0.007165
v -0.006243 0.049398 0.008794
v -0.005154 0.050960 0.008897
v -0.004727 0.049477 0.010171
v -0.003380 0.050912 0.009639
v -0.002704 0.049297 0.010291
v -0.002646 0.050529 0.007903
v -0.001997 0.048928 0.008557
v -0.004841 0.047399 0.007716
v -0.005559 0.047775 0.009449
v -0.003078 0.047347 0.008471
v -0.003794 0.047723 0.010202
v 0.003608 0.067679 0.001049
v 0.000181 0.067212 -0.001326
v 0.002995 0.067040 0.001039
v -0.002512 0.067031 0.001155
v 0.000311 0.066957 0.003453
v -0.019986 0.084183 0.006637
v -0.022007 0.085030 0.003579
v -0.020016 0.089051 0.006038
v -0.022022 0.087464 0.003279
v -0.020085 0.092070 0.002172
v -0.022057 0.088973 0.001346
v -0.020153 0.091469 -0.002696
v -0.022091 0.088673 -0.001088
v -0.020180 0.087603 -0.005714
v -0.022104 0.086739 -0.002597
v -0.020150 0.082735 -0.005114
v -0.022089 0.084306 -0.002297
v -0.020081 0.079717 -0.001248
v -0.022054 0.082797 -0.000365
v -0.020013 0.080317 0.003620
v -0.022020 0.083096 0.002069
v 0.020304 0.082911 -0.005701
v 0.013396 0.082881 -0.005601
v 0.020373 0.079894 -0.001834
v 0.013466 0.079864 -0.001734
v 0.020441 0.080493 0.003033
v 0.013533 0.080463 0.003133
v 0.020468 0.084359 0.006051
v 0.013560 0.084329 0.006151
v 0.020438 0.089227 0.005452
v 0.013531 0.089197 0.005552
v 0.020369 0.092246 0.001585
v 0.013461 0.092216 0.001685
v 0.020301 0.091646 -0.003282
v 0.013393 0.091615 -0.003182
v 0.020274 0.087779 -0.006300
v 0.013366 0.087749 -0.006200
v -0.013243 0.082765 -0.005214
v -0.013273 0.087633 -0.005814
v -0.013246 0.091499 -0.002796
v -0.013178 0.092100 0.002072
v -0.013108 0.089081 0.005938
v -0.013079 0.084213 0.006537
v -0.013105 0.080347 0.003520
v -0.013173 0.079748 -0.001348
v 0.022310 0.084499 -0.002941
v 0.022295 0.086933 -0.003240
v 0.022308 0.088866 -0.001732
v 0.022342 0.089166 0.000702
v 0.022377 0.087658 0.002635
v 0.022392 0.085223 0.002935
v 0.022378 0.083290 0.001426
v 0.022344 0.082990 -0.001009
v -0.022056 0.085885 0.000491
v 0.022343 0.086078 -0.000153
v 0.006381 0.089284 0.014622
v 0.008833 0.088283 0.014504
v 0.006452 0.090359 0.019826
v 0.009963 0.088926 0.019656
v 0.006490 0.089496 0.022243
v 0.009532 0.088255 0.022096
v 0.006523 0.087538 0.023905
v 0.008279 0.086822 0.023820
v 0.006541 0.085012 0.024364
v 0.009011 0.085077 0.023667
v 0.008290 0.083327 0.023534
v 0.010800 0.085233 0.021831
v 0.009551 0.082200 0.021601
v 0.011427 0.085438 0.019350
v 0.009985 0.081936 0.019085
v 0.009855 0.085846 0.014290
v 0.008848 0.083401 0.014105
v 0.003935 0.088261 0.014575
v 0.002950 0.088896 0.019758
v 0.002929 0.085816 0.014390
v 0.001508 0.085394 0.019493
v 0.003951 0.083380 0.014176
v 0.002972 0.081905 0.019187
v 0.006403 0.082379 0.014058
v 0.006483 0.080472 0.019017
v 0.003458 0.088229 0.022184
v 0.002209 0.085195 0.021955
v 0.003477 0.082174 0.021690
v 0.006518 0.080933 0.021543
v 0.004773 0.086807 0.023871
v 0.004051 0.085055 0.023739
v 0.004784 0.083311 0.023585
v 0.006539 0.082594 0.023501
v -0.005700 0.089238 0.014798
v -0.005629 0.090307 0.020001
v -0.008150 0.088214 0.014751
v -0.009131 0.088843 0.019933
v -0.009160 0.085763 0.014565
v -0.010573 0.085342 0.019669
v -0.008135 0.083322 0.014351
v -0.009109 0.081853 0.019362
v -0.005678 0.082319 0.014232
v -0.005598 0.080420 0.019193
v -0.003227 0.083343 0.014280
v -0.002096 0.081883 0.019260
v -0.002218 0.085794 0.014465
v -0.000654 0.085385 0.019525
v -0.003243 0.088235 0.014679
v -0.002118 0.088874 0.019832
v -0.002550 0.088203 0.022272
v -0.005590 0.089443 0.022418
v -0.008623 0.088176 0.022360
v -0.009871 0.085143 0.022130
v -0.008604 0.082121 0.021865
v -0.005563 0.080881 0.021718
v -0.002530 0.082148 0.021777
v -0.001281 0.085180 0.022006
v -0.003802 0.086769 0.023995
v -0.005558 0.087485 0.024080
v -0.007308 0.086754 0.024046
v -0.008030 0.085003 0.023914
v -0.007297 0.083259 0.023760
v -0.005542 0.082542 0.023676
v -0.003790 0.083274 0.023710
v -0.003070 0.085024 0.023842
v -0.005540 0.084959 0.024540
v -0.012901 0.087233 0.011280
v -0.011620 0.090970 0.013243
v -0.011937 0.083544 0.013272
v -0.008364 0.088740 0.017155
v -0.010232 0.080687 0.017174
v 0.000454 0.081859 0.020293
v -0.007657 0.077290 0.022609
v 0.000535 0.077500 0.024609
v -0.008673 0.072625 0.023953
v 0.000604 0.072595 0.026749
v -0.007872 0.072007 0.023701
v 0.000599 0.071980 0.026253
v -0.015289 0.076874 0.008390
v -0.014762 0.080212 0.005542
v -0.014238 0.094561 0.005988
v -0.008815 0.096379 0.016520
v -0.009212 0.091831 0.017250
v 0.000369 0.097072 0.018997
v 0.000404 0.092575 0.020118
v 0.009483 0.096459 0.016255
v 0.009940 0.091914 0.016972
v 0.012238 0.091073 0.012897
v 0.009116 0.088816 0.016902
v 0.000428 0.086564 0.019959
v 0.011054 0.080780 0.016865
v 0.012620 0.083651 0.012916
v 0.015887 0.077010 0.007938
v 0.015249 0.080343 0.005107
v 0.016951 0.073128 0.005028
v 0.013123 0.073994 -0.005716
v 0.014747 0.067905 0.006681
v 0.011474 0.068753 -0.004931
v 0.009183 0.064234 0.009058
v 0.000430 0.063661 0.004062
v 0.000844 0.063521 0.010169
v -0.008440 0.064162 0.009317
v 0.008960 0.072080 0.023457
v 0.009763 0.072705 0.023686
v 0.014361 0.072288 0.016252
v 0.015185 0.072970 0.016274
v 0.015286 0.072549 0.007639
v 0.016691 0.072966 0.006288
v 0.012998 0.067683 0.014470
v 0.013744 0.067094 0.014325
v 0.007044 0.065061 0.020486
v 0.007665 0.064545 0.020313
v 0.000579 0.064260 0.022533
v 0.000582 0.063667 0.022555
v -0.005982 0.065004 0.020675
v -0.006603 0.064483 0.020520
v -0.012131 0.067573 0.014834
v -0.012875 0.066978 0.014711
v -0.014658 0.072418 0.008074
v -0.016105 0.072823 0.006763
v -0.013481 0.072167 0.016656
v -0.014310 0.072842 0.016702
v -0.012824 0.077098 0.016829
v -0.014106 0.067779 0.007099
v -0.016403 0.072982 0.005512
v -0.012896 0.073880 -0.005338
v -0.011029 0.092847 -0.003913
v 0.000041 0.074423 -0.011479
v -0.000024 0.092452 -0.009491
v 0.011134 0.092944 -0.004234
v 0.014613 0.094687 0.005570
v 0.013494 0.087348 0.010897
v 0.000103 0.068020 -0.009174
v -0.011179 0.068654 -0.004603
v 0.008667 0.077362 0.022372
v 0.013667 0.077214 0.016444
v 0.000450 0.067632 0.014663
v 0.000329 0.072498 0.007857
v 0.008644 0.107088 -0.001544
v 0.004953 0.106485 -0.005084
v 0.013956 0.101736 -0.003855
v 0.007983 0.100614 -0.009755
v 0.016819 0.093891 -0.005726
v 0.009331 0.092702 -0.012483
v 0.017887 0.088161 -0.006382
v 0.009939 0.086820 -0.012985
v 0.017388 0.081696 -0.006083
v 0.009976 0.080487 -0.012287
v 0.015257 0.076365 -0.005339
v 0.009485 0.075444 -0.009918
v 0.013657 0.074812 -0.004022
v 0.008508 0.074012 -0.007878
v 0.000206 0.078939 0.002301
v 0.000051 0.073612 -0.009985
v -0.008346 0.073939 -0.007634
v 0.000011 0.074995 -0.012278
v -0.009393 0.075362 -0.009644
v -0.000049 0.080060 -0.014938
v -0.009997 0.080400 -0.011997
v -0.000087 0.086393 -0.015637
v -0.010035 0.086733 -0.012696
v -0.000103 0.092267 -0.014981
v -0.009465 0.092620 -0.012210
v -0.000091 0.100231 -0.011766
v -0.008107 0.100544 -0.009522
v -0.000039 0.106249 -0.006328
v -0.004994 0.106442 -0.004940
v 0.010045 0.107897 0.003345
v 0.016221 0.103043 0.004054
v 0.008780 0.108693 0.008274
v 0.014175 0.104331 0.012026
v 0.005187 0.109265 0.011920
v 0.008364 0.105256 0.017923
v 0.000232 0.109458 0.013308
v 0.000349 0.105568 0.020168
v -0.004759 0.109222 0.012064
v -0.007726 0.105185 0.018156
v -0.008450 0.108618 0.008524
v -0.013696 0.104210 0.012430
v -0.009851 0.107811 0.003634
v -0.015961 0.102903 0.004521
v -0.008586 0.107013 -0.001294
v -0.013915 0.101614 -0.003451
v 0.018974 0.095711 0.005131
v 0.016583 0.097216 0.014443
v 0.009797 0.098296 0.021332
v 0.000434 0.098661 0.023953
v -0.008999 0.098214 0.021604
v -0.015971 0.097074 0.014915
v -0.018618 0.095548 0.005676
v -0.016763 0.093745 -0.005240
v -0.017799 0.088005 -0.005865
v -0.017236 0.081546 -0.005581
v -0.015038 0.076233 -0.004900
v -0.013388 0.074694 -0.003630
v -0.015400 0.076645 0.003423
v 0.000241 0.084297 0.006368
v -0.016590 0.081997 0.007507
v 0.000205 0.090557 0.005785
v -0.016626 0.088257 0.006923
v -0.014254 0.089626 0.015207
v -0.019028 0.089956 0.006663
v -0.016004 0.091491 0.015937
v -0.018993 0.083697 0.007248
v -0.018150 0.078343 0.003168
v -0.009000 0.092636 0.022657
v -0.008000 0.090648 0.021206
v 0.000457 0.091049 0.023313
v 0.008854 0.090721 0.020962
v 0.000473 0.093085 0.025016
v 0.009878 0.092718 0.022383
v 0.016694 0.091634 0.015463
v 0.014939 0.089753 0.014784
v 0.017082 0.088404 0.006435
v 0.017118 0.082144 0.007018
v 0.015856 0.076781 0.002970
v 0.018583 0.078503 0.002635
v 0.019497 0.083865 0.006690
v 0.019461 0.090124 0.006105
v 0.006860 0.115802 -0.002016
v 0.003915 0.115321 -0.004843
v -0.000070 0.115131 -0.005835
v -0.004026 0.115286 -0.004728
v -0.006892 0.115742 -0.001817
v -0.007902 0.116378 0.002117
v -0.006784 0.117023 0.006020
v -0.003839 0.117504 0.008846
v 0.000146 0.117693 0.009838
v 0.004102 0.117539 0.008731
v 0.006968 0.117082 0.005820
v 0.007978 0.116447 0.001887
v 0.005302 0.117845 -0.001406
v 0.003024 0.117277 -0.003610
v -0.000058 0.117131 -0.004378
v -0.003117 0.117250 -0.003521
v -0.005335 0.117799 -0.001252
v -0.006116 0.118291 0.001791
v -0.005251 0.118790 0.004810
v -0.002973 0.119162 0.006996
v 0.000111 0.119144 0.007828
v 0.003168 0.119189 0.006907
v 0.005386 0.118836 0.004655
v 0.006167 0.118345 0.001613
v 0.000016 0.119636 0.001487
vn -0.8834 0.1275 -0.4509
vn -0.6303 0.4537 0.6300
vn -0.3842 -0.0160 0.9231
vn -0.8022 0.5864 -0.1126
vn -0.7611 0.2679 -0.5908
vn -0.4858 0.2459 -0.8388
vn 0.6279 0.1047 -0.7713
vn -0.0703 0.3710 -0.9260
vn -0.1401 -0.5220 -0.8414
vn 0.3888 0.2769 -0.8787
vn 0.4464 0.1176 -0.8870
vn 0.9179 -0.0739 -0.3898
vn -0.9349 -0.0921 -0.3427
vn 0.9990 0.0388 -0.0210
vn -0.1451 -0.7845 0.6030
vn 0.9408 0.0192 0.3385
vn 0.6510 -0.0663 0.7562
vn 0.5963 0.2219 0.7715
vn 0.6810 0.3626 0.6363
vn 0.0129 -0.3465 0.9380
vn -0.9985 0.0066 0.0541
vn 0.3481 0.8312 -0.4334
vn -0.5710 0.2951 -0.7661
vn 0.9624 0.0242 0.2705
vn 0.7751 0.1758 -0.6069
vn 0.8309 -0.5047 0.2343
vn 0.0585 -0.7546 0.6536
vn -0.7684 -0.5295 0.3594
vn 0.0915 0.0808 0.9925
vn -0.5095 0.3440 0.7887
vn 0.0852 0.5735 0.8148
vn -0.8724 0.2910 0.3927
vn -0.7402 -0.3589 -0.5686
vn 0.4199 -0.2005 -0.8852
vn -0.7824 -0.3198 -0.5344
vn 0.3292 -0.1036 -0.9385
vn -0.4558 -0.3465 -0.8198
vn 0.4425 -0.3896 -0.8077
vn -0.5416 -0.4290 -0.7230
vn 0.4763 -0.3553 -0.8043
vn -0.4978 -0.4010 -0.7691
vn -0.4147 0.4704 0.7790
vn -0.9986 0.0432 -0.0316
vn -0.4644 0.5293 0.7100
vn -0.9983 -0.0026 0.0574
vn -0.3810 0.3179 0.8682
vn -0.9924 -0.1089 0.0569
vn -0.0512 0.1798 0.9824
vn -0.8288 -0.0856 0.5529
vn 0.9948 0.0662 -0.0778
vn 0.9957 0.0491 -0.0779
vn 0.9627 0.1748 -0.2065
vn 0.8741 0.2761 -0.3996
vn 0.7570 0.6136 -0.2246
vn 0.6467 0.5732 0.5033
vn 0.5385 0.4862 0.6882
vn 0.5896 0.4240 0.6875
vn 0.6454 0.4123 0.6431
vn 0.7541 0.4328 0.4939
vn 0.2755 0.0446 -0.9603
vn -0.4323 -0.5958 -0.6768
vn -0.4485 0.3354 -0.8285
vn 0.6902 -0.2893 -0.6633
vn 0.7797 0.3421 -0.5245
vn 0.9816 0.1345 0.1352
vn 0.6571 0.6997 0.2804
vn 0.4411 0.4685 0.7655
vn -0.0384 0.8156 0.5773
vn -0.4768 0.4349 0.7639
vn -0.9477 0.3189 -0.0098
vn -0.9591 0.0793 -0.2719
vn 0.4883 0.4706 -0.7349
vn -0.5853 0.7126 -0.3867
vn 0.3543 0.8535 0.3822
vn -0.2251 -0.3583 -0.9061
vn 0.9792 -0.1882 0.0752
vn 0.1333 -0.9645 0.2278
vn 0.1653 -0.1191 0.9790
vn -0.8872 -0.0402 0.4596
vn 0.0463 -0.3518 -0.9349
vn -0.4774 0.2737 0.8350
vn -0.9738 0.0431 0.2234
vn 0.9643 -0.1429 0.2229
vn -0.9818 0.1848 -0.0442
vn 0.5880 0.3658 0.7215
vn -0.0439 0.9001 -0.4334
vn 0.9264 0.3214 0.1962
vn 0.3069 0.6274 0.7157
vn -0.5977 0.6022 0.5292
vn -0.9150 0.2894 -0.2811
vn -0.6329 -0.5339 -0.5607
vn -0.8766 0.0163 -0.4809
vn 0.4123 -0.8526 -0.3211
vn -0.6215 -0.5196 -0.5862
vn 0.1630 -0.9305 -0.3279
vn -0.4593 -0.8722 0.1682
vn 0.4168 -0.7327 0.5379
vn -0.6968 -0.0602 0.7148
vn 0.6666 -0.4630 0.5842
vn -0.5051 0.4386 0.7433
vn 0.3243 -0.6783 -0.6593
vn -0.4660 0.5036 0.7275
vn -0.5797 0.7323 -0.3573
vn -0.6560 0.2197 0.7220
vn -0.1973 0.8899 -0.4112
vn -0.9194 0.2424 -0.3098
vn -0.4308 0.3909 -0.8134
vn -0.6855 -0.2274 -0.6917
vn 0.1191 0.4120 -0.9034
vn 0.1368 -0.5923 -0.7940
vn 0.1683 0.0565 -0.9841
vn 0.6029 -0.7624 -0.2349
vn -0.3845 -0.5463 -0.7441
vn 0.8617 -0.2479 -0.4427
vn 0.0707 -0.6473 -0.7589
vn 0.8685 -0.1064 -0.4840
vn -0.4227 -0.8896 -0.1729
vn 0.4116 0.1816 0.8931
vn 0.8851 -0.1762 0.4307
vn -0.6305 -0.7305 -0.2624
vn 0.3371 -0.7797 0.5276
vn -0.0625 -0.4354 0.8981
vn -0.2702 -0.9518 -0.1455
vn -0.6275 -0.7776 0.0410
vn -0.8918 -0.3852 0.2372
vn 0.8091 -0.2270 0.5421
vn -0.1145 -0.0254 0.9931
vn 0.8888 -0.0552 -0.4549
vn -0.0088 0.0590 -0.9982
vn -0.8361 0.2915 0.4648
vn -0.8435 0.3054 -0.4419
vn -0.1970 0.0326 -0.9799
vn 0.7499 -0.0961 -0.6546
vn 0.9364 -0.0538 0.3468
vn 0.1186 0.0792 0.9898
vn 0.9715 0.0988 0.2152
vn 0.1408 0.2110 0.9673
vn 0.2034 0.2992 0.9323
vn 0.9461 0.0147 0.3236
vn 0.6463 -0.1286 -0.7522
vn 0.7505 -0.1778 -0.6365
vn -0.3131 -0.0840 -0.9460
vn -0.1747 -0.1628 -0.9711
vn -0.8057 0.1932 0.5600
vn -0.9134 0.1763 -0.3669
vn -0.7886 0.1516 0.5959
vn -0.9461 0.0112 -0.3236
vn -0.9667 0.1075 -0.2321
vn -0.7159 0.2369 0.6567
vn -0.2642 0.3360 -0.9041
vn -0.9886 -0.0219 -0.1489
vn -0.6048 0.6641 -0.4395
vn -0.4490 -0.0198 -0.8933
vn 0.5460 0.3200 -0.7742
vn 0.6942 -0.1816 -0.6965
vn 0.8832 0.4476 0.1403
vn 0.9620 0.2347 0.1392
vn 0.1264 0.5816 0.8036
vn 0.0339 0.2756 0.9607
vn -0.7481 0.4470 0.4905
vn -0.6710 0.2046 0.7127
vn 0.4709 0.5741 -0.6699
vn -0.3713 0.9233 0.0983
vn 0.8797 0.3929 0.2681
vn -0.7455 0.1766 -0.6427
vn 0.3102 -0.7780 -0.5464
vn -0.7522 -0.6196 0.2244
vn 0.4181 -0.6536 0.6308
vn -0.4140 0.1228 0.9020
vn 0.0293 0.9900 -0.1378
vn -0.9856 0.1691 -0.0016
vn -0.6500 0.1285 -0.7490
vn 0.1367 -0.2619 -0.9554
vn -0.7195 -0.1285 -0.6824
vn 0.5500 -0.1509 -0.8214
vn -0.5058 -0.4276 -0.7492
vn 0.1494 0.4865 -0.8608
vn 0.2084 -0.2762 -0.9382
vn 0.2379 0.7773 -0.5824
vn 0.8759 -0.0211 -0.4821
vn 0.6936 0.5855 -0.4197
vn 0.9628 -0.0173 0.2696
vn 0.5363 0.8402 0.0804
vn 0.4742 -0.2141 0.8540
vn 0.6976 0.7069 0.1163
vn 0.3405 0.1404 0.9297
vn 0.9101 -0.0686 -0.4087
vn 0.2857 -0.4097 0.8663
vn 0.1947 -0.5759 -0.7940
vn -0.4471 -0.8285 0.3370
vn -0.3575 -0.7600 -0.5428
vn 0.4138 -0.8906 -0.1886
vn 0.4886 -0.3439 -0.8019
vn 0.7601 -0.3331 0.5579
vn 0.7857 0.0206 -0.6182
vn 0.6745 0.1885 0.7138
vn 0.9076 0.4067 0.1045
vn 0.3182 0.4116 0.8540
vn 0.5543 -0.6878 -0.4687
vn 0.7343 -0.5230 -0.4328
vn 0.7764 -0.2503 -0.5784
vn -0.5700 0.2715 0.7755
vn -0.9237 -0.2881 0.2524
vn -0.5733 -0.1461 0.8062
vn -0.5575 -0.8294 0.0356
vn -0.2135 -0.7288 0.6506
vn 0.0155 -0.9384 -0.3452
vn 0.5735 -0.7892 -0.2197
vn 0.7579 -0.5911 0.2760
vn 0.3866 -0.5517 0.7391
vn 0.6105 0.4260 0.6677
vn -0.0738 0.1829 0.9804
vn 0.9404 0.3370 -0.0451
vn 0.2347 0.6595 0.7141
vn 0.7947 0.6027 0.0718
vn 0.3402 0.9309 0.1327
vn 0.8155 0.5784 -0.0189
vn 0.3265 0.9315 0.1604
vn 0.6700 0.6777 0.3031
vn 0.1906 0.6838 0.7043
vn 0.8384 0.2009 0.5068
vn 0.2081 -0.0270 0.9777
vn 0.6359 -0.6870 0.3518
vn 0.1657 -0.6089 0.7758
vn -0.2764 -0.8328 0.4797
vn -0.5885 0.1742 0.7895
vn -0.5236 0.6591 0.5399
vn -0.1690 0.9231 0.3454
vn -0.7033 0.5890 0.3980
vn -0.0711 0.9509 0.3014
vn -0.6608 0.5689 0.4895
vn -0.8949 0.1477 0.4212
vn 0.9794 0.1129 -0.1671
vn 0.5080 -0.7470 -0.4288
vn -0.6565 -0.7533 -0.0393
vn -0.9343 0.1782 0.3088
vn 0.6499 0.4708 -0.5967
vn 0.1874 -0.5941 -0.7823
vn -0.8152 -0.1827 -0.5496
vn -0.8702 0.4881 -0.0668
vn -0.7749 0.6297 -0.0545
vn -0.1821 0.8577 -0.4809
vn -0.1867 0.7914 -0.5821
vn 0.7228 0.5818 -0.3730
vn -0.3202 0.6805 -0.6591
vn -0.1283 0.1123 -0.9854
vn 0.8776 0.4275 0.2168
vn 0.4412 -0.3172 -0.8395
vn 0.6274 0.7673 0.1328
vn 0.8382 -0.4952 -0.2284
vn 0.4622 0.0903 0.8822
vn -0.1989 -0.9702 -0.1387
vn -0.7142 -0.0502 0.6981
vn -0.8838 -0.4043 -0.2356
vn -0.5180 0.7291 0.4473
vn -0.7593 -0.3844 -0.5251
vn 0.1366 0.6835 0.7171
vn -0.1446 -0.7625 -0.6307
vn 0.8881 0.4155 0.1966
vn 0.4659 -0.3874 -0.7955
vn 0.6326 0.7591 0.1534
vn 0.8490 -0.4933 -0.1891
vn 0.4648 0.1338 0.8752
vn -0.2007 -0.9738 -0.1070
vn -0.7111 -0.0651 0.7001
vn -0.8742 -0.4285 -0.2285
vn -0.5499 0.7173 0.4279
vn -0.7611 -0.3872 -0.5204
vn 0.1585 0.7321 0.6625
vn -0.1958 -0.7831 -0.5902
vn 0.6439 0.7333 0.2185
vn 0.3620 0.3017 0.8820
vn -0.2415 0.8967 0.3710
vn 0.3157 0.9487 0.0189
vn 0.4653 0.8788 0.1058
vn -0.0252 0.6310 0.7754
vn -0.5827 0.7965 0.1611
vn -0.3598 0.9015 0.2406
vn -0.9699 0.1942 -0.1471
vn 0.0357 0.1767 0.9836
vn -0.7544 0.6538 0.0591
vn 0.0951 0.9706 0.2213
vn -0.3181 0.9177 -0.2379
vn 0.1558 0.9574 -0.2431
vn -0.2898 0.9570 -0.0119
vn 0.2551 0.9666 0.0229
vn -0.0614 0.8010 0.5955
vn 0.5131 0.7369 0.4401
vn 0.0407 0.1991 0.9791
vn 0.7651 0.2193 0.6055
vn 0.1435 -0.4198 0.8962
vn 0.6629 -0.6376 0.3925
vn -0.4577 -0.7108 0.5341
vn 0.5224 -0.8525 0.0171
vn -0.6328 -0.7743 0.0095
vn 0.5457 -0.6779 -0.4926
vn -0.4939 -0.7813 -0.3816
vn -0.1655 -0.4118 -0.8961
vn -0.8320 0.1750 -0.5265
vn -0.0053 0.3038 -0.9527
vn -0.7520 0.4530 -0.4789
vn -0.0737 0.4543 -0.8878
vn 0.1892 0.1935 -0.9627
vn -0.6974 0.2886 0.6560
vn -0.5729 0.7379 0.3567
vn -0.7961 0.6051 0.0083
vn 0.9468 0.3199 0.0361
vn 0.7074 0.4126 -0.5738
vn 0.7825 0.6169 -0.0845
vn 0.7998 0.2797 -0.5311
vn 0.9891 0.1344 -0.0598
vn 0.7725 0.6340 -0.0355
vn -0.9860 0.1548 0.0618
vn 0.6933 0.7135 0.1013
vn 0.7473 -0.5339 -0.3957
vn 0.5036 0.8499 -0.1552
vn 0.9181 -0.3066 0.2511
vn 0.1332 0.6835 0.7177
vn -0.0323 -0.9216 0.3869
vn -0.8825 0.0935 0.4609
vn -0.6825 -0.7180 -0.1364
vn -0.7663 0.6258 -0.1453
vn -0.5005 -0.7810 -0.3735
vn -0.1452 0.9767 0.1579
vn 0.1186 -0.9817 -0.1490
vn 0.7222 0.6879 0.0724
vn 0.7306 -0.5646 -0.3840
vn 0.4806 0.8594 -0.1746
vn 0.9005 -0.3404 0.2705
vn 0.1671 0.6931 0.7012
vn -0.0652 -0.9101 0.4091
vn -0.8713 0.1133 0.4774
vn -0.7062 -0.6990 -0.1124
vn -0.7526 0.6415 -0.1486
vn -0.5178 -0.7893 -0.3300
vn -0.0975 0.9873 0.1251
vn 0.0488 -0.9917 -0.1191
vn -0.5254 0.0416 -0.8498
vn -0.1315 0.1731 -0.9761
vn -0.0365 -0.0836 -0.9958
vn -0.6168 0.1959 -0.7623
vn -0.9055 0.0614 -0.4199
vn -0.9185 0.2102 -0.3350
vn -0.9348 0.0639 0.3493
vn -0.8995 0.2092 0.3837
vn -0.5001 -0.0251 0.8656
vn -0.4335 0.1331 0.8913
vn -0.0347 -0.1735 0.9842
vn 0.0530 0.0987 0.9937
vn 0.4517 -0.1618 0.8774
vn 0.5517 0.1351 0.8230
vn 0.9106 0.0141 0.4130
vn 0.9434 0.1534 0.2940
vn 0.9202 0.0646 -0.3861
vn 0.8956 0.1603 -0.4151
vn 0.4928 -0.0418 -0.8691
vn 0.4429 0.1710 -0.8801
vn 0.4091 -0.4362 0.8015
vn 0.9707 0.0474 0.2357
vn 0.2634 -0.0988 0.9596
vn 0.9990 -0.0251 -0.0381
vn 0.2066 0.3204 0.9245
vn 0.9939 -0.0743 0.0810
vn 0.2376 -0.3142 0.9191
vn -0.1726 0.0129 -0.9849
vn 0.0322 0.8045 0.5931
vn -0.0538 -0.6355 -0.7702
vn 0.0182 -0.7222 -0.6915
vn 0.8347 -0.2533 -0.4889
vn 0.3587 -0.4021 -0.8424
vn -0.3787 -0.3588 0.8532
vn 0.0854 -0.5797 0.8103
vn 0.3795 -0.7765 0.5030
vn 0.0968 -0.8988 0.4276
vn 0.2623 -0.8792 -0.3978
vn -0.0769 -0.9856 -0.1504
vn -0.0160 -0.5725 -0.8198
vn -0.5234 -0.7808 -0.3412
vn -0.2062 -0.7839 0.5857
vn -0.3906 -0.3883 -0.8346
vn -0.7731 -0.4166 0.4784
vn -0.7360 -0.6590 -0.1554
vn -0.9124 -0.2366 0.3339
vn -0.8725 -0.1913 0.4497
vn -0.4815 0.8598 0.1699
vn 0.6167 -0.7155 -0.3284
vn -0.2977 -0.2259 -0.9275
vn -0.2816 0.2739 -0.9196
vn -0.5437 -0.8222 0.1685
vn 0.0361 -0.2397 0.9702
vn -0.1882 0.2424 0.9517
vn -0.4817 0.8526 0.2023
vn 0.7927 0.5917 -0.1464
vn -0.8913 -0.4519 0.0386
vn 0.1814 -0.2437 -0.9527
vn 0.3971 -0.9174 -0.0270
vn 0.2118 0.2604 -0.9420
vn 0.7082 0.7060 0.0013
vn -0.7478 0.6426 0.1668
vn 0.3441 -0.0295 0.9385
vn 0.0516 -0.0103 0.9986
vn -0.4918 0.7537 0.4360
vn 0.3912 0.8890 0.2379
vn -0.3238 0.9210 -0.2165
vn -0.4848 0.8499 -0.2063
vn -0.0666 -0.4882 -0.8702
vn 0.8674 -0.4325 -0.2460
vn 0.7540 -0.4367 0.4908
vn -0.1715 -0.3563 0.9185
vn 0.9853 -0.1280 0.1135
vn -0.1299 0.0285 0.9911
vn 0.9868 0.1236 0.1050
vn -0.0335 -0.0403 0.9986
vn -0.0375 0.0838 -0.9958
vn 0.0315 -0.2467 -0.9686
vn -0.9947 -0.0905 0.0486
vn -0.9782 -0.2072 -0.0118
vn -0.9385 -0.1059 0.3285
vn -0.8633 -0.1669 -0.4762
vn -0.5075 -0.8611 0.0304
vn -0.9694 -0.0501 -0.2403
vn -0.2710 -0.1900 -0.9436
vn -0.7640 0.1060 0.6365
vn -0.1881 -0.5503 0.8135
vn 0.2762 0.1926 0.9416
vn 0.4667 -0.7111 0.5259
vn 0.9899 0.0545 0.1312
vn 0.6516 -0.7573 -0.0436
vn 0.9596 -0.0305 -0.2798
vn -0.0271 0.2299 -0.9728
vn -0.5631 0.2340 -0.7925
vn 0.5076 0.2384 -0.8280
vn 0.8587 0.2640 -0.4393
vn 0.9399 0.2970 0.1683
vn 0.6136 0.2420 0.7517
vn 0.1578 0.2341 0.9593
vn -0.3293 0.2458 0.9116
vn -0.8157 0.3392 0.4685
vn -0.9136 0.3091 -0.2643
vn -0.6501 0.7588 0.0409
vn -0.1988 0.8965 0.3959
vn 0.5232 0.7831 0.3361
vn 0.4487 0.8422 -0.2988
vn 0.1312 0.9889 -0.0701
vn 0.0326 0.9945 -0.0997
vn -0.0800 0.9537 0.2900
vn -0.7584 0.0800 0.6468
vn -0.6662 0.7436 0.0563
vn -0.9584 0.0037 0.2853
vn -0.2056 0.8894 0.4084
vn 0.2852 0.1845 0.9405
vn 0.5169 0.7866 0.3376
vn 0.9585 0.2157 0.1862
vn 0.4312 0.8523 -0.2960
vn 0.9497 -0.1901 -0.2490
vn -0.5895 -0.7410 0.3216
vn -0.1230 -0.7091 0.6943
vn 0.3587 -0.9307 0.0713
vn 0.6950 -0.5815 0.4229
vn -0.9946 0.1030 0.0094
vn -0.5425 0.7437 -0.3906
vn -0.9095 0.0218 -0.4151
vn -0.3950 0.8994 0.1871
vn -0.3731 0.1933 0.9074
vn 0.2041 0.7807 0.5907
vn 0.6311 0.1988 0.7498
vn 0.5409 0.8398 0.0456
vn 0.8899 -0.2105 0.4047
vn -0.6823 -0.7155 -0.1503
vn -0.5536 -0.6955 0.4580
vn 0.2133 -0.9356 0.2813
vn 0.2585 -0.5892 0.7656
vn -0.9924 0.1226 0.0065
vn -0.5123 0.7662 -0.3879
vn -0.9150 0.0430 -0.4012
vn -0.3830 0.9064 0.1783
vn -0.3751 0.2047 0.9041
vn 0.2091 0.7828 0.5861
vn 0.6274 0.1901 0.7551
vn 0.5521 0.8325 0.0464
vn 0.8829 -0.2242 0.4127
vn -0.6833 -0.7181 -0.1323
vn -0.5629 -0.6879 0.4582
vn 0.1995 -0.9376 0.2849
vn 0.2417 -0.5881 0.7718
vn -0.1223 0.8733 0.4715
vn -0.0225 0.9820 0.1877
vn -0.5122 0.8500 -0.1229
vn 0.5006 0.8434 0.1951
vn 0.1460 0.9046 -0.4004
vn -0.4873 0.3182 0.8132
vn -0.9278 -0.0998 0.3594
vn -0.3859 -0.3337 0.8601
vn -0.9423 0.1939 0.2729
vn -0.4961 0.7943 0.3506
vn -0.9460 0.3192 0.0569
vn -0.5058 0.8038 -0.3132
vn -0.9492 0.2551 -0.1843
vn -0.5107 0.3412 -0.7892
vn -0.9501 0.0391 -0.3095
vn -0.5079 -0.3226 -0.7987
vn -0.9481 -0.2022 -0.2455
vn -0.4991 -0.7987 -0.3362
vn -0.9444 -0.3275 -0.0296
vn -0.5583 -0.7492 0.3562
vn -0.9600 -0.2386 0.1466
vn 0.4961 -0.7943 -0.3506
vn -0.0089 -0.6071 -0.7946
vn 0.4874 -0.3183 -0.8131
vn 0.0024 -0.9911 -0.1327
vn 0.5058 -0.8039 0.3131
vn 0.0122 -0.7947 0.6069
vn 0.5107 -0.3412 0.7892
vn 0.0149 -0.1328 0.9910
vn 0.5078 0.3226 0.7988
vn 0.0089 0.6070 0.7947
vn 0.4991 0.7987 0.3361
vn -0.0024 0.9912 0.1327
vn 0.4895 0.8081 -0.3276
vn -0.0123 0.7946 -0.6070
vn 0.4846 0.3455 -0.8036
vn -0.0149 0.1328 -0.9910
vn 0.0123 -0.7947 0.6069
vn 0.9403 0.0473 -0.3369
vn 0.9423 -0.1939 -0.2729
vn 0.9412 0.2633 -0.2117
vn 0.9444 0.3275 0.0295
vn 0.9481 0.2022 0.2455
vn 0.9501 -0.0392 0.3096
vn 0.9492 -0.2552 0.1843
vn 0.9460 -0.3192 -0.0570
vn -0.9999 -0.0044 0.0145
vn 0.9999 0.0044 -0.0145
vn -0.0047 0.9997 -0.0237
vn 0.5733 0.7881 -0.2242
vn -0.0072 0.9793 -0.2024
vn 0.7046 0.7087 0.0361
vn 0.0034 0.8679 0.4967
vn 0.6279 0.5589 0.5417
vn 0.0103 0.5029 0.8643
vn 0.4358 0.2726 0.8578
vn 0.0148 -0.0814 0.9966
vn 0.5086 -0.0686 0.8583
vn 0.4380 -0.4056 0.8023
vn 0.8245 -0.0436 0.5642
vn 0.6317 -0.6354 0.4440
vn 0.9978 -0.0023 0.0663
vn 0.7090 -0.7008 -0.0790
vn 0.9553 0.0271 -0.2945
vn 0.5781 -0.7376 -0.3489
vn -0.5865 0.7830 -0.2074
vn -0.7092 0.7028 0.0560
vn -0.9557 0.1493 -0.2538
vn -1.0000 -0.0031 0.0028
vn -0.7676 -0.5586 -0.3144
vn -0.7050 -0.7067 -0.0587
vn -0.1323 -0.9259 -0.3537
vn 0.0030 -0.9957 -0.0924
vn -0.6168 0.5533 0.5598
vn -0.8561 -0.0612 0.5131
vn -0.5895 -0.6640 0.4601
vn 0.0266 -0.9018 0.4314
vn -0.4132 0.2690 0.8700
vn -0.5281 -0.1301 0.8391
vn -0.3265 -0.4930 0.8065
vn 0.0736 -0.6071 0.7912
vn -0.5867 0.7831 -0.2062
vn -0.0032 0.9975 0.0706
vn 0.1240 0.9716 -0.2013
vn -0.7091 0.7028 0.0560
vn -0.9560 0.1492 -0.2525
vn -1.0000 -0.0030 0.0027
vn -0.7678 -0.5590 -0.3131
vn -0.7052 -0.7066 -0.0590
vn -0.1323 -0.9264 -0.3526
vn 0.0027 -0.9957 -0.0931
vn 0.5785 -0.7379 -0.3477
vn 0.7087 -0.7010 -0.0798
vn 0.9478 -0.1040 -0.3014
vn 0.9997 0.0049 -0.0259
vn 0.7596 0.6042 -0.2408
vn 0.7042 0.7091 0.0354
vn 0.6045 0.5820 0.5439
vn -0.0119 0.8198 0.5725
vn 0.8710 -0.0208 0.4908
vn 0.3514 0.3563 0.8658
vn -0.0489 0.4705 0.8811
vn -0.5281 -0.1302 0.8391
vn 0.4381 -0.4055 0.8023
vn 0.5530 -0.0066 0.8332
vn -0.8839 0.1094 0.4548
vn -0.8628 0.0514 0.5029
vn -0.9237 0.0323 0.3816
vn -0.5431 -0.0008 0.8397
vn -0.6876 0.3894 0.6128
vn 0.0110 0.4456 0.8951
vn -0.5002 0.4890 0.7146
vn 0.0106 0.4872 0.8732
vn -0.4865 -0.0919 0.8688
vn 0.0155 -0.3285 0.9444
vn -0.2760 -0.8676 0.4137
vn 0.0101 -0.9113 0.4117
vn -0.9386 0.2352 0.2524
vn -0.9911 0.1324 0.0133
vn -0.9272 0.3431 0.1500
vn -0.5724 0.7016 0.4244
vn -0.5454 0.0464 0.8369
vn -0.0757 0.8384 0.5397
vn 0.0080 0.0859 0.9963
vn 0.4864 0.7519 0.4450
vn 0.5793 -0.0068 0.8151
vn 0.8766 0.0590 0.4777
vn 0.6116 0.0067 0.7912
vn 0.0812 -0.0065 0.9967
vn 0.9434 0.2434 0.2251
vn 0.8957 0.1172 0.4289
vn 0.7017 0.3955 0.5927
vn 0.9899 0.1411 -0.0154
vn 0.9974 -0.0525 -0.0500
vn 0.7767 -0.0766 -0.6252
vn 0.8197 -0.5630 -0.1052
vn 0.4796 -0.6917 -0.5400
vn 0.3203 -0.9448 -0.0685
vn 0.0031 -0.9790 -0.2039
vn 0.0398 -0.9992 0.0052
vn -0.2637 -0.9632 -0.0512
vn 0.2285 -0.8873 0.4007
vn 0.5512 -0.2211 0.8045
vn 0.3708 -0.9149 0.1596
vn 0.8590 -0.3280 0.3931
vn 0.6140 -0.5473 0.5687
vn 0.9430 0.0193 0.3321
vn 0.2588 0.7454 0.6144
vn 0.8395 -0.1490 0.5225
vn 0.3085 0.6220 0.7197
vn 0.4463 -0.5837 0.6783
vn 0.0792 0.4684 0.8800
vn -0.0806 -0.6937 0.7158
vn -0.2498 0.5386 0.8047
vn -0.5933 -0.4693 0.6540
vn -0.3356 0.6771 0.6549
vn -0.7913 0.1121 0.6010
vn -0.4300 0.3130 0.8468
vn -0.9405 -0.2028 0.2727
vn -0.3078 -0.9456 0.1051
vn -0.8351 -0.2845 0.4709
vn -0.8534 0.3391 0.3958
vn -0.7329 -0.6802 -0.0135
vn -0.9920 -0.1095 -0.0632
vn -0.7507 -0.0872 -0.6549
vn -0.5491 0.6362 -0.5420
vn -0.0255 -0.1072 -0.9939
vn 0.0836 0.7139 -0.6953
vn 0.6258 0.6049 -0.4924
vn 0.9282 0.3512 0.1231
vn 0.9341 0.0404 0.3547
vn -0.0990 -0.6420 -0.7603
vn -0.5641 -0.7129 -0.4166
vn 0.5165 0.4935 0.6998
vn 0.8616 0.3466 0.3709
vn 0.0030 0.8778 0.4791
vn 0.0100 -0.9146 0.4042
vn 0.6187 0.6255 -0.4754
vn 0.4749 0.4130 -0.7771
vn 0.7809 0.4054 -0.4752
vn 0.3739 0.5364 -0.7566
vn 0.7981 0.3215 -0.5096
vn 0.4359 0.2589 -0.8619
vn 0.8670 0.0777 -0.4922
vn 0.4586 0.0132 -0.8885
vn 0.8688 -0.1775 -0.4623
vn 0.4593 -0.2515 -0.8519
vn 0.7713 -0.4624 -0.4374
vn 0.3737 -0.6575 -0.6542
vn 0.3337 -0.9424 -0.0242
vn 0.1291 -0.9806 -0.1475
vn -0.0025 -0.8529 0.5220
vn 0.0034 -0.9980 -0.0636
vn -0.1879 -0.9632 -0.1924
vn -0.0063 -0.7515 -0.6597
vn -0.4255 -0.5812 -0.6937
vn -0.0121 -0.3464 -0.9380
vn -0.4874 -0.2091 -0.8477
vn -0.0143 -0.0363 -0.9992
vn -0.4835 0.0584 -0.8734
vn -0.0151 0.2008 -0.9795
vn -0.4263 0.2657 -0.8647
vn -0.0148 0.4756 -0.8795
vn -0.4004 0.5331 -0.7453
vn 0.0242 0.4338 -0.9007
vn -0.4236 0.4024 -0.8116
vn 0.8416 0.5336 -0.0830
vn 0.7977 0.5936 -0.1067
vn 0.7253 0.6027 0.3328
vn 0.7124 0.6413 0.2852
vn 0.4144 0.6514 0.6355
vn 0.4247 0.6874 0.5891
vn -0.0076 0.6669 0.7451
vn 0.0212 0.7038 0.7101
vn -0.4289 0.6449 0.6326
vn -0.3890 0.6859 0.6150
vn -0.7369 0.5914 0.3276
vn -0.6955 0.6384 0.3297
vn -0.8492 0.5204 -0.0894
vn -0.8156 0.5745 -0.0685
vn -0.7349 0.4510 -0.5065
vn -0.7021 0.5504 -0.4517
vn 0.9743 0.2218 0.0380
vn 0.8109 0.2734 0.5173
vn 0.4540 0.3523 0.8184
vn -0.0242 0.3167 0.9482
vn -0.5557 0.3063 0.7729
vn -0.8656 0.2788 0.4160
vn -0.9767 0.2143 -0.0060
vn -0.7714 0.2825 -0.5702
vn -0.8822 0.0320 -0.4699
vn -0.8731 -0.2382 -0.4255
vn -0.7465 -0.5550 -0.3670
vn -0.2968 -0.9529 0.0618
vn -0.1178 -0.7981 0.5909
vn 0.0310 -0.2696 0.9625
vn -0.1331 -0.2769 0.9516
vn 0.0173 -0.8567 0.5156
vn -0.1234 -0.3942 0.9107
vn -0.3401 -0.8689 0.3597
vn -0.9293 -0.2370 0.2832
vn -0.8234 -0.1753 0.5398
vn -0.8423 -0.1605 0.5146
vn -0.7330 -0.6389 0.2337
vn -0.4284 -0.2769 0.8601
vn -0.1394 -0.8639 0.4840
vn 0.0102 -0.9013 0.4330
vn 0.2215 -0.8354 0.5031
vn 0.0150 -0.4028 0.9152
vn 0.4955 -0.1215 0.8600
vn 0.7861 -0.3973 0.4735
vn 0.2508 -0.9237 0.2897
vn 0.2537 -0.4901 0.8339
vn 0.0748 -0.2754 0.9584
vn 0.2773 -0.7870 0.5511
vn 0.7832 -0.6171 0.0758
vn 0.8786 -0.2999 0.3717
vn 0.9050 -0.0910 0.4155
vn 0.7499 0.3939 -0.5316
vn 0.4099 0.3524 -0.8413
vn -0.0272 0.3379 -0.9408
vn -0.4605 0.3572 -0.8126
vn -0.7738 0.3968 -0.4938
vn -0.8846 0.4634 -0.0527
vn -0.7546 0.5361 0.3784
vn -0.4238 0.5896 0.6875
vn 0.0244 0.6197 0.7845
vn 0.4520 0.5963 0.6634
vn 0.7713 0.5390 0.3385
vn 0.8788 0.4667 -0.0991
vn 0.4241 0.7829 -0.4552
vn 0.2041 0.7551 -0.6230
vn -0.0516 0.7475 -0.6622
vn -0.3019 0.7540 -0.5834
vn -0.4918 0.7844 -0.3780
vn -0.5502 0.8305 -0.0868
vn -0.4537 0.8736 0.1759
vn -0.2193 0.9086 0.3553
vn 0.0430 0.9146 0.4021
vn 0.2950 0.9017 0.3161
vn 0.4906 0.8665 0.0925
vn 0.5387 0.8224 -0.1829
vn -0.0068 0.9854 -0.1700
vt 0.768900 0.636000
vt 0.781600 0.646200
vt 0.776400 0.575400
vt 0.783000 0.851900
vt 0.767300 0.842600
vt 0.778500 0.933300
vt 0.643600 0.989000
vt 0.741300 0.811400
vt 0.741300 0.965600
vt 0.704200 0.811400
vt 0.663600 0.907700
vt 0.652400 0.848000
vt 0.638300 0.844900
vt 0.599000 0.811400
vt 0.561100 0.844900
vt 0.534100 0.848000
vt 0.525200 0.908500
vt 0.421400 0.811400
vt 0.421700 0.988100
vt 0.375600 0.811400
vt 0.087600 0.907700
vt 0.098900 0.848000
vt 0.113000 0.844900
vt 0.047000 0.811400
vt 0.107700 0.989000
vt 0.010000 0.811400
vt 0.010000 0.965600
vt 0.460600 0.040800
vt 0.441300 0.184000
vt 0.455800 0.044300
vt 0.445500 0.183400
vt 0.408100 0.006400
vt 0.373900 0.061400
vt 0.373900 0.006400
vt 0.339600 0.006500
vt 0.373900 0.048400
vt 0.339500 0.054300
vt 0.373900 0.102500
vt 0.287200 0.040800
vt 0.302300 0.031600
vt 0.291900 0.044300
vt 0.306400 0.184000
vt 0.933900 0.529700
vt 0.929900 0.545400
vt 0.933200 0.545400
vt 0.930000 0.529800
vt 0.934000 0.526600
vt 0.931200 0.526600
vt 0.926500 0.511500
vt 0.923100 0.511200
vt 0.921800 0.525300
vt 0.923600 0.525400
vt 0.921900 0.530100
vt 0.923600 0.530100
vt 0.923100 0.545500
vt 0.924500 0.545500
vt 0.901600 0.958700
vt 0.991000 0.882000
vt 0.984300 0.951800
vt 0.901600 0.871000
vt 0.884300 0.956400
vt 0.884300 0.869600
vt 0.801700 0.924700
vt 0.801700 0.845700
vt 0.989700 0.590900
vt 0.901600 0.635300
vt 0.884200 0.638800
vt 0.801700 0.649300
vt 0.801700 0.586400
vt 0.884200 0.554700
vt 0.901800 0.551600
vt 0.982800 0.510800
vt 0.783600 0.333400
vt 0.850100 0.306700
vt 0.784200 0.259800
vt 0.849100 0.343600
vt 0.787400 0.434300
vt 0.854900 0.394200
vt 0.786700 0.448000
vt 0.853800 0.401100
vt 0.782700 0.370200
vt 0.847800 0.362100
vt 0.784200 0.276400
vt 0.850100 0.315000
vt 0.146300 0.308400
vt 0.146300 0.393900
vt 0.146300 0.368700
vt 0.092900 0.308400
vt 0.092900 0.368700
vt 0.092900 0.393900
vt 0.936800 0.593800
vt 0.941600 0.593600
vt 0.938300 0.591300
vt 0.943500 0.591000
vt 0.946900 0.593800
vt 0.373900 0.040600
vt 0.373900 0.167900
vt 0.329600 0.988100
vt 0.329900 0.811400
vt 0.226100 0.908500
vt 0.217100 0.848000
vt 0.190200 0.844900
vt 0.152300 0.811400
vt 0.408400 0.054300
vt 0.759400 0.350100
vt 0.869000 0.399600
vt 0.862400 0.360500
vt 0.862400 0.311000
vt 0.867500 0.302200
vt 0.893900 0.283400
vt 0.896200 0.310400
vt 0.919300 0.279400
vt 0.920600 0.299300
vt 0.924700 0.304400
vt 0.922900 0.332300
vt 0.921600 0.312400
vt 0.896200 0.351000
vt 0.893900 0.328600
vt 0.901700 0.328800
vt 0.901100 0.358700
vt 0.929000 0.324900
vt 0.928900 0.357500
vt 0.967700 0.332400
vt 0.969900 0.360800
vt 0.972000 0.330400
vt 0.977000 0.359900
vt 0.864600 0.304500
vt 0.864900 0.351000
vt 0.878100 0.320400
vt 0.901800 0.406700
vt 0.901800 0.408200
vt 0.866300 0.302800
vt 0.928900 0.406700
vt 0.928900 0.405100
vt 0.967700 0.389400
vt 0.972000 0.401100
vt 0.869200 0.400700
vt 0.675300 0.433300
vt 0.707800 0.474200
vt 0.679300 0.478600
vt 0.708000 0.438100
vt 0.639500 0.388600
vt 0.652100 0.380300
vt 0.615900 0.404200
vt 0.586200 0.367800
vt 0.578500 0.424800
vt 0.547900 0.392000
vt 0.531600 0.397600
vt 0.533700 0.319800
vt 0.515200 0.325900
vt 0.540500 0.254400
vt 0.522500 0.254500
vt 0.533200 0.331300
vt 0.547600 0.400400
vt 0.578300 0.429100
vt 0.585800 0.378800
vt 0.615600 0.410800
vt 0.651800 0.387900
vt 0.708000 0.428500
vt 0.591400 0.307900
vt 0.595100 0.254400
vt 0.590700 0.321900
vt 0.728200 0.310200
vt 0.725600 0.254500
vt 0.727800 0.317600
vt 0.709000 0.362400
vt 0.742000 0.359300
vt 0.740800 0.433300
vt 0.709100 0.355600
vt 0.742500 0.314900
vt 0.740300 0.254500
vt 0.235900 0.381000
vt 0.235900 0.303400
vt 0.138900 0.381000
vt 0.138900 0.303400
vt 0.041900 0.381000
vt 0.041900 0.303400
vt 0.707700 0.487900
vt 0.680300 0.487900
vt 0.707800 0.471100
vt 0.558400 0.004500
vt 0.514000 0.240600
vt 0.514000 0.004500
vt 0.556800 0.240600
vt 0.607800 0.004500
vt 0.606500 0.240600
vt 0.664100 0.004500
vt 0.665500 0.240600
vt 0.708700 0.004700
vt 0.714200 0.240600
vt 0.752700 0.004700
vt 0.752700 0.240600
vt 0.796700 0.004700
vt 0.791300 0.240600
vt 0.841400 0.004500
vt 0.839900 0.240600
vt 0.897600 0.004500
vt 0.899000 0.240600
vt 0.947000 0.004500
vt 0.948600 0.240600
vt 0.991500 0.004500
vt 0.991500 0.240600
vt 0.804200 0.523700
vt 0.766400 0.637000
vt 0.766300 0.517200
vt 0.834600 0.685200
vt 0.850800 0.587800
vt 0.926300 0.755500
vt 0.927700 0.615000
vt 0.970600 0.755700
vt 0.974400 0.620100
vt 0.988300 0.755700
vt 0.984200 0.614500
vt 0.969200 0.896300
vt 0.991500 0.899800
vt 0.927700 0.899300
vt 0.850800 0.926500
vt 0.834600 0.820500
vt 0.804200 0.969700
vt 0.766400 0.846800
vt 0.766400 0.982700
vt 0.926700 0.558500
vt 0.923900 0.562200
vt 0.926500 0.562200
vt 0.924200 0.558500
vt 0.935000 0.550000
vt 0.935200 0.551600
vt 0.947800 0.550000
vt 0.947300 0.551700
vt 0.957100 0.555600
vt 0.954900 0.555600
vt 0.950200 0.548000
vt 0.956100 0.562700
vt 0.959600 0.562700
vt 0.933600 0.548000
vt 0.937500 0.546600
vt 0.945800 0.546700
vt 0.941900 0.535400
vt 0.947500 0.535600
vt 0.941900 0.528100
vt 0.948000 0.528900
vt 0.941800 0.525600
vt 0.948100 0.525300
vt 0.935900 0.527600
vt 0.935700 0.526400
vt 0.936300 0.535600
vt 0.479300 0.404400
vt 0.404800 0.410000
vt 0.472500 0.409900
vt 0.398000 0.404600
vt 0.465800 0.415400
vt 0.411600 0.415500
vt 0.465900 0.459300
vt 0.472600 0.464800
vt 0.411700 0.459400
vt 0.404900 0.464900
vt 0.479400 0.470200
vt 0.398100 0.470300
vt 0.736700 0.469100
vt 0.735700 0.487800
vt 0.069300 0.022800
vt 0.012000 0.121900
vt 0.126500 0.121900
vt 0.183800 0.022800
vt 0.241000 0.121900
vt 0.010000 0.664600
vt 0.049500 0.664600
vt 0.010000 0.506500
vt 0.052400 0.506500
vt 0.741300 0.664600
vt 0.701800 0.664600
vt 0.639100 0.664600
vt 0.547700 0.664600
vt 0.421000 0.664600
vt 0.375600 0.664600
vt 0.330300 0.664600
vt 0.203600 0.664600
vt 0.698800 0.506500
vt 0.633400 0.506500
vt 0.554700 0.506500
vt 0.422900 0.506500
vt 0.375600 0.506500
vt 0.328300 0.506500
vt 0.196600 0.506500
vt 0.112200 0.664600
vt 0.117900 0.506500
vt 0.069300 0.221100
vt 0.183800 0.221100
vt 0.373900 0.228300
vt 0.316900 0.228300
vt 0.373900 0.236000
vt 0.430800 0.228300
vt 0.420400 0.236000
vt 0.327300 0.236000
vt 0.945900 0.602800
vt 0.937200 0.602800
vt 0.941500 0.602800
vt 0.741300 0.506500
vt 0.152500 0.435400
vt 0.125600 0.321000
vt 0.126100 0.435400
vt 0.152500 0.321000
vt 0.173500 0.435400
vt 0.173600 0.321000
vt 0.192800 0.435400
vt 0.192800 0.321000
vt 0.219100 0.435400
vt 0.219100 0.321000
vt 0.240600 0.435400
vt 0.240100 0.321000
vt 0.043700 0.435400
vt 0.015400 0.321000
vt 0.016500 0.435400
vt 0.043200 0.321000
vt 0.086100 0.435400
vt 0.086300 0.321000
vt 0.016500 0.495700
vt 0.043700 0.495700
vt 0.086100 0.495700
vt 0.126100 0.495700
vt 0.152500 0.495700
vt 0.173500 0.495700
vt 0.192800 0.495700
vt 0.219100 0.495700
vt 0.240600 0.495700
vt 0.182300 0.255900
vt 0.500000 1.000000
vt 0.806200 0.806200
vt 0.500000 0.933000
vt 0.853600 0.853600
vt 0.500000 0.667500
vt 0.618400 0.618400
vt 0.500000 0.500000
vt 0.667500 0.500000
vt 0.618400 0.381600
vt 0.933000 0.500000
vt 0.806200 0.193800
vt 1.000000 0.500000
vt 0.853600 0.146400
vt 0.193800 0.806200
vt 0.146400 0.853600
vt 0.067000 0.500000
vt 0.000000 0.500000
vt 0.193800 0.193800
vt 0.146400 0.146400
vt 0.500000 0.067000
vt 0.500000 0.000000
vt 0.381600 0.618400
vt 0.332500 0.500000
vt 0.381600 0.381600
vt 0.500000 0.332500
vt 0.155400 0.923300
vt 0.161400 0.979800
vt 0.177500 0.950200
vt 0.121800 0.965200
vt 0.115600 0.903900
vt 0.085200 0.914500
vt 0.060600 0.881400
vt 0.040500 0.884000
vt 0.044200 0.846700
vt 0.016100 0.848000
vt 0.050100 0.840400
vt 0.024500 0.841500
vt 0.298100 0.929800
vt 0.303300 0.922600
vt 0.295200 0.926300
vt 0.306900 0.925800
vt 0.300800 0.933500
vt 0.307600 0.938500
vt 0.298900 0.937500
vt 0.295900 0.940300
vt 0.295000 0.937900
vt 0.291600 0.941300
vt 0.291000 0.937400
vt 0.294000 0.935500
vt 0.290400 0.933500
vt 0.306300 0.918300
vt 0.319000 0.918300
vt 0.303900 0.913100
vt 0.317600 0.913200
vt 0.300800 0.909600
vt 0.313200 0.909700
vt 0.299700 0.908600
vt 0.092000 0.950200
vt 0.114400 0.837900
vt 0.114600 0.844000
vt 0.199900 0.835400
vt 0.209900 0.837700
vt 0.126700 0.800000
vt 0.128800 0.798100
vt 0.072700 0.785500
vt 0.070400 0.782500
vt 0.053500 0.780900
vt 0.049300 0.777400
vt 0.116500 0.876500
vt 0.197400 0.869600
vt 0.202400 0.799500
vt 0.177600 0.773100
vt 0.167900 0.765900
vt 0.222000 0.838200
vt 0.320100 0.936500
vt 0.326000 0.918300
vt 0.326100 0.936000
vt 0.324100 0.913200
vt 0.208400 0.207700
vt 0.192700 0.207700
vt 0.200300 0.197900
vt 0.189700 0.227600
vt 0.208400 0.227700
vt 0.191100 0.229700
vt 0.197900 0.231600
vt 0.224000 0.207700
vt 0.216500 0.197900
vt 0.227000 0.227600
vt 0.225700 0.229700
vt 0.208400 0.195000
vt 0.208400 0.232300
vt 0.218800 0.231600
vt 0.487000 0.694800
vt 0.487100 0.708000
vt 0.488100 0.694900
vt 0.487200 0.677700
vt 0.488600 0.677800
vt 0.487200 0.663000
vt 0.488600 0.663100
vt 0.487000 0.589800
vt 0.488200 0.590000
vt 0.485400 0.528400
vt 0.485500 0.707900
vt 0.485500 0.694600
vt 0.484500 0.707800
vt 0.483900 0.694500
vt 0.482800 0.694400
vt 0.485400 0.677500
vt 0.483700 0.677400
vt 0.482300 0.677200
vt 0.485400 0.589600
vt 0.483800 0.589400
vt 0.485400 0.662800
vt 0.483600 0.662600
vt 0.482300 0.662500
vt 0.482600 0.589300
vt 0.051400 0.051200
vt 0.036800 0.149700
vt 0.036800 0.051200
vt 0.051400 0.149700
vt 0.066100 0.051200
vt 0.066100 0.149700
vt 0.080700 0.051200
vt 0.080700 0.149700
vt 0.095300 0.051200
vt 0.095300 0.149700
vt 0.110000 0.051200
vt 0.110000 0.149700
vt 0.124600 0.051200
vt 0.124600 0.149700
vt 0.139200 0.051200
vt 0.139200 0.149700
vt 0.153900 0.051200
vt 0.153900 0.149700
vt 0.168500 0.051200
vt 0.168500 0.149700
vt 0.183100 0.051200
vt 0.183100 0.149700
vt 0.197700 0.051200
vt 0.197700 0.149700
vt 0.212400 0.051200
vt 0.212400 0.149700
vt 0.036800 0.175100
vt 0.051400 0.175100
vt 0.066100 0.175100
vt 0.080700 0.175100
vt 0.095300 0.175100
vt 0.110000 0.175100
vt 0.124600 0.175100
vt 0.139200 0.175100
vt 0.153900 0.175100
vt 0.168500 0.175100
vt 0.183100 0.175100
vt 0.197700 0.175100
vt 0.212400 0.175100
vt 0.124600 0.203300
s 1
f 3/1/1 2/2/2 1/3/3
f 3/1/1 4/4/4 2/2/2
f 5/5/5 4/4/4 3/1/1
f 5/5/5 6/6/6 4/4/4
f 9/7/7 8/8/8 7/9/9
f 9/7/7 10/10/10 8/8/8
f 11/11/11 10/10/10 9/7/7
f 11/11/11 12/12/12 10/10/10
f 13/13/13 12/12/12 11/11/11
f 13/13/13 14/14/14 12/12/12
f 15/15/15 14/14/14 13/13/13
f 15/15/15 16/16/16 14/14/14
f 17/17/17 16/16/16 15/15/15
f 17/17/17 18/18/18 16/16/16
f 19/19/19 18/18/18 17/17/17
f 19/19/19 20/20/20 18/18/18
f 6/21/6 22/22/21 21/23/22
f 6/21/6 23/24/23 22/22/21
f 5/25/5 23/24/23 6/21/6
f 5/25/5 8/26/8 23/24/23
f 7/27/9 8/26/8 5/25/5
f 25/28/24 9/29/7 24/30/25
f 25/28/24 19/31/19 9/29/7
f 26/32/26 19/31/19 25/28/24
f 26/32/26 20/33/20 19/31/19
f 27/34/27 20/33/20 26/32/26
f 27/34/27 28/35/28 20/33/20
f 29/36/29 28/35/28 27/34/27
f 29/36/29 30/37/30 28/35/28
f 31/38/31 30/37/30 29/36/29
f 32/39/32 28/35/28 30/37/30
f 32/39/32 3/40/1 28/35/28
f 33/41/33 3/40/1 32/39/32
f 33/41/33 5/42/5 3/40/1
f 36/43/34 35/44/35 34/45/36
f 36/43/34 37/46/37 35/44/35
f 38/47/38 37/46/37 36/43/34
f 38/47/38 39/48/39 37/46/37
f 40/49/40 39/48/39 38/47/38
f 40/49/40 41/50/41 39/48/39
f 44/51/42 43/50/43 42/49/44
f 44/51/42 45/52/45 43/50/43
f 46/53/46 45/52/45 44/51/42
f 46/53/46 47/54/47 45/52/45
f 48/55/48 47/54/47 46/53/46
f 48/55/48 49/56/49 47/54/47
f 39/48/39 47/54/47 37/46/37
f 39/48/39 45/52/45 47/54/47
f 41/50/41 45/52/45 39/48/39
f 41/50/41 43/50/43 45/52/45
f 38/57/38 50/58/50 40/59/40
f 38/57/38 51/60/51 50/58/50
f 36/61/34 51/60/51 38/57/38
f 36/61/34 52/62/52 51/60/51
f 34/63/36 52/62/52 36/61/34
f 34/63/36 53/64/53 52/62/52
f 11/6/11 53/64/53 34/63/36
f 11/6/11 54/4/54 53/64/53
f 9/5/7 54/4/54 11/6/11
f 9/5/7 55/2/55 54/4/54
f 19/1/19 55/2/55 9/5/7
f 19/1/19 17/3/17 55/2/55
f 51/60/51 56/65/56 50/58/50
f 51/60/51 57/66/57 56/65/56
f 52/62/52 57/66/57 51/60/51
f 52/62/52 58/67/58 57/66/57
f 53/64/53 58/67/58 52/62/52
f 53/64/53 59/68/59 58/67/58
f 54/4/54 59/68/59 53/64/53
f 54/4/54 55/2/55 59/68/59
f 48/69/48 55/2/55 17/3/17
f 48/69/48 59/68/59 55/2/55
f 46/70/46 59/68/59 48/69/48
f 46/70/46 58/67/58 59/68/59
f 44/71/42 58/67/58 46/70/46
f 44/71/42 57/66/57 58/67/58
f 42/72/44 57/66/57 44/71/42
f 42/72/44 56/65/56 57/66/57
f 62/73/60 61/74/61 60/75/62
f 62/73/60 63/76/63 61/74/61
f 64/77/64 63/76/63 62/73/60
f 64/77/64 65/78/65 63/76/63
f 66/79/66 65/78/65 64/77/64
f 66/79/66 67/80/67 65/78/65
f 68/81/68 67/80/67 66/79/66
f 68/81/68 69/82/69 67/80/67
f 70/83/70 69/82/69 68/81/68
f 70/83/70 71/84/71 69/82/69
f 74/85/72 73/86/73 72/87/74
f 74/85/72 75/85/75 73/86/73
f 76/88/76 75/85/75 74/85/72
f 76/88/76 77/88/77 75/85/75
f 78/89/78 77/88/77 76/88/76
f 78/89/78 79/90/79 77/88/77
f 72/87/74 79/90/79 78/89/78
f 72/87/74 73/86/73 79/90/79
f 17/91/17 49/92/49 48/92/48
f 49/92/49 17/91/17 15/93/15
f 15/93/15 35/92/35 49/92/49
f 35/92/35 15/93/15 13/94/13
f 11/95/11 35/92/35 13/94/13
f 35/92/35 11/95/11 34/92/36
f 80/96/80 9/29/7 7/97/9
f 9/29/7 80/96/80 24/30/25
f 7/97/9 33/41/33 80/96/80
f 33/41/33 7/97/9 5/42/5
f 3/98/1 81/99/81 20/20/20
f 81/99/81 3/98/1 1/100/3
f 1/100/3 82/101/82 81/99/81
f 82/101/82 1/100/3 83/102/83
f 21/23/22 82/101/82 83/102/83
f 82/101/82 21/23/22 84/103/84
f 22/22/21 84/103/84 21/23/22
f 26/32/26 29/36/29 27/34/27
f 29/36/29 26/32/26 85/104/85
f 25/28/24 85/104/85 26/32/26
f 29/36/29 85/104/85 31/38/31
f 3/40/1 20/33/20 28/35/28
f 35/44/35 47/54/47 49/56/49
f 47/54/47 35/44/35 37/46/37
f 61/74/61 70/83/70 60/75/62
f 70/83/70 61/74/61 71/84/71
f 86/105/86 66/79/66 64/77/64
f 66/79/66 86/105/86 68/81/68
f 70/83/70 68/81/68 86/105/86
f 62/73/60 86/105/86 64/77/64
f 86/105/86 62/73/60 60/75/62
f 86/105/86 60/75/62 70/83/70
f 75/85/75 79/90/79 73/86/73
f 79/90/79 75/85/75 77/88/77
f 72/87/74 76/88/76 74/85/72
f 76/88/76 72/87/74 78/89/78
f 67/80/67 87/106/87 65/78/65
f 67/80/67 88/106/88 87/106/87
f 69/82/69 88/106/88 67/80/67
f 69/82/69 89/107/89 88/106/88
f 71/84/71 89/107/89 69/82/69
f 71/84/71 90/108/90 89/107/89
f 91/109/91 90/108/90 71/84/71
f 91/109/91 92/110/92 90/108/90
f 93/111/93 92/110/92 91/109/91
f 93/111/93 94/112/94 92/110/92
f 95/113/95 94/112/94 93/111/93
f 95/113/95 96/114/96 94/112/94
f 97/115/97 96/114/96 95/113/95
f 97/115/97 98/116/98 96/114/96
f 99/117/99 98/116/98 97/115/97
f 99/117/99 100/118/100 98/116/98
f 89/107/89 100/118/100 99/117/99
f 89/107/89 92/110/92 100/118/100
f 90/108/90 92/110/92 89/107/89
f 93/111/93 97/115/97 95/113/95
f 93/111/93 99/117/99 97/115/97
f 101/119/101 99/117/99 93/111/93
f 101/119/101 102/120/102 99/117/99
f 103/121/103 102/120/102 101/119/101
f 103/121/103 104/122/104 102/120/102
f 105/123/105 104/122/104 103/121/103
f 105/123/105 106/124/106 104/122/104
f 107/125/107 106/124/106 105/123/105
f 107/125/107 108/126/108 106/124/106
f 109/123/109 108/126/108 107/125/107
f 109/123/109 110/124/110 108/126/108
f 111/121/111 110/124/110 109/123/109
f 111/121/111 112/122/112 110/124/110
f 113/119/113 112/122/112 111/121/111
f 113/119/113 114/120/114 112/122/112
f 115/127/115 114/120/114 113/119/113
f 115/127/115 116/128/116 114/120/114
f 63/76/63 116/128/116 115/127/115
f 63/76/63 87/106/87 116/128/116
f 65/78/65 87/106/87 63/76/63
f 105/123/105 109/123/109 107/125/107
f 105/123/105 111/121/111 109/123/109
f 103/121/103 111/121/111 105/123/105
f 103/121/103 113/119/113 111/121/111
f 101/119/101 113/119/113 103/121/103
f 101/119/101 117/129/117 113/119/113
f 93/111/93 117/129/117 101/119/101
f 93/111/93 91/109/91 117/129/117
f 102/120/102 89/107/89 99/117/99
f 102/120/102 88/106/88 89/107/89
f 118/130/118 88/106/88 102/120/102
f 118/130/118 87/106/87 88/106/88
f 119/131/119 87/106/87 118/130/118
f 119/131/119 116/128/116 87/106/87
f 114/120/114 116/128/116 119/131/119
f 115/127/115 61/74/61 63/76/63
f 115/127/115 120/132/120 61/74/61
f 113/119/113 120/132/120 115/127/115
f 113/119/113 117/129/117 120/132/120
f 119/131/119 112/122/112 114/120/114
f 119/131/119 121/133/121 112/122/112
f 118/130/118 121/133/121 119/131/119
f 118/130/118 122/134/122 121/133/121
f 102/120/102 122/134/122 118/130/118
f 102/120/102 104/122/104 122/134/122
f 121/133/121 110/124/110 112/122/112
f 121/133/121 123/135/123 110/124/110
f 122/134/122 123/135/123 121/133/121
f 122/134/122 124/136/124 123/135/123
f 125/135/125 124/136/124 122/134/122
f 125/135/125 108/126/108 124/136/124
f 106/124/106 108/126/108 125/135/125
f 92/110/92 98/116/98 100/118/100
f 98/116/98 92/110/92 94/112/94
f 98/116/98 94/112/94 96/114/96
f 91/109/91 120/132/120 117/129/117
f 120/132/120 91/109/91 61/74/61
f 71/84/71 61/74/61 91/109/91
f 108/126/108 123/135/123 124/136/124
f 123/135/123 108/126/108 110/124/110
f 104/122/104 125/135/125 122/134/122
f 125/135/125 104/122/104 106/124/106
f 127/92/126 1/91/3 126/92/127
f 127/92/126 83/93/83 1/91/3
f 128/92/128 83/93/83 127/92/126
f 128/92/128 21/94/22 83/93/83
f 129/92/129 21/94/22 128/92/128
f 129/92/129 6/95/6 21/94/22
f 2/2/2 126/69/127 1/3/3
f 2/2/2 130/68/130 126/69/127
f 4/4/4 130/68/130 2/2/2
f 4/4/4 131/64/131 130/68/130
f 6/6/6 131/64/131 4/4/4
f 6/6/6 129/63/129 131/64/131
f 128/44/128 132/43/132 129/45/129
f 128/44/128 133/46/133 132/43/132
f 127/56/126 133/46/133 128/44/128
f 127/56/126 134/54/134 133/46/133
f 126/55/127 134/54/134 127/56/126
f 126/55/127 135/53/135 134/54/134
f 138/50/136 137/51/137 136/49/138
f 138/50/136 139/52/139 137/51/137
f 140/50/140 139/52/139 138/50/136
f 140/50/140 141/48/141 139/52/139
f 142/49/142 141/48/141 140/50/140
f 142/49/142 143/47/143 141/48/141
f 139/52/139 135/53/135 137/51/137
f 139/52/139 134/54/134 135/53/135
f 141/48/141 134/54/134 139/52/139
f 141/48/141 133/46/133 134/54/134
f 143/47/143 133/46/133 141/48/141
f 143/47/143 132/43/132 133/46/133
f 130/68/130 135/70/135 126/69/127
f 130/68/130 144/67/144 135/70/135
f 131/64/131 144/67/144 130/68/130
f 131/64/131 145/62/145 144/67/144
f 129/63/129 145/62/145 131/64/131
f 129/63/129 132/61/132 145/62/145
f 144/67/144 137/71/137 135/70/135
f 144/67/144 146/66/146 137/71/137
f 145/62/145 146/66/146 144/67/144
f 145/62/145 147/60/147 146/66/146
f 132/61/132 147/60/147 145/62/145
f 132/61/132 143/57/143 147/60/147
f 148/58/148 143/57/143 142/59/142
f 148/58/148 147/60/147 143/57/143
f 149/65/149 147/60/147 148/58/148
f 149/65/149 146/66/146 147/60/147
f 136/72/138 146/66/146 149/65/149
f 136/72/138 137/71/137 146/66/146
f 152/73/150 151/78/151 150/77/152
f 152/73/150 153/76/153 151/78/151
f 154/75/154 153/76/153 152/73/150
f 154/75/154 155/74/155 153/76/153
f 156/83/156 155/74/155 154/75/154
f 156/83/156 157/84/157 155/74/155
f 158/81/158 157/84/157 156/83/156
f 158/81/158 159/82/159 157/84/157
f 160/79/160 159/82/159 158/81/158
f 160/79/160 161/80/161 159/82/159
f 164/88/162 163/89/163 162/90/164
f 164/88/162 165/88/165 163/89/163
f 166/85/166 165/88/165 164/88/162
f 166/85/166 167/85/167 165/88/165
f 168/86/168 167/85/167 166/85/166
f 168/86/168 169/87/169 167/85/167
f 162/90/164 169/87/169 168/86/168
f 162/90/164 163/89/163 169/87/169
f 151/78/151 160/79/160 150/77/152
f 160/79/160 151/78/151 161/80/161
f 170/105/170 150/77/152 160/79/160
f 150/77/152 170/105/170 152/73/150
f 154/75/154 152/73/150 170/105/170
f 158/81/158 170/105/170 160/79/160
f 170/105/170 158/81/158 156/83/156
f 170/105/170 156/83/156 154/75/154
f 169/87/169 165/88/165 167/85/167
f 165/88/165 169/87/169 163/89/163
f 166/85/166 162/90/164 168/86/168
f 162/90/164 166/85/166 164/88/162
f 153/76/153 171/106/171 151/78/151
f 153/76/153 172/128/172 171/106/171
f 173/127/173 172/128/172 153/76/153
f 173/127/173 174/120/174 172/128/172
f 175/119/175 174/120/174 173/127/173
f 175/119/175 176/122/176 174/120/174
f 177/121/177 176/122/176 175/119/175
f 177/121/177 178/124/178 176/122/176
f 179/123/179 178/124/178 177/121/177
f 179/123/179 180/126/180 178/124/178
f 181/125/181 180/126/180 179/123/179
f 181/125/181 182/124/182 180/126/180
f 183/123/183 182/124/182 181/125/181
f 183/123/183 184/122/184 182/124/182
f 185/121/185 184/122/184 183/123/183
f 185/121/185 186/120/186 184/122/184
f 187/119/187 186/120/186 185/121/185
f 187/119/187 188/117/188 186/120/186
f 189/111/189 188/117/188 187/119/187
f 189/111/189 190/115/190 188/117/188
f 191/113/191 190/115/190 189/111/189
f 191/113/191 192/114/192 190/115/190
f 193/112/193 192/114/192 191/113/191
f 193/112/193 194/116/194 192/114/192
f 195/110/195 194/116/194 193/112/193
f 195/110/195 196/118/196 194/116/194
f 197/108/197 196/118/196 195/110/195
f 197/108/197 198/107/198 196/118/196
f 157/84/157 198/107/198 197/108/197
f 157/84/157 159/82/159 198/107/198
f 179/123/179 183/123/183 181/125/181
f 179/123/179 185/121/185 183/123/183
f 177/121/177 185/121/185 179/123/179
f 177/121/177 187/119/187 185/121/185
f 175/119/175 187/119/187 177/121/177
f 175/119/175 199/129/199 187/119/187
f 200/132/200 199/129/199 175/119/175
f 200/132/200 201/109/201 199/129/199
f 155/74/155 201/109/201 200/132/200
f 155/74/155 157/84/157 201/109/201
f 194/116/194 190/115/190 192/114/192
f 194/116/194 188/117/188 190/115/190
f 196/118/196 188/117/188 194/116/194
f 196/118/196 198/107/198 188/117/188
f 189/111/189 193/112/193 191/113/191
f 189/111/189 195/110/195 193/112/193
f 201/109/201 195/110/195 189/111/189
f 201/109/201 197/108/197 195/110/195
f 157/84/157 197/108/197 201/109/201
f 198/107/198 186/120/186 188/117/188
f 198/107/198 202/137/202 186/120/186
f 159/82/159 202/137/202 198/107/198
f 159/82/159 161/80/161 202/137/202
f 171/106/171 161/80/161 151/78/151
f 171/106/171 202/137/202 161/80/161
f 203/131/203 202/137/202 171/106/171
f 203/131/203 204/130/204 202/137/202
f 205/133/205 204/130/204 203/131/203
f 205/133/205 206/134/206 204/130/204
f 207/135/207 206/134/206 205/133/205
f 207/135/207 208/136/208 206/134/206
f 178/124/178 208/136/208 207/135/207
f 178/124/178 180/126/180 208/136/208
f 205/133/205 178/124/178 207/135/207
f 205/133/205 176/122/176 178/124/178
f 203/131/203 176/122/176 205/133/205
f 203/131/203 174/120/174 176/122/176
f 171/106/171 174/120/174 203/131/203
f 171/106/171 172/128/172 174/120/174
f 204/130/204 186/120/186 202/137/202
f 204/130/204 184/122/184 186/120/186
f 206/134/206 184/122/184 204/130/204
f 206/134/206 182/124/182 184/122/184
f 209/135/209 182/124/182 206/134/206
f 209/135/209 180/126/180 182/124/182
f 208/136/208 180/126/180 209/135/209
f 173/127/173 200/132/200 175/119/175
f 200/132/200 173/127/173 155/74/155
f 153/76/153 155/74/155 173/127/173
f 199/129/199 189/111/189 187/119/187
f 189/111/189 199/129/199 201/109/201
f 206/134/206 208/136/208 209/135/209
f 212/138/210 211/139/211 210/140/212
f 212/138/210 213/141/213 211/139/211
f 214/142/214 213/141/213 212/138/210
f 214/142/214 215/143/215 213/141/213
f 216/144/216 215/143/215 214/142/214
f 216/144/216 217/145/217 215/143/215
f 218/146/218 217/145/217 216/144/216
f 218/146/218 219/147/219 217/145/217
f 220/148/220 219/147/219 218/146/218
f 220/148/220 221/149/221 219/147/219
f 222/150/222 221/149/221 220/148/220
f 222/150/222 223/151/223 221/149/221
f 224/152/224 223/151/223 222/150/222
f 224/152/224 225/151/225 223/151/223
f 222/150/222 225/151/225 224/152/224
f 222/150/222 226/153/226 225/151/225
f 220/148/220 226/153/226 222/150/222
f 220/148/220 227/154/227 226/153/226
f 228/155/228 227/154/227 220/148/220
f 228/155/228 229/156/229 227/154/227
f 230/157/230 229/156/229 228/155/228
f 230/157/230 231/158/231 229/156/229
f 214/142/214 231/158/231 230/157/230
f 214/142/214 232/159/232 231/158/231
f 212/138/210 232/159/232 214/142/214
f 230/157/230 216/144/216 214/142/214
f 230/157/230 218/146/218 216/144/216
f 228/155/228 218/146/218 230/157/230
f 228/155/228 220/148/220 218/146/218
f 221/149/221 217/145/217 219/147/219
f 221/149/221 233/160/233 217/145/217
f 223/151/223 233/160/233 221/149/221
f 223/151/223 234/161/234 233/160/233
f 225/151/225 234/161/234 223/151/223
f 225/151/225 235/161/235 234/161/234
f 226/153/226 235/161/235 225/151/225
f 226/153/226 236/162/236 235/161/235
f 227/154/227 236/162/236 226/153/226
f 227/154/227 229/156/229 236/162/236
f 233/160/233 215/143/215 217/145/217
f 233/160/233 237/163/237 215/143/215
f 234/161/234 237/163/237 233/160/233
f 234/161/234 238/164/238 237/163/237
f 235/161/235 238/164/238 234/161/234
f 235/161/235 239/164/239 238/164/238
f 236/162/236 239/164/239 235/161/235
f 236/162/236 240/165/240 239/164/239
f 231/158/231 240/165/240 236/162/236
f 231/158/231 241/166/241 240/165/240
f 232/159/232 241/166/241 231/158/231
f 232/159/232 242/167/242 241/166/241
f 243/168/243 242/167/242 232/159/232
f 243/168/243 244/169/244 242/167/242
f 213/141/213 244/169/244 243/168/243
f 213/141/213 215/143/215 244/169/244
f 237/163/237 244/169/244 215/143/215
f 237/163/237 242/167/242 244/169/244
f 245/170/245 242/167/242 237/163/237
f 245/170/245 241/166/241 242/167/242
f 240/165/240 241/166/241 245/170/245
f 245/170/245 239/164/239 240/165/240
f 245/170/245 246/171/246 239/164/239
f 237/163/237 246/171/246 245/170/245
f 237/163/237 238/164/238 246/171/246
f 249/172/247 248/173/248 247/172/249
f 249/172/247 250/173/250 248/173/248
f 251/174/251 250/173/250 249/172/247
f 251/174/251 252/175/252 250/173/250
f 253/176/253 252/175/252 251/174/251
f 253/176/253 254/177/254 252/175/252
f 255/176/255 254/177/254 253/176/253
f 255/176/255 256/177/256 254/177/254
f 257/174/257 249/172/247 247/172/249
f 257/174/257 251/174/251 249/172/247
f 255/176/255 251/174/251 257/174/257
f 255/176/255 253/176/253 251/174/251
f 252/175/252 248/173/248 250/173/250
f 252/175/252 258/175/258 248/173/248
f 254/177/254 258/175/258 252/175/252
f 254/177/254 256/177/256 258/175/258
f 261/172/259 260/173/260 259/172/261
f 261/172/259 262/173/262 260/173/260
f 263/174/263 262/173/262 261/172/259
f 263/174/263 264/175/264 262/173/262
f 265/176/265 264/175/264 263/174/263
f 265/176/265 266/177/266 264/175/264
f 267/176/267 266/177/266 265/176/265
f 267/176/267 268/177/268 266/177/266
f 269/174/269 261/172/259 259/172/261
f 269/174/269 263/174/263 261/172/259
f 267/176/267 263/174/263 269/174/269
f 267/176/267 265/176/265 263/174/263
f 264/175/264 260/173/260 262/173/262
f 264/175/264 270/175/270 260/173/260
f 266/177/266 270/175/270 264/175/264
f 266/177/266 268/177/268 270/175/270
f 271/178/271 210/140/212 211/139/211
f 210/140/212 271/178/271 272/179/272
f 231/158/231 236/162/236 229/156/229
f 238/164/238 239/164/239 246/171/246
f 275/179/273 274/180/274 273/178/275
f 275/179/273 276/140/276 274/180/274
f 277/178/277 276/140/276 275/179/273
f 277/178/277 278/139/278 276/140/276
f 279/141/279 276/140/276 278/139/278
f 279/141/279 280/138/280 276/140/276
f 281/143/281 280/138/280 279/141/279
f 281/143/281 282/142/282 280/138/280
f 283/144/283 282/142/282 281/143/281
f 283/144/283 284/157/284 282/142/282
f 285/146/285 284/157/284 283/144/283
f 285/146/285 286/155/286 284/157/284
f 287/148/287 286/155/286 285/146/285
f 287/148/287 288/154/288 286/155/286
f 289/150/289 288/154/288 287/148/287
f 289/150/289 290/153/290 288/154/288
f 291/152/291 290/153/290 289/150/289
f 291/152/291 292/151/292 290/153/290
f 293/151/293 292/151/292 291/152/291
f 293/151/293 294/161/294 292/151/292
f 295/161/295 294/161/294 293/151/293
f 295/161/295 296/164/296 294/161/294
f 297/164/297 296/164/296 295/161/295
f 297/164/297 298/171/298 296/164/296
f 299/163/299 298/171/298 297/164/297
f 299/163/299 300/170/300 298/171/298
f 301/169/301 300/170/300 299/163/299
f 301/169/301 302/167/302 300/170/300
f 279/141/279 302/167/302 301/169/301
f 279/141/279 303/168/303 302/167/302
f 289/150/289 293/151/293 291/152/291
f 289/150/289 304/149/304 293/151/293
f 287/148/287 304/149/304 289/150/289
f 287/148/287 305/147/305 304/149/304
f 285/146/285 305/147/305 287/148/287
f 285/146/285 306/145/306 305/147/305
f 283/144/283 306/145/306 285/146/285
f 283/144/283 281/143/281 306/145/306
f 307/159/307 302/167/302 303/168/303
f 307/159/307 308/166/308 302/167/302
f 309/158/309 308/166/308 307/159/307
f 309/158/309 310/165/310 308/166/308
f 311/162/311 310/165/310 309/158/309
f 311/162/311 296/164/296 310/165/310
f 294/161/294 296/164/296 311/162/311
f 311/162/311 292/151/292 294/161/294
f 311/162/311 290/153/290 292/151/292
f 312/156/312 290/153/290 311/162/311
f 312/156/312 288/154/288 290/153/290
f 286/155/286 288/154/288 312/156/312
f 282/142/282 307/159/307 280/138/280
f 282/142/282 309/158/309 307/159/307
f 284/157/284 309/158/309 282/142/282
f 284/157/284 312/156/312 309/158/309
f 286/155/286 312/156/312 284/157/284
f 306/145/306 304/149/304 305/147/305
f 306/145/306 313/160/313 304/149/304
f 281/143/281 313/160/313 306/145/306
f 281/143/281 299/163/299 313/160/313
f 295/161/295 299/163/299 297/164/297
f 295/161/295 313/160/313 299/163/299
f 293/151/293 313/160/313 295/161/295
f 293/151/293 304/149/304 313/160/313
f 316/172/314 315/173/315 314/172/316
f 316/172/314 317/173/317 315/173/315
f 318/174/318 317/173/317 316/172/314
f 318/174/318 319/175/319 317/173/317
f 320/176/320 319/175/319 318/174/318
f 320/176/320 321/177/321 319/175/319
f 322/176/322 321/177/321 320/176/320
f 322/176/322 323/177/323 321/177/321
f 324/174/324 316/172/314 314/172/316
f 324/174/324 318/174/318 316/172/314
f 322/176/322 318/174/318 324/174/324
f 322/176/322 320/176/320 318/174/318
f 319/175/319 315/173/315 317/173/317
f 319/175/319 325/175/325 315/173/315
f 321/177/321 325/175/325 319/175/319
f 321/177/321 323/177/323 325/175/325
f 328/172/326 327/173/327 326/172/328
f 328/172/326 329/173/329 327/173/327
f 330/174/330 329/173/329 328/172/326
f 330/174/330 331/175/331 329/173/329
f 332/176/332 331/175/331 330/174/330
f 332/176/332 333/177/333 331/175/331
f 334/176/334 333/177/333 332/176/332
f 334/176/334 335/177/335 333/177/333
f 336/174/336 328/172/326 326/172/328
f 336/174/336 330/174/330 328/172/326
f 334/176/334 330/174/330 336/174/336
f 334/176/334 332/176/332 330/174/330
f 331/175/331 327/173/327 329/173/329
f 331/175/331 337/175/337 327/173/327
f 333/177/333 337/175/337 331/175/331
f 333/177/333 335/177/335 337/175/337
f 276/140/276 307/159/307 274/180/274
f 307/159/307 276/140/276 280/138/280
f 301/169/301 281/143/281 279/141/279
f 281/143/281 301/169/301 299/163/299
f 308/166/308 300/170/300 302/167/302
f 300/170/300 308/166/308 310/165/310
f 296/164/296 300/170/300 310/165/310
f 300/170/300 296/164/296 298/171/298
f 311/162/311 309/158/309 312/156/312
f 340/181/338 339/182/339 338/183/340
f 340/181/338 341/184/341 339/182/339
f 342/185/342 341/184/341 340/181/338
f 342/185/342 343/186/343 341/184/341
f 344/187/344 343/186/343 342/185/342
f 344/187/344 345/188/345 343/186/343
f 346/189/346 345/188/345 344/187/344
f 346/189/346 347/190/347 345/188/345
f 348/191/348 347/190/347 346/189/346
f 348/191/348 349/192/349 347/190/347
f 350/193/350 349/192/349 348/191/348
f 350/193/350 351/194/351 349/192/349
f 352/195/352 351/194/351 350/193/350
f 352/195/352 353/196/353 351/194/351
f 354/197/354 353/196/353 352/195/352
f 354/197/354 355/198/355 353/196/353
f 356/199/356 355/198/355 354/197/354
f 356/199/356 357/200/357 355/198/355
f 338/201/340 357/200/357 356/199/356
f 338/201/340 339/202/339 357/200/357
f 358/203/358 352/204/352 350/205/350
f 358/203/358 359/206/359 352/204/352
f 360/207/360 359/206/359 358/203/358
f 360/207/360 361/208/361 359/206/359
f 362/209/362 361/208/361 360/207/360
f 362/209/362 363/210/363 361/208/361
f 364/211/364 363/210/363 362/209/362
f 364/211/364 271/212/271 363/210/363
f 272/213/272 271/212/271 364/211/364
f 366/214/365 271/212/271 365/215/366
f 366/214/365 363/210/363 271/212/271
f 367/216/367 363/210/363 366/214/365
f 367/216/367 361/208/361 363/210/363
f 368/217/368 361/208/361 367/216/367
f 368/217/368 369/218/369 361/208/361
f 370/219/370 369/218/369 368/217/368
f 370/219/370 354/220/354 369/218/369
f 356/221/356 354/220/354 370/219/370
f 371/222/371 348/223/348 346/224/346
f 371/222/371 372/225/372 348/223/348
f 373/226/373 372/225/372 371/222/371
f 373/226/373 374/227/374 372/225/372
f 375/228/375 374/227/374 373/226/373
f 375/228/375 376/229/376 374/227/374
f 377/230/377 376/229/376 375/228/375
f 377/230/377 378/228/378 376/229/376
f 370/231/370 378/228/378 377/230/377
f 370/231/370 368/232/368 378/228/378
f 372/225/372 350/224/350 348/223/348
f 372/225/372 358/222/358 350/224/350
f 374/227/374 358/222/358 372/225/372
f 374/227/374 379/226/379 358/222/358
f 376/229/376 379/226/379 374/227/374
f 376/229/376 378/228/378 379/226/379
f 377/230/377 356/233/356 370/231/370
f 377/230/377 338/234/340 356/233/356
f 380/231/380 338/234/340 377/230/377
f 380/231/380 340/233/338 338/234/340
f 379/226/379 360/235/360 358/222/358
f 379/226/379 381/236/381 360/235/360
f 378/228/378 381/236/381 379/226/379
f 378/228/378 382/237/382 381/236/381
f 368/232/368 382/237/382 378/228/378
f 368/232/368 383/238/383 382/237/382
f 367/239/367 383/238/383 368/232/368
f 367/239/367 384/240/384 383/238/383
f 366/241/365 384/240/384 367/239/367
f 366/241/365 385/242/385 384/240/384
f 365/243/366 385/242/385 366/241/365
f 364/244/364 385/242/385 272/245/272
f 364/244/364 384/240/384 385/242/385
f 362/246/362 384/240/384 364/244/364
f 362/246/362 383/238/383 384/240/384
f 360/235/360 383/238/383 362/246/362
f 360/235/360 381/236/381 383/238/383
f 388/247/386 387/248/387 386/249/388
f 388/247/386 389/250/389 387/248/387
f 390/249/390 389/250/389 388/247/386
f 390/249/390 391/248/391 389/250/389
f 392/251/392 391/248/391 390/249/390
f 392/251/392 393/252/393 391/248/391
f 386/249/388 393/252/393 392/251/392
f 386/249/388 387/248/387 393/252/393
f 394/253/394 386/249/388 392/251/392
f 394/253/394 395/254/395 386/249/388
f 396/255/396 395/254/395 394/253/394
f 396/255/396 397/256/397 395/254/395
f 393/252/393 397/256/397 396/255/396
f 393/252/393 387/248/387 397/256/397
f 395/254/395 388/247/386 386/249/388
f 395/254/395 398/257/398 388/247/386
f 397/256/397 398/257/398 395/254/395
f 397/256/397 399/258/399 398/257/398
f 387/248/387 399/258/399 397/256/397
f 387/248/387 389/250/389 399/258/399
f 391/248/391 399/258/399 389/250/389
f 391/248/391 400/256/400 399/258/399
f 393/252/393 400/256/400 391/248/391
f 393/252/393 396/255/396 400/256/400
f 398/257/398 390/249/390 388/247/386
f 398/257/398 401/254/401 390/249/390
f 399/258/399 401/254/401 398/257/398
f 399/258/399 400/256/400 401/254/401
f 344/204/344 371/203/371 346/205/346
f 342/220/342 340/221/338 380/219/380
f 272/179/272 402/180/402 210/140/212
f 402/180/402 272/179/272 385/178/385
f 385/178/385 403/259/403 402/180/402
f 403/259/403 385/178/385 365/260/366
f 365/260/366 211/139/211 403/259/403
f 211/139/211 365/260/366 271/178/271
f 210/140/212 232/159/232 212/138/210
f 232/159/232 210/140/212 402/180/402
f 402/180/402 243/168/243 232/159/232
f 243/168/243 402/180/402 403/259/403
f 403/259/403 213/141/213 243/168/243
f 213/141/213 403/259/403 211/139/211
f 369/218/369 359/206/359 361/208/361
f 359/206/359 369/218/369 354/220/354
f 352/204/352 359/206/359 354/220/354
f 380/231/380 377/230/377 375/228/375
f 383/238/383 381/236/381 382/237/382
f 396/255/396 401/254/401 400/256/400
f 401/254/401 396/255/396 394/253/394
f 394/253/394 390/249/390 401/254/401
f 390/249/390 394/253/394 392/251/392
f 404/260/404 278/139/278 277/178/277
f 404/260/404 405/259/405 278/139/278
f 273/178/275 405/259/405 404/260/404
f 273/178/275 274/180/274 405/259/405
f 405/259/405 279/141/279 278/139/278
f 405/259/405 303/168/303 279/141/279
f 274/180/274 303/168/303 405/259/405
f 274/180/274 307/159/307 303/168/303
f 375/228/375 406/232/406 380/231/380
f 375/228/375 407/237/407 406/232/406
f 373/226/373 407/237/407 375/228/375
f 373/226/373 408/236/408 407/237/407
f 409/235/409 408/236/408 373/226/373
f 409/235/409 410/238/410 408/236/408
f 411/246/411 410/238/410 409/235/409
f 411/246/411 412/240/412 410/238/410
f 413/244/413 412/240/412 411/246/411
f 413/244/413 273/242/275 412/240/412
f 275/245/273 273/242/275 413/244/413
f 414/241/414 273/242/275 404/243/404
f 414/241/414 412/240/412 273/242/275
f 415/239/415 412/240/412 414/241/414
f 415/239/415 410/238/410 412/240/412
f 406/232/406 410/238/410 415/239/415
f 406/232/406 407/237/407 410/238/410
f 413/211/413 277/212/277 275/213/273
f 413/211/413 416/210/416 277/212/277
f 411/209/411 416/210/416 413/211/413
f 411/209/411 417/208/417 416/210/416
f 409/207/409 417/208/417 411/209/411
f 409/207/409 418/206/418 417/208/417
f 371/203/371 418/206/418 409/207/409
f 371/203/371 344/204/344 418/206/418
f 416/210/416 404/215/404 277/212/277
f 416/210/416 414/214/414 404/215/404
f 417/208/417 414/214/414 416/210/416
f 417/208/417 415/216/415 414/214/414
f 419/218/419 415/216/415 417/208/417
f 419/218/419 406/217/406 415/216/415
f 342/220/342 406/217/406 419/218/419
f 342/220/342 380/219/380 406/217/406
f 409/235/409 373/226/373 371/222/371
f 410/238/410 407/237/407 408/236/408
f 418/206/418 419/218/419 417/208/417
f 419/218/419 418/206/418 342/220/342
f 344/204/344 342/220/342 418/206/418
f 422/261/420 421/262/421 420/263/422
f 422/261/420 423/262/423 421/262/421
f 424/261/424 423/262/423 422/261/420
f 424/261/424 425/263/425 423/262/423
f 426/264/426 425/263/425 424/261/424
f 426/264/426 427/265/427 425/263/425
f 428/264/428 427/265/427 426/264/426
f 428/264/428 429/265/429 427/265/427
f 430/266/430 23/24/23 8/26/8
f 430/266/430 431/267/431 23/24/23
f 339/268/339 431/267/431 430/266/430
f 339/268/339 341/269/341 431/267/431
f 10/10/10 430/270/430 8/8/8
f 10/10/10 432/271/432 430/270/430
f 12/12/12 432/271/432 10/10/10
f 12/12/12 433/272/433 432/271/432
f 14/14/14 433/272/433 12/12/12
f 14/14/14 434/273/434 433/272/433
f 16/16/16 434/273/434 14/14/14
f 16/16/16 435/274/435 434/273/434
f 18/18/18 435/274/435 16/16/16
f 18/18/18 436/275/436 435/274/435
f 20/20/20 436/275/436 18/18/18
f 20/20/20 437/276/437 436/275/436
f 81/99/81 437/276/437 20/20/20
f 81/99/81 438/277/438 437/276/437
f 82/101/82 438/277/438 81/99/81
f 82/101/82 84/103/84 438/277/438
f 433/272/433 357/278/357 432/271/432
f 433/272/433 355/279/355 357/278/357
f 434/273/434 355/279/355 433/272/433
f 434/273/434 353/280/353 355/279/355
f 435/274/435 353/280/353 434/273/434
f 435/274/435 351/281/351 353/280/353
f 436/275/436 351/281/351 435/274/435
f 436/275/436 349/282/349 351/281/351
f 437/276/437 349/282/349 436/275/436
f 437/276/437 347/283/347 349/282/349
f 438/277/438 347/283/347 437/276/437
f 438/277/438 345/284/345 347/283/347
f 439/285/439 345/284/345 438/277/438
f 439/285/439 343/286/343 345/284/345
f 431/267/431 343/286/343 439/285/439
f 431/267/431 341/269/341 343/286/343
f 423/262/423 440/287/440 421/262/421
f 423/262/423 441/287/441 440/287/440
f 425/263/425 441/287/441 423/262/423
f 425/263/425 442/288/442 441/287/441
f 427/265/427 442/288/442 425/263/425
f 427/265/427 443/288/443 442/288/442
f 429/265/429 443/288/443 427/265/427
f 33/41/33 444/289/444 80/96/80
f 33/41/33 445/290/445 444/289/444
f 32/39/32 445/290/445 33/41/33
f 32/39/32 446/289/446 445/290/445
f 30/37/30 446/289/446 32/39/32
f 30/37/30 31/38/31 446/289/446
f 449/262/447 448/287/448 447/262/449
f 449/262/447 450/287/450 448/287/448
f 451/263/451 450/287/450 449/262/447
f 451/263/451 452/288/452 450/287/450
f 453/265/453 452/288/452 451/263/451
f 453/265/453 454/288/454 452/288/452
f 455/265/455 454/288/454 453/265/453
f 456/261/456 449/262/447 447/262/449
f 456/261/456 457/261/457 449/262/447
f 458/264/458 457/261/457 456/261/456
f 458/264/458 459/264/459 457/261/457
f 455/265/455 459/264/459 458/264/458
f 455/265/455 453/265/453 459/264/459
f 462/262/460 461/287/461 460/262/462
f 462/262/460 463/287/463 461/287/461
f 464/263/464 463/287/463 462/262/460
f 464/263/464 465/288/465 463/287/463
f 466/265/466 465/288/465 464/263/464
f 466/265/466 467/288/467 465/288/465
f 468/265/468 467/288/467 466/265/466
f 469/261/469 462/262/460 460/262/462
f 469/261/469 470/261/470 462/262/460
f 471/264/471 470/261/470 469/261/469
f 471/264/471 472/264/472 470/261/470
f 468/265/468 472/264/472 471/264/471
f 468/265/468 466/265/466 472/264/472
f 475/262/473 474/287/474 473/262/475
f 475/262/473 476/287/476 474/287/474
f 477/263/477 476/287/476 475/262/473
f 477/263/477 478/288/478 476/287/476
f 479/265/479 478/288/478 477/263/477
f 479/265/479 480/288/480 478/288/478
f 481/265/481 480/288/480 479/265/479
f 482/261/482 475/262/473 473/262/475
f 482/261/482 483/261/483 475/262/473
f 484/264/484 483/261/483 482/261/482
f 484/264/484 485/264/485 483/261/483
f 481/265/481 485/264/485 484/264/484
f 481/265/481 479/265/479 485/264/485
f 487/291/486 486/292/487 444/289/444
f 486/292/487 487/291/486 488/293/488
f 489/294/489 444/289/444 445/290/445
f 444/289/444 489/294/489 487/291/486
f 490/291/490 445/290/445 446/289/446
f 445/290/445 490/291/490 489/294/489
f 488/293/488 446/289/446 486/292/487
f 446/289/446 488/293/488 490/291/490
f 487/295/486 490/296/490 488/297/488
f 490/296/490 487/295/486 489/297/489
f 422/261/420 426/264/426 424/261/424
f 426/264/426 422/261/420 428/264/428
f 430/270/430 357/278/357 339/298/339
f 357/278/357 430/270/430 432/271/432
f 84/103/84 439/285/439 438/277/438
f 439/285/439 84/103/84 22/22/21
f 439/285/439 23/24/23 431/267/431
f 23/24/23 439/285/439 22/22/21
f 443/288/443 441/287/441 442/288/442
f 441/287/441 443/288/443 440/287/440
f 444/289/444 24/30/25 80/96/80
f 24/30/25 444/289/444 486/292/487
f 486/292/487 25/28/24 24/30/25
f 25/28/24 486/292/487 446/289/446
f 446/289/446 85/104/85 25/28/24
f 85/104/85 446/289/446 31/38/31
f 454/288/454 450/287/450 452/288/452
f 450/287/450 454/288/454 448/287/448
f 451/263/451 459/264/459 453/265/453
f 459/264/459 451/263/451 457/261/457
f 449/262/447 457/261/457 451/263/451
f 467/288/467 463/287/463 465/288/465
f 463/287/463 467/288/467 461/287/461
f 464/263/464 472/264/472 466/265/466
f 472/264/472 464/263/464 470/261/470
f 462/262/460 470/261/470 464/263/464
f 480/288/480 476/287/476 478/288/478
f 476/287/476 480/288/480 474/287/474
f 477/263/477 485/264/485 479/265/479
f 485/264/485 477/263/477 483/261/483
f 475/262/473 483/261/483 477/263/477
f 493/299/491 492/300/492 491/301/493
f 493/299/491 494/302/494 492/300/492
f 495/303/495 494/302/494 493/299/491
f 495/303/495 496/304/496 494/302/494
f 497/305/497 496/304/496 495/303/495
f 497/305/497 498/306/498 496/304/496
f 499/307/499 498/306/498 497/305/497
f 499/307/499 500/308/500 498/306/498
f 501/309/501 500/308/500 499/307/499
f 501/309/501 502/310/502 500/308/500
f 503/311/503 502/312/502 501/313/501
f 503/311/503 504/314/504 502/312/502
f 505/315/505 504/314/504 503/311/503
f 505/315/505 506/316/506 504/314/504
f 509/311/507 508/317/508 507/313/509
f 509/311/507 510/318/510 508/317/508
f 511/315/511 510/318/510 509/311/507
f 511/315/511 512/319/512 510/318/510
f 513/301/513 512/319/512 511/315/511
f 513/301/513 514/320/514 512/319/512
f 515/299/515 514/320/514 513/301/513
f 515/299/515 516/321/516 514/320/514
f 517/303/517 516/321/516 515/299/515
f 517/303/517 518/322/518 516/321/516
f 519/305/519 518/322/518 517/303/517
f 519/305/519 520/323/520 518/322/518
f 521/307/521 520/323/520 519/305/519
f 521/307/521 522/324/522 520/323/520
f 507/309/509 522/324/522 521/307/521
f 507/309/509 508/325/508 522/324/522
f 492/300/492 505/315/505 491/301/493
f 505/315/505 492/300/492 506/316/506
f 501/309/501 524/324/522 523/325/508
f 524/324/522 501/309/501 499/307/499
f 499/307/499 525/323/520 524/324/522
f 525/323/520 499/307/499 497/305/497
f 497/305/497 526/322/518 525/323/520
f 526/322/518 497/305/497 495/303/495
f 495/303/495 527/321/516 526/322/518
f 527/321/516 495/303/495 493/299/491
f 493/299/491 528/320/514 527/321/516
f 528/320/514 493/299/491 491/301/493
f 491/301/493 529/319/523 528/320/514
f 529/319/523 491/301/493 505/315/505
f 505/315/505 530/318/510 529/319/523
f 530/318/510 505/315/505 503/311/503
f 503/311/503 523/317/508 530/318/510
f 523/317/508 503/311/503 501/313/501
f 507/309/509 532/308/524 531/310/525
f 532/308/524 507/309/509 521/307/521
f 521/307/521 533/306/526 532/308/524
f 533/306/526 521/307/521 519/305/519
f 519/305/519 534/304/527 533/306/526
f 534/304/527 519/305/519 517/303/517
f 517/303/517 535/302/528 534/304/527
f 535/302/528 517/303/517 515/299/515
f 515/299/515 536/300/529 535/302/528
f 536/300/529 515/299/515 513/301/513
f 513/301/513 537/316/530 536/300/529
f 537/316/530 513/301/513 511/315/511
f 511/315/511 538/314/531 537/316/530
f 538/314/531 511/315/511 509/311/507
f 509/311/507 531/312/525 538/314/531
f 531/312/525 509/311/507 507/313/509
f 539/326/532 502/310/502 504/314/504
f 502/310/502 539/326/532 500/308/500
f 498/306/498 500/308/500 539/326/532
f 506/316/506 539/326/532 504/314/504
f 539/326/532 506/316/506 492/300/492
f 494/302/494 539/326/532 492/300/492
f 539/326/532 494/302/494 496/304/496
f 496/304/496 498/306/498 539/326/532
f 540/326/533 531/310/525 532/308/524
f 531/310/525 540/326/533 538/314/531
f 537/316/530 538/314/531 540/326/533
f 540/326/533 536/300/529 537/316/530
f 536/300/529 540/326/533 535/302/528
f 534/304/527 535/302/528 540/326/533
f 540/326/533 533/306/526 534/304/527
f 533/306/526 540/326/533 532/308/524
f 543/327/534 542/328/535 541/329/536
f 543/327/534 544/330/537 542/328/535
f 545/329/538 544/330/537 543/327/534
f 545/329/538 546/328/539 544/330/537
f 547/331/540 546/328/539 545/329/538
f 547/331/540 548/332/541 546/328/539
f 549/333/542 548/332/541 547/331/540
f 549/333/542 550/334/543 548/332/541
f 551/335/544 550/334/543 549/333/542
f 551/335/544 552/336/545 550/334/543
f 553/337/546 552/336/545 551/335/544
f 553/337/546 554/338/547 552/336/545
f 555/339/548 554/338/547 553/337/546
f 555/339/548 556/336/549 554/338/547
f 557/337/550 556/336/549 555/339/548
f 544/330/537 556/336/549 542/328/535
f 544/330/537 554/338/547 556/336/549
f 546/328/539 554/338/547 544/330/537
f 546/328/539 552/336/545 554/338/547
f 548/332/541 552/336/545 546/328/539
f 548/332/541 550/334/543 552/336/545
f 558/340/551 543/327/534 541/329/536
f 558/340/551 559/341/552 543/327/534
f 560/342/553 559/341/552 558/340/551
f 560/342/553 561/343/554 559/341/552
f 562/344/555 561/343/554 560/342/553
f 562/344/555 563/345/556 561/343/554
f 564/346/557 563/345/556 562/344/555
f 564/346/557 565/347/558 563/345/556
f 557/337/550 565/347/558 564/346/557
f 557/337/550 555/339/548 565/347/558
f 559/341/552 545/329/538 543/327/534
f 559/341/552 566/340/559 545/329/538
f 561/343/554 566/340/559 559/341/552
f 561/343/554 567/342/560 566/340/559
f 563/345/556 567/342/560 561/343/554
f 563/345/556 568/344/561 567/342/560
f 565/347/558 568/344/561 563/345/556
f 565/347/558 569/346/562 568/344/561
f 555/339/548 569/346/562 565/347/558
f 555/339/548 553/337/546 569/346/562
f 566/340/559 547/331/540 545/329/538
f 566/340/559 570/348/563 547/331/540
f 567/342/560 570/348/563 566/340/559
f 567/342/560 571/349/564 570/348/563
f 568/344/561 571/349/564 567/342/560
f 568/344/561 572/350/565 571/349/564
f 569/346/562 572/350/565 568/344/561
f 569/346/562 573/351/566 572/350/565
f 553/337/546 573/351/566 569/346/562
f 553/337/546 551/335/544 573/351/566
f 570/348/563 549/333/542 547/331/540
f 549/333/542 570/348/563 571/349/564
f 572/350/565 549/333/542 571/349/564
f 549/333/542 572/350/565 573/351/566
f 573/351/566 551/335/544 549/333/542
f 576/328/567 575/327/568 574/329/569
f 576/328/567 577/330/570 575/327/568
f 578/336/571 577/330/570 576/328/567
f 578/336/571 579/338/572 577/330/570
f 580/337/573 579/338/572 578/336/571
f 580/337/573 581/339/574 579/338/572
f 582/346/575 581/339/574 580/337/573
f 582/346/575 583/347/576 581/339/574
f 584/344/577 583/347/576 582/346/575
f 584/344/577 585/345/578 583/347/576
f 586/342/579 585/345/578 584/344/577
f 586/342/579 587/343/580 585/345/578
f 588/340/581 587/343/580 586/342/579
f 588/340/581 589/341/582 587/343/580
f 574/329/569 589/341/582 588/340/581
f 574/329/569 575/327/568 589/341/582
f 575/327/568 590/340/583 589/341/582
f 575/327/568 591/329/584 590/340/583
f 577/330/570 591/329/584 575/327/568
f 577/330/570 592/328/559 591/329/584
f 579/338/572 592/328/559 577/330/570
f 579/338/572 593/336/560 592/328/559
f 581/339/574 593/336/560 579/338/572
f 581/339/574 594/337/561 593/336/560
f 583/347/576 594/337/561 581/339/574
f 583/347/576 595/346/562 594/337/561
f 585/345/578 595/346/562 583/347/576
f 585/345/578 596/344/546 595/346/562
f 587/343/580 596/344/546 585/345/578
f 587/343/580 597/342/585 596/344/546
f 589/341/582 597/342/585 587/343/580
f 589/341/582 590/340/583 597/342/585
f 591/329/584 598/348/586 590/340/583
f 591/329/584 599/331/587 598/348/586
f 592/328/559 599/331/587 591/329/584
f 592/328/559 600/332/563 599/331/587
f 593/336/560 600/332/563 592/328/559
f 593/336/560 601/334/588 600/332/563
f 594/337/561 601/334/588 593/336/560
f 594/337/561 602/335/565 601/334/588
f 595/346/562 602/335/565 594/337/561
f 595/346/562 603/351/566 602/335/565
f 596/344/546 603/351/566 595/346/562
f 596/344/546 604/350/589 603/351/566
f 597/342/585 604/350/589 596/344/546
f 597/342/585 605/349/590 604/350/589
f 590/340/583 605/349/590 597/342/585
f 590/340/583 598/348/586 605/349/590
f 599/331/587 606/333/542 598/348/586
f 606/333/542 599/331/587 600/332/563
f 601/334/588 606/333/542 600/332/563
f 606/333/542 601/334/588 602/335/565
f 606/333/542 605/349/590 598/348/586
f 605/349/590 606/333/542 604/350/589
f 603/351/566 604/350/589 606/333/542
f 603/351/566 606/333/542 602/335/565
f 609/352/591 608/353/592 607/354/593
f 609/352/591 610/355/594 608/353/592
f 611/356/595 610/355/594 609/352/591
f 611/356/595 612/357/596 610/355/594
f 613/358/597 612/357/596 611/356/595
f 613/358/597 614/359/598 612/357/596
f 615/360/599 614/359/598 613/358/597
f 615/360/599 616/361/600 614/359/598
f 617/362/601 616/361/600 615/360/599
f 617/362/601 618/363/602 616/361/600
f 609/364/591 619/365/603 611/366/595
f 609/364/591 620/367/604 619/365/603
f 607/368/593 620/367/604 609/364/591
f 607/368/593 621/369/605 620/367/604
f 608/370/592 621/369/605 607/368/593
f 608/370/592 622/371/606 621/369/605
f 623/372/607 622/371/606 608/370/592
f 623/372/607 624/373/608 622/371/606
f 625/374/609 624/373/608 623/372/607
f 625/374/609 626/371/610 624/373/608
f 627/372/611 626/371/610 625/374/609
f 627/372/611 628/370/612 626/371/610
f 629/375/613 628/370/612 627/372/611
f 610/375/594 623/372/607 608/370/592
f 610/375/594 625/374/609 623/372/607
f 630/376/614 625/374/609 610/375/594
f 630/376/614 627/372/611 625/374/609
f 629/375/613 627/372/611 630/376/614
f 633/365/615 632/364/616 631/366/617
f 633/365/615 634/367/618 632/364/616
f 635/377/619 634/367/618 633/365/615
f 635/377/619 636/378/620 634/367/618
f 637/379/621 636/378/620 635/377/619
f 637/379/621 638/380/622 636/378/620
f 639/381/623 638/380/622 637/379/621
f 639/381/623 640/382/624 638/380/622
f 641/383/625 640/382/624 639/381/623
f 641/383/625 642/381/626 640/382/624
f 612/357/596 630/384/614 610/355/594
f 612/357/596 629/355/613 630/384/614
f 631/356/617 629/355/613 612/357/596
f 631/356/617 632/352/616 629/355/613
f 643/362/627 616/361/600 618/363/602
f 643/362/627 644/360/628 616/361/600
f 645/385/629 644/360/628 643/362/627
f 645/385/629 646/386/630 644/360/628
f 647/387/631 646/386/630 645/385/629
f 647/387/631 648/388/632 646/386/630
f 649/389/633 648/388/632 647/387/631
f 649/389/633 650/390/634 648/388/632
f 651/391/635 650/390/634 649/389/633
f 651/391/635 652/392/636 650/390/634
f 653/393/637 652/392/636 651/391/635
f 653/393/637 654/394/638 652/392/636
f 655/391/639 654/394/638 653/393/637
f 655/391/639 656/392/640 654/394/638
f 657/389/641 656/392/640 655/391/639
f 657/389/641 658/390/642 656/392/640
f 659/387/643 658/390/642 657/389/641
f 659/387/643 660/388/644 658/390/642
f 661/385/645 660/388/644 659/387/643
f 661/385/645 662/386/646 660/388/644
f 617/362/601 662/386/646 661/385/645
f 617/362/601 615/360/599 662/386/646
f 613/358/597 662/386/646 615/360/599
f 613/358/597 663/395/647 662/386/646
f 611/356/595 663/395/647 613/358/597
f 611/356/595 619/396/603 663/395/647
f 664/397/648 658/390/642 660/388/644
f 664/397/648 656/392/640 658/390/642
f 642/398/626 656/392/640 664/397/648
f 642/398/626 654/394/638 656/392/640
f 641/399/625 654/394/638 642/398/626
f 641/399/625 652/392/636 654/394/638
f 639/398/623 652/392/636 641/399/625
f 639/398/623 650/390/634 652/392/636
f 637/397/621 650/390/634 639/398/623
f 637/397/621 648/388/632 650/390/634
f 635/400/619 648/388/632 637/397/621
f 635/400/619 633/396/615 648/388/632
f 620/367/604 665/377/649 619/365/603
f 620/367/604 666/378/650 665/377/649
f 667/401/651 666/378/650 620/367/604
f 667/401/651 668/402/652 666/378/650
f 669/403/653 668/402/652 667/401/651
f 669/403/653 636/378/620 668/402/652
f 670/401/654 636/378/620 669/403/653
f 670/401/654 634/367/618 636/378/620
f 671/369/655 634/367/618 670/401/654
f 671/369/655 672/368/656 634/367/618
f 628/370/612 672/368/656 671/369/655
f 624/373/608 667/401/651 622/371/606
f 624/373/608 669/403/653 667/401/651
f 626/371/610 669/403/653 624/373/608
f 626/371/610 670/401/654 669/403/653
f 671/369/655 670/401/654 626/371/610
f 638/380/622 668/402/652 636/378/620
f 638/380/622 673/404/657 668/402/652
f 640/382/624 673/404/657 638/380/622
f 640/382/624 674/380/658 673/404/657
f 642/381/626 674/380/658 640/382/624
f 642/381/626 664/379/648 674/380/658
f 644/360/628 614/359/598 616/361/600
f 644/360/628 675/358/659 614/359/598
f 646/386/630 675/358/659 644/360/628
f 646/386/630 676/395/660 675/358/659
f 648/388/632 676/395/660 646/386/630
f 648/388/632 633/396/615 676/395/660
f 631/356/617 676/395/660 633/396/615
f 631/356/617 675/358/659 676/395/660
f 612/357/596 675/358/659 631/356/617
f 612/357/596 614/359/598 675/358/659
f 677/405/661 657/406/641 655/407/639
f 677/405/661 659/408/643 657/406/641
f 678/409/662 659/408/643 677/405/661
f 678/409/662 661/410/645 659/408/643
f 617/411/601 661/410/645 678/409/662
f 649/412/633 677/405/661 651/413/635
f 649/412/633 678/409/662 677/405/661
f 647/414/631 678/409/662 649/412/633
f 647/414/631 645/415/629 678/409/662
f 628/353/612 632/352/616 672/354/656
f 632/352/616 628/353/612 629/355/613
f 663/395/647 660/388/644 662/386/646
f 660/388/644 663/395/647 619/396/603
f 665/400/649 660/388/644 619/396/603
f 660/388/644 665/400/649 664/397/648
f 634/367/618 672/368/656 632/364/616
f 621/369/605 667/401/651 620/367/604
f 667/401/651 621/369/605 622/371/606
f 628/370/612 671/369/655 626/371/610
f 673/404/657 666/378/650 668/402/652
f 666/378/650 673/404/657 674/380/658
f 674/380/658 665/377/649 666/378/650
f 665/377/649 674/380/658 664/379/648
f 653/416/637 677/405/661 655/407/639
f 677/405/661 653/416/637 651/413/635
f 678/409/662 618/417/602 617/411/601
f 618/417/602 678/409/662 643/418/627
f 645/415/629 643/418/627 678/409/662
f 681/419/663 680/420/664 679/420/665
f 681/419/663 682/421/666 680/420/664
f 683/422/667 682/421/666 681/419/663
f 683/422/667 684/423/668 682/421/666
f 685/424/669 684/423/668 683/422/667
f 685/424/669 686/425/670 684/423/668
f 687/424/671 686/425/670 685/424/669
f 687/424/671 688/425/672 686/425/670
f 689/424/673 688/425/672 687/424/671
f 689/424/673 690/425/674 688/425/672
f 691/426/675 690/425/674 689/424/673
f 691/426/675 692/427/676 690/425/674
f 693/428/677 692/427/676 691/426/675
f 693/428/677 694/427/678 692/427/676
f 695/427/679 694/427/678 693/428/677
f 695/427/679 696/425/680 694/427/678
f 697/425/681 696/425/680 695/427/679
f 697/425/681 698/425/682 696/425/680
f 699/425/683 698/425/682 697/425/681
f 699/425/683 700/425/684 698/425/682
f 701/425/685 700/425/684 699/425/683
f 701/425/685 702/423/686 700/425/684
f 703/423/687 702/423/686 701/425/685
f 703/423/687 704/421/688 702/423/686
f 705/421/689 704/421/688 703/423/687
f 705/421/689 706/420/690 704/421/688
f 707/420/691 706/420/690 705/421/689
f 682/421/666 706/420/690 680/420/664
f 682/421/666 704/421/688 706/420/690
f 684/423/668 704/421/688 682/421/666
f 684/423/668 702/423/686 704/421/688
f 686/425/670 702/423/686 684/423/668
f 686/425/670 700/425/684 702/423/686
f 688/425/672 700/425/684 686/425/670
f 688/425/672 698/425/682 700/425/684
f 690/425/674 698/425/682 688/425/672
f 690/425/674 696/425/680 698/425/682
f 692/427/676 696/425/680 690/425/674
f 692/427/676 694/427/678 696/425/680
f 708/429/692 681/419/663 679/420/665
f 708/429/692 709/430/693 681/419/663
f 710/431/694 709/430/693 708/429/692
f 710/431/694 711/432/695 709/430/693
f 712/431/696 711/432/695 710/431/694
f 712/431/696 713/433/697 711/432/695
f 714/431/698 713/433/697 712/431/696
f 714/431/698 715/433/699 713/433/697
f 716/431/700 715/433/699 714/431/698
f 716/431/700 717/433/701 715/433/699
f 718/431/702 717/433/701 716/431/700
f 718/431/702 719/432/703 717/433/701
f 720/429/704 719/432/703 718/431/702
f 720/429/704 721/430/705 719/432/703
f 722/420/706 721/430/705 720/429/704
f 722/420/706 723/419/707 721/430/705
f 707/420/691 723/419/707 722/420/706
f 707/420/691 705/421/689 723/419/707
f 709/430/693 683/422/667 681/419/663
f 709/430/693 724/434/708 683/422/667
f 711/432/695 724/434/708 709/430/693
f 711/432/695 725/435/709 724/434/708
f 713/433/697 725/435/709 711/432/695
f 713/433/697 726/436/710 725/435/709
f 715/433/699 726/436/710 713/433/697
f 715/433/699 727/436/711 726/436/710
f 717/433/701 727/436/711 715/433/699
f 717/433/701 728/436/712 727/436/711
f 719/432/703 728/436/712 717/433/701
f 719/432/703 729/435/713 728/436/712
f 721/430/705 729/435/713 719/432/703
f 721/430/705 730/434/714 729/435/713
f 723/419/707 730/434/714 721/430/705
f 723/419/707 731/422/715 730/434/714
f 705/421/689 731/422/715 723/419/707
f 705/421/689 703/423/687 731/422/715
f 701/425/685 731/422/715 703/423/687
f 701/425/685 732/424/716 731/422/715
f 699/425/683 732/424/716 701/425/685
f 699/425/683 733/424/717 732/424/716
f 697/425/681 733/424/717 699/425/683
f 697/425/681 734/424/718 733/424/717
f 695/427/679 734/424/718 697/425/681
f 695/427/679 735/426/719 734/424/718
f 693/428/677 735/426/719 695/427/679
f 693/428/677 736/437/720 735/426/719
f 737/428/721 736/437/720 693/428/677
f 737/428/721 738/437/722 736/437/720
f 739/428/723 738/437/722 737/428/721
f 739/428/723 740/437/724 738/437/722
f 741/438/725 740/437/724 739/428/723
f 741/438/725 742/439/726 740/437/724
f 743/440/727 742/439/726 741/438/725
f 743/440/727 730/434/714 742/439/726
f 729/435/713 730/434/714 743/440/727
f 732/424/716 730/434/714 731/422/715
f 732/424/716 742/439/726 730/434/714
f 733/424/717 742/439/726 732/424/716
f 733/424/717 744/439/728 742/439/726
f 734/424/718 744/439/728 733/424/717
f 734/424/718 745/439/729 744/439/728
f 735/426/719 745/439/729 734/424/718
f 735/426/719 736/437/720 745/439/729
f 744/439/728 740/437/724 742/439/726
f 744/439/728 738/437/722 740/437/724
f 745/439/729 738/437/722 744/439/728
f 745/439/729 736/437/720 738/437/722
f 743/440/727 728/436/712 729/435/713
f 743/440/727 746/441/730 728/436/712
f 741/438/725 746/441/730 743/440/727
f 741/438/725 747/442/731 746/441/730
f 739/428/723 747/442/731 741/438/725
f 739/428/723 748/442/732 747/442/731
f 749/442/733 748/442/732 739/428/723
f 749/442/733 750/441/734 748/442/732
f 751/441/735 750/441/734 749/442/733
f 751/441/735 727/436/711 750/441/734
f 726/436/710 727/436/711 751/441/735
f 750/441/734 747/442/731 748/442/732
f 750/441/734 746/441/730 747/442/731
f 727/436/711 746/441/730 750/441/734
f 727/436/711 728/436/712 746/441/730
f 751/441/735 725/435/709 726/436/710
f 751/441/735 752/440/736 725/435/709
f 749/442/733 752/440/736 751/441/735
f 749/442/733 753/438/737 752/440/736
f 739/428/723 753/438/737 749/442/733
f 739/428/723 754/437/738 753/438/737
f 737/428/721 754/437/738 739/428/723
f 737/428/721 755/437/739 754/437/738
f 693/428/677 755/437/739 737/428/721
f 693/428/677 756/437/740 755/437/739
f 691/426/675 756/437/740 693/428/677
f 691/426/675 757/439/741 756/437/740
f 689/424/673 757/439/741 691/426/675
f 689/424/673 758/439/742 757/439/741
f 687/424/671 758/439/742 689/424/673
f 687/424/671 759/439/743 758/439/742
f 685/424/669 759/439/743 687/424/671
f 685/424/669 724/434/708 759/439/743
f 683/422/667 724/434/708 685/424/669
f 758/439/742 756/437/740 757/439/741
f 758/439/742 755/437/739 756/437/740
f 759/439/743 755/437/739 758/439/742
f 759/439/743 754/437/738 755/437/739
f 752/440/736 754/437/738 759/439/743
f 752/440/736 753/438/737 754/437/738
f 752/440/736 724/434/708 725/435/709
f 724/434/708 752/440/736 759/439/743
f 680/443/664 760/444/744 679/445/665
f 680/443/664 761/446/745 760/444/744
f 706/447/690 761/446/745 680/443/664
f 706/447/690 762/448/746 761/446/745
f 707/449/691 762/448/746 706/447/690
f 707/449/691 763/450/747 762/448/746
f 722/451/706 763/450/747 707/449/691
f 722/451/706 764/452/748 763/450/747
f 720/453/704 764/452/748 722/451/706
f 720/453/704 765/454/749 764/452/748
f 718/455/702 765/454/749 720/453/704
f 718/455/702 766/456/750 765/454/749
f 716/457/700 766/456/750 718/455/702
f 716/457/700 767/458/751 766/456/750
f 714/459/698 767/458/751 716/457/700
f 714/459/698 768/460/752 767/458/751
f 712/461/696 768/460/752 714/459/698
f 712/461/696 769/462/753 768/460/752
f 710/463/694 769/462/753 712/461/696
f 710/463/694 770/464/754 769/462/753
f 708/465/692 770/464/754 710/463/694
f 708/465/692 771/466/755 770/464/754
f 679/467/665 771/466/755 708/465/692
f 679/467/665 760/468/744 771/466/755
f 761/446/745 772/469/756 760/444/744
f 761/446/745 773/470/757 772/469/756
f 762/448/746 773/470/757 761/446/745
f 762/448/746 774/471/758 773/470/757
f 763/450/747 774/471/758 762/448/746
f 763/450/747 775/472/759 774/471/758
f 764/452/748 775/472/759 763/450/747
f 764/452/748 776/473/760 775/472/759
f 765/454/749 776/473/760 764/452/748
f 765/454/749 777/474/761 776/473/760
f 766/456/750 777/474/761 765/454/749
f 766/456/750 778/475/762 777/474/761
f 767/458/751 778/475/762 766/456/750
f 767/458/751 779/476/763 778/475/762
f 768/460/752 779/476/763 767/458/751
f 768/460/752 780/477/764 779/476/763
f 769/462/753 780/477/764 768/460/752
f 769/462/753 781/478/765 780/477/764
f 770/464/754 781/478/765 769/462/753
f 770/464/754 782/479/766 781/478/765
f 771/466/755 782/479/766 770/464/754
f 771/466/755 783/480/767 782/479/766
f 760/468/744 783/480/767 771/466/755
f 760/468/744 772/481/756 783/480/767
f 773/470/757 784/482/768 772/469/756
f 784/482/768 773/470/757 774/471/758
f 775/472/759 784/482/768 774/471/758
f 784/482/768 775/472/759 776/473/760
f 784/482/768 783/480/767 772/481/756
f 783/480/767 784/482/768 782/479/766
f 781/478/765 782/479/766 784/482/768
f 784/482/768 780/477/764 781/478/765
f 780/477/764 784/482/768 779/476/763
f 778/475/762 779/476/763 784/482/768
f 784/482/768 777/474/761 778/475/762
f 777/474/761 784/482/768 776/473/760
