# Blender 5.1.2
# www.blender.org
o Gatekeeper_Soldiers
v -0.003275 0.058099 0.029281
v -0.005123 0.059591 0.028374
v -0.003340 0.061144 0.028139
v -0.006169 0.059592 0.024135
v -0.002621 0.061467 0.023437
v -0.004887 0.058149 0.021918
v 0.001049 0.060277 0.020201
v 0.000222 0.054028 0.018016
v 0.005767 0.060746 0.022668
v 0.003648 0.053720 0.018578
v 0.006471 0.057590 0.020831
v 0.005806 0.055374 0.021522
v 0.005579 0.055705 0.022245
v 0.006521 0.053604 0.024729
v 0.006371 0.054688 0.027257
v 0.006216 0.054929 0.027829
v 0.006642 0.056943 0.028369
v 0.005008 0.053560 0.030638
v 0.007556 0.059822 0.027358
v 0.001790 0.053844 0.031959
v -0.004391 0.055830 0.022963
v -0.004280 0.056041 0.022498
v -0.003000 0.054311 0.019334
v 0.007210 0.061699 0.022133
v 0.007844 0.061309 0.027569
v 0.004990 0.056005 0.032318
v 0.002128 0.053943 0.034606
v -0.000942 0.056545 0.033005
v 0.002337 0.056171 0.034931
v -0.000971 0.058161 0.032901
v 0.002438 0.059163 0.033494
v -0.004297 0.061283 0.028217
v -0.004253 0.061623 0.022706
v 0.007017 0.055276 0.020885
v 0.005118 0.054243 0.022160
v 0.009753 0.042340 0.016942
v 0.006527 0.041983 0.018423
v 0.010159 0.039418 0.017286
v 0.006705 0.039266 0.018634
v 0.011612 0.027305 0.019422
v 0.008828 0.026994 0.019467
v 0.007937 0.026993 0.028758
v 0.005952 0.026813 0.026371
v 0.008870 0.040049 0.025809
v 0.005943 0.039633 0.023475
v 0.008884 0.042534 0.025280
v 0.006068 0.042099 0.023107
v 0.008488 0.053599 0.027694
v 0.006263 0.052930 0.026911
v 0.014093 0.026420 0.022461
v 0.012691 0.039767 0.019477
v 0.012419 0.042658 0.018959
v 0.009483 0.055585 0.022162
v 0.008467 0.058721 0.022666
v 0.008716 0.057989 0.027028
v 0.011248 0.026195 0.027865
v 0.011937 0.040108 0.024447
v 0.011975 0.042689 0.023795
v 0.010240 0.054638 0.026132
v 0.004363 0.038525 0.015562
v 0.008481 0.027005 0.019081
v 0.009354 0.038798 0.014354
v 0.011616 0.027309 0.019215
v 0.015458 0.038761 0.017755
v 0.014588 0.026434 0.022611
v 0.014666 0.039873 0.027405
v 0.011710 0.026187 0.028223
v 0.008734 0.040827 0.031502
v 0.007438 0.026825 0.029758
v 0.003079 0.039998 0.028786
v 0.005021 0.026702 0.027046
v 0.014380 0.029065 0.024423
v 0.012389 0.029005 0.024147
v 0.014759 0.028794 0.021126
v 0.012848 0.028698 0.020627
v 0.015409 0.027152 0.022476
v 0.013814 0.027165 0.021677
v 0.014301 0.027069 0.025566
v 0.012398 0.026990 0.025090
v 0.001085 0.061085 0.019195
v -0.001640 0.054152 0.031398
v -0.003167 0.055957 0.028721
v -0.003203 0.055807 0.028085
v -0.004284 0.054459 0.025677
v 0.005188 0.057598 0.032170
v 0.009099 0.039404 0.022638
v 0.015363 0.023889 0.022594
v 0.011510 0.023278 0.028415
v 0.006349 0.023320 0.030421
v 0.003886 0.024242 0.027646
v 0.005399 0.024103 0.024112
v 0.001547 0.019254 0.026066
v 0.005314 0.019490 0.025011
v 0.000170 0.015895 0.025080
v 0.002260 0.014988 0.023731
v 0.001079 0.014238 0.025175
v 0.002767 0.013484 0.025717
v 0.000694 0.014411 0.027069
v 0.006101 0.018182 0.027602
v 0.002752 0.017916 0.029106
v 0.005993 0.019270 0.026829
v 0.006676 0.017660 0.028528
v 0.004021 0.016224 0.026524
v 0.004086 0.014622 0.027947
v 0.000183 0.016194 0.021931
v -0.000502 0.014374 0.022446
v 0.001552 0.016068 0.018057
v 0.000794 0.014122 0.017742
v 0.004261 0.015752 0.014978
v 0.004272 0.013861 0.014305
v 0.010148 0.015586 0.016213
v 0.011751 0.013995 0.015737
v 0.012259 0.018928 0.017595
v 0.014246 0.017627 0.017398
v 0.009705 0.024787 0.017690
v 0.013324 0.024841 0.018779
v 0.008055 0.022264 0.022533
v 0.010240 0.015730 0.027703
v 0.014588 0.015540 0.021296
v 0.007904 0.024331 0.020253
v 0.011149 0.011640 0.019202
v 0.006945 0.012093 0.025866
v 0.004243 0.012081 0.015202
v 0.001556 0.011502 0.018349
v 0.000169 0.012522 0.022158
v -0.005126 0.055295 0.029916
v -0.003483 0.054006 0.028415
v -0.004689 0.053686 0.023631
v -0.006844 0.054781 0.023088
v -0.007277 0.056361 0.029066
v -0.008312 0.056069 0.025102
v -0.011855 0.041892 0.027876
v -0.008301 0.041339 0.028063
v -0.005723 0.044019 0.030898
v -0.007310 0.046614 0.032886
v -0.006004 0.039537 0.045384
v -0.007226 0.045408 0.035084
v -0.004961 0.036602 0.044808
v -0.005586 0.042644 0.033074
v -0.010602 0.032052 0.042446
v -0.008402 0.039620 0.030425
v -0.013093 0.033190 0.042390
v -0.012120 0.040081 0.030369
v -0.010696 0.046876 0.032754
v -0.013297 0.044198 0.029807
v -0.010570 0.045602 0.034986
v -0.013432 0.042534 0.032221
v -0.014253 0.036296 0.044599
v -0.009535 0.039813 0.045976
v -0.016704 0.041670 0.032658
v -0.014658 0.036595 0.044646
v -0.012664 0.037465 0.028863
v -0.013166 0.033010 0.042303
v -0.007641 0.036325 0.028506
v -0.010395 0.031588 0.042316
v -0.000746 0.045410 0.035506
v -0.003851 0.036856 0.045094
v -0.004663 0.049642 0.038130
v -0.005214 0.040237 0.045787
v -0.011814 0.048317 0.037801
v -0.009849 0.040269 0.046092
v -0.011699 0.038103 0.043001
v -0.013471 0.039004 0.043427
v -0.013721 0.035769 0.041342
v -0.015187 0.036835 0.041903
v -0.014240 0.035738 0.043564
v -0.015371 0.036994 0.043805
v -0.011635 0.038080 0.044623
v -0.013174 0.039062 0.044811
v -0.008820 0.043037 0.033588
v -0.015592 0.036339 0.047318
v -0.015008 0.032582 0.045229
v -0.012009 0.030333 0.044747
v -0.016745 0.030030 0.050965
v -0.014772 0.030101 0.050045
v -0.015123 0.026241 0.053012
v -0.013414 0.026924 0.051830
v -0.008561 0.023663 0.050893
v -0.008597 0.025404 0.049895
v -0.004286 0.025896 0.051730
v -0.005169 0.027516 0.050716
v -0.001684 0.029341 0.054020
v -0.002724 0.030255 0.052566
v -0.004119 0.034331 0.057642
v -0.004409 0.033829 0.055729
v -0.005887 0.037452 0.055075
v -0.006049 0.034356 0.053849
v -0.005113 0.036228 0.053944
v -0.005697 0.034713 0.051858
v -0.003363 0.032592 0.057797
v -0.004432 0.030967 0.056151
v -0.002541 0.031216 0.056751
v -0.002094 0.030787 0.054938
v -0.001026 0.032423 0.056566
v -0.002484 0.032961 0.051961
v -0.001292 0.035727 0.053727
v -0.002840 0.036714 0.047650
v -0.004264 0.040031 0.049106
v -0.008723 0.033346 0.048294
v -0.009356 0.031743 0.045744
v -0.005448 0.033976 0.046960
v -0.009890 0.039947 0.048909
v -0.015935 0.032600 0.054131
v -0.009828 0.036682 0.056531
v -0.013759 0.028052 0.056500
v -0.007680 0.032427 0.058961
v -0.008039 0.023148 0.052763
v -0.004475 0.024711 0.054281
v -0.002165 0.027999 0.055434
v 0.006764 0.020132 0.039723
v 0.011935 0.019302 0.034801
v 0.006157 0.011622 0.037619
v 0.010299 0.011870 0.033590
v 0.006789 0.008882 0.039076
v 0.011237 0.008329 0.037548
v 0.010910 0.009766 0.042057
v 0.013808 0.007400 0.045738
v 0.009825 0.011098 0.046634
v 0.012365 0.009072 0.050391
v 0.007399 0.009837 0.052568
v 0.013848 0.004613 0.052373
v 0.007058 0.005563 0.054926
v 0.012871 0.000583 0.051764
v 0.006492 0.001112 0.054268
v 0.000325 0.001343 0.052191
v 0.000442 0.006153 0.052810
v 0.002508 0.010146 0.050679
v 0.004741 0.011556 0.046722
v 0.000189 0.008548 0.045909
v 0.003175 0.010338 0.042071
v 0.001810 0.008930 0.037439
v 0.002019 0.011649 0.033410
v 0.015592 0.003651 0.045229
v 0.014911 0.000355 0.044865
v -0.001333 0.000884 0.045019
v -0.001421 0.005051 0.045369
v 0.011525 0.004159 0.027834
v 0.011118 0.000691 0.028150
v 0.001902 0.000726 0.027966
v 0.001906 0.004658 0.027638
v 0.002351 0.007466 0.030074
v 0.006939 0.007262 0.027196
v 0.006414 0.012065 0.028636
v 0.010851 0.006949 0.030261
v 0.006819 0.004483 0.025862
v 0.006621 0.000720 0.026155
v 0.008340 0.017970 0.035601
v 0.008194 0.016566 0.035231
v 0.009109 0.017841 0.037568
v 0.008955 0.016390 0.037189
v 0.006522 0.017900 0.039943
v 0.006390 0.016491 0.039666
v 0.004098 0.018394 0.037513
v 0.003939 0.016869 0.037110
v 0.004978 0.018370 0.035666
v 0.004792 0.016853 0.035108
v 0.006588 0.018092 0.038076
v 0.006406 0.016564 0.037621
v 0.008009 0.014836 0.034563
v 0.007849 0.013497 0.034113
v 0.008767 0.014655 0.036517
v 0.008645 0.013353 0.036174
v 0.006183 0.014700 0.038969
v 0.006083 0.013385 0.038677
v 0.003762 0.015055 0.036460
v 0.003646 0.013675 0.036110
v 0.004642 0.015103 0.034526
v 0.004517 0.013715 0.034134
v 0.006257 0.014841 0.037074
v 0.006109 0.013487 0.036637
v 0.009741 0.019086 0.035113
v 0.006770 0.020095 0.038326
v -0.004834 0.016818 0.023580
v -0.003228 0.016719 0.023871
v -0.009251 0.015757 0.024481
v -0.009885 0.014687 0.024477
v -0.010736 0.018508 0.022203
v -0.012626 0.019856 0.021513
v -0.009961 0.018763 0.013012
v -0.007712 0.013870 0.013702
v -0.011623 0.014193 0.008995
v -0.008248 0.011833 0.010582
v -0.013057 0.011149 0.009480
v -0.006273 0.009516 0.012805
v -0.013708 0.009914 0.010515
v -0.009292 0.009112 0.012951
v -0.013530 0.008546 0.013492
v -0.008459 0.007920 0.014472
v -0.014039 0.004350 0.014232
v -0.007216 0.004081 0.015366
v -0.013056 0.000278 0.012509
v -0.006581 0.000041 0.013137
v -0.017660 0.001174 0.007655
v -0.002020 0.001961 0.008604
v -0.016471 0.004822 0.002339
v 0.001869 0.017769 0.004289
v -0.006443 0.020609 0.001555
v -0.001626 0.020992 0.002594
v -0.007367 0.022155 0.004694
v -0.002435 0.022508 0.006083
v -0.008288 0.020540 0.007872
v -0.003629 0.022156 0.008895
v -0.004492 0.021924 0.013696
v -0.018984 0.004765 0.008974
v -0.017063 0.008731 0.009626
v -0.016581 0.008465 0.006862
v -0.002409 0.016059 0.014975
v -0.000706 0.018037 0.010815
v -0.003279 0.011733 0.012668
v 0.001215 0.019291 0.007967
v -0.002608 0.004102 0.011386
v -0.004645 0.006408 0.012946
v -0.017607 0.006719 0.004153
v -0.006562 0.016703 0.021862
v -0.006194 0.016631 0.020284
v -0.006528 0.014909 0.022546
v -0.006169 0.014766 0.020829
v -0.009712 0.013667 0.022223
v -0.009394 0.013432 0.020740
v -0.011089 0.016389 0.021295
v -0.010703 0.016304 0.019498
v -0.009611 0.017662 0.021012
v -0.009190 0.017711 0.019210
v -0.009014 0.015198 0.022043
v -0.008620 0.015133 0.020112
v -0.005630 0.016770 0.018162
v -0.005175 0.016871 0.016274
v -0.005610 0.014857 0.018606
v -0.005220 0.014808 0.016979
v -0.008804 0.013521 0.018162
v -0.008437 0.013402 0.016620
v -0.010120 0.016411 0.017172
v -0.009695 0.016374 0.015350
v -0.008643 0.017778 0.017167
v -0.008184 0.017819 0.015219
v -0.008092 0.015141 0.018067
v -0.007617 0.015199 0.015980
v 0.001198 0.037959 0.014648
v 0.000843 0.041751 0.015164
v -0.004433 0.037782 0.015665
v -0.004286 0.041719 0.016285
v -0.008698 0.037511 0.020291
v -0.008368 0.041519 0.020741
v -0.010052 0.037426 0.028012
v -0.009491 0.041323 0.028427
v -0.005833 0.037301 0.033201
v -0.004799 0.041433 0.033643
v -0.000140 0.037378 0.034888
v 0.000297 0.041268 0.035054
v 0.005729 0.037534 0.033953
v 0.005357 0.041169 0.033797
v 0.010611 0.037865 0.029306
v 0.009939 0.041463 0.029414
v 0.010371 0.037750 0.021580
v 0.009597 0.041644 0.021655
v 0.006650 0.038045 0.016413
v 0.005847 0.041695 0.016709
v 0.006560 0.034745 0.032225
v 0.011300 0.031823 0.027656
v 0.007397 0.031914 0.030839
v 0.009945 0.024336 0.032509
v 0.007329 0.026422 0.035293
v 0.009701 0.020900 0.035304
v 0.006827 0.021323 0.038219
v 0.006863 0.018842 0.031660
v 0.006879 0.020429 0.032230
v 0.007225 0.022389 0.029670
v 0.007551 0.027932 0.022132
v 0.011355 0.030515 0.024412
v 0.007357 0.033248 0.017846
v -0.006373 0.033752 0.031740
v 0.000001 0.033587 0.033447
v -0.001854 0.029800 0.028923
v 0.000113 0.030086 0.029057
v -0.000961 0.028837 0.021128
v 0.000741 0.028933 0.022206
v 0.001233 0.033998 0.015931
v 0.002530 0.028761 0.022181
v 0.002060 0.030796 0.029499
v -0.005016 0.033577 0.016707
v 0.002471 0.029814 0.028650
v 0.002687 0.028263 0.024540
v 0.003775 0.024555 0.032493
v 0.003532 0.021315 0.035196
v 0.003348 0.019602 0.034998
v 0.002353 0.037298 0.034613
v -0.002580 0.037203 0.034290
v 0.002817 0.036885 0.035329
v -0.003103 0.036779 0.034950
v 0.002279 0.037254 0.036005
v -0.002656 0.037172 0.035692
v 0.001825 0.037666 0.035287
v -0.002122 0.037602 0.035039
v 0.002104 0.040842 0.035330
v 0.002773 0.041237 0.034626
v -0.001869 0.040903 0.035209
v -0.002165 0.041390 0.034566
v 0.003233 0.041608 0.035350
v -0.002706 0.041771 0.035247
v -0.002287 0.041325 0.035929
v 0.002664 0.041209 0.036040
v 0.001647 0.020091 0.034646
v 0.006993 0.019538 0.029788
v -0.006731 0.020133 0.021448
v -0.006115 0.022162 0.021382
v -0.005861 0.028602 0.019018
v -0.001599 0.027923 0.022969
v -0.002188 0.028499 0.027473
v -0.007269 0.029447 0.029141
v -0.004498 0.020787 0.025903
v -0.008610 0.021383 0.028500
v -0.005126 0.017281 0.025174
v -0.009264 0.016352 0.025630
v -0.007211 0.019609 0.022949
v -0.007263 0.021017 0.022023
v -0.010908 0.018671 0.023941
v -0.010549 0.021573 0.024830
v -0.010470 0.030917 0.025413
v -0.009956 0.030633 0.021667
v 0.002798 0.045340 0.032590
v 0.001065 0.045414 0.033017
v 0.001893 0.043742 0.033119
v 0.001590 0.045777 0.034834
v 0.002366 0.044103 0.034943
v 0.003637 0.045821 0.035008
v 0.004225 0.044037 0.034506
v 0.005283 0.045609 0.033889
v 0.003744 0.043681 0.032697
v 0.004772 0.045256 0.032091
v 0.000058 0.048098 0.016605
v -0.004054 0.048349 0.017984
v 0.004315 0.047813 0.017468
v 0.008033 0.047554 0.021089
v 0.009026 0.047390 0.028429
v 0.005263 0.047552 0.032350
v 0.001169 0.047817 0.033755
v -0.003073 0.048122 0.032932
v -0.007422 0.048391 0.029327
v -0.007222 0.048476 0.021908
v 0.002246 0.047010 0.032424
v 0.002737 0.047366 0.034233
v 0.004557 0.047257 0.033714
v 0.004063 0.046894 0.031890
v 0.001430 0.064240 0.022023
v -0.001796 0.064057 0.025283
v 0.002226 0.064107 0.028103
v 0.001053 0.050890 0.031600
v 0.002037 0.052442 0.030955
v 0.001638 0.051241 0.033377
v 0.002674 0.052796 0.032726
v 0.003692 0.051223 0.033415
v 0.004486 0.052636 0.032098
v 0.005284 0.050946 0.032168
v 0.003841 0.052283 0.030329
v 0.004672 0.050589 0.030384
v 0.001840 0.049184 0.031637
v 0.002451 0.049540 0.033421
v 0.003657 0.049051 0.031065
v 0.004273 0.049404 0.032840
v -0.003845 0.051241 0.030083
v -0.002681 0.052859 0.030219
v -0.004536 0.051735 0.031872
v -0.003292 0.053308 0.031960
v -0.002973 0.051774 0.033221
v -0.001481 0.053168 0.032648
v -0.000963 0.051457 0.033275
v -0.000877 0.052703 0.030890
v -0.000350 0.050994 0.031520
v -0.003342 0.049571 0.030736
v -0.003977 0.050038 0.032503
v -0.001547 0.049443 0.031470
v -0.002191 0.049901 0.033219
v -0.005217 0.045795 0.031343
v -0.003976 0.047433 0.031575
v -0.006029 0.046187 0.032987
v -0.004738 0.047844 0.033247
v -0.004514 0.046265 0.034449
v -0.002960 0.047734 0.034024
v -0.002523 0.046000 0.034620
v -0.002198 0.047316 0.032335
v -0.001829 0.045554 0.032886
v -0.004742 0.044023 0.031850
v -0.005506 0.044460 0.033580
v -0.003020 0.043943 0.032703
v -0.003774 0.044376 0.034424
v 0.004941 0.064168 0.024988
v 0.001474 0.063593 0.022708
v 0.004337 0.063520 0.025010
v -0.001171 0.063430 0.025250
v 0.002085 0.063457 0.027431
v -0.018802 0.080453 0.030629
v -0.020909 0.081172 0.027595
v -0.018929 0.085299 0.029883
v -0.020973 0.083596 0.027222
v -0.019141 0.088196 0.025930
v -0.021078 0.085043 0.025246
v -0.019313 0.087445 0.021086
v -0.021165 0.084668 0.022823
v -0.019345 0.083489 0.018188
v -0.021181 0.082689 0.021375
v -0.019218 0.078643 0.018933
v -0.021117 0.080267 0.021748
v -0.019006 0.075746 0.022887
v -0.021011 0.078818 0.023723
v -0.018834 0.076496 0.027731
v -0.020925 0.079193 0.026146
v 0.021201 0.079462 0.017369
v 0.014300 0.079322 0.017636
v 0.021413 0.076566 0.021323
v 0.014512 0.076426 0.021590
v 0.021585 0.077316 0.026167
v 0.014684 0.077176 0.026434
v 0.021617 0.081272 0.029065
v 0.014716 0.081132 0.029332
v 0.021490 0.086118 0.028319
v 0.014589 0.085979 0.028586
v 0.021278 0.089016 0.024366
v 0.014377 0.088876 0.024633
v 0.021106 0.088265 0.019522
v 0.014205 0.088125 0.019789
v 0.021074 0.084308 0.016624
v 0.014173 0.084168 0.016891
v -0.012317 0.078783 0.018666
v -0.012444 0.083629 0.017921
v -0.012412 0.087585 0.020819
v -0.012240 0.088336 0.025663
v -0.012028 0.085439 0.029616
v -0.011901 0.080593 0.030362
v -0.011933 0.076636 0.027464
v -0.012105 0.075886 0.022620
v 0.023245 0.081166 0.020031
v 0.023181 0.083589 0.019658
v 0.023197 0.085568 0.021107
v 0.023283 0.085943 0.023529
v 0.023389 0.084495 0.025506
v 0.023453 0.082072 0.025879
v 0.023437 0.080093 0.024429
v 0.023351 0.079718 0.022007
v -0.021045 0.081931 0.024485
v 0.023317 0.082831 0.022768
v 0.007654 0.086226 0.037819
v 0.010119 0.085262 0.037672
v 0.007829 0.087462 0.042984
v 0.011359 0.086082 0.042774
v 0.007939 0.086674 0.045425
v 0.010997 0.085479 0.045243
v 0.008044 0.084769 0.047144
v 0.009810 0.084079 0.047039
v 0.008116 0.082259 0.047679
v 0.010567 0.082342 0.046921
v 0.009874 0.080577 0.046859
v 0.012310 0.082471 0.045039
v 0.011108 0.079413 0.044931
v 0.012875 0.082610 0.042538
v 0.011487 0.079079 0.042414
v 0.011178 0.082837 0.037507
v 0.010209 0.080371 0.037421
v 0.005226 0.085163 0.037862
v 0.004352 0.085940 0.043045
v 0.004258 0.082697 0.037775
v 0.002964 0.082409 0.042921
v 0.005315 0.080272 0.037610
v 0.004480 0.078937 0.042685
v 0.007781 0.079308 0.037464
v 0.008010 0.077557 0.042475
v 0.004928 0.085356 0.045478
v 0.003727 0.082297 0.045371
v 0.005039 0.079290 0.045166
v 0.008096 0.078095 0.044984
v 0.006306 0.084008 0.047175
v 0.005612 0.082242 0.047113
v 0.006370 0.080506 0.046995
v 0.008135 0.079816 0.046890
v -0.004417 0.085988 0.038286
v -0.004242 0.087217 0.043451
v -0.006850 0.084923 0.038329
v -0.007719 0.085695 0.043512
v -0.007821 0.082452 0.038242
v -0.009106 0.082164 0.043389
v -0.006760 0.080022 0.038077
v -0.007591 0.078692 0.043152
v -0.004290 0.079057 0.037930
v -0.004061 0.077312 0.042942
v -0.001857 0.080122 0.037888
v -0.000583 0.078834 0.042881
v -0.000886 0.082593 0.037974
v 0.000804 0.082365 0.043005
v -0.001946 0.085022 0.038139
v -0.000712 0.085837 0.043241
v -0.001074 0.085234 0.045710
v -0.004131 0.086429 0.045892
v -0.007142 0.085111 0.045945
v -0.008344 0.082052 0.045838
v -0.007032 0.079045 0.045633
v -0.003974 0.077851 0.045451
v -0.000963 0.079168 0.045398
v 0.000239 0.082226 0.045506
v -0.002261 0.083834 0.047506
v -0.004026 0.084524 0.047611
v -0.005764 0.083763 0.047642
v -0.006459 0.081997 0.047580
v -0.005700 0.080262 0.047462
v -0.003936 0.079571 0.047357
v -0.002197 0.080333 0.047326
v -0.001503 0.082098 0.047388
v -0.003955 0.082014 0.048147
v -0.011663 0.083759 0.035005
v -0.010400 0.087574 0.036822
v -0.010590 0.080149 0.037084
v -0.007015 0.085519 0.040721
v -0.008745 0.077442 0.041028
v 0.001990 0.078883 0.043853
v -0.005985 0.074256 0.046500
v 0.002247 0.074660 0.048296
v -0.006890 0.069618 0.048009
v 0.002450 0.069825 0.050581
v -0.006084 0.069006 0.047757
v 0.002444 0.069195 0.050104
v -0.013941 0.073279 0.032488
v -0.013538 0.076536 0.029529
v -0.013249 0.090899 0.029527
v -0.007612 0.093127 0.039866
v -0.007914 0.088597 0.040743
v 0.001614 0.094046 0.042099
v 0.001753 0.089586 0.043355
v 0.010670 0.093498 0.039158
v 0.011222 0.088985 0.040002
v 0.013437 0.088058 0.035900
v 0.010450 0.085873 0.040045
v 0.001876 0.083574 0.043377
v 0.012523 0.077873 0.040205
v 0.013947 0.080647 0.036135
v 0.017209 0.073911 0.031283
v 0.016447 0.077144 0.028368
v 0.018270 0.069959 0.028467
v 0.014176 0.070432 0.017797
v 0.016195 0.064753 0.030330
v 0.012636 0.065192 0.018779
v 0.010751 0.061067 0.032950
v 0.001941 0.060180 0.028142
v 0.002549 0.060177 0.034241
v -0.006857 0.060714 0.033634
v 0.010734 0.069347 0.047106
v 0.011531 0.069991 0.047297
v 0.015960 0.069422 0.039771
v 0.016772 0.070117 0.039752
v 0.016677 0.069433 0.031134
v 0.018043 0.069831 0.029737
v 0.014634 0.064742 0.038161
v 0.015386 0.064161 0.038017
v 0.008869 0.062209 0.044396
v 0.009494 0.061698 0.044224
v 0.002468 0.061366 0.046621
v 0.002481 0.060774 0.046661
v -0.004147 0.061945 0.044899
v -0.004762 0.061409 0.044775
v -0.010474 0.064233 0.039133
v -0.011211 0.063622 0.039046
v -0.013242 0.068826 0.032292
v -0.014726 0.069167 0.031005
v -0.011860 0.068857 0.040847
v -0.012698 0.069520 0.040892
v -0.011283 0.073802 0.040854
v -0.012634 0.064169 0.031445
v -0.015056 0.069283 0.029756
v -0.011821 0.069905 0.018803
v -0.010246 0.088934 0.019608
v 0.000957 0.070471 0.012340
v 0.000630 0.088549 0.013782
v 0.011899 0.089384 0.018752
v 0.015577 0.091483 0.028412
v 0.014710 0.084294 0.033984
v 0.001182 0.064143 0.014835
v -0.009999 0.064733 0.019655
v 0.010325 0.074586 0.045869
v 0.015186 0.074339 0.039830
v 0.002096 0.064492 0.038658
v 0.001732 0.069144 0.031713
v 0.009232 0.103561 0.021072
v 0.005469 0.102790 0.017641
v 0.014578 0.098228 0.018797
v 0.008489 0.096828 0.013078
v 0.017530 0.090377 0.017095
v 0.009907 0.088859 0.010560
v 0.018680 0.084648 0.016588
v 0.010603 0.082976 0.010221
v 0.018299 0.078188 0.017094
v 0.010765 0.076669 0.011110
v 0.016277 0.072848 0.018051
v 0.010415 0.071693 0.013641
v 0.014736 0.071310 0.019452
v 0.009512 0.070308 0.015747
v 0.001368 0.075409 0.025968
v 0.001015 0.069705 0.013857
v -0.007328 0.069967 0.016398
v 0.000898 0.071017 0.011525
v -0.008447 0.071310 0.014371
v 0.000688 0.075997 0.008714
v -0.009192 0.076264 0.011882
v 0.000526 0.082304 0.007826
v -0.009354 0.082571 0.010994
v 0.000425 0.088194 0.008304
v -0.008873 0.088478 0.011287
v 0.000377 0.096252 0.011275
v -0.007588 0.096502 0.013700
v 0.000455 0.102434 0.016525
v -0.004469 0.102588 0.018025
v 0.010733 0.104543 0.025899
v 0.017006 0.099814 0.026606
v 0.009571 0.105469 0.030830
v 0.015126 0.101313 0.034581
v 0.006056 0.106093 0.034543
v 0.009442 0.102322 0.040586
v 0.001133 0.106247 0.036043
v 0.001477 0.102572 0.043013
v -0.003882 0.105891 0.034927
v -0.006635 0.101996 0.041208
v -0.007645 0.105120 0.031496
v -0.012721 0.100748 0.035659
v -0.009146 0.104139 0.026668
v -0.015149 0.099162 0.027850
v -0.007984 0.103212 0.021738
v -0.013269 0.097663 0.019874
v 0.019908 0.092565 0.027838
v 0.017712 0.094315 0.037154
v 0.011073 0.095495 0.044169
v 0.001769 0.095787 0.047002
v -0.007707 0.095114 0.044895
v -0.014815 0.093656 0.038413
v -0.017652 0.091803 0.029291
v -0.016024 0.089697 0.018394
v -0.016976 0.083925 0.017968
v -0.016296 0.077487 0.018433
v -0.013992 0.072235 0.019222
v -0.012286 0.070762 0.020497
v -0.014165 0.072895 0.027534
v 0.001408 0.080889 0.029870
v -0.015350 0.078350 0.031482
v 0.001252 0.087126 0.029098
v -0.015507 0.084588 0.030710
v -0.012964 0.086249 0.038889
v -0.017943 0.086239 0.030457
v -0.014728 0.088107 0.039605
v -0.017787 0.080002 0.031230
v -0.016950 0.074540 0.027294
v -0.007589 0.089571 0.046116
v -0.006589 0.087556 0.044703
v 0.001907 0.088160 0.046592
v 0.010251 0.087898 0.044051
v 0.001929 0.090248 0.048232
v 0.011273 0.089954 0.045386
v 0.017942 0.088769 0.038340
v 0.016204 0.086841 0.037761
v 0.018173 0.085271 0.029407
v 0.018330 0.079033 0.030179
v 0.017065 0.073528 0.026326
v 0.019753 0.075284 0.025874
v 0.020670 0.080782 0.029742
v 0.020514 0.087019 0.028969
v 0.007289 0.112226 0.020379
v 0.004286 0.111610 0.017640
v 0.000283 0.111325 0.016750
v -0.003648 0.111449 0.017947
v -0.006452 0.111948 0.020910
v -0.007380 0.112687 0.024846
v -0.006182 0.113469 0.028700
v -0.003179 0.114085 0.031438
v 0.000824 0.114369 0.032328
v 0.004755 0.114246 0.031131
v 0.007559 0.113748 0.028168
v 0.008487 0.113009 0.024233
v 0.005711 0.114261 0.020964
v 0.003392 0.113588 0.018834
v 0.000296 0.113369 0.018145
v -0.002744 0.113464 0.019071
v -0.004917 0.114046 0.021375
v -0.005635 0.114619 0.024420
v -0.004708 0.115223 0.027400
v -0.002386 0.115700 0.029518
v 0.000717 0.115758 0.030277
v 0.003751 0.115824 0.029281
v 0.005920 0.115439 0.026989
v 0.006637 0.114867 0.023945
v 0.000465 0.116053 0.023928
vn -0.5669 -0.6638 -0.4879
vn -0.4668 0.5634 0.6817
vn -0.2742 0.0643 0.9595
vn -0.7341 0.6768 -0.0550
vn -0.6494 0.0513 -0.7587
vn -0.5449 0.2250 -0.8077
vn 0.6173 0.1956 -0.7620
vn -0.0813 0.3541 -0.9317
vn -0.1695 -0.5478 -0.8193
vn 0.3858 0.2437 -0.8898
vn 0.3283 0.1765 -0.9279
vn 0.9819 0.0952 -0.1638
vn -0.3432 0.8765 0.3377
vn 0.9973 -0.0180 -0.0707
vn -0.5583 -0.6907 0.4596
vn 0.9357 -0.0896 0.3413
vn 0.7267 -0.2436 0.6423
vn 0.6282 0.1749 0.7581
vn 0.3765 0.5944 0.7106
vn 0.0093 -0.3351 0.9421
vn -0.9471 -0.1533 -0.2821
vn -0.0921 -0.6656 -0.7406
vn -0.5582 0.3056 -0.7714
vn 0.9440 0.1798 0.2767
vn 0.7508 0.2078 -0.6270
vn 0.7899 -0.5658 0.2367
vn 0.0205 -0.7379 0.6746
vn -0.8004 -0.4563 0.3887
vn 0.1343 0.1009 0.9858
vn -0.4429 0.4171 0.7937
vn 0.1607 0.5878 0.7929
vn -0.9204 0.0617 0.3860
vn -0.7448 -0.4851 -0.4582
vn 0.1237 0.1060 -0.9866
vn -0.9581 0.0971 -0.2697
vn 0.0324 0.1318 -0.9907
vn -0.7015 0.0279 -0.7121
vn 0.1459 -0.1334 -0.9803
vn -0.7729 -0.1426 -0.6184
vn 0.2822 -0.0639 -0.9572
vn -0.7157 -0.1291 -0.6864
vn -0.1122 0.2071 0.9719
vn -0.9307 0.0982 0.3524
vn -0.1260 0.2640 0.9563
vn -0.9348 0.0400 0.3530
vn -0.0916 0.0043 0.9958
vn -0.9545 -0.0406 0.2953
vn 0.2697 -0.1680 0.9482
vn -0.6281 -0.2289 0.7437
vn 0.9759 0.1441 -0.1638
vn 0.9371 0.0009 -0.3491
vn 0.8852 0.1594 -0.4371
vn 0.8025 0.2872 -0.5230
vn 0.7765 0.5889 -0.2242
vn 0.7965 0.3925 0.4599
vn 0.7123 0.2094 0.6699
vn 0.8081 0.1212 0.5765
vn 0.8587 0.0935 0.5039
vn 0.9227 0.1495 0.3552
vn 0.0237 0.3341 -0.9422
vn -0.6919 -0.1133 -0.7130
vn -0.6001 0.6085 -0.5192
vn 0.5221 0.0948 -0.8476
vn 0.6610 0.4389 -0.6086
vn 0.9998 -0.0028 0.0177
vn 0.8121 0.5197 0.2651
vn 0.6266 -0.0453 0.7780
vn 0.2447 0.5736 0.7817
vn -0.2139 -0.0125 0.9768
vn -0.8622 0.3800 0.3351
vn -0.9515 0.2457 0.1850
vn 0.3699 0.6565 -0.6575
vn -0.4787 0.8687 0.1273
vn 0.5641 0.5572 0.6093
vn -0.4695 0.0072 -0.8829
vn 0.9043 -0.2681 -0.3322
vn 0.0923 -0.9344 -0.3442
vn 0.3343 -0.6851 0.6472
vn -0.7574 -0.2513 0.6027
vn 0.0092 -0.3671 -0.9301
vn -0.4401 0.3136 0.8414
vn -0.9606 0.1598 0.2276
vn 0.9823 0.1513 -0.1103
vn -0.9800 0.1984 0.0168
vn 0.6515 0.3217 0.6870
vn -0.0064 0.9933 -0.1155
vn 0.9874 0.0976 0.1245
vn 0.5188 -0.0784 0.8513
vn -0.3933 0.0246 0.9191
vn -0.8886 0.4024 0.2200
vn -0.7970 0.0621 -0.6008
vn -0.9224 0.3732 -0.0996
vn 0.2076 -0.3504 -0.9133
vn -0.7892 0.0730 -0.6097
vn -0.0619 -0.4108 -0.9096
vn -0.5790 -0.7170 -0.3880
vn 0.3545 -0.9014 -0.2486
vn -0.5771 -0.5478 0.6056
vn 0.7602 -0.6491 -0.0264
vn -0.2943 -0.2291 0.9279
vn 0.1397 0.1337 -0.9811
vn -0.2670 -0.1193 0.9563
vn -0.6247 0.7360 0.2610
vn -0.4832 -0.2603 0.8359
vn -0.4370 0.8865 0.1523
vn -0.9900 0.1122 0.0849
vn -0.7108 0.5984 -0.3697
vn -0.8474 -0.0482 -0.5288
vn -0.2435 0.7832 -0.5721
vn -0.0833 -0.0991 -0.9916
vn -0.1133 0.6361 -0.7632
vn 0.5062 -0.3454 -0.7902
vn -0.5329 0.1718 -0.8285
vn 0.7003 0.1223 -0.7033
vn -0.1632 0.1301 -0.9780
vn 0.7393 0.3189 -0.5931
vn -0.6058 -0.4816 -0.6333
vn 0.5835 -0.4307 0.6885
vn 0.9275 -0.3737 -0.0103
vn -0.7861 -0.3229 -0.5270
vn 0.4534 -0.8811 -0.1347
vn 0.1507 -0.8647 0.4792
vn -0.2257 -0.7994 -0.5568
vn -0.5111 -0.8277 -0.2317
vn -0.7354 -0.6458 0.2052
vn 0.9509 -0.1896 0.2446
vn 0.2311 0.1621 0.9593
vn 0.6305 -0.3762 -0.6789
vn -0.4031 -0.1213 -0.9071
vn -0.6300 0.4809 0.6098
vn -0.8992 0.3536 -0.2579
vn -0.5413 -0.4214 -0.7276
vn 0.3947 -0.5937 -0.7013
vn 0.9856 -0.1447 -0.0873
vn 0.5376 0.4880 0.6876
vn 0.9792 -0.0953 -0.1794
vn 0.5257 0.7531 0.3955
vn 0.5939 0.7488 0.2942
vn 0.9965 -0.0709 -0.0449
vn 0.3858 -0.7763 -0.4986
vn 0.4129 -0.7762 -0.4765
vn -0.5673 -0.6803 -0.4640
vn -0.5604 -0.6792 -0.4739
vn -0.5600 0.6240 0.5450
vn -0.9735 0.1553 -0.1679
vn -0.4684 0.7582 0.4536
vn -0.9955 0.0937 0.0156
vn -0.9922 0.1247 -0.0005
vn -0.3909 0.8204 0.4173
vn -0.5999 -0.2385 -0.7637
vn -0.9855 0.1674 0.0277
vn -0.7080 0.3786 -0.5961
vn -0.6872 -0.5628 -0.4593
vn 0.1898 -0.4387 -0.8783
vn 0.4219 -0.8415 -0.3374
vn 0.8782 0.1185 -0.4634
vn 0.9750 -0.1028 -0.1970
vn 0.4544 0.8874 0.0774
vn 0.4330 0.8285 0.3551
vn -0.4749 0.8577 0.1968
vn -0.3565 0.8599 0.3655
vn 0.2596 -0.2145 -0.9416
vn -0.2367 0.7797 -0.5797
vn 0.9569 0.1062 -0.2702
vn -0.9084 -0.0743 -0.4115
vn -0.0433 -0.9727 0.2281
vn -0.7024 0.0399 0.7107
vn 0.5212 -0.0675 0.8507
vn -0.0499 0.8689 0.4924
vn 0.0013 0.6077 -0.7941
vn -0.8963 0.4374 -0.0734
vn -0.8256 -0.2874 -0.4856
vn -0.2070 -0.9287 -0.3078
vn -0.9174 -0.3425 -0.2026
vn 0.2708 -0.8818 -0.3862
vn -0.7122 -0.7011 -0.0360
vn -0.1495 -0.2951 -0.9437
vn -0.1007 -0.8573 -0.5049
vn -0.0243 0.1599 -0.9868
vn 0.6683 -0.4864 -0.5629
vn 0.4761 0.0316 -0.8788
vn 0.9971 -0.0065 -0.0764
vn 0.4557 0.5878 -0.6684
vn 0.7178 0.3036 0.6266
vn 0.6988 0.4178 -0.5806
vn 0.5687 0.7021 0.4285
vn 0.7288 -0.6021 -0.3261
vn 0.4460 0.3437 0.8264
vn -0.0548 -0.9969 -0.0557
vn -0.3703 -0.0486 0.9276
vn -0.5668 -0.7349 0.3723
vn 0.2584 -0.7613 0.5946
vn 0.1628 -0.9639 -0.2105
vn 0.8715 0.0143 0.4901
vn 0.4975 -0.7393 -0.4539
vn 0.8884 0.4258 0.1717
vn 0.9455 0.0131 -0.3253
vn 0.6163 0.7764 0.1318
vn 0.2728 -0.9258 0.2619
vn 0.4668 -0.8688 0.1651
vn 0.4967 -0.8557 -0.1455
vn -0.2604 0.9359 0.2373
vn -0.8112 0.2900 0.5077
vn -0.3192 0.6643 0.6759
vn -0.5183 -0.4003 0.7557
vn -0.0067 -0.0059 1.0000
vn -0.0508 -0.9104 0.4105
vn 0.5147 -0.8248 0.2341
vn 0.8383 -0.3866 0.3845
vn 0.1334 0.0314 0.9906
vn 0.5077 0.7903 0.3429
vn -0.2285 0.8159 0.5311
vn 0.9559 0.2935 -0.0105
vn 0.0445 0.9616 0.2710
vn 0.7725 0.6308 -0.0727
vn 0.3311 0.9114 -0.2444
vn 0.8196 0.5720 -0.0321
vn 0.3283 0.9444 -0.0154
vn 0.6403 0.6953 0.3264
vn 0.0970 0.7585 0.6444
vn 0.7587 0.2302 0.6094
vn 0.0333 0.0562 0.9979
vn 0.5309 -0.6529 0.5402
vn -0.0153 -0.5520 0.8337
vn -0.4135 -0.7412 0.5288
vn -0.7179 0.2846 0.6353
vn -0.5862 0.7353 0.3402
vn -0.2128 0.9759 0.0474
vn -0.7322 0.6811 0.0097
vn -0.1461 0.9611 -0.2345
vn -0.7790 0.6242 -0.0597
vn -0.9526 0.2958 0.0716
vn 0.9929 0.1182 0.0114
vn 0.5992 -0.8001 -0.0282
vn -0.6957 -0.7136 0.0821
vn -0.9702 0.2422 0.0039
vn 0.7883 0.1953 -0.5835
vn 0.3648 -0.8796 -0.3053
vn -0.6510 -0.5303 -0.5431
vn -0.8112 0.2888 -0.5085
vn -0.7171 0.4209 -0.5556
vn -0.0342 0.4756 -0.8790
vn -0.0271 0.2573 -0.9659
vn 0.7996 0.4010 -0.4469
vn -0.1216 0.2300 -0.9656
vn 0.1367 -0.4132 -0.9003
vn 0.8551 0.5151 0.0598
vn 0.5740 -0.7586 -0.3083
vn 0.7071 0.6678 -0.2326
vn 0.7965 -0.5010 0.3384
vn 0.2785 0.6936 0.6643
vn -0.2630 -0.8397 0.4751
vn -0.8307 0.3924 0.3949
vn -0.8539 -0.5122 -0.0920
vn -0.5185 0.8234 -0.2306
vn -0.7250 -0.6103 -0.3193
vn 0.0667 0.9935 0.0923
vn -0.0815 -0.9960 -0.0370
vn 0.8448 0.5314 0.0626
vn 0.5811 -0.7571 -0.2985
vn 0.7169 0.6659 -0.2064
vn 0.8077 -0.4846 0.3358
vn 0.2549 0.7086 0.6580
vn -0.2514 -0.8478 0.4669
vn -0.8441 0.3618 0.3958
vn -0.8328 -0.5459 -0.0919
vn -0.5579 0.7982 -0.2274
vn -0.7057 -0.6265 -0.3310
vn 0.0661 0.9951 0.0739
vn -0.0663 -0.9965 -0.0503
vn 0.6709 0.7258 -0.1520
vn 0.2445 0.8935 0.3767
vn -0.4211 -0.2008 0.8845
vn 0.3264 0.0703 0.9426
vn 0.4550 0.2161 0.8639
vn -0.3212 -0.5087 0.7988
vn -0.5527 0.4904 0.6738
vn -0.4228 0.3177 0.8487
vn -0.8722 0.4889 -0.0181
vn -0.4802 -0.7514 0.4527
vn -0.8605 0.2660 0.4346
vn -0.3346 -0.0861 0.9384
vn -0.4583 0.5223 0.7191
vn -0.2147 0.3380 0.9163
vn -0.3650 0.8266 0.4284
vn -0.0036 0.7823 0.6229
vn -0.3334 0.6544 0.6787
vn 0.1678 0.5220 0.8363
vn -0.4789 -0.1143 0.8704
vn 0.2638 -0.1025 0.9591
vn -0.2974 -0.6625 0.6875
vn 0.3806 -0.8331 0.4013
vn -0.5686 -0.8101 -0.1430
vn 0.5134 -0.7531 -0.4114
vn -0.2961 -0.3335 -0.8950
vn 0.8440 0.0463 -0.5344
vn -0.1133 0.3106 -0.9438
vn 0.3207 0.7398 -0.5915
vn -0.5652 0.8019 -0.1934
vn 0.3327 0.9371 0.1056
vn -0.5854 0.8054 0.0932
vn 0.2092 0.9463 0.2467
vn 0.5163 0.8548 0.0519
vn -0.9642 0.1150 0.2389
vn -0.6800 0.7109 0.1791
vn -0.7344 0.6754 -0.0675
vn 0.7738 -0.3832 0.5043
vn 0.7857 0.3463 0.5125
vn 0.4764 -0.1021 0.8733
vn 0.8720 0.2528 0.4193
vn 0.8049 -0.2046 0.5570
vn 0.4598 0.1510 0.8751
vn -0.8683 0.2941 -0.3994
vn 0.6415 -0.1127 0.7588
vn 0.7846 -0.1484 -0.6019
vn 0.5566 0.3127 0.7697
vn 0.6986 -0.7068 -0.1113
vn -0.1414 -0.4460 0.8838
vn -0.2177 -0.6785 -0.7016
vn -0.9805 0.0212 0.1954
vn -0.6323 0.1490 -0.7603
vn -0.5121 0.6786 0.5266
vn -0.3735 0.2639 -0.8893
vn -0.2724 0.2581 0.9269
vn 0.2096 -0.4086 -0.8883
vn 0.6334 -0.1729 0.7543
vn 0.7986 -0.1932 -0.5700
vn 0.5506 0.1937 0.8120
vn 0.7177 -0.6934 -0.0636
vn -0.1674 -0.4931 0.8537
vn -0.1877 -0.6494 -0.7369
vn -0.9934 0.0182 0.1128
vn -0.6025 0.1694 -0.7800
vn -0.5662 0.6198 0.5434
vn -0.3561 0.3235 -0.8767
vn -0.2903 0.1945 0.9370
vn 0.2593 -0.4036 -0.8774
vn -0.4289 0.0284 -0.9029
vn -0.0459 0.1892 -0.9809
vn 0.0828 -0.0694 -0.9941
vn -0.5461 0.1870 -0.8166
vn -0.8512 0.0478 -0.5227
vn -0.8906 0.1670 -0.4230
vn -0.9691 0.0224 0.2457
vn -0.9431 0.1622 0.2904
vn -0.5990 -0.0705 0.7977
vn -0.5090 0.1000 0.8550
vn -0.1386 -0.1867 0.9726
vn -0.0179 0.0861 0.9961
vn 0.3589 -0.1760 0.9166
vn 0.4827 0.1406 0.8644
vn 0.8584 0.0437 0.5111
vn 0.9029 0.1761 0.3922
vn 0.9562 0.0926 -0.2777
vn 0.9240 0.1967 -0.3280
vn 0.5936 -0.0102 -0.8047
vn 0.5077 0.2042 -0.8370
vn 0.3503 -0.4443 0.8246
vn 0.9415 0.0410 0.3344
vn 0.1670 -0.0048 0.9859
vn 0.9860 -0.1155 0.1203
vn 0.0797 0.6208 0.7799
vn 0.9795 -0.0110 0.2011
vn 0.0349 0.2722 0.9616
vn 0.0305 -0.3294 -0.9437
vn 0.0178 0.9953 -0.0948
vn 0.0363 -0.7467 -0.6642
vn 0.1369 -0.8041 -0.5785
vn 0.8742 -0.3462 -0.3406
vn 0.4806 -0.4133 -0.7734
vn -0.4545 -0.3827 0.8044
vn 0.0394 -0.5897 0.8067
vn 0.3721 -0.7661 0.5242
vn 0.1760 -0.8845 0.4321
vn 0.3430 -0.8664 -0.3629
vn 0.0454 -0.9882 -0.1462
vn 0.1087 -0.5566 -0.8237
vn -0.3916 -0.8344 -0.3879
vn -0.1563 -0.7989 0.5808
vn -0.2634 -0.3640 -0.8934
vn -0.8726 -0.3233 0.3662
vn -0.6796 -0.7092 -0.1876
vn -0.9842 -0.0825 0.1568
vn -0.9778 0.1140 0.1761
vn -0.4917 0.8022 -0.3386
vn 0.6540 -0.7113 -0.2577
vn -0.2227 -0.2115 -0.9517
vn -0.2101 0.2648 -0.9411
vn -0.5440 -0.8337 0.0950
vn -0.0846 -0.2494 0.9647
vn -0.3206 0.2294 0.9190
vn -0.4896 0.8554 0.1693
vn 0.8108 0.5812 -0.0692
vn -0.8793 -0.4751 -0.0341
vn 0.2655 -0.2439 -0.9327
vn 0.4648 -0.8854 -0.0071
vn 0.3038 0.2740 -0.9125
vn 0.7217 0.6891 0.0658
vn -0.7428 0.6600 0.1124
vn 0.2526 -0.0816 0.9641
vn -0.0260 0.0091 0.9996
vn -0.4405 0.8551 -0.2735
vn 0.4515 0.8334 -0.3187
vn -0.1312 0.6897 0.7121
vn -0.3137 0.6842 0.6583
vn 0.0131 -0.4832 -0.8754
vn 0.8208 -0.5561 -0.1308
vn 0.6259 -0.5389 0.5638
vn -0.2785 -0.3300 0.9020
vn 0.8690 -0.4106 0.2762
vn -0.2676 -0.1448 0.9526
vn 0.7985 -0.4720 0.3736
vn -0.3917 -0.6767 0.6235
vn 0.2311 0.5904 -0.7734
vn 0.0465 -0.4151 -0.9086
vn -0.9979 0.0326 -0.0568
vn -0.9919 -0.0296 -0.1232
vn -0.9726 -0.0050 0.2323
vn -0.8165 -0.0727 -0.5727
vn -0.5518 -0.8333 0.0328
vn -0.9572 0.0412 -0.2865
vn -0.2428 -0.1783 -0.9535
vn -0.7743 0.1864 0.6047
vn -0.2536 -0.5291 0.8098
vn 0.2553 0.1914 0.9477
vn 0.4065 -0.7193 0.5633
vn 0.9851 -0.0219 0.1708
vn 0.6121 -0.7906 -0.0143
vn 0.9607 -0.1235 -0.2485
vn -0.0203 0.2164 -0.9761
vn -0.5451 0.2412 -0.8029
vn 0.5098 0.2210 -0.8314
vn 0.8636 0.2601 -0.4319
vn 0.9421 0.2882 0.1715
vn 0.6103 0.2409 0.7546
vn 0.1662 0.2407 0.9563
vn -0.3277 0.2630 0.9075
vn -0.8109 0.3559 0.4645
vn -0.9069 0.3168 -0.2778
vn -0.5911 0.8066 0.0008
vn -0.1372 0.9157 0.3777
vn 0.5811 0.7443 0.3292
vn 0.5281 0.7930 -0.3037
vn 0.1156 0.9888 -0.0939
vn 0.0119 0.9924 -0.1227
vn -0.0593 0.9597 0.2748
vn -0.7343 0.1760 0.6556
vn -0.5962 0.8016 0.0453
vn -0.9506 0.1058 0.2919
vn -0.1068 0.9160 0.3867
vn 0.3238 0.1838 0.9281
vn 0.6028 0.7421 0.2931
vn 0.9796 0.1231 0.1590
vn 0.4981 0.7995 -0.3358
vn 0.9219 -0.2904 -0.2566
vn -0.6432 -0.6778 0.3561
vn -0.1705 -0.6791 0.7139
vn 0.2792 -0.9560 0.0901
vn 0.6509 -0.6249 0.4311
vn -0.9797 0.1982 0.0300
vn -0.4852 0.7786 -0.3980
vn -0.9195 0.0943 -0.3816
vn -0.3180 0.9302 0.1831
vn -0.3383 0.2297 0.9126
vn 0.2970 0.7628 0.5744
vn 0.6640 0.1372 0.7350
vn 0.6246 0.7808 0.0119
vn 0.8722 -0.3032 0.3838
vn -0.7444 -0.6596 -0.1040
vn -0.5982 -0.6441 0.4769
vn 0.1477 -0.9431 0.2979
vn 0.2253 -0.5925 0.7735
vn -0.9787 0.2018 -0.0387
vn -0.4535 0.7894 -0.4137
vn -0.8775 0.1241 -0.4633
vn -0.3460 0.9193 0.1875
vn -0.3988 0.1963 0.8958
vn 0.2503 0.7454 0.6178
vn 0.6122 0.1044 0.7838
vn 0.6364 0.7669 0.0828
vn 0.8369 -0.3507 0.4203
vn -0.7283 -0.6685 -0.1508
vn -0.6194 -0.6653 0.4168
vn 0.1431 -0.9456 0.2923
vn 0.1826 -0.6008 0.7782
vn -0.1296 0.8823 0.4525
vn -0.0359 0.9871 0.1563
vn -0.5252 0.8444 -0.1059
vn 0.4958 0.8590 0.1275
vn 0.1047 0.8976 -0.4282
vn -0.4734 0.3350 0.8147
vn -0.9173 -0.1039 0.3845
vn -0.3598 -0.3134 0.8788
vn -0.9388 0.1868 0.2895
vn -0.5012 0.7965 0.3382
vn -0.9497 0.3053 0.0699
vn -0.5267 0.7854 -0.3252
vn -0.9575 0.2337 -0.1691
vn -0.5349 0.3084 -0.7866
vn -0.9576 0.0140 -0.2876
vn -0.5210 -0.3552 -0.7761
vn -0.9500 -0.2251 -0.2164
vn -0.4932 -0.8166 -0.2997
vn -0.9391 -0.3436 0.0031
vn -0.5369 -0.7470 0.3921
vn -0.9521 -0.2496 0.1768
vn 0.5012 -0.7965 -0.3382
vn -0.0173 -0.6312 -0.7754
vn 0.4735 -0.3351 -0.8146
vn 0.0161 -0.9946 -0.1027
vn 0.5267 -0.7855 0.3250
vn 0.0400 -0.7754 0.6302
vn 0.5348 -0.3084 0.7867
vn 0.0404 -0.1021 0.9940
vn 0.5209 0.3552 0.7762
vn 0.0172 0.6311 0.7755
vn 0.4932 0.8167 0.2997
vn -0.0162 0.9946 0.1027
vn 0.4678 0.8056 -0.3636
vn -0.0401 0.7753 -0.6303
vn 0.4596 0.3286 -0.8251
vn -0.0405 0.1021 -0.9940
vn -0.0172 -0.6312 -0.7754
vn 0.0405 -0.1021 0.9940
vn 0.0401 -0.7754 0.6302
vn 0.0162 -0.9946 -0.1027
vn 0.9312 0.0523 -0.3607
vn 0.9388 -0.1868 -0.2894
vn 0.9313 0.2720 -0.2422
vn 0.9391 0.3436 -0.0032
vn 0.9500 0.2251 0.2164
vn 0.9576 -0.0141 0.2877
vn 0.9575 -0.2338 0.1691
vn 0.9497 -0.3053 -0.0700
vn -0.9990 -0.0203 0.0387
vn 0.9990 0.0203 -0.0387
vn -0.0223 0.9983 -0.0538
vn 0.5543 0.7901 -0.2617
vn -0.0287 0.9724 -0.2317
vn 0.6930 0.7209 -0.0023
vn 0.0003 0.8827 0.4700
vn 0.6308 0.5854 0.5092
vn 0.0221 0.5293 0.8482
vn 0.4511 0.3059 0.8384
vn 0.0396 -0.0506 0.9979
vn 0.5298 -0.0340 0.8475
vn 0.4637 -0.3736 0.8034
vn 0.8382 -0.0127 0.5452
vn 0.6527 -0.6111 0.4478
vn 0.9990 0.0161 0.0423
vn 0.7188 -0.6912 -0.0748
vn 0.9475 0.0337 -0.3181
vn 0.5823 -0.7384 -0.3402
vn -0.6045 0.7665 -0.2168
vn -0.7195 0.6925 0.0517
vn -0.9638 0.1258 -0.2351
vn -0.9995 -0.0194 0.0269
vn -0.7651 -0.5804 -0.2788
vn -0.6941 -0.7196 -0.0203
vn -0.1247 -0.9384 -0.3223
vn 0.0178 -0.9979 -0.0623
vn -0.6128 0.5601 0.5575
vn -0.8426 -0.0594 0.5352
vn -0.5671 -0.6591 0.4940
vn 0.0521 -0.8876 0.4577
vn -0.3971 0.2888 0.8711
vn -0.5059 -0.1129 0.8551
vn -0.2990 -0.4733 0.8286
vn 0.1026 -0.5813 0.8072
vn -0.6047 0.7667 -0.2156
vn -0.0185 0.9990 0.0404
vn 0.1026 0.9669 -0.2336
vn -0.9641 0.1257 -0.2338
vn -0.9995 -0.0193 0.0268
vn -0.7653 -0.5808 -0.2775
vn -0.6942 -0.7195 -0.0206
vn -0.1247 -0.9388 -0.3211
vn 0.0175 -0.9979 -0.0630
vn 0.5826 -0.7386 -0.3390
vn 0.7185 -0.6914 -0.0756
vn 0.9421 -0.0976 -0.3208
vn 0.9985 0.0204 -0.0500
vn 0.7432 0.6089 -0.2772
vn 0.6927 0.7213 -0.0030
vn 0.6071 0.6082 0.5113
vn -0.0124 0.8367 0.5475
vn 0.8826 0.0085 0.4701
vn 0.3655 0.3884 0.8459
vn -0.0361 0.4964 0.8673
vn -0.5060 -0.1130 0.8551
vn 0.1025 -0.5813 0.8072
vn 0.4637 -0.3735 0.8034
vn 0.5725 0.0280 0.8194
vn -0.8747 0.1088 0.4724
vn -0.8515 0.0527 0.5217
vn -0.9149 0.0289 0.4026
vn -0.5231 0.0161 0.8521
vn -0.6796 0.3967 0.6171
vn 0.0245 0.4730 0.8807
vn -0.4916 0.5025 0.7113
vn 0.0229 0.5139 0.8576
vn -0.4643 -0.0731 0.8827
vn 0.0433 -0.2991 0.9532
vn -0.2514 -0.8589 0.4463
vn 0.0354 -0.8979 0.4387
vn -0.9363 0.2275 0.2677
vn -0.9926 0.1166 0.0331
vn -0.9292 0.3323 0.1618
vn -0.5742 0.7048 0.4166
vn -0.5263 0.0632 0.8480
vn -0.0773 0.8533 0.5157
vn 0.0299 0.1165 0.9927
vn 0.4839 0.7731 0.4102
vn 0.5984 0.0277 0.8007
vn 0.8864 0.0879 0.4544
vn 0.6298 0.0410 0.7757
vn 0.1047 0.0254 0.9942
vn 0.9442 0.2656 0.1949
vn 0.9034 0.1449 0.4035
vn 0.7086 0.4249 0.5634
vn 0.9867 0.1567 -0.0435
vn 0.9967 -0.0376 -0.0724
vn 0.7630 -0.0830 -0.6411
vn 0.8265 -0.5525 -0.1078
vn 0.4790 -0.6995 -0.5304
vn 0.3381 -0.9399 -0.0481
vn 0.0157 -0.9839 -0.1781
vn 0.0581 -0.9978 0.0320
vn -0.2505 -0.9680 -0.0156
vn 0.2530 -0.8707 0.4217
vn 0.5737 -0.1873 0.7974
vn 0.3901 -0.9034 0.1782
vn 0.8735 -0.3017 0.3821
vn 0.6365 -0.5195 0.5701
vn 0.9501 0.0449 0.3086
vn 0.2604 0.7680 0.5851
vn 0.8540 -0.1192 0.5064
vn 0.3147 0.6487 0.6929
vn 0.4734 -0.5533 0.6854
vn 0.0919 0.4964 0.8632
vn -0.0528 -0.6711 0.7395
vn -0.2400 0.5588 0.7938
vn -0.5696 -0.4586 0.6820
vn -0.3316 0.6913 0.6419
vn -0.7788 0.1175 0.6162
vn -0.4152 0.3318 0.8470
vn -0.9302 -0.2096 0.3012
vn -0.2891 -0.9469 0.1410
vn -0.8188 -0.2836 0.4992
vn -0.8495 0.3371 0.4058
vn -0.7214 -0.6921 0.0247
vn -0.9912 -0.1276 -0.0360
vn -0.7643 -0.1195 -0.6337
vn -0.5725 0.6102 -0.5476
vn -0.0471 -0.1380 -0.9893
vn 0.0550 0.6935 -0.7184
vn 0.6036 0.5997 -0.5254
vn 0.9247 0.3699 0.0901
vn 0.9414 0.0665 0.3308
vn -0.1060 -0.6659 -0.7385
vn -0.5617 -0.7342 -0.3813
vn 0.5243 0.5231 0.6720
vn 0.8640 0.3718 0.3395
vn -0.0007 0.8920 0.4521
vn 0.0351 -0.9015 0.4314
vn 0.5965 0.6207 -0.5088
vn 0.4493 0.3967 -0.8005
vn 0.7625 0.4034 -0.5059
vn 0.3468 0.5190 -0.7812
vn 0.7803 0.3187 -0.5381
vn 0.4110 0.2395 -0.8796
vn 0.8537 0.0767 -0.5150
vn 0.4373 -0.0065 -0.8993
vn 0.8606 -0.1774 -0.4775
vn 0.4434 -0.2699 -0.8547
vn 0.7686 -0.4629 -0.4416
vn 0.3693 -0.6711 -0.6428
vn 0.3490 -0.9371 -0.0037
vn 0.1424 -0.9824 -0.1208
vn 0.0243 -0.8364 0.5475
vn 0.0190 -0.9993 -0.0335
vn -0.1759 -0.9716 -0.1585
vn -0.0090 -0.7714 -0.6363
vn -0.4317 -0.6091 -0.6654
vn -0.0282 -0.3751 -0.9265
vn -0.5036 -0.2429 -0.8291
vn -0.0372 -0.0671 -0.9970
vn -0.5048 0.0237 -0.8629
vn -0.0415 0.1704 -0.9845
vn -0.4510 0.2320 -0.8619
vn -0.0436 0.4481 -0.8929
vn -0.4269 0.5033 -0.7513
vn -0.0045 0.4063 -0.9137
vn -0.4494 0.3704 -0.8129
vn 0.8302 0.5445 -0.1193
vn 0.7847 0.6030 -0.1438
vn 0.7225 0.6244 0.2968
vn 0.7078 0.6613 0.2484
vn 0.4181 0.6773 0.6054
vn 0.4266 0.7120 0.5577
vn -0.0014 0.6892 0.7246
vn 0.0259 0.7255 0.6878
vn -0.4248 0.6569 0.6229
vn -0.3861 0.6979 0.6032
vn -0.7389 0.5890 0.3272
vn -0.6983 0.6368 0.3268
vn -0.8598 0.5035 -0.0846
vn -0.8267 0.5588 -0.0662
vn -0.7542 0.4231 -0.5021
vn -0.7218 0.5248 -0.4512
vn 0.9710 0.2388 0.0078
vn 0.8181 0.3024 0.4892
vn 0.4671 0.3846 0.7962
vn -0.0073 0.3452 0.9385
vn -0.5425 0.3207 0.7764
vn -0.8602 0.2772 0.4280
vn -0.9801 0.1980 0.0110
vn -0.7893 0.2522 -0.5598
vn -0.8934 0.0031 -0.4493
vn -0.8786 -0.2654 -0.3969
vn -0.7453 -0.5782 -0.3320
vn -0.2789 -0.9553 0.0978
vn -0.0902 -0.7814 0.6175
vn 0.0583 -0.2394 0.9692
vn -0.1059 -0.2497 0.9625
vn 0.0440 -0.8400 0.5407
vn -0.0952 -0.3681 0.9249
vn -0.3166 -0.8629 0.3939
vn -0.9182 -0.2433 0.3126
vn -0.8073 -0.1721 0.5645
vn -0.8271 -0.1584 0.5393
vn -0.7162 -0.6433 0.2705
vn -0.4032 -0.2574 0.8782
vn -0.1132 -0.8508 0.5131
vn 0.0358 -0.8874 0.4597
vn 0.2475 -0.8158 0.5227
vn 0.0434 -0.3742 0.9263
vn 0.5177 -0.0870 0.8512
vn 0.8037 -0.3697 0.4663
vn 0.2733 -0.9101 0.3114
vn 0.2816 -0.4601 0.8420
vn 0.1020 -0.2446 0.9642
vn 0.3036 -0.7651 0.5679
vn 0.7952 -0.6016 0.0756
vn 0.8921 -0.2739 0.3594
vn 0.9160 -0.0634 0.3962
vn 0.7303 0.3896 -0.5611
vn 0.3839 0.3331 -0.8612
vn -0.0551 0.3084 -0.9497
vn -0.4855 0.3246 -0.8117
vn -0.7918 0.3687 -0.4869
vn -0.8934 0.4471 -0.0454
vn -0.7545 0.5350 0.3801
vn -0.4176 0.6034 0.6793
vn 0.0323 0.6437 0.7646
vn 0.4572 0.6237 0.6340
vn 0.7697 0.5616 0.3034
vn 0.8682 0.4777 -0.1343
vn 0.3999 0.7754 -0.4887
vn 0.1765 0.7389 -0.6503
vn -0.0799 0.7259 -0.6831
vn -0.3284 0.7307 -0.5985
vn -0.5139 0.7643 -0.3896
vn -0.5661 0.8184 -0.0987
vn -0.4643 0.8710 0.1602
vn -0.2264 0.9154 0.3328
vn 0.0369 0.9271 0.3731
vn 0.2869 0.9157 0.2815
vn 0.4778 0.8768 0.0544
vn 0.5202 0.8251 -0.2206
vn -0.0276 0.9795 -0.1995
vt 0.768900 0.636000
vt 0.781600 0.646200
vt 0.776400 0.575400
vt 0.783000 0.851900
vt 0.767300 0.842600
vt 0.778500 0.933300
vt 0.643600 0.989000
vt 0.741300 0.811400
vt 0.741300 0.965600
vt 0.704200 0.811400
vt 0.663600 0.907700
vt 0.652400 0.848000
vt 0.638300 0.844900
vt 0.599000 0.811400
vt 0.561100 0.844900
vt 0.534100 0.848000
vt 0.525200 0.908500
vt 0.421400 0.811400
vt 0.421700 0.988100
vt 0.375600 0.811400
vt 0.087600 0.907700
vt 0.098900 0.848000
vt 0.113000 0.844900
vt 0.047000 0.811400
vt 0.107700 0.989000
vt 0.010000 0.811400
vt 0.010000 0.965600
vt 0.460600 0.040800
vt 0.441300 0.184000
vt 0.455800 0.044300
vt 0.445500 0.183400
vt 0.408100 0.006400
vt 0.373900 0.061400
vt 0.373900 0.006400
vt 0.339600 0.006500
vt 0.373900 0.048400
vt 0.339500 0.054300
vt 0.373900 0.102500
vt 0.287200 0.040800
vt 0.302300 0.031600
vt 0.291900 0.044300
vt 0.306400 0.184000
vt 0.933900 0.529700
vt 0.929900 0.545400
vt 0.933200 0.545400
vt 0.930000 0.529800
vt 0.934000 0.526600
vt 0.931200 0.526600
vt 0.926500 0.511500
vt 0.923100 0.511200
vt 0.921800 0.525300
vt 0.923600 0.525400
vt 0.921900 0.530100
vt 0.923600 0.530100
vt 0.923100 0.545500
vt 0.924500 0.545500
vt 0.901600 0.958700
vt 0.991000 0.882000
vt 0.984300 0.951800
vt 0.901600 0.871000
vt 0.884300 0.956400
vt 0.884300 0.869600
vt 0.801700 0.924700
vt 0.801700 0.845700
vt 0.989700 0.590900
vt 0.901600 0.635300
vt 0.884200 0.638800
vt 0.801700 0.649300
vt 0.801700 0.586400
vt 0.884200 0.554700
vt 0.901800 0.551600
vt 0.982800 0.510800
vt 0.783600 0.333400
vt 0.850100 0.306700
vt 0.784200 0.259800
vt 0.849100 0.343600
vt 0.787400 0.434300
vt 0.854900 0.394200
vt 0.786700 0.448000
vt 0.853800 0.401100
vt 0.782700 0.370200
vt 0.847800 0.362100
vt 0.784200 0.276400
vt 0.850100 0.315000
vt 0.146300 0.308400
vt 0.146300 0.393900
vt 0.146300 0.368700
vt 0.092900 0.308400
vt 0.092900 0.368700
vt 0.092900 0.393900
vt 0.936800 0.593800
vt 0.941600 0.593600
vt 0.938300 0.591300
vt 0.943500 0.591000
vt 0.946900 0.593800
vt 0.373900 0.040600
vt 0.373900 0.167900
vt 0.329600 0.988100
vt 0.329900 0.811400
vt 0.226100 0.908500
vt 0.217100 0.848000
vt 0.190200 0.844900
vt 0.152300 0.811400
vt 0.408400 0.054300
vt 0.759400 0.350100
vt 0.869000 0.399600
vt 0.862400 0.360500
vt 0.862400 0.311000
vt 0.867500 0.302200
vt 0.893900 0.283400
vt 0.896200 0.310400
vt 0.919300 0.279400
vt 0.920600 0.299300
vt 0.924700 0.304400
vt 0.922900 0.332300
vt 0.921600 0.312400
vt 0.896200 0.351000
vt 0.893900 0.328600
vt 0.901700 0.328800
vt 0.901100 0.358700
vt 0.929000 0.324900
vt 0.928900 0.357500
vt 0.967700 0.332400
vt 0.969900 0.360800
vt 0.972000 0.330400
vt 0.977000 0.359900
vt 0.864600 0.304500
vt 0.864900 0.351000
vt 0.878100 0.320400
vt 0.901800 0.406700
vt 0.901800 0.408200
vt 0.866300 0.302800
vt 0.928900 0.406700
vt 0.928900 0.405100
vt 0.967700 0.389400
vt 0.972000 0.401100
vt 0.869200 0.400700
vt 0.675300 0.433300
vt 0.707800 0.474200
vt 0.679300 0.478600
vt 0.708000 0.438100
vt 0.639500 0.388600
vt 0.652100 0.380300
vt 0.615900 0.404200
vt 0.586200 0.367800
vt 0.578500 0.424800
vt 0.547900 0.392000
vt 0.531600 0.397600
vt 0.533700 0.319800
vt 0.515200 0.325900
vt 0.540500 0.254400
vt 0.522500 0.254500
vt 0.533200 0.331300
vt 0.547600 0.400400
vt 0.578300 0.429100
vt 0.585800 0.378800
vt 0.615600 0.410800
vt 0.651800 0.387900
vt 0.708000 0.428500
vt 0.591400 0.307900
vt 0.595100 0.254400
vt 0.590700 0.321900
vt 0.728200 0.310200
vt 0.725600 0.254500
vt 0.727800 0.317600
vt 0.709000 0.362400
vt 0.742000 0.359300
vt 0.740800 0.433300
vt 0.709100 0.355600
vt 0.742500 0.314900
vt 0.740300 0.254500
vt 0.235900 0.381000
vt 0.235900 0.303400
vt 0.138900 0.381000
vt 0.138900 0.303400
vt 0.041900 0.381000
vt 0.041900 0.303400
vt 0.707700 0.487900
vt 0.680300 0.487900
vt 0.707800 0.471100
vt 0.558400 0.004500
vt 0.514000 0.240600
vt 0.514000 0.004500
vt 0.556800 0.240600
vt 0.607800 0.004500
vt 0.606500 0.240600
vt 0.664100 0.004500
vt 0.665500 0.240600
vt 0.708700 0.004700
vt 0.714200 0.240600
vt 0.752700 0.004700
vt 0.752700 0.240600
vt 0.796700 0.004700
vt 0.791300 0.240600
vt 0.841400 0.004500
vt 0.839900 0.240600
vt 0.897600 0.004500
vt 0.899000 0.240600
vt 0.947000 0.004500
vt 0.948600 0.240600
vt 0.991500 0.004500
vt 0.991500 0.240600
vt 0.804200 0.523700
vt 0.766400 0.637000
vt 0.766300 0.517200
vt 0.834600 0.685200
vt 0.850800 0.587800
vt 0.926300 0.755500
vt 0.927700 0.615000
vt 0.970600 0.755700
vt 0.974400 0.620100
vt 0.988300 0.755700
vt 0.984200 0.614500
vt 0.969200 0.896300
vt 0.991500 0.899800
vt 0.927700 0.899300
vt 0.850800 0.926500
vt 0.834600 0.820500
vt 0.804200 0.969700
vt 0.766400 0.846800
vt 0.766400 0.982700
vt 0.926700 0.558500
vt 0.923900 0.562200
vt 0.926500 0.562200
vt 0.924200 0.558500
vt 0.935000 0.550000
vt 0.935200 0.551600
vt 0.947800 0.550000
vt 0.947300 0.551700
vt 0.957100 0.555600
vt 0.954900 0.555600
vt 0.950200 0.548000
vt 0.956100 0.562700
vt 0.959600 0.562700
vt 0.933600 0.548000
vt 0.937500 0.546600
vt 0.945800 0.546700
vt 0.941900 0.535400
vt 0.947500 0.535600
vt 0.941900 0.528100
vt 0.948000 0.528900
vt 0.941800 0.525600
vt 0.948100 0.525300
vt 0.935900 0.527600
vt 0.935700 0.526400
vt 0.936300 0.535600
vt 0.479300 0.404400
vt 0.404800 0.410000
vt 0.472500 0.409900
vt 0.398000 0.404600
vt 0.465800 0.415400
vt 0.411600 0.415500
vt 0.465900 0.459300
vt 0.472600 0.464800
vt 0.411700 0.459400
vt 0.404900 0.464900
vt 0.479400 0.470200
vt 0.398100 0.470300
vt 0.736700 0.469100
vt 0.735700 0.487800
vt 0.069300 0.022800
vt 0.012000 0.121900
vt 0.126500 0.121900
vt 0.183800 0.022800
vt 0.241000 0.121900
vt 0.010000 0.664600
vt 0.049500 0.664600
vt 0.010000 0.506500
vt 0.052400 0.506500
vt 0.741300 0.664600
vt 0.701800 0.664600
vt 0.639100 0.664600
vt 0.547700 0.664600
vt 0.421000 0.664600
vt 0.375600 0.664600
vt 0.330300 0.664600
vt 0.203600 0.664600
vt 0.698800 0.506500
vt 0.633400 0.506500
vt 0.554700 0.506500
vt 0.422900 0.506500
vt 0.375600 0.506500
vt 0.328300 0.506500
vt 0.196600 0.506500
vt 0.112200 0.664600
vt 0.117900 0.506500
vt 0.069300 0.221100
vt 0.183800 0.221100
vt 0.373900 0.228300
vt 0.316900 0.228300
vt 0.373900 0.236000
vt 0.430800 0.228300
vt 0.420400 0.236000
vt 0.327300 0.236000
vt 0.945900 0.602800
vt 0.937200 0.602800
vt 0.941500 0.602800
vt 0.741300 0.506500
vt 0.152500 0.435400
vt 0.125600 0.321000
vt 0.126100 0.435400
vt 0.152500 0.321000
vt 0.173500 0.435400
vt 0.173600 0.321000
vt 0.192800 0.435400
vt 0.192800 0.321000
vt 0.219100 0.435400
vt 0.219100 0.321000
vt 0.240600 0.435400
vt 0.240100 0.321000
vt 0.043700 0.435400
vt 0.015400 0.321000
vt 0.016500 0.435400
vt 0.043200 0.321000
vt 0.086100 0.435400
vt 0.086300 0.321000
vt 0.016500 0.495700
vt 0.043700 0.495700
vt 0.086100 0.495700
vt 0.126100 0.495700
vt 0.152500 0.495700
vt 0.173500 0.495700
vt 0.192800 0.495700
vt 0.219100 0.495700
vt 0.240600 0.495700
vt 0.182300 0.255900
vt 0.500000 1.000000
vt 0.806200 0.806200
vt 0.500000 0.933000
vt 0.853600 0.853600
vt 0.500000 0.667500
vt 0.618400 0.618400
vt 0.500000 0.500000
vt 0.667500 0.500000
vt 0.618400 0.381600
vt 0.933000 0.500000
vt 0.806200 0.193800
vt 1.000000 0.500000
vt 0.853600 0.146400
vt 0.193800 0.806200
vt 0.146400 0.853600
vt 0.067000 0.500000
vt 0.000000 0.500000
vt 0.193800 0.193800
vt 0.146400 0.146400
vt 0.500000 0.067000
vt 0.500000 0.000000
vt 0.381600 0.618400
vt 0.332500 0.500000
vt 0.381600 0.381600
vt 0.500000 0.332500
vt 0.155400 0.923300
vt 0.161400 0.979800
vt 0.177500 0.950200
vt 0.121800 0.965200
vt 0.115600 0.903900
vt 0.085200 0.914500
vt 0.060600 0.881400
vt 0.040500 0.884000
vt 0.044200 0.846700
vt 0.016100 0.848000
vt 0.050100 0.840400
vt 0.024500 0.841500
vt 0.298100 0.929800
vt 0.303300 0.922600
vt 0.295200 0.926300
vt 0.306900 0.925800
vt 0.300800 0.933500
vt 0.307600 0.938500
vt 0.298900 0.937500
vt 0.295900 0.940300
vt 0.295000 0.937900
vt 0.291600 0.941300
vt 0.291000 0.937400
vt 0.294000 0.935500
vt 0.290400 0.933500
vt 0.306300 0.918300
vt 0.319000 0.918300
vt 0.303900 0.913100
vt 0.317600 0.913200
vt 0.300800 0.909600
vt 0.313200 0.909700
vt 0.299700 0.908600
vt 0.092000 0.950200
vt 0.114400 0.837900
vt 0.114600 0.844000
vt 0.199900 0.835400
vt 0.209900 0.837700
vt 0.126700 0.800000
vt 0.128800 0.798100
vt 0.072700 0.785500
vt 0.070400 0.782500
vt 0.053500 0.780900
vt 0.049300 0.777400
vt 0.116500 0.876500
vt 0.197400 0.869600
vt 0.202400 0.799500
vt 0.177600 0.773100
vt 0.167900 0.765900
vt 0.222000 0.838200
vt 0.320100 0.936500
vt 0.326000 0.918300
vt 0.326100 0.936000
vt 0.324100 0.913200
vt 0.208400 0.207700
vt 0.192700 0.207700
vt 0.200300 0.197900
vt 0.189700 0.227600
vt 0.208400 0.227700
vt 0.191100 0.229700
vt 0.197900 0.231600
vt 0.224000 0.207700
vt 0.216500 0.197900
vt 0.227000 0.227600
vt 0.225700 0.229700
vt 0.208400 0.195000
vt 0.208400 0.232300
vt 0.218800 0.231600
vt 0.487000 0.694800
vt 0.487100 0.708000
vt 0.488100 0.694900
vt 0.487200 0.677700
vt 0.488600 0.677800
vt 0.487200 0.663000
vt 0.488600 0.663100
vt 0.487000 0.589800
vt 0.488200 0.590000
vt 0.485400 0.528400
vt 0.485500 0.707900
vt 0.485500 0.694600
vt 0.484500 0.707800
vt 0.483900 0.694500
vt 0.482800 0.694400
vt 0.485400 0.677500
vt 0.483700 0.677400
vt 0.482300 0.677200
vt 0.485400 0.589600
vt 0.483800 0.589400
vt 0.485400 0.662800
vt 0.483600 0.662600
vt 0.482300 0.662500
vt 0.482600 0.589300
vt 0.051400 0.051200
vt 0.036800 0.149700
vt 0.036800 0.051200
vt 0.051400 0.149700
vt 0.066100 0.051200
vt 0.066100 0.149700
vt 0.080700 0.051200
vt 0.080700 0.149700
vt 0.095300 0.051200
vt 0.095300 0.149700
vt 0.110000 0.051200
vt 0.110000 0.149700
vt 0.124600 0.051200
vt 0.124600 0.149700
vt 0.139200 0.051200
vt 0.139200 0.149700
vt 0.153900 0.051200
vt 0.153900 0.149700
vt 0.168500 0.051200
vt 0.168500 0.149700
vt 0.183100 0.051200
vt 0.183100 0.149700
vt 0.197700 0.051200
vt 0.197700 0.149700
vt 0.212400 0.051200
vt 0.212400 0.149700
vt 0.036800 0.175100
vt 0.051400 0.175100
vt 0.066100 0.175100
vt 0.080700 0.175100
vt 0.095300 0.175100
vt 0.110000 0.175100
vt 0.124600 0.175100
vt 0.139200 0.175100
vt 0.153900 0.175100
vt 0.168500 0.175100
vt 0.183100 0.175100
vt 0.197700 0.175100
vt 0.212400 0.175100
vt 0.124600 0.203300
s 1
f 3/1/1 2/2/2 1/3/3
f 3/1/1 4/4/4 2/2/2
f 5/5/5 4/4/4 3/1/1
f 5/5/5 6/6/6 4/4/4
f 9/7/7 8/8/8 7/9/9
f 9/7/7 10/10/10 8/8/8
f 11/11/11 10/10/10 9/7/7
f 11/11/11 12/12/12 10/10/10
f 13/13/13 12/12/12 11/11/11
f 13/13/13 14/14/14 12/12/12
f 15/15/15 14/14/14 13/13/13
f 15/15/15 16/16/16 14/14/14
f 17/17/17 16/16/16 15/15/15
f 17/17/17 18/18/18 16/16/16
f 19/19/19 18/18/18 17/17/17
f 19/19/19 20/20/20 18/18/18
f 6/21/6 22/22/21 21/23/22
f 6/21/6 23/24/23 22/22/21
f 5/25/5 23/24/23 6/21/6
f 5/25/5 8/26/8 23/24/23
f 7/27/9 8/26/8 5/25/5
f 25/28/24 9/29/7 24/30/25
f 25/28/24 19/31/19 9/29/7
f 26/32/26 19/31/19 25/28/24
f 26/32/26 20/33/20 19/31/19
f 27/34/27 20/33/20 26/32/26
f 27/34/27 28/35/28 20/33/20
f 29/36/29 28/35/28 27/34/27
f 29/36/29 30/37/30 28/35/28
f 31/38/31 30/37/30 29/36/29
f 32/39/32 28/35/28 30/37/30
f 32/39/32 3/40/1 28/35/28
f 33/41/33 3/40/1 32/39/32
f 33/41/33 5/42/5 3/40/1
f 36/43/34 35/44/35 34/45/36
f 36/43/34 37/46/37 35/44/35
f 38/47/38 37/46/37 36/43/34
f 38/47/38 39/48/39 37/46/37
f 40/49/40 39/48/39 38/47/38
f 40/49/40 41/50/41 39/48/39
f 44/51/42 43/50/43 42/49/44
f 44/51/42 45/52/45 43/50/43
f 46/53/46 45/52/45 44/51/42
f 46/53/46 47/54/47 45/52/45
f 48/55/48 47/54/47 46/53/46
f 48/55/48 49/56/49 47/54/47
f 39/48/39 47/54/47 37/46/37
f 39/48/39 45/52/45 47/54/47
f 41/50/41 45/52/45 39/48/39
f 41/50/41 43/50/43 45/52/45
f 38/57/38 50/58/50 40/59/40
f 38/57/38 51/60/51 50/58/50
f 36/61/34 51/60/51 38/57/38
f 36/61/34 52/62/52 51/60/51
f 34/63/36 52/62/52 36/61/34
f 34/63/36 53/64/53 52/62/52
f 11/6/11 53/64/53 34/63/36
f 11/6/11 54/4/54 53/64/53
f 9/5/7 54/4/54 11/6/11
f 9/5/7 55/2/55 54/4/54
f 19/1/19 55/2/55 9/5/7
f 19/1/19 17/3/17 55/2/55
f 51/60/51 56/65/56 50/58/50
f 51/60/51 57/66/57 56/65/56
f 52/62/52 57/66/57 51/60/51
f 52/62/52 58/67/58 57/66/57
f 53/64/53 58/67/58 52/62/52
f 53/64/53 59/68/59 58/67/58
f 54/4/54 59/68/59 53/64/53
f 54/4/54 55/2/55 59/68/59
f 48/69/48 55/2/55 17/3/17
f 48/69/48 59/68/59 55/2/55
f 46/70/46 59/68/59 48/69/48
f 46/70/46 58/67/58 59/68/59
f 44/71/42 58/67/58 46/70/46
f 44/71/42 57/66/57 58/67/58
f 42/72/44 57/66/57 44/71/42
f 42/72/44 56/65/56 57/66/57
f 62/73/60 61/74/61 60/75/62
f 62/73/60 63/76/63 61/74/61
f 64/77/64 63/76/63 62/73/60
f 64/77/64 65/78/65 63/76/63
f 66/79/66 65/78/65 64/77/64
f 66/79/66 67/80/67 65/78/65
f 68/81/68 67/80/67 66/79/66
f 68/81/68 69/82/69 67/80/67
f 70/83/70 69/82/69 68/81/68
f 70/83/70 71/84/71 69/82/69
f 74/85/72 73/86/73 72/87/74
f 74/85/72 75/85/75 73/86/73
f 76/88/76 75/85/75 74/85/72
f 76/88/76 77/88/77 75/85/75
f 78/89/78 77/88/77 76/88/76
f 78/89/78 79/90/79 77/88/77
f 72/87/74 79/90/79 78/89/78
f 72/87/74 73/86/73 79/90/79
f 17/91/17 49/92/49 48/92/48
f 49/92/49 17/91/17 15/93/15
f 15/93/15 35/92/35 49/92/49
f 35/92/35 15/93/15 13/94/13
f 11/95/11 35/92/35 13/94/13
f 35/92/35 11/95/11 34/92/36
f 80/96/80 9/29/7 7/97/9
f 9/29/7 80/96/80 24/30/25
f 7/97/9 33/41/33 80/96/80
f 33/41/33 7/97/9 5/42/5
f 3/98/1 81/99/81 20/20/20
f 81/99/81 3/98/1 1/100/3
f 1/100/3 82/101/82 81/99/81
f 82/101/82 1/100/3 83/102/83
f 21/23/22 82/101/82 83/102/83
f 82/101/82 21/23/22 84/103/84
f 22/22/21 84/103/84 21/23/22
f 26/32/26 29/36/29 27/34/27
f 29/36/29 26/32/26 85/104/85
f 25/28/24 85/104/85 26/32/26
f 29/36/29 85/104/85 31/38/31
f 3/40/1 20/33/20 28/35/28
f 35/44/35 47/54/47 49/56/49
f 47/54/47 35/44/35 37/46/37
f 61/74/61 70/83/70 60/75/62
f 70/83/70 61/74/61 71/84/71
f 86/105/86 66/79/66 64/77/64
f 66/79/66 86/105/86 68/81/68
f 70/83/70 68/81/68 86/105/86
f 62/73/60 86/105/86 64/77/64
f 86/105/86 62/73/60 60/75/62
f 86/105/86 60/75/62 70/83/70
f 75/85/75 79/90/79 73/86/73
f 79/90/79 75/85/75 77/88/77
f 72/87/74 76/88/76 74/85/72
f 76/88/76 72/87/74 78/89/78
f 67/80/67 87/106/87 65/78/65
f 67/80/67 88/106/88 87/106/87
f 69/82/69 88/106/88 67/80/67
f 69/82/69 89/107/89 88/106/88
f 71/84/71 89/107/89 69/82/69
f 71/84/71 90/108/90 89/107/89
f 91/109/91 90/108/90 71/84/71
f 91/109/91 92/110/92 90/108/90
f 93/111/93 92/110/92 91/109/91
f 93/111/93 94/112/94 92/110/92
f 95/113/95 94/112/94 93/111/93
f 95/113/95 96/114/96 94/112/94
f 97/115/97 96/114/96 95/113/95
f 97/115/97 98/116/98 96/114/96
f 99/117/99 98/116/98 97/115/97
f 99/117/99 100/118/100 98/116/98
f 89/107/89 100/118/100 99/117/99
f 89/107/89 92/110/92 100/118/100
f 90/108/90 92/110/92 89/107/89
f 93/111/93 97/115/97 95/113/95
f 93/111/93 99/117/99 97/115/97
f 101/119/101 99/117/99 93/111/93
f 101/119/101 102/120/102 99/117/99
f 103/121/103 102/120/102 101/119/101
f 103/121/103 104/122/104 102/120/102
f 105/123/105 104/122/104 103/121/103
f 105/123/105 106/124/106 104/122/104
f 107/125/107 106/124/106 105/123/105
f 107/125/107 108/126/108 106/124/106
f 109/123/109 108/126/108 107/125/107
f 109/123/109 110/124/110 108/126/108
f 111/121/111 110/124/110 109/123/109
f 111/121/111 112/122/112 110/124/110
f 113/119/113 112/122/112 111/121/111
f 113/119/113 114/120/114 112/122/112
f 115/127/115 114/120/114 113/119/113
f 115/127/115 116/128/116 114/120/114
f 63/76/63 116/128/116 115/127/115
f 63/76/63 87/106/87 116/128/116
f 65/78/65 87/106/87 63/76/63
f 105/123/105 109/123/109 107/125/107
f 105/123/105 111/121/111 109/123/109
f 103/121/103 111/121/111 105/123/105
f 103/121/103 113/119/113 111/121/111
f 101/119/101 113/119/113 103/121/103
f 101/119/101 117/129/117 113/119/113
f 93/111/93 117/129/117 101/119/101
f 93/111/93 91/109/91 117/129/117
f 102/120/102 89/107/89 99/117/99
f 102/120/102 88/106/88 89/107/89
f 118/130/118 88/106/88 102/120/102
f 118/130/118 87/106/87 88/106/88
f 119/131/119 87/106/87 118/130/118
f 119/131/119 116/128/116 87/106/87
f 114/120/114 116/128/116 119/131/119
f 115/127/115 61/74/61 63/76/63
f 115/127/115 120/132/120 61/74/61
f 113/119/113 120/132/120 115/127/115
f 113/119/113 117/129/117 120/132/120
f 119/131/119 112/122/112 114/120/114
f 119/131/119 121/133/121 112/122/112
f 118/130/118 121/133/121 119/131/119
f 118/130/118 122/134/122 121/133/121
f 102/120/102 122/134/122 118/130/118
f 102/120/102 104/122/104 122/134/122
f 121/133/121 110/124/110 112/122/112
f 121/133/121 123/135/123 110/124/110
f 122/134/122 123/135/123 121/133/121
f 122/134/122 124/136/124 123/135/123
f 125/135/125 124/136/124 122/134/122
f 125/135/125 108/126/108 124/136/124
f 106/124/106 108/126/108 125/135/125
f 92/110/92 98/116/98 100/118/100
f 98/116/98 92/110/92 94/112/94
f 98/116/98 94/112/94 96/114/96
f 91/109/91 120/132/120 117/129/117
f 120/132/120 91/109/91 61/74/61
f 71/84/71 61/74/61 91/109/91
f 108/126/108 123/135/123 124/136/124
f 123/135/123 108/126/108 110/124/110
f 104/122/104 125/135/125 122/134/122
f 125/135/125 104/122/104 106/124/106
f 127/92/126 1/91/3 126/92/127
f 127/92/126 83/93/83 1/91/3
f 128/92/128 83/93/83 127/92/126
f 128/92/128 21/94/22 83/93/83
f 129/92/129 21/94/22 128/92/128
f 129/92/129 6/95/6 21/94/22
f 2/2/2 126/69/127 1/3/3
f 2/2/2 130/68/130 126/69/127
f 4/4/4 130/68/130 2/2/2
f 4/4/4 131/64/131 130/68/130
f 6/6/6 131/64/131 4/4/4
f 6/6/6 129/63/129 131/64/131
f 128/44/128 132/43/132 129/45/129
f 128/44/128 133/46/133 132/43/132
f 127/56/126 133/46/133 128/44/128
f 127/56/126 134/54/134 133/46/133
f 126/55/127 134/54/134 127/56/126
f 126/55/127 135/53/135 134/54/134
f 138/50/136 137/51/137 136/49/138
f 138/50/136 139/52/139 137/51/137
f 140/50/140 139/52/139 138/50/136
f 140/50/140 141/48/141 139/52/139
f 142/49/142 141/48/141 140/50/140
f 142/49/142 143/47/143 141/48/141
f 139/52/139 135/53/135 137/51/137
f 139/52/139 134/54/134 135/53/135
f 141/48/141 134/54/134 139/52/139
f 141/48/141 133/46/133 134/54/134
f 143/47/143 133/46/133 141/48/141
f 143/47/143 132/43/132 133/46/133
f 130/68/130 135/70/135 126/69/127
f 130/68/130 144/67/144 135/70/135
f 131/64/131 144/67/144 130/68/130
f 131/64/131 145/62/145 144/67/144
f 129/63/129 145/62/145 131/64/131
f 129/63/129 132/61/132 145/62/145
f 144/67/144 137/71/137 135/70/135
f 144/67/144 146/66/146 137/71/137
f 145/62/145 146/66/146 144/67/144
f 145/62/145 147/60/147 146/66/146
f 132/61/132 147/60/147 145/62/145
f 132/61/132 143/57/143 147/60/147
f 148/58/148 143/57/143 142/59/142
f 148/58/148 147/60/147 143/57/143
f 149/65/149 147/60/147 148/58/148
f 149/65/149 146/66/146 147/60/147
f 136/72/138 146/66/146 149/65/149
f 136/72/138 137/71/137 146/66/146
f 152/73/150 151/78/151 150/77/152
f 152/73/150 153/76/153 151/78/151
f 154/75/154 153/76/153 152/73/150
f 154/75/154 155/74/155 153/76/153
f 156/83/156 155/74/155 154/75/154
f 156/83/156 157/84/157 155/74/155
f 158/81/158 157/84/157 156/83/156
f 158/81/158 159/82/159 157/84/157
f 160/79/160 159/82/159 158/81/158
f 160/79/160 161/80/161 159/82/159
f 164/88/162 163/89/163 162/90/164
f 164/88/162 165/88/165 163/89/163
f 166/85/166 165/88/165 164/88/162
f 166/85/166 167/85/167 165/88/165
f 168/86/168 167/85/167 166/85/166
f 168/86/168 169/87/169 167/85/167
f 162/90/164 169/87/169 168/86/168
f 162/90/164 163/89/163 169/87/169
f 151/78/151 160/79/160 150/77/152
f 160/79/160 151/78/151 161/80/161
f 170/105/170 150/77/152 160/79/160
f 150/77/152 170/105/170 152/73/150
f 154/75/154 152/73/150 170/105/170
f 158/81/158 170/105/170 160/79/160
f 170/105/170 158/81/158 156/83/156
f 170/105/170 156/83/156 154/75/154
f 169/87/169 165/88/165 167/85/167
f 165/88/165 169/87/169 163/89/163
f 166/85/166 162/90/164 168/86/168
f 162/90/164 166/85/166 164/88/162
f 153/76/153 171/106/171 151/78/151
f 153/76/153 172/128/172 171/106/171
f 173/127/173 172/128/172 153/76/153
f 173/127/173 174/120/174 172/128/172
f 175/119/175 174/120/174 173/127/173
f 175/119/175 176/122/176 174/120/174
f 177/121/177 176/122/176 175/119/175
f 177/121/177 178/124/178 176/122/176
f 179/123/179 178/124/178 177/121/177
f 179/123/179 180/126/180 178/124/178
f 181/125/181 180/126/180 179/123/179
f 181/125/181 182/124/182 180/126/180
f 183/123/183 182/124/182 181/125/181
f 183/123/183 184/122/184 182/124/182
f 185/121/185 184/122/184 183/123/183
f 185/121/185 186/120/186 184/122/184
f 187/119/187 186/120/186 185/121/185
f 187/119/187 188/117/188 186/120/186
f 189/111/189 188/117/188 187/119/187
f 189/111/189 190/115/190 188/117/188
f 191/113/191 190/115/190 189/111/189
f 191/113/191 192/114/192 190/115/190
f 193/112/193 192/114/192 191/113/191
f 193/112/193 194/116/194 192/114/192
f 195/110/195 194/116/194 193/112/193
f 195/110/195 196/118/196 194/116/194
f 197/108/197 196/118/196 195/110/195
f 197/108/197 198/107/198 196/118/196
f 157/84/157 198/107/198 197/108/197
f 157/84/157 159/82/159 198/107/198
f 179/123/179 183/123/183 181/125/181
f 179/123/179 185/121/185 183/123/183
f 177/121/177 185/121/185 179/123/179
f 177/121/177 187/119/187 185/121/185
f 175/119/175 187/119/187 177/121/177
f 175/119/175 199/129/199 187/119/187
f 200/132/200 199/129/199 175/119/175
f 200/132/200 201/109/201 199/129/199
f 155/74/155 201/109/201 200/132/200
f 155/74/155 157/84/157 201/109/201
f 194/116/194 190/115/190 192/114/192
f 194/116/194 188/117/188 190/115/190
f 196/118/196 188/117/188 194/116/194
f 196/118/196 198/107/198 188/117/188
f 189/111/189 193/112/193 191/113/191
f 189/111/189 195/110/195 193/112/193
f 201/109/201 195/110/195 189/111/189
f 201/109/201 197/108/197 195/110/195
f 157/84/157 197/108/197 201/109/201
f 198/107/198 186/120/186 188/117/188
f 198/107/198 202/137/202 186/120/186
f 159/82/159 202/137/202 198/107/198
f 159/82/159 161/80/161 202/137/202
f 171/106/171 161/80/161 151/78/151
f 171/106/171 202/137/202 161/80/161
f 203/131/203 202/137/202 171/106/171
f 203/131/203 204/130/204 202/137/202
f 205/133/205 204/130/204 203/131/203
f 205/133/205 206/134/206 204/130/204
f 207/135/207 206/134/206 205/133/205
f 207/135/207 208/136/208 206/134/206
f 178/124/178 208/136/208 207/135/207
f 178/124/178 180/126/180 208/136/208
f 205/133/205 178/124/178 207/135/207
f 205/133/205 176/122/176 178/124/178
f 203/131/203 176/122/176 205/133/205
f 203/131/203 174/120/174 176/122/176
f 171/106/171 174/120/174 203/131/203
f 171/106/171 172/128/172 174/120/174
f 204/130/204 186/120/186 202/137/202
f 204/130/204 184/122/184 186/120/186
f 206/134/206 184/122/184 204/130/204
f 206/134/206 182/124/182 184/122/184
f 209/135/209 182/124/182 206/134/206
f 209/135/209 180/126/180 182/124/182
f 208/136/208 180/126/180 209/135/209
f 173/127/173 200/132/200 175/119/175
f 200/132/200 173/127/173 155/74/155
f 153/76/153 155/74/155 173/127/173
f 199/129/199 189/111/189 187/119/187
f 189/111/189 199/129/199 201/109/201
f 206/134/206 208/136/208 209/135/209
f 212/138/210 211/139/211 210/140/212
f 212/138/210 213/141/213 211/139/211
f 214/142/214 213/141/213 212/138/210
f 214/142/214 215/143/215 213/141/213
f 216/144/216 215/143/215 214/142/214
f 216/144/216 217/145/217 215/143/215
f 218/146/218 217/145/217 216/144/216
f 218/146/218 219/147/219 217/145/217
f 220/148/220 219/147/219 218/146/218
f 220/148/220 221/149/221 219/147/219
f 222/150/222 221/149/221 220/148/220
f 222/150/222 223/151/223 221/149/221
f 224/152/224 223/151/223 222/150/222
f 224/152/224 225/151/225 223/151/223
f 222/150/222 225/151/225 224/152/224
f 222/150/222 226/153/226 225/151/225
f 220/148/220 226/153/226 222/150/222
f 220/148/220 227/154/227 226/153/226
f 228/155/228 227/154/227 220/148/220
f 228/155/228 229/156/229 227/154/227
f 230/157/230 229/156/229 228/155/228
f 230/157/230 231/158/231 229/156/229
f 214/142/214 231/158/231 230/157/230
f 214/142/214 232/159/232 231/158/231
f 212/138/210 232/159/232 214/142/214
f 230/157/230 216/144/216 214/142/214
f 230/157/230 218/146/218 216/144/216
f 228/155/228 218/146/218 230/157/230
f 228/155/228 220/148/220 218/146/218
f 221/149/221 217/145/217 219/147/219
f 221/149/221 233/160/233 217/145/217
f 223/151/223 233/160/233 221/149/221
f 223/151/223 234/161/234 233/160/233
f 225/151/225 234/161/234 223/151/223
f 225/151/225 235/161/235 234/161/234
f 226/153/226 235/161/235 225/151/225
f 226/153/226 236/162/236 235/161/235
f 227/154/227 236/162/236 226/153/226
f 227/154/227 229/156/229 236/162/236
f 233/160/233 215/143/215 217/145/217
f 233/160/233 237/163/237 215/143/215
f 234/161/234 237/163/237 233/160/233
f 234/161/234 238/164/238 237/163/237
f 235/161/235 238/164/238 234/161/234
f 235/161/235 239/164/239 238/164/238
f 236/162/236 239/164/239 235/161/235
f 236/162/236 240/165/240 239/164/239
f 231/158/231 240/165/240 236/162/236
f 231/158/231 241/166/241 240/165/240
f 232/159/232 241/166/241 231/158/231
f 232/159/232 242/167/242 241/166/241
f 243/168/243 242/167/242 232/159/232
f 243/168/243 244/169/244 242/167/242
f 213/141/213 244/169/244 243/168/243
f 213/141/213 215/143/215 244/169/244
f 237/163/237 244/169/244 215/143/215
f 237/163/237 242/167/242 244/169/244
f 245/170/245 242/167/242 237/163/237
f 245/170/245 241/166/241 242/167/242
f 240/165/240 241/166/241 245/170/245
f 245/170/245 239/164/239 240/165/240
f 245/170/245 246/171/246 239/164/239
f 237/163/237 246/171/246 245/170/245
f 237/163/237 238/164/238 246/171/246
f 249/172/247 248/173/248 247/172/249
f 249/172/247 250/173/250 248/173/248
f 251/174/251 250/173/250 249/172/247
f 251/174/251 252/175/252 250/173/250
f 253/176/253 252/175/252 251/174/251
f 253/176/253 254/177/254 252/175/252
f 255/176/255 254/177/254 253/176/253
f 255/176/255 256/177/256 254/177/254
f 257/174/257 249/172/247 247/172/249
f 257/174/257 251/174/251 249/172/247
f 255/176/255 251/174/251 257/174/257
f 255/176/255 253/176/253 251/174/251
f 252/175/252 248/173/248 250/173/250
f 252/175/252 258/175/258 248/173/248
f 254/177/254 258/175/258 252/175/252
f 254/177/254 256/177/256 258/175/258
f 261/172/259 260/173/260 259/172/261
f 261/172/259 262/173/262 260/173/260
f 263/174/263 262/173/262 261/172/259
f 263/174/263 264/175/264 262/173/262
f 265/176/265 264/175/264 263/174/263
f 265/176/265 266/177/266 264/175/264
f 267/176/267 266/177/266 265/176/265
f 267/176/267 268/177/268 266/177/266
f 269/174/269 261/172/259 259/172/261
f 269/174/269 263/174/263 261/172/259
f 267/176/267 263/174/263 269/174/269
f 267/176/267 265/176/265 263/174/263
f 264/175/264 260/173/260 262/173/262
f 264/175/264 270/175/270 260/173/260
f 266/177/266 270/175/270 264/175/264
f 266/177/266 268/177/268 270/175/270
f 271/178/271 210/140/212 211/139/211
f 210/140/212 271/178/271 272/179/272
f 231/158/231 236/162/236 229/156/229
f 238/164/238 239/164/239 246/171/246
f 275/179/273 274/180/274 273/178/275
f 275/179/273 276/140/276 274/180/274
f 277/178/277 276/140/276 275/179/273
f 277/178/277 278/139/278 276/140/276
f 279/141/279 276/140/276 278/139/278
f 279/141/279 280/138/280 276/140/276
f 281/143/281 280/138/280 279/141/279
f 281/143/281 282/142/282 280/138/280
f 283/144/283 282/142/282 281/143/281
f 283/144/283 284/157/284 282/142/282
f 285/146/285 284/157/284 283/144/283
f 285/146/285 286/155/286 284/157/284
f 287/148/287 286/155/286 285/146/285
f 287/148/287 288/154/288 286/155/286
f 289/150/289 288/154/288 287/148/287
f 289/150/289 290/153/290 288/154/288
f 291/152/291 290/153/290 289/150/289
f 291/152/291 292/151/292 290/153/290
f 293/151/293 292/151/292 291/152/291
f 293/151/293 294/161/294 292/151/292
f 295/161/295 294/161/294 293/151/293
f 295/161/295 296/164/296 294/161/294
f 297/164/297 296/164/296 295/161/295
f 297/164/297 298/171/298 296/164/296
f 299/163/299 298/171/298 297/164/297
f 299/163/299 300/170/300 298/171/298
f 301/169/301 300/170/300 299/163/299
f 301/169/301 302/167/302 300/170/300
f 279/141/279 302/167/302 301/169/301
f 279/141/279 303/168/303 302/167/302
f 289/150/289 293/151/293 291/152/291
f 289/150/289 304/149/304 293/151/293
f 287/148/287 304/149/304 289/150/289
f 287/148/287 305/147/305 304/149/304
f 285/146/285 305/147/305 287/148/287
f 285/146/285 306/145/306 305/147/305
f 283/144/283 306/145/306 285/146/285
f 283/144/283 281/143/281 306/145/306
f 307/159/307 302/167/302 303/168/303
f 307/159/307 308/166/308 302/167/302
f 309/158/309 308/166/308 307/159/307
f 309/158/309 310/165/310 308/166/308
f 311/162/311 310/165/310 309/158/309
f 311/162/311 296/164/296 310/165/310
f 294/161/294 296/164/296 311/162/311
f 311/162/311 292/151/292 294/161/294
f 311/162/311 290/153/290 292/151/292
f 312/156/312 290/153/290 311/162/311
f 312/156/312 288/154/288 290/153/290
f 286/155/286 288/154/288 312/156/312
f 282/142/282 307/159/307 280/138/280
f 282/142/282 309/158/309 307/159/307
f 284/157/284 309/158/309 282/142/282
f 284/157/284 312/156/312 309/158/309
f 286/155/286 312/156/312 284/157/284
f 306/145/306 304/149/304 305/147/305
f 306/145/306 313/160/313 304/149/304
f 281/143/281 313/160/313 306/145/306
f 281/143/281 299/163/299 313/160/313
f 295/161/295 299/163/299 297/164/297
f 295/161/295 313/160/313 299/163/299
f 293/151/293 313/160/313 295/161/295
f 293/151/293 304/149/304 313/160/313
f 316/172/314 315/173/315 314/172/316
f 316/172/314 317/173/317 315/173/315
f 318/174/318 317/173/317 316/172/314
f 318/174/318 319/175/319 317/173/317
f 320/176/320 319/175/319 318/174/318
f 320/176/320 321/177/321 319/175/319
f 322/176/322 321/177/321 320/176/320
f 322/176/322 323/177/323 321/177/321
f 324/174/324 316/172/314 314/172/316
f 324/174/324 318/174/318 316/172/314
f 322/176/322 318/174/318 324/174/324
f 322/176/322 320/176/320 318/174/318
f 319/175/319 315/173/315 317/173/317
f 319/175/319 325/175/325 315/173/315
f 321/177/321 325/175/325 319/175/319
f 321/177/321 323/177/323 325/175/325
f 328/172/326 327/173/327 326/172/328
f 328/172/326 329/173/329 327/173/327
f 330/174/330 329/173/329 328/172/326
f 330/174/330 331/175/331 329/173/329
f 332/176/332 331/175/331 330/174/330
f 332/176/332 333/177/333 331/175/331
f 334/176/334 333/177/333 332/176/332
f 334/176/334 335/177/335 333/177/333
f 336/174/336 328/172/326 326/172/328
f 336/174/336 330/174/330 328/172/326
f 334/176/334 330/174/330 336/174/336
f 334/176/334 332/176/332 330/174/330
f 331/175/331 327/173/327 329/173/329
f 331/175/331 337/175/337 327/173/327
f 333/177/333 337/175/337 331/175/331
f 333/177/333 335/177/335 337/175/337
f 276/140/276 307/159/307 274/180/274
f 307/159/307 276/140/276 280/138/280
f 301/169/301 281/143/281 279/141/279
f 281/143/281 301/169/301 299/163/299
f 308/166/308 300/170/300 302/167/302
f 300/170/300 308/166/308 310/165/310
f 296/164/296 300/170/300 310/165/310
f 300/170/300 296/164/296 298/171/298
f 311/162/311 309/158/309 312/156/312
f 340/181/338 339/182/339 338/183/340
f 340/181/338 341/184/341 339/182/339
f 342/185/342 341/184/341 340/181/338
f 342/185/342 343/186/343 341/184/341
f 344/187/344 343/186/343 342/185/342
f 344/187/344 345/188/345 343/186/343
f 346/189/346 345/188/345 344/187/344
f 346/189/346 347/190/347 345/188/345
f 348/191/348 347/190/347 346/189/346
f 348/191/348 349/192/349 347/190/347
f 350/193/350 349/192/349 348/191/348
f 350/193/350 351/194/351 349/192/349
f 352/195/352 351/194/351 350/193/350
f 352/195/352 353/196/353 351/194/351
f 354/197/354 353/196/353 352/195/352
f 354/197/354 355/198/355 353/196/353
f 356/199/356 355/198/355 354/197/354
f 356/199/356 357/200/357 355/198/355
f 338/201/340 357/200/357 356/199/356
f 338/201/340 339/202/339 357/200/357
f 358/203/358 352/204/352 350/205/350
f 358/203/358 359/206/359 352/204/352
f 360/207/360 359/206/359 358/203/358
f 360/207/360 361/208/361 359/206/359
f 362/209/362 361/208/361 360/207/360
f 362/209/362 363/210/363 361/208/361
f 364/211/364 363/210/363 362/209/362
f 364/211/364 271/212/271 363/210/363
f 272/213/272 271/212/271 364/211/364
f 366/214/365 271/212/271 365/215/366
f 366/214/365 363/210/363 271/212/271
f 367/216/367 363/210/363 366/214/365
f 367/216/367 361/208/361 363/210/363
f 368/217/368 361/208/361 367/216/367
f 368/217/368 369/218/369 361/208/361
f 370/219/370 369/218/369 368/217/368
f 370/219/370 354/220/354 369/218/369
f 356/221/356 354/220/354 370/219/370
f 371/222/371 348/223/348 346/224/346
f 371/222/371 372/225/372 348/223/348
f 373/226/373 372/225/372 371/222/371
f 373/226/373 374/227/374 372/225/372
f 375/228/375 374/227/374 373/226/373
f 375/228/375 376/229/376 374/227/374
f 377/230/377 376/229/376 375/228/375
f 377/230/377 378/228/378 376/229/376
f 370/231/370 378/228/378 377/230/377
f 370/231/370 368/232/368 378/228/378
f 372/225/372 350/224/350 348/223/348
f 372/225/372 358/222/358 350/224/350
f 374/227/374 358/222/358 372/225/372
f 374/227/374 379/226/379 358/222/358
f 376/229/376 379/226/379 374/227/374
f 376/229/376 378/228/378 379/226/379
f 377/230/377 356/233/356 370/231/370
f 377/230/377 338/234/340 356/233/356
f 380/231/380 338/234/340 377/230/377
f 380/231/380 340/233/338 338/234/340
f 379/226/379 360/235/360 358/222/358
f 379/226/379 381/236/381 360/235/360
f 378/228/378 381/236/381 379/226/379
f 378/228/378 382/237/382 381/236/381
f 368/232/368 382/237/382 378/228/378
f 368/232/368 383/238/383 382/237/382
f 367/239/367 383/238/383 368/232/368
f 367/239/367 384/240/384 383/238/383
f 366/241/365 384/240/384 367/239/367
f 366/241/365 385/242/385 384/240/384
f 365/243/366 385/242/385 366/241/365
f 364/244/364 385/242/385 272/245/272
f 364/244/364 384/240/384 385/242/385
f 362/246/362 384/240/384 364/244/364
f 362/246/362 383/238/383 384/240/384
f 360/235/360 383/238/383 362/246/362
f 360/235/360 381/236/381 383/238/383
f 388/247/386 387/248/387 386/249/388
f 388/247/386 389/250/389 387/248/387
f 390/249/390 389/250/389 388/247/386
f 390/249/390 391/248/391 389/250/389
f 392/251/392 391/248/391 390/249/390
f 392/251/392 393/252/393 391/248/391
f 386/249/388 393/252/393 392/251/392
f 386/249/388 387/248/387 393/252/393
f 394/253/394 386/249/388 392/251/392
f 394/253/394 395/254/395 386/249/388
f 396/255/396 395/254/395 394/253/394
f 396/255/396 397/256/397 395/254/395
f 393/252/393 397/256/397 396/255/396
f 393/252/393 387/248/387 397/256/397
f 395/254/395 388/247/386 386/249/388
f 395/254/395 398/257/398 388/247/386
f 397/256/397 398/257/398 395/254/395
f 397/256/397 399/258/399 398/257/398
f 387/248/387 399/258/399 397/256/397
f 387/248/387 389/250/389 399/258/399
f 391/248/391 399/258/399 389/250/389
f 391/248/391 400/256/400 399/258/399
f 393/252/393 400/256/400 391/248/391
f 393/252/393 396/255/396 400/256/400
f 398/257/398 390/249/390 388/247/386
f 398/257/398 401/254/401 390/249/390
f 399/258/399 401/254/401 398/257/398
f 399/258/399 400/256/400 401/254/401
f 344/204/344 371/203/371 346/205/346
f 342/220/342 340/221/338 380/219/380
f 272/179/272 402/180/402 210/140/212
f 402/180/402 272/179/272 385/178/385
f 385/178/385 403/259/403 402/180/402
f 403/259/403 385/178/385 365/260/366
f 365/260/366 211/139/211 403/259/403
f 211/139/211 365/260/366 271/178/271
f 210/140/212 232/159/232 212/138/210
f 232/159/232 210/140/212 402/180/402
f 402/180/402 243/168/243 232/159/232
f 243/168/243 402/180/402 403/259/403
f 403/259/403 213/141/213 243/168/243
f 213/141/213 403/259/403 211/139/211
f 369/218/369 359/206/359 361/208/361
f 359/206/359 369/218/369 354/220/354
f 352/204/352 359/206/359 354/220/354
f 380/231/380 377/230/377 375/228/375
f 383/238/383 381/236/381 382/237/382
f 396/255/396 401/254/401 400/256/400
f 401/254/401 396/255/396 394/253/394
f 394/253/394 390/249/390 401/254/401
f 390/249/390 394/253/394 392/251/392
f 404/260/404 278/139/278 277/178/277
f 404/260/404 405/259/405 278/139/278
f 273/178/275 405/259/405 404/260/404
f 273/178/275 274/180/274 405/259/405
f 405/259/405 279/141/279 278/139/278
f 405/259/405 303/168/303 279/141/279
f 274/180/274 303/168/303 405/259/405
f 274/180/274 307/159/307 303/168/303
f 375/228/375 406/232/406 380/231/380
f 375/228/375 407/237/407 406/232/406
f 373/226/373 407/237/407 375/228/375
f 373/226/373 408/236/408 407/237/407
f 409/235/409 408/236/408 373/226/373
f 409/235/409 410/238/410 408/236/408
f 411/246/411 410/238/410 409/235/409
f 411/246/411 412/240/412 410/238/410
f 413/244/413 412/240/412 411/246/411
f 413/244/413 273/242/275 412/240/412
f 275/245/273 273/242/275 413/244/413
f 414/241/414 273/242/275 404/243/404
f 414/241/414 412/240/412 273/242/275
f 415/239/415 412/240/412 414/241/414
f 415/239/415 410/238/410 412/240/412
f 406/232/406 410/238/410 415/239/415
f 406/232/406 407/237/407 410/238/410
f 413/211/413 277/212/277 275/213/273
f 413/211/413 416/210/416 277/212/277
f 411/209/411 416/210/416 413/211/413
f 411/209/411 417/208/417 416/210/416
f 409/207/409 417/208/417 411/209/411
f 409/207/409 418/206/418 417/208/417
f 371/203/371 418/206/418 409/207/409
f 371/203/371 344/204/344 418/206/418
f 416/210/416 404/215/404 277/212/277
f 416/210/416 414/214/414 404/215/404
f 417/208/417 414/214/414 416/210/416
f 417/208/417 415/216/415 414/214/414
f 419/218/419 415/216/415 417/208/417
f 419/218/419 406/217/406 415/216/415
f 342/220/342 406/217/406 419/218/419
f 342/220/342 380/219/380 406/217/406
f 409/235/409 373/226/373 371/222/371
f 410/238/410 407/237/407 408/236/408
f 418/206/418 419/218/419 417/208/417
f 419/218/419 418/206/418 342/220/342
f 344/204/344 342/220/342 418/206/418
f 422/261/420 421/262/421 420/263/422
f 422/261/420 423/262/423 421/262/421
f 424/261/424 423/262/423 422/261/420
f 424/261/424 425/263/425 423/262/423
f 426/264/426 425/263/425 424/261/424
f 426/264/426 427/265/427 425/263/425
f 428/264/428 427/265/427 426/264/426
f 428/264/428 429/265/429 427/265/427
f 430/266/430 23/24/23 8/26/8
f 430/266/430 431/267/431 23/24/23
f 339/268/339 431/267/431 430/266/430
f 339/268/339 341/269/341 431/267/431
f 10/10/10 430/270/430 8/8/8
f 10/10/10 432/271/432 430/270/430
f 12/12/12 432/271/432 10/10/10
f 12/12/12 433/272/433 432/271/432
f 14/14/14 433/272/433 12/12/12
f 14/14/14 434/273/434 433/272/433
f 16/16/16 434/273/434 14/14/14
f 16/16/16 435/274/435 434/273/434
f 18/18/18 435/274/435 16/16/16
f 18/18/18 436/275/436 435/274/435
f 20/20/20 436/275/436 18/18/18
f 20/20/20 437/276/437 436/275/436
f 81/99/81 437/276/437 20/20/20
f 81/99/81 438/277/438 437/276/437
f 82/101/82 438/277/438 81/99/81
f 82/101/82 84/103/84 438/277/438
f 433/272/433 357/278/357 432/271/432
f 433/272/433 355/279/355 357/278/357
f 434/273/434 355/279/355 433/272/433
f 434/273/434 353/280/353 355/279/355
f 435/274/435 353/280/353 434/273/434
f 435/274/435 351/281/351 353/280/353
f 436/275/436 351/281/351 435/274/435
f 436/275/436 349/282/349 351/281/351
f 437/276/437 349/282/349 436/275/436
f 437/276/437 347/283/347 349/282/349
f 438/277/438 347/283/347 437/276/437
f 438/277/438 345/284/345 347/283/347
f 439/285/439 345/284/345 438/277/438
f 439/285/439 343/286/343 345/284/345
f 431/267/431 343/286/343 439/285/439
f 431/267/431 341/269/341 343/286/343
f 423/262/423 440/287/440 421/262/421
f 423/262/423 441/287/441 440/287/440
f 425/263/425 441/287/441 423/262/423
f 425/263/425 442/288/442 441/287/441
f 427/265/427 442/288/442 425/263/425
f 427/265/427 443/288/443 442/288/442
f 429/265/429 443/288/443 427/265/427
f 33/41/33 444/289/444 80/96/80
f 33/41/33 445/290/445 444/289/444
f 32/39/32 445/290/445 33/41/33
f 32/39/32 446/289/446 445/290/445
f 30/37/30 446/289/446 32/39/32
f 30/37/30 31/38/31 446/289/446
f 449/262/447 448/287/448 447/262/449
f 449/262/447 450/287/450 448/287/448
f 451/263/451 450/287/450 449/262/447
f 451/263/451 452/288/452 450/287/450
f 453/265/453 452/288/452 451/263/451
f 453/265/453 454/288/454 452/288/452
f 455/265/455 454/288/454 453/265/453
f 456/261/456 449/262/447 447/262/449
f 456/261/456 457/261/457 449/262/447
f 458/264/458 457/261/457 456/261/456
f 458/264/458 459/264/459 457/261/457
f 455/265/455 459/264/459 458/264/458
f 455/265/455 453/265/453 459/264/459
f 462/262/460 461/287/461 460/262/462
f 462/262/460 463/287/463 461/287/461
f 464/263/464 463/287/463 462/262/460
f 464/263/464 465/288/465 463/287/463
f 466/265/466 465/288/465 464/263/464
f 466/265/466 467/288/467 465/288/465
f 468/265/468 467/288/467 466/265/466
f 469/261/469 462/262/460 460/262/462
f 469/261/469 470/261/470 462/262/460
f 471/264/471 470/261/470 469/261/469
f 471/264/471 472/264/472 470/261/470
f 468/265/468 472/264/472 471/264/471
f 468/265/468 466/265/466 472/264/472
f 475/262/473 474/287/474 473/262/475
f 475/262/473 476/287/476 474/287/474
f 477/263/477 476/287/476 475/262/473
f 477/263/477 478/288/478 476/287/476
f 479/265/479 478/288/478 477/263/477
f 479/265/479 480/288/480 478/288/478
f 481/265/481 480/288/480 479/265/479
f 482/261/482 475/262/473 473/262/475
f 482/261/482 483/261/483 475/262/473
f 484/264/484 483/261/483 482/261/482
f 484/264/484 485/264/485 483/261/483
f 481/265/481 485/264/485 484/264/484
f 481/265/481 479/265/479 485/264/485
f 487/291/486 486/292/487 444/289/444
f 486/292/487 487/291/486 488/293/488
f 489/294/489 444/289/444 445/290/445
f 444/289/444 489/294/489 487/291/486
f 490/291/490 445/290/445 446/289/446
f 445/290/445 490/291/490 489/294/489
f 488/293/488 446/289/446 486/292/487
f 446/289/446 488/293/488 490/291/490
f 487/295/486 490/296/490 488/297/488
f 490/296/490 487/295/486 489/297/489
f 422/261/420 426/264/426 424/261/424
f 426/264/426 422/261/420 428/264/428
f 430/270/430 357/278/357 339/298/339
f 357/278/357 430/270/430 432/271/432
f 84/103/84 439/285/439 438/277/438
f 439/285/439 84/103/84 22/22/21
f 439/285/439 23/24/23 431/267/431
f 23/24/23 439/285/439 22/22/21
f 443/288/443 441/287/441 442/288/442
f 441/287/441 443/288/443 440/287/440
f 444/289/444 24/30/25 80/96/80
f 24/30/25 444/289/444 486/292/487
f 486/292/487 25/28/24 24/30/25
f 25/28/24 486/292/487 446/289/446
f 446/289/446 85/104/85 25/28/24
f 85/104/85 446/289/446 31/38/31
f 454/288/454 450/287/450 452/288/452
f 450/287/450 454/288/454 448/287/448
f 451/263/451 459/264/459 453/265/453
f 459/264/459 451/263/451 457/261/457
f 449/262/447 457/261/457 451/263/451
f 467/288/467 463/287/463 465/288/465
f 463/287/463 467/288/467 461/287/461
f 464/263/464 472/264/472 466/265/466
f 472/264/472 464/263/464 470/261/470
f 462/262/460 470/261/470 464/263/464
f 480/288/480 476/287/476 478/288/478
f 476/287/476 480/288/480 474/287/474
f 477/263/477 485/264/485 479/265/479
f 485/264/485 477/263/477 483/261/483
f 475/262/473 483/261/483 477/263/477
f 493/299/491 492/300/492 491/301/493
f 493/299/491 494/302/494 492/300/492
f 495/303/495 494/302/494 493/299/491
f 495/303/495 496/304/496 494/302/494
f 497/305/497 496/304/496 495/303/495
f 497/305/497 498/306/498 496/304/496
f 499/307/499 498/306/498 497/305/497
f 499/307/499 500/308/500 498/306/498
f 501/309/501 500/308/500 499/307/499
f 501/309/501 502/310/502 500/308/500
f 503/311/503 502/312/502 501/313/501
f 503/311/503 504/314/504 502/312/502
f 505/315/505 504/314/504 503/311/503
f 505/315/505 506/316/506 504/314/504
f 509/311/507 508/317/508 507/313/509
f 509/311/507 510/318/510 508/317/508
f 511/315/511 510/318/510 509/311/507
f 511/315/511 512/319/512 510/318/510
f 513/301/513 512/319/512 511/315/511
f 513/301/513 514/320/514 512/319/512
f 515/299/515 514/320/514 513/301/513
f 515/299/515 516/321/516 514/320/514
f 517/303/517 516/321/516 515/299/515
f 517/303/517 518/322/518 516/321/516
f 519/305/519 518/322/518 517/303/517
f 519/305/519 520/323/520 518/322/518
f 521/307/521 520/323/520 519/305/519
f 521/307/521 522/324/522 520/323/520
f 507/309/509 522/324/522 521/307/521
f 507/309/509 508/325/508 522/324/522
f 492/300/492 505/315/505 491/301/493
f 505/315/505 492/300/492 506/316/506
f 501/309/501 524/324/522 523/325/523
f 524/324/522 501/309/501 499/307/499
f 499/307/499 525/323/520 524/324/522
f 525/323/520 499/307/499 497/305/497
f 497/305/497 526/322/518 525/323/520
f 526/322/518 497/305/497 495/303/495
f 495/303/495 527/321/516 526/322/518
f 527/321/516 495/303/495 493/299/491
f 493/299/491 528/320/524 527/321/516
f 528/320/524 493/299/491 491/301/493
f 491/301/493 529/319/525 528/320/524
f 529/319/525 491/301/493 505/315/505
f 505/315/505 530/318/526 529/319/525
f 530/318/526 505/315/505 503/311/503
f 503/311/503 523/317/523 530/318/526
f 523/317/523 503/311/503 501/313/501
f 507/309/509 532/308/527 531/310/528
f 532/308/527 507/309/509 521/307/521
f 521/307/521 533/306/529 532/308/527
f 533/306/529 521/307/521 519/305/519
f 519/305/519 534/304/530 533/306/529
f 534/304/530 519/305/519 517/303/517
f 517/303/517 535/302/531 534/304/530
f 535/302/531 517/303/517 515/299/515
f 515/299/515 536/300/532 535/302/531
f 536/300/532 515/299/515 513/301/513
f 513/301/513 537/316/533 536/300/532
f 537/316/533 513/301/513 511/315/511
f 511/315/511 538/314/534 537/316/533
f 538/314/534 511/315/511 509/311/507
f 509/311/507 531/312/528 538/314/534
f 531/312/528 509/311/507 507/313/509
f 539/326/535 502/310/502 504/314/504
f 502/310/502 539/326/535 500/308/500
f 498/306/498 500/308/500 539/326/535
f 506/316/506 539/326/535 504/314/504
f 539/326/535 506/316/506 492/300/492
f 494/302/494 539/326/535 492/300/492
f 539/326/535 494/302/494 496/304/496
f 496/304/496 498/306/498 539/326/535
f 540/326/536 531/310/528 532/308/527
f 531/310/528 540/326/536 538/314/534
f 537/316/533 538/314/534 540/326/536
f 540/326/536 536/300/532 537/316/533
f 536/300/532 540/326/536 535/302/531
f 534/304/530 535/302/531 540/326/536
f 540/326/536 533/306/529 534/304/530
f 533/306/529 540/326/536 532/308/527
f 543/327/537 542/328/538 541/329/539
f 543/327/537 544/330/540 542/328/538
f 545/329/541 544/330/540 543/327/537
f 545/329/541 546/328/542 544/330/540
f 547/331/543 546/328/542 545/329/541
f 547/331/543 548/332/544 546/328/542
f 549/333/545 548/332/544 547/331/543
f 549/333/545 550/334/546 548/332/544
f 551/335/547 550/334/546 549/333/545
f 551/335/547 552/336/548 550/334/546
f 553/337/549 552/336/548 551/335/547
f 553/337/549 554/338/550 552/336/548
f 555/339/551 554/338/550 553/337/549
f 555/339/551 556/336/552 554/338/550
f 557/337/553 556/336/552 555/339/551
f 544/330/540 556/336/552 542/328/538
f 544/330/540 554/338/550 556/336/552
f 546/328/542 554/338/550 544/330/540
f 546/328/542 552/336/548 554/338/550
f 548/332/544 552/336/548 546/328/542
f 548/332/544 550/334/546 552/336/548
f 558/340/554 543/327/537 541/329/539
f 558/340/554 559/341/555 543/327/537
f 560/342/556 559/341/555 558/340/554
f 560/342/556 561/343/557 559/341/555
f 562/344/558 561/343/557 560/342/556
f 562/344/558 563/345/559 561/343/557
f 564/346/560 563/345/559 562/344/558
f 564/346/560 565/347/561 563/345/559
f 557/337/553 565/347/561 564/346/560
f 557/337/553 555/339/551 565/347/561
f 559/341/555 545/329/541 543/327/537
f 559/341/555 566/340/562 545/329/541
f 561/343/557 566/340/562 559/341/555
f 561/343/557 567/342/563 566/340/562
f 563/345/559 567/342/563 561/343/557
f 563/345/559 568/344/564 567/342/563
f 565/347/561 568/344/564 563/345/559
f 565/347/561 569/346/565 568/344/564
f 555/339/551 569/346/565 565/347/561
f 555/339/551 553/337/549 569/346/565
f 566/340/562 547/331/543 545/329/541
f 566/340/562 570/348/566 547/331/543
f 567/342/563 570/348/566 566/340/562
f 567/342/563 571/349/567 570/348/566
f 568/344/564 571/349/567 567/342/563
f 568/344/564 572/350/568 571/349/567
f 569/346/565 572/350/568 568/344/564
f 569/346/565 573/351/569 572/350/568
f 553/337/549 573/351/569 569/346/565
f 553/337/549 551/335/547 573/351/569
f 570/348/566 549/333/545 547/331/543
f 549/333/545 570/348/566 571/349/567
f 572/350/568 549/333/545 571/349/567
f 549/333/545 572/350/568 573/351/569
f 573/351/569 551/335/547 549/333/545
f 576/328/570 575/327/571 574/329/572
f 576/328/570 577/330/555 575/327/571
f 578/336/573 577/330/555 576/328/570
f 578/336/573 579/338/574 577/330/555
f 580/337/575 579/338/574 578/336/573
f 580/337/575 581/339/576 579/338/574
f 582/346/577 581/339/576 580/337/575
f 582/346/577 583/347/578 581/339/576
f 584/344/579 583/347/578 582/346/577
f 584/344/579 585/345/580 583/347/578
f 586/342/581 585/345/580 584/344/579
f 586/342/581 587/343/582 585/345/580
f 588/340/583 587/343/582 586/342/581
f 588/340/583 589/341/584 587/343/582
f 574/329/572 589/341/584 588/340/583
f 574/329/572 575/327/571 589/341/584
f 575/327/571 590/340/585 589/341/584
f 575/327/571 591/329/586 590/340/585
f 577/330/555 591/329/586 575/327/571
f 577/330/555 592/328/562 591/329/586
f 579/338/574 592/328/562 577/330/555
f 579/338/574 593/336/563 592/328/562
f 581/339/576 593/336/563 579/338/574
f 581/339/576 594/337/564 593/336/563
f 583/347/578 594/337/564 581/339/576
f 583/347/578 595/346/565 594/337/564
f 585/345/580 595/346/565 583/347/578
f 585/345/580 596/344/549 595/346/565
f 587/343/582 596/344/549 585/345/580
f 587/343/582 597/342/587 596/344/549
f 589/341/584 597/342/587 587/343/582
f 589/341/584 590/340/585 597/342/587
f 591/329/586 598/348/588 590/340/585
f 591/329/586 599/331/589 598/348/588
f 592/328/562 599/331/589 591/329/586
f 592/328/562 600/332/566 599/331/589
f 593/336/563 600/332/566 592/328/562
f 593/336/563 601/334/590 600/332/566
f 594/337/564 601/334/590 593/336/563
f 594/337/564 602/335/568 601/334/590
f 595/346/565 602/335/568 594/337/564
f 595/346/565 603/351/591 602/335/568
f 596/344/549 603/351/591 595/346/565
f 596/344/549 604/350/592 603/351/591
f 597/342/587 604/350/592 596/344/549
f 597/342/587 605/349/593 604/350/592
f 590/340/585 605/349/593 597/342/587
f 590/340/585 598/348/588 605/349/593
f 599/331/589 606/333/545 598/348/588
f 606/333/545 599/331/589 600/332/566
f 601/334/590 606/333/545 600/332/566
f 606/333/545 601/334/590 602/335/568
f 606/333/545 605/349/593 598/348/588
f 605/349/593 606/333/545 604/350/592
f 603/351/591 604/350/592 606/333/545
f 603/351/591 606/333/545 602/335/568
f 609/352/594 608/353/595 607/354/596
f 609/352/594 610/355/597 608/353/595
f 611/356/598 610/355/597 609/352/594
f 611/356/598 612/357/599 610/355/597
f 613/358/600 612/357/599 611/356/598
f 613/358/600 614/359/601 612/357/599
f 615/360/602 614/359/601 613/358/600
f 615/360/602 616/361/603 614/359/601
f 617/362/604 616/361/603 615/360/602
f 617/362/604 618/363/605 616/361/603
f 609/364/594 619/365/606 611/366/598
f 609/364/594 620/367/607 619/365/606
f 607/368/596 620/367/607 609/364/594
f 607/368/596 621/369/608 620/367/607
f 608/370/595 621/369/608 607/368/596
f 608/370/595 622/371/609 621/369/608
f 623/372/610 622/371/609 608/370/595
f 623/372/610 624/373/611 622/371/609
f 625/374/612 624/373/611 623/372/610
f 625/374/612 626/371/613 624/373/611
f 627/372/614 626/371/613 625/374/612
f 627/372/614 628/370/615 626/371/613
f 629/375/616 628/370/615 627/372/614
f 610/375/597 623/372/610 608/370/595
f 610/375/597 625/374/612 623/372/610
f 630/376/617 625/374/612 610/375/597
f 630/376/617 627/372/614 625/374/612
f 629/375/616 627/372/614 630/376/617
f 633/365/618 632/364/619 631/366/620
f 633/365/618 634/367/621 632/364/619
f 635/377/622 634/367/621 633/365/618
f 635/377/622 636/378/623 634/367/621
f 637/379/624 636/378/623 635/377/622
f 637/379/624 638/380/625 636/378/623
f 639/381/626 638/380/625 637/379/624
f 639/381/626 640/382/627 638/380/625
f 641/383/628 640/382/627 639/381/626
f 641/383/628 642/381/629 640/382/627
f 612/357/599 630/384/617 610/355/597
f 612/357/599 629/355/616 630/384/617
f 631/356/620 629/355/616 612/357/599
f 631/356/620 632/352/619 629/355/616
f 643/362/630 616/361/603 618/363/605
f 643/362/630 644/360/631 616/361/603
f 645/385/632 644/360/631 643/362/630
f 645/385/632 646/386/633 644/360/631
f 647/387/634 646/386/633 645/385/632
f 647/387/634 648/388/635 646/386/633
f 649/389/636 648/388/635 647/387/634
f 649/389/636 650/390/637 648/388/635
f 651/391/638 650/390/637 649/389/636
f 651/391/638 652/392/639 650/390/637
f 653/393/640 652/392/639 651/391/638
f 653/393/640 654/394/641 652/392/639
f 655/391/642 654/394/641 653/393/640
f 655/391/642 656/392/643 654/394/641
f 657/389/644 656/392/643 655/391/642
f 657/389/644 658/390/645 656/392/643
f 659/387/646 658/390/645 657/389/644
f 659/387/646 660/388/647 658/390/645
f 661/385/648 660/388/647 659/387/646
f 661/385/648 662/386/649 660/388/647
f 617/362/604 662/386/649 661/385/648
f 617/362/604 615/360/602 662/386/649
f 613/358/600 662/386/649 615/360/602
f 613/358/600 663/395/650 662/386/649
f 611/356/598 663/395/650 613/358/600
f 611/356/598 619/396/606 663/395/650
f 664/397/651 658/390/645 660/388/647
f 664/397/651 656/392/643 658/390/645
f 642/398/629 656/392/643 664/397/651
f 642/398/629 654/394/641 656/392/643
f 641/399/628 654/394/641 642/398/629
f 641/399/628 652/392/639 654/394/641
f 639/398/626 652/392/639 641/399/628
f 639/398/626 650/390/637 652/392/639
f 637/397/624 650/390/637 639/398/626
f 637/397/624 648/388/635 650/390/637
f 635/400/622 648/388/635 637/397/624
f 635/400/622 633/396/618 648/388/635
f 620/367/607 665/377/652 619/365/606
f 620/367/607 666/378/653 665/377/652
f 667/401/654 666/378/653 620/367/607
f 667/401/654 668/402/655 666/378/653
f 669/403/656 668/402/655 667/401/654
f 669/403/656 636/378/623 668/402/655
f 670/401/657 636/378/623 669/403/656
f 670/401/657 634/367/621 636/378/623
f 671/369/658 634/367/621 670/401/657
f 671/369/658 672/368/659 634/367/621
f 628/370/615 672/368/659 671/369/658
f 624/373/611 667/401/654 622/371/609
f 624/373/611 669/403/656 667/401/654
f 626/371/613 669/403/656 624/373/611
f 626/371/613 670/401/657 669/403/656
f 671/369/658 670/401/657 626/371/613
f 638/380/625 668/402/655 636/378/623
f 638/380/625 673/404/660 668/402/655
f 640/382/627 673/404/660 638/380/625
f 640/382/627 674/380/661 673/404/660
f 642/381/629 674/380/661 640/382/627
f 642/381/629 664/379/651 674/380/661
f 644/360/631 614/359/601 616/361/603
f 644/360/631 675/358/662 614/359/601
f 646/386/633 675/358/662 644/360/631
f 646/386/633 676/395/663 675/358/662
f 648/388/635 676/395/663 646/386/633
f 648/388/635 633/396/618 676/395/663
f 631/356/620 676/395/663 633/396/618
f 631/356/620 675/358/662 676/395/663
f 612/357/599 675/358/662 631/356/620
f 612/357/599 614/359/601 675/358/662
f 677/405/664 657/406/644 655/407/642
f 677/405/664 659/408/646 657/406/644
f 678/409/665 659/408/646 677/405/664
f 678/409/665 661/410/648 659/408/646
f 617/411/604 661/410/648 678/409/665
f 649/412/636 677/405/664 651/413/638
f 649/412/636 678/409/665 677/405/664
f 647/414/634 678/409/665 649/412/636
f 647/414/634 645/415/632 678/409/665
f 628/353/615 632/352/619 672/354/659
f 632/352/619 628/353/615 629/355/616
f 663/395/650 660/388/647 662/386/649
f 660/388/647 663/395/650 619/396/606
f 665/400/652 660/388/647 619/396/606
f 660/388/647 665/400/652 664/397/651
f 634/367/621 672/368/659 632/364/619
f 621/369/608 667/401/654 620/367/607
f 667/401/654 621/369/608 622/371/609
f 628/370/615 671/369/658 626/371/613
f 673/404/660 666/378/653 668/402/655
f 666/378/653 673/404/660 674/380/661
f 674/380/661 665/377/652 666/378/653
f 665/377/652 674/380/661 664/379/651
f 653/416/640 677/405/664 655/407/642
f 677/405/664 653/416/640 651/413/638
f 678/409/665 618/417/605 617/411/604
f 618/417/605 678/409/665 643/418/630
f 645/415/632 643/418/630 678/409/665
f 681/419/666 680/420/667 679/420/668
f 681/419/666 682/421/669 680/420/667
f 683/422/670 682/421/669 681/419/666
f 683/422/670 684/423/671 682/421/669
f 685/424/672 684/423/671 683/422/670
f 685/424/672 686/425/673 684/423/671
f 687/424/674 686/425/673 685/424/672
f 687/424/674 688/425/675 686/425/673
f 689/424/676 688/425/675 687/424/674
f 689/424/676 690/425/677 688/425/675
f 691/426/678 690/425/677 689/424/676
f 691/426/678 692/427/679 690/425/677
f 693/428/680 692/427/679 691/426/678
f 693/428/680 694/427/681 692/427/679
f 695/427/682 694/427/681 693/428/680
f 695/427/682 696/425/683 694/427/681
f 697/425/684 696/425/683 695/427/682
f 697/425/684 698/425/685 696/425/683
f 699/425/686 698/425/685 697/425/684
f 699/425/686 700/425/687 698/425/685
f 701/425/688 700/425/687 699/425/686
f 701/425/688 702/423/689 700/425/687
f 703/423/690 702/423/689 701/425/688
f 703/423/690 704/421/691 702/423/689
f 705/421/692 704/421/691 703/423/690
f 705/421/692 706/420/693 704/421/691
f 707/420/694 706/420/693 705/421/692
f 682/421/669 706/420/693 680/420/667
f 682/421/669 704/421/691 706/420/693
f 684/423/671 704/421/691 682/421/669
f 684/423/671 702/423/689 704/421/691
f 686/425/673 702/423/689 684/423/671
f 686/425/673 700/425/687 702/423/689
f 688/425/675 700/425/687 686/425/673
f 688/425/675 698/425/685 700/425/687
f 690/425/677 698/425/685 688/425/675
f 690/425/677 696/425/683 698/425/685
f 692/427/679 696/425/683 690/425/677
f 692/427/679 694/427/681 696/425/683
f 708/429/695 681/419/666 679/420/668
f 708/429/695 709/430/696 681/419/666
f 710/431/697 709/430/696 708/429/695
f 710/431/697 711/432/698 709/430/696
f 712/431/699 711/432/698 710/431/697
f 712/431/699 713/433/700 711/432/698
f 714/431/701 713/433/700 712/431/699
f 714/431/701 715/433/702 713/433/700
f 716/431/703 715/433/702 714/431/701
f 716/431/703 717/433/704 715/433/702
f 718/431/705 717/433/704 716/431/703
f 718/431/705 719/432/706 717/433/704
f 720/429/707 719/432/706 718/431/705
f 720/429/707 721/430/708 719/432/706
f 722/420/709 721/430/708 720/429/707
f 722/420/709 723/419/710 721/430/708
f 707/420/694 723/419/710 722/420/709
f 707/420/694 705/421/692 723/419/710
f 709/430/696 683/422/670 681/419/666
f 709/430/696 724/434/711 683/422/670
f 711/432/698 724/434/711 709/430/696
f 711/432/698 725/435/712 724/434/711
f 713/433/700 725/435/712 711/432/698
f 713/433/700 726/436/713 725/435/712
f 715/433/702 726/436/713 713/433/700
f 715/433/702 727/436/714 726/436/713
f 717/433/704 727/436/714 715/433/702
f 717/433/704 728/436/715 727/436/714
f 719/432/706 728/436/715 717/433/704
f 719/432/706 729/435/716 728/436/715
f 721/430/708 729/435/716 719/432/706
f 721/430/708 730/434/717 729/435/716
f 723/419/710 730/434/717 721/430/708
f 723/419/710 731/422/718 730/434/717
f 705/421/692 731/422/718 723/419/710
f 705/421/692 703/423/690 731/422/718
f 701/425/688 731/422/718 703/423/690
f 701/425/688 732/424/719 731/422/718
f 699/425/686 732/424/719 701/425/688
f 699/425/686 733/424/720 732/424/719
f 697/425/684 733/424/720 699/425/686
f 697/425/684 734/424/721 733/424/720
f 695/427/682 734/424/721 697/425/684
f 695/427/682 735/426/722 734/424/721
f 693/428/680 735/426/722 695/427/682
f 693/428/680 736/437/723 735/426/722
f 737/428/724 736/437/723 693/428/680
f 737/428/724 738/437/725 736/437/723
f 739/428/726 738/437/725 737/428/724
f 739/428/726 740/437/727 738/437/725
f 741/438/728 740/437/727 739/428/726
f 741/438/728 742/439/729 740/437/727
f 743/440/730 742/439/729 741/438/728
f 743/440/730 730/434/717 742/439/729
f 729/435/716 730/434/717 743/440/730
f 732/424/719 730/434/717 731/422/718
f 732/424/719 742/439/729 730/434/717
f 733/424/720 742/439/729 732/424/719
f 733/424/720 744/439/731 742/439/729
f 734/424/721 744/439/731 733/424/720
f 734/424/721 745/439/732 744/439/731
f 735/426/722 745/439/732 734/424/721
f 735/426/722 736/437/723 745/439/732
f 744/439/731 740/437/727 742/439/729
f 744/439/731 738/437/725 740/437/727
f 745/439/732 738/437/725 744/439/731
f 745/439/732 736/437/723 738/437/725
f 743/440/730 728/436/715 729/435/716
f 743/440/730 746/441/733 728/436/715
f 741/438/728 746/441/733 743/440/730
f 741/438/728 747/442/734 746/441/733
f 739/428/726 747/442/734 741/438/728
f 739/428/726 748/442/735 747/442/734
f 749/442/736 748/442/735 739/428/726
f 749/442/736 750/441/737 748/442/735
f 751/441/738 750/441/737 749/442/736
f 751/441/738 727/436/714 750/441/737
f 726/436/713 727/436/714 751/441/738
f 750/441/737 747/442/734 748/442/735
f 750/441/737 746/441/733 747/442/734
f 727/436/714 746/441/733 750/441/737
f 727/436/714 728/436/715 746/441/733
f 751/441/738 725/435/712 726/436/713
f 751/441/738 752/440/739 725/435/712
f 749/442/736 752/440/739 751/441/738
f 749/442/736 753/438/740 752/440/739
f 739/428/726 753/438/740 749/442/736
f 739/428/726 754/437/741 753/438/740
f 737/428/724 754/437/741 739/428/726
f 737/428/724 755/437/742 754/437/741
f 693/428/680 755/437/742 737/428/724
f 693/428/680 756/437/743 755/437/742
f 691/426/678 756/437/743 693/428/680
f 691/426/678 757/439/744 756/437/743
f 689/424/676 757/439/744 691/426/678
f 689/424/676 758/439/745 757/439/744
f 687/424/674 758/439/745 689/424/676
f 687/424/674 759/439/746 758/439/745
f 685/424/672 759/439/746 687/424/674
f 685/424/672 724/434/711 759/439/746
f 683/422/670 724/434/711 685/424/672
f 758/439/745 756/437/743 757/439/744
f 758/439/745 755/437/742 756/437/743
f 759/439/746 755/437/742 758/439/745
f 759/439/746 754/437/741 755/437/742
f 752/440/739 754/437/741 759/439/746
f 752/440/739 753/438/740 754/437/741
f 752/440/739 724/434/711 725/435/712
f 724/434/711 752/440/739 759/439/746
f 680/443/667 760/444/747 679/445/668
f 680/443/667 761/446/748 760/444/747
f 706/447/693 761/446/748 680/443/667
f 706/447/693 762/448/749 761/446/748
f 707/449/694 762/448/749 706/447/693
f 707/449/694 763/450/750 762/448/749
f 722/451/709 763/450/750 707/449/694
f 722/451/709 764/452/751 763/450/750
f 720/453/707 764/452/751 722/451/709
f 720/453/707 765/454/752 764/452/751
f 718/455/705 765/454/752 720/453/707
f 718/455/705 766/456/753 765/454/752
f 716/457/703 766/456/753 718/455/705
f 716/457/703 767/458/754 766/456/753
f 714/459/701 767/458/754 716/457/703
f 714/459/701 768/460/755 767/458/754
f 712/461/699 768/460/755 714/459/701
f 712/461/699 769/462/756 768/460/755
f 710/463/697 769/462/756 712/461/699
f 710/463/697 770/464/757 769/462/756
f 708/465/695 770/464/757 710/463/697
f 708/465/695 771/466/758 770/464/757
f 679/467/668 771/466/758 708/465/695
f 679/467/668 760/468/747 771/466/758
f 761/446/748 772/469/759 760/444/747
f 761/446/748 773/470/760 772/469/759
f 762/448/749 773/470/760 761/446/748
f 762/448/749 774/471/761 773/470/760
f 763/450/750 774/471/761 762/448/749
f 763/450/750 775/472/762 774/471/761
f 764/452/751 775/472/762 763/450/750
f 764/452/751 776/473/763 775/472/762
f 765/454/752 776/473/763 764/452/751
f 765/454/752 777/474/764 776/473/763
f 766/456/753 777/474/764 765/454/752
f 766/456/753 778/475/765 777/474/764
f 767/458/754 778/475/765 766/456/753
f 767/458/754 779/476/766 778/475/765
f 768/460/755 779/476/766 767/458/754
f 768/460/755 780/477/767 779/476/766
f 769/462/756 780/477/767 768/460/755
f 769/462/756 781/478/768 780/477/767
f 770/464/757 781/478/768 769/462/756
f 770/464/757 782/479/769 781/478/768
f 771/466/758 782/479/769 770/464/757
f 771/466/758 783/480/770 782/479/769
f 760/468/747 783/480/770 771/466/758
f 760/468/747 772/481/759 783/480/770
f 773/470/760 784/482/771 772/469/759
f 784/482/771 773/470/760 774/471/761
f 775/472/762 784/482/771 774/471/761
f 784/482/771 775/472/762 776/473/763
f 784/482/771 783/480/770 772/481/759
f 783/480/770 784/482/771 782/479/769
f 781/478/768 782/479/769 784/482/771
f 784/482/771 780/477/767 781/478/768
f 780/477/767 784/482/771 779/476/766
f 778/475/765 779/476/766 784/482/771
f 784/482/771 777/474/764 778/475/765
f 777/474/764 784/482/771 776/473/763
