# Blender 5.1.2
# www.blender.org
o Gatekeeper_Soldiers
v -0.004394 0.058577 0.053225
v -0.006311 0.059573 0.051881
v -0.004798 0.061524 0.052380
v -0.006362 0.060697 0.047692
v -0.003388 0.062824 0.047896
v -0.004722 0.059716 0.045861
v 0.000714 0.062242 0.045018
v 0.000876 0.056133 0.042346
v 0.005138 0.062920 0.048021
v 0.004236 0.056144 0.043302
v 0.006822 0.059528 0.046067
v 0.006120 0.057437 0.046459
v 0.006396 0.056946 0.047122
v 0.006536 0.055612 0.049589
v 0.005671 0.056770 0.052207
v 0.005451 0.056963 0.052738
v 0.005397 0.059088 0.053558
v 0.004212 0.055188 0.055404
v 0.005932 0.062260 0.052707
v 0.000852 0.055030 0.056334
v -0.003844 0.057645 0.046779
v -0.004061 0.057530 0.046426
v -0.002481 0.055977 0.043277
v 0.006409 0.063677 0.047284
v 0.006895 0.062978 0.052642
v 0.003693 0.057485 0.057219
v 0.000869 0.054957 0.059004
v -0.002277 0.057339 0.057210
v 0.000786 0.057162 0.059496
v -0.002506 0.058935 0.057203
v 0.000716 0.060252 0.058279
v -0.005296 0.062547 0.052920
v -0.005113 0.063268 0.047574
v 0.009297 0.055693 0.047821
v 0.007146 0.054548 0.048345
v 0.014728 0.043479 0.053360
v 0.011241 0.042884 0.053192
v 0.014672 0.041614 0.055971
v 0.011029 0.041153 0.055503
v 0.013170 0.033987 0.067221
v 0.010553 0.033263 0.066695
v 0.006680 0.041127 0.070506
v 0.005479 0.038522 0.069182
v 0.009245 0.046975 0.060029
v 0.007909 0.044199 0.057810
v 0.009747 0.048159 0.057929
v 0.008456 0.045510 0.055797
v 0.007387 0.056622 0.054520
v 0.005914 0.055116 0.053058
v 0.014309 0.036570 0.070005
v 0.015748 0.044068 0.058005
v 0.015979 0.045786 0.055442
v 0.010675 0.057199 0.049821
v 0.008596 0.060582 0.048615
v 0.007360 0.060620 0.052889
v 0.010029 0.040695 0.071632
v 0.012586 0.047144 0.060392
v 0.013152 0.048408 0.058170
v 0.009469 0.057751 0.053723
v 0.010440 0.037898 0.053512
v 0.010316 0.032841 0.066462
v 0.015362 0.038993 0.054561
v 0.013242 0.033811 0.067130
v 0.018870 0.043147 0.058958
v 0.014745 0.036806 0.070170
v 0.013374 0.049849 0.063377
v 0.010368 0.041102 0.071894
v 0.006264 0.051240 0.062684
v 0.005908 0.041856 0.070917
v 0.002718 0.047053 0.059523
v 0.004387 0.038913 0.069321
v 0.014082 0.040299 0.069123
v 0.012358 0.039499 0.068416
v 0.015903 0.037925 0.067718
v 0.014422 0.036909 0.066847
v 0.015747 0.037382 0.069671
v 0.014430 0.036233 0.068935
v 0.013690 0.039725 0.070766
v 0.012045 0.038831 0.070103
v 0.000659 0.063112 0.044079
v -0.002504 0.055021 0.055377
v -0.003872 0.056614 0.052641
v -0.003723 0.056333 0.051803
v -0.004160 0.055547 0.049388
v 0.003673 0.059106 0.057195
v 0.011010 0.044580 0.058753
v 0.015077 0.035830 0.072641
v 0.009785 0.040073 0.074429
v 0.004367 0.041001 0.073892
v 0.002871 0.038475 0.071454
v 0.005202 0.035479 0.070632
v 0.000294 0.034603 0.074802
v 0.004172 0.034380 0.075133
v -0.001272 0.032101 0.077132
v 0.000933 0.030887 0.077956
v -0.000677 0.031664 0.078875
v 0.000682 0.032136 0.080156
v -0.001504 0.033363 0.079320
v 0.004085 0.036331 0.077422
v 0.000465 0.036985 0.077406
v 0.004322 0.036005 0.076252
v 0.004342 0.037056 0.078414
v 0.002241 0.034260 0.078628
v 0.001718 0.034928 0.080565
v -0.000196 0.029572 0.075980
v -0.001269 0.029164 0.077631
v 0.002074 0.026286 0.075006
v 0.001122 0.025071 0.076447
v 0.005390 0.023859 0.074826
v 0.005271 0.022477 0.076276
v 0.010629 0.025838 0.076916
v 0.012078 0.025099 0.078512
v 0.012650 0.028728 0.074702
v 0.014458 0.028446 0.076225
v 0.011124 0.030800 0.068633
v 0.014275 0.032450 0.069888
v 0.007866 0.033791 0.072343
v 0.007768 0.036276 0.080670
v 0.013541 0.031238 0.079542
v 0.008662 0.032554 0.069558
v 0.010295 0.027191 0.081694
v 0.004640 0.032600 0.082710
v 0.004734 0.022539 0.078195
v 0.001279 0.024660 0.079208
v -0.000849 0.028254 0.079351
v -0.005818 0.054678 0.051805
v -0.003571 0.054345 0.050737
v -0.003268 0.056207 0.046111
v -0.005358 0.057244 0.045215
v -0.007827 0.055840 0.050642
v -0.007598 0.057322 0.046816
v -0.008255 0.045428 0.039819
v -0.004825 0.044827 0.040687
v -0.003630 0.043536 0.045082
v -0.006145 0.043093 0.047607
v -0.006416 0.028671 0.045834
v -0.006214 0.040500 0.047084
v -0.004082 0.028581 0.043623
v -0.003619 0.041006 0.044403
v -0.006837 0.029368 0.036531
v -0.005057 0.042290 0.039931
v -0.009584 0.029584 0.036417
v -0.008668 0.042778 0.039176
v -0.009388 0.043606 0.046730
v -0.010577 0.044996 0.042205
v -0.009421 0.040973 0.046292
v -0.010859 0.042298 0.041677
v -0.012042 0.028114 0.039055
v -0.009693 0.027862 0.044632
v -0.013886 0.042042 0.040025
v -0.012552 0.028101 0.039139
v -0.008316 0.043365 0.036077
v -0.009569 0.029616 0.036205
v -0.003217 0.042816 0.036407
v -0.006419 0.029399 0.036183
v -0.000117 0.039469 0.048943
v -0.003246 0.028470 0.044439
v -0.005328 0.039166 0.052523
v -0.006082 0.028518 0.046897
v -0.011784 0.039670 0.049221
v -0.010199 0.027839 0.044924
v -0.010473 0.030781 0.041867
v -0.012518 0.030771 0.042204
v -0.011402 0.031475 0.038449
v -0.013235 0.031416 0.039118
v -0.011794 0.029012 0.038397
v -0.013505 0.029027 0.039130
v -0.010634 0.028668 0.041866
v -0.012559 0.028708 0.042208
v -0.006887 0.041012 0.043961
v -0.013193 0.025432 0.038984
v -0.010751 0.026668 0.035563
v -0.007024 0.026875 0.034951
v -0.011492 0.020482 0.033938
v -0.009455 0.021262 0.034571
v -0.009216 0.016953 0.032109
v -0.007468 0.018158 0.033010
v -0.001913 0.015650 0.031758
v -0.001876 0.017386 0.032766
v 0.000996 0.015004 0.035642
v 0.000323 0.016917 0.036206
v 0.001552 0.014288 0.040445
v 0.001082 0.016222 0.040186
v -0.003467 0.014781 0.045164
v -0.002848 0.016404 0.043952
v -0.005625 0.018684 0.046336
v -0.004210 0.019369 0.043720
v -0.004367 0.019666 0.045794
v -0.003677 0.021058 0.043361
v -0.001191 0.015334 0.044237
v -0.001220 0.016635 0.042045
v 0.000258 0.016174 0.043310
v 0.000941 0.017908 0.042869
v 0.000964 0.016628 0.045066
v -0.000360 0.021189 0.044027
v -0.000813 0.019982 0.047267
v -0.002436 0.026192 0.045606
v -0.005476 0.025463 0.047930
v -0.005674 0.024217 0.039876
v -0.005443 0.026372 0.037641
v -0.003207 0.025922 0.041750
v -0.010095 0.024991 0.045127
v -0.012668 0.018364 0.037474
v -0.009340 0.017269 0.044362
v -0.009787 0.014297 0.035397
v -0.006555 0.013153 0.042500
v -0.002161 0.013734 0.032306
v -0.000030 0.012378 0.035634
v 0.000798 0.012570 0.039726
v 0.008031 0.016101 0.045666
v 0.013094 0.018058 0.041311
v 0.006224 0.012534 0.038895
v 0.010377 0.013809 0.035368
v 0.006880 0.009702 0.039634
v 0.011298 0.009518 0.038096
v 0.011090 0.009885 0.042230
v 0.014071 0.007105 0.045039
v 0.010136 0.010765 0.045890
v 0.012784 0.009118 0.048736
v 0.007896 0.010332 0.050673
v 0.014288 0.005054 0.051040
v 0.007589 0.006572 0.053508
v 0.013258 0.000984 0.050987
v 0.006960 0.002021 0.053534
v 0.000738 0.001995 0.051605
v 0.000917 0.006850 0.051571
v 0.002948 0.010333 0.049165
v 0.005057 0.011282 0.046202
v 0.000467 0.008431 0.045659
v 0.003359 0.010613 0.042626
v 0.001879 0.010390 0.038421
v 0.002146 0.014205 0.035604
v 0.015820 0.003466 0.044572
v 0.015112 0.000271 0.044173
v -0.001117 0.001011 0.044579
v -0.001175 0.005078 0.045107
v 0.011418 0.008116 0.028150
v 0.011006 0.004556 0.027759
v 0.001790 0.004741 0.027755
v 0.001807 0.008793 0.028277
v 0.002304 0.011128 0.031241
v 0.006847 0.011595 0.028350
v 0.006630 0.016573 0.031741
v 0.010783 0.010347 0.031055
v 0.006687 0.008999 0.026420
v 0.006478 0.005112 0.025907
v 0.009300 0.017068 0.041094
v 0.008931 0.016370 0.039823
v 0.010003 0.015678 0.042358
v 0.009600 0.015031 0.041071
v 0.007352 0.014658 0.044306
v 0.007026 0.013938 0.043191
v 0.005136 0.016718 0.042945
v 0.004689 0.016072 0.041550
v 0.006043 0.017729 0.041501
v 0.005518 0.017193 0.039838
v 0.007534 0.015882 0.043047
v 0.007032 0.015389 0.041563
v 0.008464 0.015639 0.038041
v 0.008064 0.014998 0.036606
v 0.009127 0.014454 0.039340
v 0.008840 0.013852 0.038273
v 0.006501 0.013658 0.041433
v 0.006266 0.013006 0.040519
v 0.004219 0.015333 0.039810
v 0.003919 0.014599 0.038697
v 0.005135 0.016273 0.038261
v 0.004801 0.015465 0.037018
v 0.006667 0.014569 0.040077
v 0.006302 0.014149 0.038812
v 0.011008 0.017968 0.041525
v 0.008235 0.016822 0.044661
v -0.001455 0.021382 0.060243
v 0.000236 0.021675 0.059801
v -0.004996 0.022793 0.063330
v -0.005130 0.023223 0.064502
v -0.007835 0.021280 0.060432
v -0.010048 0.021529 0.059867
v -0.008877 0.013645 0.059746
v -0.005005 0.015310 0.063363
v -0.010142 0.012711 0.064821
v -0.005768 0.013976 0.065966
v -0.009977 0.016329 0.067550
v -0.002250 0.016856 0.067615
v -0.008885 0.019990 0.070085
v -0.003810 0.020347 0.070146
v -0.006371 0.022773 0.075077
v -0.001521 0.021581 0.073884
v -0.006305 0.021253 0.079660
v 0.000325 0.019922 0.078175
v -0.006060 0.017516 0.082259
v 0.000117 0.015950 0.080952
v -0.012458 0.015690 0.080452
v 0.001875 0.011120 0.075942
v -0.014386 0.010753 0.075359
v -0.000301 0.001467 0.061858
v -0.009518 0.001297 0.061527
v -0.004897 0.000313 0.060112
v -0.009865 0.003970 0.059221
v -0.005038 0.003263 0.057662
v -0.009326 0.007675 0.059599
v -0.005221 0.006367 0.057102
v -0.004674 0.011808 0.055617
v -0.013163 0.019105 0.078094
v -0.011418 0.020935 0.073791
v -0.013015 0.016694 0.071609
v -0.000609 0.013347 0.060212
v -0.000821 0.008206 0.059624
v -0.000706 0.013305 0.064898
v -0.000246 0.004531 0.059300
v 0.002100 0.014585 0.073616
v 0.000609 0.017567 0.071724
v -0.014949 0.013527 0.073528
v -0.003242 0.020298 0.060686
v -0.003182 0.018813 0.060530
v -0.002481 0.020837 0.062575
v -0.002423 0.019325 0.062360
v -0.005077 0.021214 0.064931
v -0.005020 0.019821 0.064888
v -0.007494 0.020631 0.062748
v -0.007435 0.019105 0.062476
v -0.006614 0.020226 0.060950
v -0.006544 0.018666 0.060578
v -0.005012 0.020855 0.063245
v -0.004943 0.019315 0.062760
v -0.003105 0.016900 0.060143
v -0.003048 0.015379 0.059838
v -0.002346 0.017469 0.061888
v -0.002301 0.016163 0.061791
v -0.004939 0.018085 0.064099
v -0.004898 0.016904 0.064065
v -0.007352 0.017254 0.061935
v -0.007301 0.015940 0.061702
v -0.006462 0.016804 0.060246
v -0.006402 0.015300 0.059934
v -0.004869 0.017545 0.062447
v -0.004814 0.016248 0.062030
v -0.000004 0.039679 0.038570
v 0.000100 0.043545 0.039104
v -0.005344 0.039424 0.040634
v -0.004810 0.043349 0.040984
v -0.008736 0.038669 0.045843
v -0.008207 0.043040 0.046142
v -0.008578 0.039078 0.053477
v -0.008064 0.042724 0.053862
v -0.003422 0.038858 0.058092
v -0.003132 0.042602 0.057987
v 0.002494 0.038980 0.058694
v 0.002053 0.042668 0.058872
v 0.008081 0.039192 0.056685
v 0.007040 0.042879 0.057073
v 0.012051 0.039466 0.051379
v 0.011288 0.043274 0.051675
v 0.010290 0.039762 0.043778
v 0.009684 0.043548 0.044117
v 0.005686 0.039793 0.039273
v 0.005308 0.043634 0.039897
v 0.008822 0.035238 0.055160
v 0.012407 0.032599 0.048061
v 0.009481 0.030523 0.051683
v 0.011346 0.023478 0.044620
v 0.009735 0.022629 0.048552
v 0.011221 0.019220 0.042884
v 0.008543 0.017658 0.045463
v 0.008122 0.020420 0.039240
v 0.008188 0.021240 0.040902
v 0.007841 0.023881 0.042027
v 0.007112 0.031503 0.041783
v 0.011552 0.032956 0.044372
v 0.006485 0.036067 0.040269
v -0.004174 0.036294 0.056212
v 0.002403 0.035376 0.057130
v 0.000125 0.032741 0.053373
v 0.002051 0.032068 0.052780
v -0.000647 0.030400 0.046373
v 0.001111 0.030804 0.046270
v 0.000289 0.035571 0.039863
v 0.002675 0.030980 0.044985
v 0.004026 0.031649 0.052384
v -0.005721 0.034188 0.042246
v 0.004202 0.030407 0.050805
v 0.003312 0.030151 0.046538
v 0.005450 0.023005 0.046266
v 0.005221 0.019788 0.043870
v 0.004756 0.018926 0.042312
v 0.004893 0.038923 0.057958
v -0.000013 0.038788 0.058560
v 0.005468 0.038509 0.058579
v -0.000418 0.038347 0.059297
v 0.005048 0.038867 0.059349
v 0.000143 0.038734 0.059944
v 0.004461 0.039277 0.058731
v 0.000537 0.039170 0.059206
v 0.004174 0.042387 0.058902
v 0.004482 0.042788 0.058200
v 0.000259 0.042294 0.059299
v -0.000442 0.042667 0.058636
v 0.005060 0.043179 0.058866
v -0.000836 0.043034 0.059410
v -0.000233 0.042629 0.060050
v 0.004677 0.042748 0.059579
v 0.003020 0.019779 0.042404
v 0.008335 0.022149 0.038337
v -0.004812 0.020218 0.057095
v -0.004824 0.020491 0.055102
v -0.005679 0.029185 0.046687
v -0.000731 0.029938 0.048742
v -0.000351 0.031697 0.052675
v -0.005064 0.033722 0.055048
v -0.001668 0.026180 0.056686
v -0.005074 0.028376 0.059717
v -0.001535 0.023124 0.060114
v -0.004954 0.023929 0.063055
v -0.004792 0.022006 0.057272
v -0.005223 0.024051 0.054407
v -0.007692 0.023069 0.060346
v -0.007801 0.026271 0.057330
v -0.009120 0.033359 0.052116
v -0.009342 0.031793 0.049036
v 0.003879 0.046898 0.056364
v 0.001929 0.046787 0.056915
v 0.003095 0.045226 0.056900
v 0.002394 0.047093 0.058733
v 0.003597 0.045544 0.058713
v 0.004401 0.047275 0.058873
v 0.005433 0.045616 0.058163
v 0.006087 0.047242 0.057688
v 0.004940 0.045301 0.056341
v 0.005610 0.046932 0.055855
v 0.000711 0.050157 0.040597
v -0.003447 0.049975 0.041856
v 0.004942 0.050188 0.041571
v 0.008518 0.050021 0.045208
v 0.009419 0.049563 0.052551
v 0.005441 0.049190 0.056499
v 0.001272 0.049006 0.057741
v -0.002969 0.048972 0.056740
v -0.007093 0.049137 0.053203
v -0.006797 0.049626 0.045820
v 0.002485 0.048380 0.056416
v 0.002995 0.048700 0.058248
v 0.004860 0.048780 0.057761
v 0.004354 0.048460 0.055940
v 0.000548 0.066060 0.047124
v -0.002750 0.065601 0.050326
v 0.000526 0.065552 0.053246
v 0.000597 0.052080 0.055715
v 0.001370 0.053744 0.055280
v 0.001037 0.052375 0.057568
v 0.001770 0.054026 0.057134
v 0.003036 0.052552 0.057808
v 0.003633 0.054103 0.056726
v 0.004752 0.052526 0.056715
v 0.003241 0.053824 0.054871
v 0.004334 0.052237 0.054869
v 0.001741 0.050510 0.055736
v 0.002152 0.050796 0.057579
v 0.003604 0.050588 0.055286
v 0.004013 0.050873 0.057135
v -0.004010 0.052102 0.053868
v -0.003229 0.053732 0.054018
v -0.004953 0.052379 0.055559
v -0.004042 0.053992 0.055725
v -0.003583 0.052454 0.056998
v -0.002379 0.053965 0.056570
v -0.001561 0.052336 0.057228
v -0.001528 0.053704 0.054873
v -0.000709 0.052075 0.055531
v -0.003353 0.050481 0.054533
v -0.004193 0.050746 0.056220
v -0.001645 0.050456 0.055340
v -0.002477 0.050724 0.057042
v -0.004565 0.046712 0.055319
v -0.003701 0.048311 0.055364
v -0.005271 0.047021 0.057104
v -0.004441 0.048608 0.057129
v -0.003831 0.047106 0.058454
v -0.002719 0.048589 0.057906
v -0.001788 0.046998 0.058600
v -0.001981 0.048291 0.056152
v -0.000979 0.046723 0.056887
v -0.003628 0.045121 0.056086
v -0.004391 0.045412 0.057802
v -0.001864 0.045118 0.056809
v -0.002634 0.045407 0.058531
v 0.003993 0.065888 0.050144
v 0.000590 0.065375 0.047771
v 0.003403 0.065227 0.050116
v -0.002109 0.064992 0.050264
v 0.000536 0.064947 0.052523
v -0.020230 0.081217 0.056429
v -0.022328 0.082055 0.053420
v -0.020477 0.086093 0.055961
v -0.022452 0.084494 0.053186
v -0.020730 0.089207 0.052178
v -0.022578 0.086050 0.051294
v -0.020839 0.088732 0.047297
v -0.022633 0.085813 0.048854
v -0.020742 0.084949 0.044177
v -0.022584 0.083921 0.047294
v -0.020494 0.080072 0.044646
v -0.022460 0.081483 0.047528
v -0.020242 0.076960 0.048429
v -0.022334 0.079926 0.049419
v -0.020132 0.077434 0.053309
v -0.022279 0.080163 0.051860
v 0.019902 0.082016 0.043550
v 0.013004 0.081684 0.043737
v 0.020154 0.078904 0.047333
v 0.013257 0.078572 0.047520
v 0.020264 0.079378 0.052213
v 0.013366 0.079046 0.052400
v 0.020167 0.083161 0.055333
v 0.013269 0.082829 0.055520
v 0.019919 0.088037 0.054865
v 0.013022 0.087705 0.055052
v 0.019667 0.091151 0.051082
v 0.012769 0.090819 0.051269
v 0.019557 0.090676 0.046201
v 0.012660 0.090344 0.046388
v 0.019655 0.086892 0.043082
v 0.012757 0.086561 0.043269
v -0.013597 0.080404 0.044458
v -0.013844 0.085280 0.043990
v -0.013942 0.089064 0.047110
v -0.013832 0.089539 0.051991
v -0.013580 0.086425 0.055774
v -0.013332 0.081549 0.056242
v -0.013235 0.077766 0.053122
v -0.013345 0.077292 0.048241
v 0.021876 0.083617 0.046326
v 0.021753 0.086054 0.046091
v 0.021704 0.087946 0.047651
v 0.021759 0.088183 0.050092
v 0.021885 0.086627 0.051983
v 0.022009 0.084189 0.052217
v 0.022057 0.082297 0.050657
v 0.022002 0.082060 0.048216
v -0.022456 0.082989 0.050357
v 0.021881 0.085122 0.049154
v 0.006001 0.087244 0.064212
v 0.008492 0.086353 0.064035
v 0.006098 0.088185 0.069441
v 0.009665 0.086910 0.069188
v 0.006207 0.087260 0.071833
v 0.009297 0.086157 0.071615
v 0.006347 0.085263 0.073441
v 0.008131 0.084626 0.073315
v 0.006480 0.082729 0.073833
v 0.008935 0.082919 0.073106
v 0.008288 0.081143 0.072936
v 0.010689 0.083200 0.071252
v 0.009570 0.080124 0.070958
v 0.011273 0.083497 0.068770
v 0.009979 0.079945 0.068429
v 0.009615 0.083970 0.063743
v 0.008712 0.081489 0.063505
v 0.003602 0.086118 0.064168
v 0.002661 0.086573 0.069378
v 0.002699 0.083637 0.063931
v 0.001368 0.083021 0.069038
v 0.003821 0.081254 0.063638
v 0.002976 0.079608 0.068619
v 0.006312 0.080363 0.063462
v 0.006543 0.078333 0.068367
v 0.003231 0.085865 0.071779
v 0.002112 0.082788 0.071485
v 0.003504 0.079832 0.071122
v 0.006593 0.078729 0.070904
v 0.004629 0.084458 0.073410
v 0.003982 0.082681 0.073240
v 0.004787 0.080975 0.073031
v 0.006570 0.080337 0.072905
v -0.006063 0.086670 0.064540
v -0.005966 0.087604 0.069768
v -0.008467 0.085542 0.064496
v -0.009402 0.085993 0.069706
v -0.009373 0.083056 0.064258
v -0.010696 0.082440 0.069366
v -0.008247 0.080668 0.063965
v -0.009088 0.079027 0.068947
v -0.005751 0.079776 0.063788
v -0.005521 0.077753 0.068695
v -0.003347 0.080904 0.063832
v -0.002084 0.079364 0.068757
v -0.002441 0.083390 0.064070
v -0.000791 0.082917 0.069097
v -0.003567 0.085778 0.064363
v -0.002399 0.086330 0.069516
v -0.002768 0.085576 0.071942
v -0.005856 0.086680 0.072161
v -0.008832 0.085285 0.072107
v -0.009952 0.082207 0.071812
v -0.008560 0.079251 0.071449
v -0.005471 0.078148 0.071231
v -0.002495 0.079543 0.071285
v -0.001374 0.082620 0.071579
v -0.003933 0.084046 0.073643
v -0.005717 0.084682 0.073769
v -0.007434 0.083877 0.073738
v -0.008082 0.082100 0.073568
v -0.007277 0.080394 0.073358
v -0.005494 0.079757 0.073232
v -0.003775 0.080563 0.073263
v -0.003129 0.082339 0.073433
v -0.005584 0.082149 0.074160
v -0.013219 0.084448 0.061061
v -0.012072 0.088184 0.063107
v -0.012070 0.080754 0.062941
v -0.008670 0.085995 0.066917
v -0.010190 0.077872 0.066743
v 0.000478 0.079423 0.069757
v -0.007396 0.074448 0.072051
v 0.000806 0.074960 0.073953
v -0.008192 0.069710 0.073283
v 0.001115 0.070008 0.075959
v -0.007369 0.069134 0.073005
v 0.001130 0.069407 0.075447
v -0.015200 0.074075 0.057925
v -0.014856 0.077506 0.055161
v -0.014943 0.091848 0.055985
v -0.009458 0.093622 0.066492
v -0.009649 0.089043 0.067105
v -0.000279 0.094647 0.068870
v -0.000034 0.090128 0.069869
v 0.008814 0.094502 0.065996
v 0.009476 0.089963 0.066586
v 0.011751 0.089330 0.062460
v 0.008786 0.086835 0.066443
v 0.000246 0.084130 0.069549
v 0.011066 0.078895 0.066166
v 0.012453 0.081934 0.062276
v 0.015933 0.075573 0.057080
v 0.015113 0.078948 0.054348
v 0.017122 0.071818 0.054054
v 0.013112 0.072799 0.043387
v 0.015167 0.066463 0.055594
v 0.011701 0.067473 0.044052
v 0.009799 0.062494 0.057942
v 0.000707 0.061632 0.052994
v 0.000759 0.061226 0.059106
v -0.007803 0.061652 0.058420
v 0.009440 0.069943 0.072549
v 0.010218 0.070596 0.072784
v 0.014727 0.070573 0.065284
v 0.015520 0.071290 0.065313
v 0.015520 0.071099 0.056670
v 0.016887 0.071612 0.055312
v 0.013538 0.065961 0.063396
v 0.014306 0.065409 0.063226
v 0.007786 0.062927 0.069415
v 0.008426 0.062444 0.069220
v 0.001390 0.061794 0.071522
v 0.001419 0.061201 0.071528
v -0.005222 0.062301 0.069768
v -0.005822 0.061758 0.069607
v -0.011556 0.064754 0.064076
v -0.012275 0.064130 0.063947
v -0.014382 0.069661 0.057481
v -0.015863 0.070036 0.056201
v -0.013077 0.069235 0.066038
v -0.013933 0.069872 0.066112
v -0.012630 0.074184 0.066334
v -0.013645 0.065077 0.056376
v -0.016185 0.070216 0.054958
v -0.012870 0.071549 0.044092
v -0.011801 0.090535 0.046002
v -0.000055 0.072813 0.037804
v -0.000868 0.090764 0.040275
v 0.010331 0.091600 0.045401
v 0.013867 0.093234 0.055203
v 0.013139 0.085717 0.060346
v 0.000313 0.066360 0.039935
v -0.010921 0.066385 0.044665
v 0.008905 0.075233 0.071609
v 0.013824 0.075457 0.065617
v 0.001007 0.065362 0.063747
v 0.000583 0.070395 0.057077
v 0.007273 0.105548 0.048502
v 0.003563 0.104879 0.044993
v 0.012777 0.100493 0.045980
v 0.006777 0.099269 0.040128
v 0.015949 0.092832 0.043863
v 0.008426 0.091497 0.037173
v 0.017252 0.087172 0.043040
v 0.009279 0.085662 0.036505
v 0.017036 0.080686 0.043172
v 0.009598 0.079321 0.037033
v 0.015147 0.075250 0.043800
v 0.009357 0.074200 0.039272
v 0.013634 0.073595 0.045095
v 0.008471 0.072674 0.041285
v 0.000106 0.076968 0.051697
v 0.000010 0.071963 0.039276
v -0.008359 0.071865 0.041741
v -0.000121 0.073403 0.037022
v -0.009495 0.073293 0.039783
v -0.000436 0.078529 0.034499
v -0.010347 0.078361 0.037574
v -0.000755 0.084871 0.033971
v -0.010667 0.084702 0.037046
v -0.001015 0.090719 0.034784
v -0.010343 0.090594 0.037682
v -0.001300 0.098589 0.038211
v -0.009290 0.098495 0.040564
v -0.001431 0.104459 0.043807
v -0.006370 0.104401 0.045263
v 0.008705 0.106288 0.053392
v 0.015094 0.101689 0.053892
v 0.007476 0.106899 0.058356
v 0.013105 0.102678 0.061921
v 0.003913 0.107219 0.062061
v 0.007342 0.103195 0.067914
v -0.001026 0.107160 0.063517
v -0.000648 0.103101 0.070268
v -0.006020 0.106741 0.062331
v -0.008725 0.102421 0.068350
v -0.009730 0.106071 0.058823
v -0.014727 0.101339 0.062676
v -0.011162 0.105332 0.053931
v -0.017043 0.100143 0.054764
v -0.009933 0.104720 0.048968
v -0.015054 0.099154 0.046735
v 0.018174 0.094458 0.054737
v 0.015850 0.095613 0.064115
v 0.009120 0.096217 0.071117
v -0.000213 0.096107 0.073866
v -0.009649 0.095314 0.071626
v -0.016659 0.094049 0.064997
v -0.019365 0.092652 0.055755
v -0.017586 0.091218 0.044773
v -0.018383 0.085457 0.044007
v -0.017539 0.079023 0.044110
v -0.015105 0.073795 0.044621
v -0.013373 0.072295 0.045828
v -0.015369 0.073971 0.052955
v -0.000032 0.082215 0.055906
v -0.016732 0.079158 0.057196
v -0.000345 0.088480 0.055490
v -0.017045 0.085424 0.056781
v -0.014619 0.086677 0.065068
v -0.019521 0.087024 0.056597
v -0.016438 0.088445 0.065870
v -0.019208 0.080759 0.057014
v -0.018194 0.075555 0.052781
v -0.009397 0.089715 0.072528
v -0.008333 0.087810 0.071012
v 0.000129 0.088522 0.073021
v 0.008498 0.088620 0.070556
v 0.000081 0.090512 0.074778
v 0.009455 0.090622 0.072017
v 0.016215 0.090016 0.064984
v 0.014533 0.088080 0.064277
v 0.016616 0.087044 0.055868
v 0.016929 0.080778 0.056283
v 0.015843 0.075473 0.052108
v 0.018488 0.077320 0.051786
v 0.019227 0.082608 0.055971
v 0.018914 0.088873 0.055555
v 0.005110 0.114186 0.048285
v 0.002149 0.113651 0.045485
v -0.001837 0.113316 0.044539
v -0.005781 0.113270 0.045700
v -0.008623 0.113525 0.048658
v -0.009605 0.114013 0.052620
v -0.008461 0.114603 0.056524
v -0.005501 0.115137 0.059324
v -0.001514 0.115472 0.060270
v 0.002429 0.115519 0.059109
v 0.005272 0.115263 0.056151
v 0.006253 0.114776 0.052190
v 0.003474 0.116143 0.048970
v 0.001193 0.115534 0.046781
v -0.001891 0.115275 0.046048
v -0.004940 0.115239 0.046947
v -0.007148 0.115632 0.049258
v -0.007907 0.116010 0.052323
v -0.007023 0.116466 0.055342
v -0.004732 0.116879 0.057509
v -0.001640 0.116973 0.058301
v 0.001400 0.117174 0.057342
v 0.003599 0.116977 0.055054
v 0.004358 0.116600 0.051990
v -0.001843 0.117626 0.051977
vn -0.8499 0.3645 -0.3805
vn -0.7352 0.2692 0.6221
vn -0.5783 -0.1924 0.7928
vn -0.8201 0.5658 -0.0858
vn -0.6695 0.2463 -0.7008
vn -0.3458 0.3584 -0.8672
vn 0.6943 0.1337 -0.7071
vn -0.0017 0.4080 -0.9130
vn -0.0479 -0.4802 -0.8759
vn 0.4488 0.3154 -0.8361
vn 0.5389 0.1527 -0.8284
vn 0.8903 -0.0855 -0.4472
vn 0.0278 -0.7779 -0.6278
vn 0.9970 0.0448 0.0630
vn -0.2112 -0.8873 0.4100
vn 0.9010 0.0444 0.4315
vn 0.5456 -0.0544 0.8363
vn 0.5227 0.2138 0.8253
vn 0.8349 0.0867 0.5435
vn -0.0482 -0.3801 0.9237
vn -0.9974 0.0409 0.0586
vn 0.0876 0.9795 -0.1814
vn -0.5188 0.3128 -0.7956
vn 0.9476 -0.1040 0.3022
vn 0.7723 0.2185 -0.5965
vn 0.8327 -0.4872 0.2631
vn 0.0291 -0.7820 0.6227
vn -0.7717 -0.5668 0.2885
vn 0.0123 0.0379 0.9992
vn -0.5805 0.2864 0.7623
vn 0.0084 0.5373 0.8433
vn -0.8290 0.3716 0.4180
vn -0.6960 -0.3515 -0.6260
vn 0.6242 -0.4150 -0.6619
vn -0.5760 -0.4691 -0.6694
vn 0.5324 -0.0913 -0.8416
vn -0.1891 -0.5985 -0.7785
vn 0.6279 -0.6635 -0.4068
vn -0.3457 -0.7458 -0.5694
vn 0.5699 -0.7016 -0.4278
vn -0.4230 -0.7146 -0.5572
vn -0.5722 0.7651 0.2952
vn -0.9787 0.0778 -0.1897
vn -0.4772 0.8181 0.3208
vn -0.9757 -0.0251 -0.2177
vn -0.5962 0.5087 0.6211
vn -0.9524 -0.2347 -0.1944
vn -0.2823 0.1954 0.9392
vn -0.9153 -0.1560 0.3713
vn 0.9925 0.0028 0.1220
vn 0.9841 0.0799 0.1588
vn 0.9838 0.1634 -0.0743
vn 0.8992 0.3569 -0.2531
vn 0.7326 0.6704 -0.1173
vn 0.5130 0.6063 0.6076
vn 0.4754 0.7252 0.4980
vn 0.4106 0.7521 0.5155
vn 0.5183 0.6314 0.5768
vn 0.5891 0.5283 0.6115
vn 0.5108 -0.3633 -0.7792
vn -0.3724 -0.7950 -0.4788
vn -0.1922 -0.0996 -0.9763
vn 0.7676 -0.5377 -0.3489
vn 0.9072 0.1305 -0.3999
vn 0.9507 0.1738 0.2569
vn 0.6097 0.7880 0.0858
vn 0.3683 0.7308 0.5747
vn -0.1352 0.9857 0.1011
vn -0.5224 0.7410 0.4220
vn -0.8944 0.2253 -0.3863
vn -0.9259 0.0168 -0.3774
vn 0.6661 0.2255 -0.7109
vn -0.4570 0.5147 -0.7254
vn 0.2742 0.9505 0.1462
vn -0.0550 -0.6676 -0.7425
vn 0.9217 -0.2044 0.3297
vn -0.0329 -0.8442 0.5350
vn -0.0120 0.1815 0.9833
vn -0.9561 0.0764 0.2830
vn 0.0865 -0.3059 -0.9481
vn -0.5575 0.2312 0.7973
vn -0.9964 0.0265 0.0808
vn 0.8697 -0.1301 0.4762
vn -0.9858 0.1422 -0.0894
vn 0.5184 0.3561 0.7775
vn 0.1176 0.6103 -0.7834
vn 0.9210 0.3327 0.2028
vn 0.2632 0.8293 0.4930
vn -0.6021 0.7699 0.2113
vn -0.8430 0.2211 -0.4903
vn -0.5948 -0.6607 -0.4580
vn -0.8012 -0.0970 -0.5905
vn 0.3628 -0.9315 0.0260
vn -0.5866 -0.6541 -0.4776
vn 0.1116 -0.9935 0.0220
vn -0.5612 -0.7432 0.3643
vn 0.2666 -0.5304 0.8047
vn -0.7884 0.2157 0.5761
vn 0.5761 -0.2009 0.7923
vn -0.5529 0.6847 0.4748
vn 0.3393 -0.8855 -0.3173
vn -0.5296 0.7598 0.3771
vn -0.5737 0.4069 -0.7108
vn -0.6990 0.5628 0.4411
vn -0.3106 0.4325 -0.8465
vn -0.9481 -0.0454 -0.3147
vn -0.4894 -0.2036 -0.8479
vn -0.6820 -0.6363 -0.3605
vn 0.0400 -0.2254 -0.9734
vn 0.1586 -0.9423 -0.2949
vn 0.1736 -0.4623 -0.8696
vn 0.6354 -0.7553 0.1609
vn -0.2810 -0.7769 -0.5634
vn 0.8599 -0.4673 -0.2054
vn 0.1127 -0.8631 -0.4923
vn 0.9069 -0.3126 -0.2824
vn -0.4866 -0.8718 0.0561
vn 0.3255 0.5668 0.7568
vn 0.8440 0.0218 0.5359
vn -0.6648 -0.7359 -0.1287
vn 0.3477 -0.3824 0.8561
vn -0.0898 0.1183 0.9889
vn -0.1975 -0.8656 0.4602
vn -0.5584 -0.6346 0.5343
vn -0.8539 -0.2091 0.4767
vn 0.8205 -0.2662 0.5059
vn -0.1481 -0.3300 0.9323
vn 0.8942 0.2271 -0.3858
vn 0.0294 0.3713 -0.9280
vn -0.8777 0.0487 0.4767
vn -0.8593 0.3488 -0.3741
vn -0.2700 0.3658 -0.8907
vn 0.7061 0.2006 -0.6791
vn 0.9673 -0.0847 0.2390
vn 0.2421 -0.2565 0.9357
vn 0.9369 -0.0529 0.3456
vn 0.2526 -0.1460 0.9565
vn 0.0772 -0.1097 0.9910
vn 0.9743 -0.0749 0.2126
vn 0.7034 0.1370 -0.6975
vn 0.6754 0.1291 -0.7260
vn -0.2495 0.2571 -0.9336
vn -0.2811 0.2403 -0.9291
vn -0.7417 -0.0877 0.6650
vn -0.9502 0.2283 -0.2122
vn -0.7168 -0.0761 0.6931
vn -0.9724 0.1275 -0.1955
vn -0.9468 0.1463 -0.2866
vn -0.7944 -0.0523 0.6051
vn -0.3496 0.6509 -0.6739
vn -0.9704 0.0036 -0.2417
vn -0.6486 0.7587 -0.0610
vn -0.3863 0.2544 -0.8866
vn 0.4477 0.6242 -0.6403
vn 0.7476 0.1031 -0.6561
vn 0.8953 0.3956 0.2047
vn 0.9404 0.1012 0.3247
vn 0.2314 0.2494 0.9404
vn -0.0886 -0.1290 0.9877
vn -0.7151 0.2177 0.6642
vn -0.7681 -0.0884 0.6342
vn 0.3409 0.8638 -0.3709
vn -0.3226 0.7567 0.5687
vn 0.8364 0.2438 0.4909
vn -0.8064 0.4139 -0.4225
vn 0.3987 -0.3613 -0.8429
vn -0.6206 -0.7393 -0.2615
vn 0.4319 -0.8641 0.2585
vn -0.4966 -0.3480 0.7952
vn 0.0237 0.9691 0.2457
vn -0.9888 0.1207 -0.0877
vn -0.5555 0.3348 -0.7612
vn 0.2844 0.1214 -0.9510
vn -0.6006 0.1276 -0.7893
vn 0.6486 0.1588 -0.7444
vn -0.4071 -0.1213 -0.9053
vn 0.2952 0.7077 -0.6419
vn 0.3239 -0.0178 -0.9459
vn 0.3854 0.8742 -0.2955
vn 0.9323 0.0123 -0.3614
vn 0.7926 0.5930 -0.1418
vn 0.9089 -0.2078 0.3615
vn 0.5917 0.7058 0.3896
vn 0.3395 -0.4936 0.8007
vn 0.7311 0.5389 0.4184
vn 0.1914 -0.2165 0.9573
vn 0.9718 0.0026 -0.2358
vn 0.0828 -0.6608 0.7460
vn 0.3685 -0.2501 -0.8953
vn -0.3351 -0.9392 -0.0744
vn -0.1297 -0.5347 -0.8350
vn 0.5804 -0.7006 -0.4152
vn 0.6494 0.0384 -0.7594
vn 0.7222 -0.4400 0.5337
vn 0.8681 0.3271 -0.3735
vn 0.5188 -0.0143 0.8548
vn 0.8005 0.4280 0.4195
vn 0.1132 0.1164 0.9867
vn 0.6792 -0.4359 -0.5905
vn 0.8430 -0.2563 -0.4729
vn 0.8679 0.0234 -0.4962
vn -0.6852 -0.0447 0.7270
vn -0.9429 -0.3331 0.0030
vn -0.6695 -0.3945 0.6294
vn -0.5838 -0.7531 -0.3034
vn -0.3277 -0.8735 0.3600
vn -0.0000 -0.7934 -0.6087
vn 0.5388 -0.7522 -0.3792
vn 0.6642 -0.7277 0.1710
vn 0.0466 -0.5184 0.8538
vn 0.6029 0.2441 0.7596
vn -0.0910 0.2620 0.9608
vn 0.9617 0.2736 0.0189
vn 0.0815 0.8712 0.4842
vn 0.7623 0.6442 0.0633
vn 0.3294 0.9386 -0.1028
vn 0.8255 0.5631 -0.0384
vn 0.3317 0.9428 -0.0347
vn 0.6563 0.7172 0.2341
vn 0.1233 0.8281 0.5468
vn 0.7668 0.2970 0.5691
vn 0.0581 0.2000 0.9781
vn 0.5314 -0.6038 0.5941
vn 0.0023 -0.4137 0.9104
vn -0.4035 -0.6767 0.6158
vn -0.6917 0.3711 0.6195
vn -0.5659 0.7728 0.2873
vn -0.1927 0.9802 0.0460
vn -0.7439 0.6616 0.0945
vn -0.1138 0.9922 -0.0518
vn -0.7711 0.6255 0.1191
vn -0.9099 0.3861 0.1520
vn 0.9960 0.0898 -0.0027
vn 0.5550 -0.8261 -0.0981
vn -0.6719 -0.7387 0.0539
vn -0.9709 0.2306 0.0645
vn 0.7849 0.3012 -0.5415
vn 0.3557 -0.7955 -0.4906
vn -0.6637 -0.3944 -0.6356
vn -0.8216 0.3834 -0.4219
vn -0.7221 0.5415 -0.4305
vn -0.0437 0.6674 -0.7435
vn -0.0143 0.6933 -0.7205
vn 0.8039 0.4833 -0.3467
vn -0.1365 0.4214 -0.8965
vn 0.1160 -0.2040 -0.9721
vn 0.9337 0.1728 0.3135
vn 0.3653 -0.4698 -0.8036
vn 0.7834 0.5890 0.1983
vn 0.7109 -0.6862 -0.1540
vn 0.3560 0.0369 0.9337
vn -0.4047 -0.8977 -0.1743
vn -0.7621 0.1075 0.6385
vn -0.9225 -0.1853 -0.3387
vn -0.3187 0.8496 0.4203
vn -0.8122 -0.2014 -0.5476
vn 0.1946 0.6949 0.6923
vn -0.2155 -0.7349 -0.6430
vn 0.9254 0.2059 0.3182
vn 0.3490 -0.6225 -0.7004
vn 0.7796 0.6057 0.1591
vn 0.7581 -0.6501 -0.0510
vn 0.3429 0.1656 0.9247
vn -0.3700 -0.9256 -0.0799
vn -0.7836 0.1126 0.6110
vn -0.8924 -0.2956 -0.3408
vn -0.3853 0.8793 0.2800
vn -0.7360 -0.3298 -0.5912
vn 0.2137 0.7950 0.5677
vn -0.2108 -0.8149 -0.5399
vn 0.7547 0.5619 0.3388
vn 0.3424 0.3450 0.8739
vn -0.1881 0.9773 0.0976
vn 0.4199 0.8939 -0.1568
vn 0.5327 0.8067 -0.2560
vn 0.0265 0.8408 0.5407
vn -0.4755 0.8500 -0.2269
vn -0.2678 0.9598 -0.0846
vn -0.9102 0.1287 -0.3937
vn -0.0790 0.5502 0.8313
vn -0.7534 0.5385 -0.3773
vn 0.0706 0.9268 -0.3689
vn -0.2917 0.5866 -0.7555
vn 0.1684 0.6371 -0.7521
vn -0.2840 0.7168 -0.6368
vn 0.2496 0.7770 -0.5779
vn -0.1091 0.9899 -0.0905
vn 0.4786 0.8705 -0.1148
vn -0.0416 0.8022 0.5956
vn 0.7110 0.6038 0.3603
vn 0.0640 0.2976 0.9525
vn 0.6226 -0.1940 0.7581
vn -0.5007 -0.2053 0.8409
vn 0.5051 -0.6390 0.5801
vn -0.6201 -0.6461 0.4451
vn 0.5873 -0.8091 0.0225
vn -0.4570 -0.8839 0.0997
vn -0.0850 -0.8560 -0.5100
vn -0.7850 -0.2029 -0.5853
vn 0.0780 -0.2991 -0.9510
vn -0.7113 0.0624 -0.7001
vn 0.0039 -0.1275 -0.9918
vn 0.2579 -0.2262 -0.9393
vn -0.7458 0.6160 0.2536
vn -0.5975 0.7606 -0.2540
vn -0.7938 0.4347 -0.4253
vn 0.9599 0.2595 -0.1063
vn 0.7497 0.0578 -0.6593
vn 0.7772 0.5051 -0.3753
vn 0.8433 -0.0334 -0.5365
vn 0.9908 0.1207 -0.0608
vn 0.7739 0.5139 -0.3700
vn -0.9888 0.1041 -0.1073
vn 0.7811 0.6211 -0.0643
vn 0.6495 -0.7540 -0.0979
vn 0.6066 0.6746 -0.4206
vn 0.8776 -0.2808 0.3885
vn 0.1899 0.8686 0.4577
vn -0.1428 -0.7303 0.6681
vn -0.8704 0.3293 0.3659
vn -0.7666 -0.6417 0.0211
vn -0.6105 0.6596 -0.4385
vn -0.5500 -0.8267 -0.1185
vn -0.0661 0.9741 -0.2162
vn 0.0354 -0.9714 0.2350
vn 0.7878 0.6099 -0.0867
vn 0.6093 -0.7930 -0.0037
vn 0.5642 0.6801 -0.4682
vn 0.8645 -0.2455 0.4386
vn 0.1889 0.8942 0.4058
vn -0.1661 -0.6902 0.7043
vn -0.8688 0.3302 0.3690
vn -0.7688 -0.6377 0.0479
vn -0.5775 0.6480 -0.4966
vn -0.5235 -0.8517 -0.0224
vn -0.0259 0.9507 -0.3091
vn -0.0101 -0.9487 0.3162
vn -0.5863 0.0149 -0.8099
vn -0.1941 0.1777 -0.9648
vn -0.1115 -0.0669 -0.9915
vn -0.6750 0.1790 -0.7157
vn -0.9309 -0.0077 -0.3652
vn -0.9470 0.1749 -0.2696
vn -0.9113 0.0049 0.4117
vn -0.8853 0.1404 0.4433
vn -0.4316 -0.1973 0.8803
vn -0.4058 0.1030 0.9081
vn 0.0302 -0.2224 0.9745
vn 0.0789 0.0832 0.9934
vn 0.5086 -0.1042 0.8547
vn 0.5709 0.1521 0.8068
vn 0.9369 0.0546 0.3452
vn 0.9459 0.2229 0.2356
vn 0.8862 0.1379 -0.4424
vn 0.8584 0.2211 -0.4629
vn 0.4307 -0.0089 -0.9025
vn 0.3911 0.2079 -0.8966
vn 0.4619 -0.4610 0.7578
vn 0.9835 -0.0907 0.1565
vn 0.3420 -0.5176 0.7843
vn 0.9689 -0.0736 -0.2363
vn 0.3338 -0.3819 0.8618
vn 0.9904 -0.1150 -0.0773
vn 0.0863 -0.6319 0.7702
vn 0.0606 0.7083 -0.7033
vn 0.1432 0.7979 0.5855
vn -0.2025 0.2256 -0.9529
vn -0.1525 -0.3247 -0.9334
vn 0.7854 0.0032 -0.6190
vn 0.3162 -0.2858 -0.9046
vn -0.3043 -0.4365 0.8467
vn 0.0677 -0.6050 0.7933
vn 0.2646 -0.7703 0.5802
vn -0.0720 -0.8668 0.4934
vn 0.2706 -0.9179 -0.2903
vn 0.0934 -0.9788 -0.1825
vn -0.0304 -0.5723 -0.8195
vn -0.4622 -0.8293 -0.3141
vn -0.2510 -0.8321 0.4946
vn -0.4081 -0.4886 -0.7712
vn -0.6561 -0.5740 0.4900
vn -0.8633 -0.4829 -0.1466
vn -0.8767 -0.3969 0.2716
vn -0.9671 -0.0731 0.2438
vn -0.3502 0.9022 0.2519
vn 0.6513 -0.6464 -0.3974
vn -0.3110 -0.2357 -0.9207
vn -0.3344 0.2933 -0.8956
vn -0.4650 -0.8641 0.1928
vn 0.1426 -0.2553 0.9563
vn -0.1166 0.2146 0.9697
vn -0.5579 0.7920 0.2478
vn 0.7180 0.6751 -0.1692
vn -0.8561 -0.5096 0.0858
vn 0.1433 -0.2120 -0.9667
vn 0.4211 -0.9044 -0.0685
vn 0.0902 0.2836 -0.9547
vn 0.6468 0.7624 -0.0194
vn -0.7920 0.5669 0.2267
vn 0.3733 0.0016 0.9277
vn 0.0954 -0.0600 0.9936
vn -0.3438 0.8520 0.3948
vn 0.5390 0.7842 0.3075
vn -0.1935 0.8228 -0.5344
vn -0.3613 0.7833 -0.5058
vn -0.1507 -0.8037 -0.5757
vn 0.7511 -0.6467 -0.1328
vn 0.8006 -0.3381 0.4947
vn -0.0934 0.0239 0.9953
vn 0.9812 -0.1616 0.1054
vn -0.0270 0.6867 0.7265
vn 0.9844 0.0837 0.1549
vn -0.0327 0.4107 0.9112
vn -0.0558 -0.4004 -0.9147
vn -0.0700 -0.8322 -0.5500
vn -0.9862 0.0795 0.1454
vn -0.9858 -0.0722 0.1519
vn -0.9242 0.0706 0.3754
vn -0.8789 -0.3419 -0.3326
vn -0.4385 -0.8984 -0.0253
vn -0.9544 -0.1999 -0.2216
vn -0.2577 -0.1830 -0.9487
vn -0.7673 -0.0253 0.6408
vn -0.1387 -0.5958 0.7910
vn 0.2583 0.1763 0.9498
vn 0.5246 -0.7000 0.4845
vn 0.9780 0.1598 0.1341
vn 0.7148 -0.6955 -0.0735
vn 0.9555 0.1204 -0.2692
vn 0.0007 0.2651 -0.9642
vn -0.5571 0.2369 -0.7959
vn 0.5338 0.2817 -0.7973
vn 0.8643 0.2961 -0.4066
vn 0.9238 0.3154 0.2169
vn 0.5787 0.2296 0.7825
vn 0.1090 0.1975 0.9742
vn -0.3735 0.1937 0.9072
vn -0.8525 0.2763 0.4437
vn -0.9191 0.2699 -0.2872
vn -0.7186 0.6906 0.0816
vn -0.2787 0.8596 0.4282
vn 0.4432 0.8133 0.3770
vn 0.3624 0.8970 -0.2533
vn 0.0696 0.9974 -0.0199
vn -0.0033 0.9976 -0.0697
vn -0.1195 0.9373 0.3274
vn -0.7973 -0.0011 0.6036
vn -0.6989 0.7135 0.0491
vn -0.9685 -0.0658 0.2402
vn -0.2785 0.8586 0.4303
vn 0.2141 0.1525 0.9648
vn 0.4497 0.7919 0.4132
vn 0.9297 0.2630 0.2580
vn 0.4132 0.8824 -0.2251
vn 0.9721 -0.1208 -0.2010
vn -0.5662 -0.7858 0.2490
vn -0.1284 -0.7447 0.6549
vn 0.4054 -0.9125 0.0544
vn 0.6979 -0.5694 0.4344
vn -0.9978 0.0393 -0.0526
vn -0.5563 0.7272 -0.4020
vn -0.8752 -0.0311 -0.4827
vn -0.4476 0.8749 0.1850
vn -0.4385 0.1486 0.8863
vn 0.1197 0.7703 0.6263
vn 0.5655 0.2197 0.7950
vn 0.4928 0.8626 0.1146
vn 0.8715 -0.1614 0.4631
vn -0.6320 -0.7425 -0.2219
vn -0.5495 -0.7329 0.4012
vn 0.2369 -0.9343 0.2664
vn 0.2408 -0.6038 0.7599
vn -0.9996 0.0045 0.0287
vn -0.5838 0.7297 -0.3560
vn -0.9317 -0.0601 -0.3582
vn -0.4515 0.8738 0.1807
vn -0.3942 0.1720 0.9028
vn 0.1411 0.7937 0.5917
vn 0.5919 0.2759 0.7573
vn 0.4667 0.8825 0.0587
vn 0.8934 -0.0857 0.4411
vn -0.6171 -0.7745 -0.1390
vn -0.5114 -0.7302 0.4531
vn 0.2678 -0.9210 0.2829
vn 0.2873 -0.5783 0.7636
vn -0.1570 0.8508 0.5015
vn -0.0572 0.9729 0.2242
vn -0.5452 0.8312 -0.1087
vn 0.4634 0.8537 0.2374
vn 0.1127 0.9264 -0.3593
vn -0.4892 0.2753 0.8276
vn -0.9176 -0.1493 0.3684
vn -0.3593 -0.3725 0.8557
vn -0.9459 0.1457 0.2899
vn -0.5249 0.7626 0.3780
vn -0.9579 0.2764 0.0774
vn -0.5442 0.7891 -0.2851
vn -0.9617 0.2185 -0.1653
vn -0.5358 0.3393 -0.7732
vn -0.9551 0.0060 -0.2963
vn -0.5046 -0.3233 -0.8005
vn -0.9418 -0.2366 -0.2387
vn -0.4690 -0.8104 -0.3511
vn -0.9298 -0.3672 -0.0263
vn -0.5206 -0.7818 0.3431
vn -0.9467 -0.2837 0.1523
vn 0.5249 -0.7626 -0.3780
vn 0.0062 -0.5858 -0.8104
vn 0.4893 -0.2754 -0.8275
vn 0.0431 -0.9863 -0.1593
vn 0.5441 -0.7891 0.2850
vn 0.0547 -0.8091 0.5852
vn 0.5357 -0.3393 0.7732
vn 0.0343 -0.1580 0.9868
vn 0.5045 0.3232 0.8006
vn -0.0062 0.5857 0.8105
vn 0.4690 0.8105 0.3511
vn -0.0432 0.9863 0.1593
vn 0.4497 0.8369 -0.3121
vn -0.0548 0.8090 -0.5852
vn 0.4581 0.3872 -0.8002
vn -0.0344 0.1580 -0.9868
vn -0.0431 0.9863 0.1593
vn 0.0344 -0.1580 0.9868
vn 0.0548 -0.8091 0.5851
vn 0.9327 0.0968 -0.3475
vn 0.9459 -0.1457 -0.2899
vn 0.9260 0.3093 -0.2165
vn 0.9298 0.3672 0.0262
vn 0.9418 0.2365 0.2387
vn 0.9551 -0.0061 0.2963
vn 0.9617 -0.2186 0.1653
vn 0.9579 -0.2763 -0.0776
vn -0.9985 -0.0480 0.0271
vn 0.9985 0.0480 -0.0271
vn -0.0480 0.9988 0.0032
vn 0.5357 0.8178 -0.2103
vn -0.0521 0.9830 -0.1759
vn 0.6739 0.7374 0.0461
vn -0.0270 0.8539 0.5197
vn 0.6107 0.5712 0.5484
vn 0.0007 0.4800 0.8772
vn 0.4355 0.2686 0.8592
vn 0.0321 -0.1068 0.9938
vn 0.5229 -0.0690 0.8496
vn 0.4661 -0.4071 0.7855
vn 0.8334 -0.0226 0.5523
vn 0.6645 -0.6189 0.4188
vn 0.9978 0.0392 0.0535
vn 0.7373 -0.6671 -0.1068
vn 0.9490 0.0762 -0.3058
vn 0.6044 -0.7024 -0.3759
vn -0.6224 0.7620 -0.1788
vn -0.7379 0.6697 0.0838
vn -0.9646 0.1144 -0.2375
vn -0.9988 -0.0465 0.0154
vn -0.7471 -0.5829 -0.3194
vn -0.6748 -0.7348 -0.0686
vn -0.0972 -0.9212 -0.3767
vn 0.0445 -0.9919 -0.1191
vn -0.6322 0.5112 0.5822
vn -0.8455 -0.1117 0.5221
vn -0.5540 -0.7007 0.4495
vn 0.0713 -0.9108 0.4067
vn -0.4123 0.2280 0.8821
vn -0.5104 -0.1749 0.8420
vn -0.2938 -0.5276 0.7970
vn 0.1106 -0.6239 0.7736
vn -0.6226 0.7621 -0.1776
vn -0.0450 0.9942 0.0973
vn 0.0794 0.9811 -0.1768
vn -0.7378 0.6697 0.0838
vn -0.9650 0.1142 -0.2362
vn -0.9988 -0.0464 0.0154
vn -0.7473 -0.5833 -0.3182
vn -0.6749 -0.7347 -0.0690
vn -0.0972 -0.9217 -0.3756
vn 0.0442 -0.9918 -0.1198
vn 0.6047 -0.7028 -0.3747
vn 0.7370 -0.6673 -0.1076
vn 0.9471 -0.0549 -0.3161
vn 0.9981 0.0489 -0.0384
vn 0.7295 0.6427 -0.2341
vn 0.6735 0.7377 0.0455
vn 0.5864 0.5932 0.5516
vn -0.0391 0.8033 0.5943
vn -0.6322 0.5112 0.5823
vn -0.8455 -0.1117 0.5222
vn 0.8778 0.0041 0.4789
vn 0.3477 0.3483 0.8705
vn -0.0568 0.4446 0.8939
vn 0.4662 -0.4071 0.7855
vn 0.5643 -0.0045 0.8256
vn -0.8814 0.0590 0.4687
vn -0.8572 0.0007 0.5150
vn -0.9189 -0.0178 0.3941
vn -0.5309 -0.0463 0.8462
vn -0.6952 0.3430 0.6317
vn 0.0043 0.4221 0.9066
vn -0.5108 0.4480 0.7337
vn 0.0018 0.4641 0.8858
vn -0.4700 -0.1356 0.8722
vn 0.0427 -0.3522 0.9349
vn -0.2327 -0.8893 0.3937
vn 0.0550 -0.9205 0.3870
vn -0.9442 0.1877 0.2705
vn -0.9956 0.0890 0.0294
vn -0.9390 0.2986 0.1709
vn -0.5961 0.6647 0.4503
vn -0.5352 0.0008 0.8447
vn -0.1042 0.8199 0.5629
vn 0.0181 0.0600 0.9980
vn 0.4598 0.7604 0.4587
vn 0.5903 -0.0031 0.8072
vn 0.8798 0.0843 0.4679
vn 0.6216 0.0124 0.7832
vn 0.0952 -0.0291 0.9950
vn 0.9351 0.2781 0.2195
vn 0.8957 0.1446 0.4205
vn 0.6922 0.4098 0.5941
vn 0.9826 0.1842 -0.0242
vn 0.9979 -0.0079 -0.0641
vn 0.7705 -0.0264 -0.6368
vn 0.8416 -0.5240 -0.1307
vn 0.5012 -0.6561 -0.5642
vn 0.3614 -0.9271 -0.0991
vn 0.0371 -0.9709 -0.2364
vn 0.0709 -0.9972 -0.0233
vn -0.2301 -0.9704 -0.0737
vn 0.2719 -0.8868 0.3738
vn 0.5713 -0.2181 0.7912
vn 0.4120 -0.9018 0.1303
vn 0.8777 -0.3006 0.3732
vn 0.6448 -0.5349 0.5460
vn 0.9458 0.0515 0.3205
vn 0.2350 0.7395 0.6308
vn 0.8523 -0.1262 0.5076
vn 0.2915 0.6157 0.7321
vn 0.4808 -0.5805 0.6571
vn 0.0712 0.4481 0.8911
vn -0.0407 -0.7135 0.6994
vn -0.2615 0.5059 0.8220
vn -0.5635 -0.5116 0.6487
vn -0.3553 0.6446 0.6770
vn -0.7870 0.0619 0.6138
vn -0.4313 0.2718 0.8603
vn -0.9271 -0.2504 0.2791
vn -0.2654 -0.9605 0.0836
vn -0.8154 -0.3327 0.4737
vn -0.8616 0.2913 0.4156
vn -0.7033 -0.7106 -0.0224
vn -0.9871 -0.1507 -0.0535
vn -0.7552 -0.1024 -0.6474
vn -0.5834 0.6258 -0.5177
vn -0.0347 -0.0820 -0.9960
vn 0.0432 0.7348 -0.6769
vn 0.5923 0.6442 -0.4839
vn 0.9138 0.3877 0.1207
vn 0.9363 0.0715 0.3438
vn -0.0810 -0.6245 -0.7769
vn -0.5400 -0.7242 -0.4289
vn 0.5044 0.4968 0.7062
vn 0.8509 0.3737 0.3691
vn -0.0281 0.8642 0.5024
vn 0.0549 -0.9236 0.3794
vn 0.5846 0.6640 -0.4662
vn 0.4459 0.4534 -0.7718
vn 0.7561 0.4512 -0.4740
vn 0.3400 0.5718 -0.7466
vn 0.7764 0.3690 -0.5109
vn 0.4124 0.3001 -0.8601
vn 0.8560 0.1280 -0.5009
vn 0.4452 0.0564 -0.8936
vn 0.8691 -0.1275 -0.4779
vn 0.4579 -0.2089 -0.8641
vn 0.7843 -0.4169 -0.4594
vn 0.3925 -0.6233 -0.6763
vn 0.3735 -0.9261 -0.0537
vn 0.1691 -0.9699 -0.1753
vn 0.0414 -0.8656 0.4989
vn 0.0454 -0.9949 -0.0904
vn -0.1490 -0.9650 -0.2157
vn 0.0169 -0.7335 -0.6795
vn -0.4097 -0.5807 -0.7036
vn -0.0102 -0.3218 -0.9467
vn -0.4897 -0.2077 -0.8468
vn -0.0266 -0.0106 -0.9996
vn -0.4976 0.0603 -0.8653
vn -0.0373 0.2256 -0.9735
vn -0.4492 0.2696 -0.8518
vn -0.0474 0.4974 -0.8662
vn -0.4332 0.5346 -0.7256
vn -0.0070 0.4579 -0.8890
vn -0.4517 0.4049 -0.7950
vn 0.8167 0.5716 -0.0794
vn 0.7699 0.6302 -0.1009
vn 0.7033 0.6246 0.3396
vn 0.6880 0.6638 0.2932
vn 0.3948 0.6518 0.6475
vn 0.4029 0.6895 0.6019
vn -0.0259 0.6461 0.7628
vn 0.0008 0.6851 0.7284
vn -0.4474 0.6089 0.6551
vn -0.4096 0.6520 0.6381
vn -0.7570 0.5501 0.3527
vn -0.7176 0.5988 0.3555
vn -0.8720 0.4853 -0.0646
vn -0.8404 0.5403 -0.0427
vn -0.7605 0.4318 -0.4849
vn -0.7313 0.5312 -0.4279
vn 0.9643 0.2628 0.0315
vn 0.8055 0.2946 0.5141
vn 0.4498 0.3501 0.8217
vn -0.0247 0.2904 0.9566
vn -0.5576 0.2615 0.7878
vn -0.8709 0.2300 0.4343
vn -0.9850 0.1719 0.0122
vn -0.7907 0.2636 -0.5526
vn -0.8892 0.0061 -0.4576
vn -0.8678 -0.2645 -0.4206
vn -0.7270 -0.5770 -0.3722
vn -0.2547 -0.9662 0.0400
vn -0.0752 -0.8177 0.5707
vn 0.0559 -0.2932 0.9544
vn -0.1079 -0.3073 0.9455
vn 0.0612 -0.8683 0.4922
vn -0.0937 -0.4230 0.9013
vn -0.2974 -0.8920 0.3405
vn -0.9142 -0.2844 0.2886
vn -0.8075 -0.2249 0.5453
vn -0.8274 -0.2103 0.5208
vn -0.7015 -0.6759 0.2258
vn -0.4041 -0.3177 0.8578
vn -0.0955 -0.8815 0.4624
vn 0.0549 -0.9111 0.4085
vn 0.2641 -0.8379 0.4777
vn 0.0450 -0.4257 0.9038
vn 0.5122 -0.1225 0.8501
vn 0.8089 -0.3752 0.4527
vn 0.2942 -0.9192 0.2616
vn 0.2861 -0.5004 0.8172
vn 0.0999 -0.2969 0.9497
vn 0.3185 -0.7884 0.5262
vn 0.8100 -0.5844 0.0493
vn 0.8957 -0.2712 0.3524
vn 0.9138 -0.0626 0.4013
vn 0.7248 0.4398 -0.5303
vn 0.3827 0.3918 -0.8367
vn -0.0547 0.3609 -0.9310
vn -0.4866 0.3581 -0.7968
vn -0.7969 0.3757 -0.4731
vn -0.9043 0.4259 -0.0290
vn -0.7716 0.4928 0.4022
vn -0.4392 0.5525 0.7084
vn 0.0086 0.5993 0.8005
vn 0.4351 0.5978 0.6734
vn 0.7520 0.5628 0.3430
vn 0.8565 0.5068 -0.0978
vn 0.3837 0.8122 -0.4394
vn 0.1628 0.7793 -0.6051
vn -0.0928 0.7617 -0.6412
vn -0.3421 0.7553 -0.5591
vn -0.5302 0.7720 -0.3505
vn -0.5865 0.8079 -0.0575
vn -0.4884 0.8482 0.2050
vn -0.2532 0.8887 0.3823
vn 0.0093 0.9047 0.4259
vn 0.2603 0.9050 0.3364
vn 0.4541 0.8842 0.1095
vn 0.5003 0.8495 -0.1677
vn -0.0514 0.9883 -0.1434
vt 0.768900 0.636000
vt 0.781600 0.646200
vt 0.776400 0.575400
vt 0.783000 0.851900
vt 0.767300 0.842600
vt 0.778500 0.933300
vt 0.643600 0.989000
vt 0.741300 0.811400
vt 0.741300 0.965600
vt 0.704200 0.811400
vt 0.663600 0.907700
vt 0.652400 0.848000
vt 0.638300 0.844900
vt 0.599000 0.811400
vt 0.561100 0.844900
vt 0.534100 0.848000
vt 0.525200 0.908500
vt 0.421400 0.811400
vt 0.421700 0.988100
vt 0.375600 0.811400
vt 0.087600 0.907700
vt 0.098900 0.848000
vt 0.113000 0.844900
vt 0.047000 0.811400
vt 0.107700 0.989000
vt 0.010000 0.811400
vt 0.010000 0.965600
vt 0.460600 0.040800
vt 0.441300 0.184000
vt 0.455800 0.044300
vt 0.445500 0.183400
vt 0.408100 0.006400
vt 0.373900 0.061400
vt 0.373900 0.006400
vt 0.339600 0.006500
vt 0.373900 0.048400
vt 0.339500 0.054300
vt 0.373900 0.102500
vt 0.287200 0.040800
vt 0.302300 0.031600
vt 0.291900 0.044300
vt 0.306400 0.184000
vt 0.933900 0.529700
vt 0.929900 0.545400
vt 0.933200 0.545400
vt 0.930000 0.529800
vt 0.934000 0.526600
vt 0.931200 0.526600
vt 0.926500 0.511500
vt 0.923100 0.511200
vt 0.921800 0.525300
vt 0.923600 0.525400
vt 0.921900 0.530100
vt 0.923600 0.530100
vt 0.923100 0.545500
vt 0.924500 0.545500
vt 0.901600 0.958700
vt 0.991000 0.882000
vt 0.984300 0.951800
vt 0.901600 0.871000
vt 0.884300 0.956400
vt 0.884300 0.869600
vt 0.801700 0.924700
vt 0.801700 0.845700
vt 0.989700 0.590900
vt 0.901600 0.635300
vt 0.884200 0.638800
vt 0.801700 0.649300
vt 0.801700 0.586400
vt 0.884200 0.554700
vt 0.901800 0.551600
vt 0.982800 0.510800
vt 0.783600 0.333400
vt 0.850100 0.306700
vt 0.784200 0.259800
vt 0.849100 0.343600
vt 0.787400 0.434300
vt 0.854900 0.394200
vt 0.786700 0.448000
vt 0.853800 0.401100
vt 0.782700 0.370200
vt 0.847800 0.362100
vt 0.784200 0.276400
vt 0.850100 0.315000
vt 0.146300 0.308400
vt 0.146300 0.393900
vt 0.146300 0.368700
vt 0.092900 0.308400
vt 0.092900 0.368700
vt 0.092900 0.393900
vt 0.936800 0.593800
vt 0.941600 0.593600
vt 0.938300 0.591300
vt 0.943500 0.591000
vt 0.946900 0.593800
vt 0.373900 0.040600
vt 0.373900 0.167900
vt 0.329600 0.988100
vt 0.329900 0.811400
vt 0.226100 0.908500
vt 0.217100 0.848000
vt 0.190200 0.844900
vt 0.152300 0.811400
vt 0.408400 0.054300
vt 0.759400 0.350100
vt 0.869000 0.399600
vt 0.862400 0.360500
vt 0.862400 0.311000
vt 0.867500 0.302200
vt 0.893900 0.283400
vt 0.896200 0.310400
vt 0.919300 0.279400
vt 0.920600 0.299300
vt 0.924700 0.304400
vt 0.922900 0.332300
vt 0.921600 0.312400
vt 0.896200 0.351000
vt 0.893900 0.328600
vt 0.901700 0.328800
vt 0.901100 0.358700
vt 0.929000 0.324900
vt 0.928900 0.357500
vt 0.967700 0.332400
vt 0.969900 0.360800
vt 0.972000 0.330400
vt 0.977000 0.359900
vt 0.864600 0.304500
vt 0.864900 0.351000
vt 0.878100 0.320400
vt 0.901800 0.406700
vt 0.901800 0.408200
vt 0.866300 0.302800
vt 0.928900 0.406700
vt 0.928900 0.405100
vt 0.967700 0.389400
vt 0.972000 0.401100
vt 0.869200 0.400700
vt 0.675300 0.433300
vt 0.707800 0.474200
vt 0.679300 0.478600
vt 0.708000 0.438100
vt 0.639500 0.388600
vt 0.652100 0.380300
vt 0.615900 0.404200
vt 0.586200 0.367800
vt 0.578500 0.424800
vt 0.547900 0.392000
vt 0.531600 0.397600
vt 0.533700 0.319800
vt 0.515200 0.325900
vt 0.540500 0.254400
vt 0.522500 0.254500
vt 0.533200 0.331300
vt 0.547600 0.400400
vt 0.578300 0.429100
vt 0.585800 0.378800
vt 0.615600 0.410800
vt 0.651800 0.387900
vt 0.708000 0.428500
vt 0.591400 0.307900
vt 0.595100 0.254400
vt 0.590700 0.321900
vt 0.728200 0.310200
vt 0.725600 0.254500
vt 0.727800 0.317600
vt 0.709000 0.362400
vt 0.742000 0.359300
vt 0.740800 0.433300
vt 0.709100 0.355600
vt 0.742500 0.314900
vt 0.740300 0.254500
vt 0.235900 0.381000
vt 0.235900 0.303400
vt 0.138900 0.381000
vt 0.138900 0.303400
vt 0.041900 0.381000
vt 0.041900 0.303400
vt 0.707700 0.487900
vt 0.680300 0.487900
vt 0.707800 0.471100
vt 0.558400 0.004500
vt 0.514000 0.240600
vt 0.514000 0.004500
vt 0.556800 0.240600
vt 0.607800 0.004500
vt 0.606500 0.240600
vt 0.664100 0.004500
vt 0.665500 0.240600
vt 0.708700 0.004700
vt 0.714200 0.240600
vt 0.752700 0.004700
vt 0.752700 0.240600
vt 0.796700 0.004700
vt 0.791300 0.240600
vt 0.841400 0.004500
vt 0.839900 0.240600
vt 0.897600 0.004500
vt 0.899000 0.240600
vt 0.947000 0.004500
vt 0.948600 0.240600
vt 0.991500 0.004500
vt 0.991500 0.240600
vt 0.804200 0.523700
vt 0.766400 0.637000
vt 0.766300 0.517200
vt 0.834600 0.685200
vt 0.850800 0.587800
vt 0.926300 0.755500
vt 0.927700 0.615000
vt 0.970600 0.755700
vt 0.974400 0.620100
vt 0.988300 0.755700
vt 0.984200 0.614500
vt 0.969200 0.896300
vt 0.991500 0.899800
vt 0.927700 0.899300
vt 0.850800 0.926500
vt 0.834600 0.820500
vt 0.804200 0.969700
vt 0.766400 0.846800
vt 0.766400 0.982700
vt 0.926700 0.558500
vt 0.923900 0.562200
vt 0.926500 0.562200
vt 0.924200 0.558500
vt 0.935000 0.550000
vt 0.935200 0.551600
vt 0.947800 0.550000
vt 0.947300 0.551700
vt 0.957100 0.555600
vt 0.954900 0.555600
vt 0.950200 0.548000
vt 0.956100 0.562700
vt 0.959600 0.562700
vt 0.933600 0.548000
vt 0.937500 0.546600
vt 0.945800 0.546700
vt 0.941900 0.535400
vt 0.947500 0.535600
vt 0.941900 0.528100
vt 0.948000 0.528900
vt 0.941800 0.525600
vt 0.948100 0.525300
vt 0.935900 0.527600
vt 0.935700 0.526400
vt 0.936300 0.535600
vt 0.479300 0.404400
vt 0.404800 0.410000
vt 0.472500 0.409900
vt 0.398000 0.404600
vt 0.465800 0.415400
vt 0.411600 0.415500
vt 0.465900 0.459300
vt 0.472600 0.464800
vt 0.411700 0.459400
vt 0.404900 0.464900
vt 0.479400 0.470200
vt 0.398100 0.470300
vt 0.736700 0.469100
vt 0.735700 0.487800
vt 0.069300 0.022800
vt 0.012000 0.121900
vt 0.126500 0.121900
vt 0.183800 0.022800
vt 0.241000 0.121900
vt 0.010000 0.664600
vt 0.049500 0.664600
vt 0.010000 0.506500
vt 0.052400 0.506500
vt 0.741300 0.664600
vt 0.701800 0.664600
vt 0.639100 0.664600
vt 0.547700 0.664600
vt 0.421000 0.664600
vt 0.375600 0.664600
vt 0.330300 0.664600
vt 0.203600 0.664600
vt 0.698800 0.506500
vt 0.633400 0.506500
vt 0.554700 0.506500
vt 0.422900 0.506500
vt 0.375600 0.506500
vt 0.328300 0.506500
vt 0.196600 0.506500
vt 0.112200 0.664600
vt 0.117900 0.506500
vt 0.069300 0.221100
vt 0.183800 0.221100
vt 0.373900 0.228300
vt 0.316900 0.228300
vt 0.373900 0.236000
vt 0.430800 0.228300
vt 0.420400 0.236000
vt 0.327300 0.236000
vt 0.945900 0.602800
vt 0.937200 0.602800
vt 0.941500 0.602800
vt 0.741300 0.506500
vt 0.152500 0.435400
vt 0.125600 0.321000
vt 0.126100 0.435400
vt 0.152500 0.321000
vt 0.173500 0.435400
vt 0.173600 0.321000
vt 0.192800 0.435400
vt 0.192800 0.321000
vt 0.219100 0.435400
vt 0.219100 0.321000
vt 0.240600 0.435400
vt 0.240100 0.321000
vt 0.043700 0.435400
vt 0.015400 0.321000
vt 0.016500 0.435400
vt 0.043200 0.321000
vt 0.086100 0.435400
vt 0.086300 0.321000
vt 0.016500 0.495700
vt 0.043700 0.495700
vt 0.086100 0.495700
vt 0.126100 0.495700
vt 0.152500 0.495700
vt 0.173500 0.495700
vt 0.192800 0.495700
vt 0.219100 0.495700
vt 0.240600 0.495700
vt 0.182300 0.255900
vt 0.500000 1.000000
vt 0.806200 0.806200
vt 0.500000 0.933000
vt 0.853600 0.853600
vt 0.500000 0.667500
vt 0.618400 0.618400
vt 0.500000 0.500000
vt 0.667500 0.500000
vt 0.618400 0.381600
vt 0.933000 0.500000
vt 0.806200 0.193800
vt 1.000000 0.500000
vt 0.853600 0.146400
vt 0.193800 0.806200
vt 0.146400 0.853600
vt 0.067000 0.500000
vt 0.000000 0.500000
vt 0.193800 0.193800
vt 0.146400 0.146400
vt 0.500000 0.067000
vt 0.500000 0.000000
vt 0.381600 0.618400
vt 0.332500 0.500000
vt 0.381600 0.381600
vt 0.500000 0.332500
vt 0.155400 0.923300
vt 0.161400 0.979800
vt 0.177500 0.950200
vt 0.121800 0.965200
vt 0.115600 0.903900
vt 0.085200 0.914500
vt 0.060600 0.881400
vt 0.040500 0.884000
vt 0.044200 0.846700
vt 0.016100 0.848000
vt 0.050100 0.840400
vt 0.024500 0.841500
vt 0.298100 0.929800
vt 0.303300 0.922600
vt 0.295200 0.926300
vt 0.306900 0.925800
vt 0.300800 0.933500
vt 0.307600 0.938500
vt 0.298900 0.937500
vt 0.295900 0.940300
vt 0.295000 0.937900
vt 0.291600 0.941300
vt 0.291000 0.937400
vt 0.294000 0.935500
vt 0.290400 0.933500
vt 0.306300 0.918300
vt 0.319000 0.918300
vt 0.303900 0.913100
vt 0.317600 0.913200
vt 0.300800 0.909600
vt 0.313200 0.909700
vt 0.299700 0.908600
vt 0.092000 0.950200
vt 0.114400 0.837900
vt 0.114600 0.844000
vt 0.199900 0.835400
vt 0.209900 0.837700
vt 0.126700 0.800000
vt 0.128800 0.798100
vt 0.072700 0.785500
vt 0.070400 0.782500
vt 0.053500 0.780900
vt 0.049300 0.777400
vt 0.116500 0.876500
vt 0.197400 0.869600
vt 0.202400 0.799500
vt 0.177600 0.773100
vt 0.167900 0.765900
vt 0.222000 0.838200
vt 0.320100 0.936500
vt 0.326000 0.918300
vt 0.326100 0.936000
vt 0.324100 0.913200
vt 0.208400 0.207700
vt 0.192700 0.207700
vt 0.200300 0.197900
vt 0.189700 0.227600
vt 0.208400 0.227700
vt 0.191100 0.229700
vt 0.197900 0.231600
vt 0.224000 0.207700
vt 0.216500 0.197900
vt 0.227000 0.227600
vt 0.225700 0.229700
vt 0.208400 0.195000
vt 0.208400 0.232300
vt 0.218800 0.231600
vt 0.487000 0.694800
vt 0.487100 0.708000
vt 0.488100 0.694900
vt 0.487200 0.677700
vt 0.488600 0.677800
vt 0.487200 0.663000
vt 0.488600 0.663100
vt 0.487000 0.589800
vt 0.488200 0.590000
vt 0.485400 0.528400
vt 0.485500 0.707900
vt 0.485500 0.694600
vt 0.484500 0.707800
vt 0.483900 0.694500
vt 0.482800 0.694400
vt 0.485400 0.677500
vt 0.483700 0.677400
vt 0.482300 0.677200
vt 0.485400 0.589600
vt 0.483800 0.589400
vt 0.485400 0.662800
vt 0.483600 0.662600
vt 0.482300 0.662500
vt 0.482600 0.589300
vt 0.051400 0.051200
vt 0.036800 0.149700
vt 0.036800 0.051200
vt 0.051400 0.149700
vt 0.066100 0.051200
vt 0.066100 0.149700
vt 0.080700 0.051200
vt 0.080700 0.149700
vt 0.095300 0.051200
vt 0.095300 0.149700
vt 0.110000 0.051200
vt 0.110000 0.149700
vt 0.124600 0.051200
vt 0.124600 0.149700
vt 0.139200 0.051200
vt 0.139200 0.149700
vt 0.153900 0.051200
vt 0.153900 0.149700
vt 0.168500 0.051200
vt 0.168500 0.149700
vt 0.183100 0.051200
vt 0.183100 0.149700
vt 0.197700 0.051200
vt 0.197700 0.149700
vt 0.212400 0.051200
vt 0.212400 0.149700
vt 0.036800 0.175100
vt 0.051400 0.175100
vt 0.066100 0.175100
vt 0.080700 0.175100
vt 0.095300 0.175100
vt 0.110000 0.175100
vt 0.124600 0.175100
vt 0.139200 0.175100
vt 0.153900 0.175100
vt 0.168500 0.175100
vt 0.183100 0.175100
vt 0.197700 0.175100
vt 0.212400 0.175100
vt 0.124600 0.203300
s 1
f 3/1/1 2/2/2 1/3/3
f 3/1/1 4/4/4 2/2/2
f 5/5/5 4/4/4 3/1/1
f 5/5/5 6/6/6 4/4/4
f 9/7/7 8/8/8 7/9/9
f 9/7/7 10/10/10 8/8/8
f 11/11/11 10/10/10 9/7/7
f 11/11/11 12/12/12 10/10/10
f 13/13/13 12/12/12 11/11/11
f 13/13/13 14/14/14 12/12/12
f 15/15/15 14/14/14 13/13/13
f 15/15/15 16/16/16 14/14/14
f 17/17/17 16/16/16 15/15/15
f 17/17/17 18/18/18 16/16/16
f 19/19/19 18/18/18 17/17/17
f 19/19/19 20/20/20 18/18/18
f 6/21/6 22/22/21 21/23/22
f 6/21/6 23/24/23 22/22/21
f 5/25/5 23/24/23 6/21/6
f 5/25/5 8/26/8 23/24/23
f 7/27/9 8/26/8 5/25/5
f 25/28/24 9/29/7 24/30/25
f 25/28/24 19/31/19 9/29/7
f 26/32/26 19/31/19 25/28/24
f 26/32/26 20/33/20 19/31/19
f 27/34/27 20/33/20 26/32/26
f 27/34/27 28/35/28 20/33/20
f 29/36/29 28/35/28 27/34/27
f 29/36/29 30/37/30 28/35/28
f 31/38/31 30/37/30 29/36/29
f 32/39/32 28/35/28 30/37/30
f 32/39/32 3/40/1 28/35/28
f 33/41/33 3/40/1 32/39/32
f 33/41/33 5/42/5 3/40/1
f 36/43/34 35/44/35 34/45/36
f 36/43/34 37/46/37 35/44/35
f 38/47/38 37/46/37 36/43/34
f 38/47/38 39/48/39 37/46/37
f 40/49/40 39/48/39 38/47/38
f 40/49/40 41/50/41 39/48/39
f 44/51/42 43/50/43 42/49/44
f 44/51/42 45/52/45 43/50/43
f 46/53/46 45/52/45 44/51/42
f 46/53/46 47/54/47 45/52/45
f 48/55/48 47/54/47 46/53/46
f 48/55/48 49/56/49 47/54/47
f 39/48/39 47/54/47 37/46/37
f 39/48/39 45/52/45 47/54/47
f 41/50/41 45/52/45 39/48/39
f 41/50/41 43/50/43 45/52/45
f 38/57/38 50/58/50 40/59/40
f 38/57/38 51/60/51 50/58/50
f 36/61/34 51/60/51 38/57/38
f 36/61/34 52/62/52 51/60/51
f 34/63/36 52/62/52 36/61/34
f 34/63/36 53/64/53 52/62/52
f 11/6/11 53/64/53 34/63/36
f 11/6/11 54/4/54 53/64/53
f 9/5/7 54/4/54 11/6/11
f 9/5/7 55/2/55 54/4/54
f 19/1/19 55/2/55 9/5/7
f 19/1/19 17/3/17 55/2/55
f 51/60/51 56/65/56 50/58/50
f 51/60/51 57/66/57 56/65/56
f 52/62/52 57/66/57 51/60/51
f 52/62/52 58/67/58 57/66/57
f 53/64/53 58/67/58 52/62/52
f 53/64/53 59/68/59 58/67/58
f 54/4/54 59/68/59 53/64/53
f 54/4/54 55/2/55 59/68/59
f 48/69/48 55/2/55 17/3/17
f 48/69/48 59/68/59 55/2/55
f 46/70/46 59/68/59 48/69/48
f 46/70/46 58/67/58 59/68/59
f 44/71/42 58/67/58 46/70/46
f 44/71/42 57/66/57 58/67/58
f 42/72/44 57/66/57 44/71/42
f 42/72/44 56/65/56 57/66/57
f 62/73/60 61/74/61 60/75/62
f 62/73/60 63/76/63 61/74/61
f 64/77/64 63/76/63 62/73/60
f 64/77/64 65/78/65 63/76/63
f 66/79/66 65/78/65 64/77/64
f 66/79/66 67/80/67 65/78/65
f 68/81/68 67/80/67 66/79/66
f 68/81/68 69/82/69 67/80/67
f 70/83/70 69/82/69 68/81/68
f 70/83/70 71/84/71 69/82/69
f 74/85/72 73/86/73 72/87/74
f 74/85/72 75/85/75 73/86/73
f 76/88/76 75/85/75 74/85/72
f 76/88/76 77/88/77 75/85/75
f 78/89/78 77/88/77 76/88/76
f 78/89/78 79/90/79 77/88/77
f 72/87/74 79/90/79 78/89/78
f 72/87/74 73/86/73 79/90/79
f 17/91/17 49/92/49 48/92/48
f 49/92/49 17/91/17 15/93/15
f 15/93/15 35/92/35 49/92/49
f 35/92/35 15/93/15 13/94/13
f 11/95/11 35/92/35 13/94/13
f 35/92/35 11/95/11 34/92/36
f 80/96/80 9/29/7 7/97/9
f 9/29/7 80/96/80 24/30/25
f 7/97/9 33/41/33 80/96/80
f 33/41/33 7/97/9 5/42/5
f 3/98/1 81/99/81 20/20/20
f 81/99/81 3/98/1 1/100/3
f 1/100/3 82/101/82 81/99/81
f 82/101/82 1/100/3 83/102/83
f 21/23/22 82/101/82 83/102/83
f 82/101/82 21/23/22 84/103/84
f 22/22/21 84/103/84 21/23/22
f 26/32/26 29/36/29 27/34/27
f 29/36/29 26/32/26 85/104/85
f 25/28/24 85/104/85 26/32/26
f 29/36/29 85/104/85 31/38/31
f 3/40/1 20/33/20 28/35/28
f 35/44/35 47/54/47 49/56/49
f 47/54/47 35/44/35 37/46/37
f 61/74/61 70/83/70 60/75/62
f 70/83/70 61/74/61 71/84/71
f 86/105/86 66/79/66 64/77/64
f 66/79/66 86/105/86 68/81/68
f 70/83/70 68/81/68 86/105/86
f 62/73/60 86/105/86 64/77/64
f 86/105/86 62/73/60 60/75/62
f 86/105/86 60/75/62 70/83/70
f 75/85/75 79/90/79 73/86/73
f 79/90/79 75/85/75 77/88/77
f 72/87/74 76/88/76 74/85/72
f 76/88/76 72/87/74 78/89/78
f 67/80/67 87/106/87 65/78/65
f 67/80/67 88/106/88 87/106/87
f 69/82/69 88/106/88 67/80/67
f 69/82/69 89/107/89 88/106/88
f 71/84/71 89/107/89 69/82/69
f 71/84/71 90/108/90 89/107/89
f 91/109/91 90/108/90 71/84/71
f 91/109/91 92/110/92 90/108/90
f 93/111/93 92/110/92 91/109/91
f 93/111/93 94/112/94 92/110/92
f 95/113/95 94/112/94 93/111/93
f 95/113/95 96/114/96 94/112/94
f 97/115/97 96/114/96 95/113/95
f 97/115/97 98/116/98 96/114/96
f 99/117/99 98/116/98 97/115/97
f 99/117/99 100/118/100 98/116/98
f 89/107/89 100/118/100 99/117/99
f 89/107/89 92/110/92 100/118/100
f 90/108/90 92/110/92 89/107/89
f 93/111/93 97/115/97 95/113/95
f 93/111/93 99/117/99 97/115/97
f 101/119/101 99/117/99 93/111/93
f 101/119/101 102/120/102 99/117/99
f 103/121/103 102/120/102 101/119/101
f 103/121/103 104/122/104 102/120/102
f 105/123/105 104/122/104 103/121/103
f 105/123/105 106/124/106 104/122/104
f 107/125/107 106/124/106 105/123/105
f 107/125/107 108/126/108 106/124/106
f 109/123/109 108/126/108 107/125/107
f 109/123/109 110/124/110 108/126/108
f 111/121/111 110/124/110 109/123/109
f 111/121/111 112/122/112 110/124/110
f 113/119/113 112/122/112 111/121/111
f 113/119/113 114/120/114 112/122/112
f 115/127/115 114/120/114 113/119/113
f 115/127/115 116/128/116 114/120/114
f 63/76/63 116/128/116 115/127/115
f 63/76/63 87/106/87 116/128/116
f 65/78/65 87/106/87 63/76/63
f 105/123/105 109/123/109 107/125/107
f 105/123/105 111/121/111 109/123/109
f 103/121/103 111/121/111 105/123/105
f 103/121/103 113/119/113 111/121/111
f 101/119/101 113/119/113 103/121/103
f 101/119/101 117/129/117 113/119/113
f 93/111/93 117/129/117 101/119/101
f 93/111/93 91/109/91 117/129/117
f 102/120/102 89/107/89 99/117/99
f 102/120/102 88/106/88 89/107/89
f 118/130/118 88/106/88 102/120/102
f 118/130/118 87/106/87 88/106/88
f 119/131/119 87/106/87 118/130/118
f 119/131/119 116/128/116 87/106/87
f 114/120/114 116/128/116 119/131/119
f 115/127/115 61/74/61 63/76/63
f 115/127/115 120/132/120 61/74/61
f 113/119/113 120/132/120 115/127/115
f 113/119/113 117/129/117 120/132/120
f 119/131/119 112/122/112 114/120/114
f 119/131/119 121/133/121 112/122/112
f 118/130/118 121/133/121 119/131/119
f 118/130/118 122/134/122 121/133/121
f 102/120/102 122/134/122 118/130/118
f 102/120/102 104/122/104 122/134/122
f 121/133/121 110/124/110 112/122/112
f 121/133/121 123/135/123 110/124/110
f 122/134/122 123/135/123 121/133/121
f 122/134/122 124/136/124 123/135/123
f 125/135/125 124/136/124 122/134/122
f 125/135/125 108/126/108 124/136/124
f 106/124/106 108/126/108 125/135/125
f 92/110/92 98/116/98 100/118/100
f 98/116/98 92/110/92 94/112/94
f 98/116/98 94/112/94 96/114/96
f 91/109/91 120/132/120 117/129/117
f 120/132/120 91/109/91 61/74/61
f 71/84/71 61/74/61 91/109/91
f 108/126/108 123/135/123 124/136/124
f 123/135/123 108/126/108 110/124/110
f 104/122/104 125/135/125 122/134/122
f 125/135/125 104/122/104 106/124/106
f 127/92/126 1/91/3 126/92/127
f 127/92/126 83/93/83 1/91/3
f 128/92/128 83/93/83 127/92/126
f 128/92/128 21/94/22 83/93/83
f 129/92/129 21/94/22 128/92/128
f 129/92/129 6/95/6 21/94/22
f 2/2/2 126/69/127 1/3/3
f 2/2/2 130/68/130 126/69/127
f 4/4/4 130/68/130 2/2/2
f 4/4/4 131/64/131 130/68/130
f 6/6/6 131/64/131 4/4/4
f 6/6/6 129/63/129 131/64/131
f 128/44/128 132/43/132 129/45/129
f 128/44/128 133/46/133 132/43/132
f 127/56/126 133/46/133 128/44/128
f 127/56/126 134/54/134 133/46/133
f 126/55/127 134/54/134 127/56/126
f 126/55/127 135/53/135 134/54/134
f 138/50/136 137/51/137 136/49/138
f 138/50/136 139/52/139 137/51/137
f 140/50/140 139/52/139 138/50/136
f 140/50/140 141/48/141 139/52/139
f 142/49/142 141/48/141 140/50/140
f 142/49/142 143/47/143 141/48/141
f 139/52/139 135/53/135 137/51/137
f 139/52/139 134/54/134 135/53/135
f 141/48/141 134/54/134 139/52/139
f 141/48/141 133/46/133 134/54/134
f 143/47/143 133/46/133 141/48/141
f 143/47/143 132/43/132 133/46/133
f 130/68/130 135/70/135 126/69/127
f 130/68/130 144/67/144 135/70/135
f 131/64/131 144/67/144 130/68/130
f 131/64/131 145/62/145 144/67/144
f 129/63/129 145/62/145 131/64/131
f 129/63/129 132/61/132 145/62/145
f 144/67/144 137/71/137 135/70/135
f 144/67/144 146/66/146 137/71/137
f 145/62/145 146/66/146 144/67/144
f 145/62/145 147/60/147 146/66/146
f 132/61/132 147/60/147 145/62/145
f 132/61/132 143/57/143 147/60/147
f 148/58/148 143/57/143 142/59/142
f 148/58/148 147/60/147 143/57/143
f 149/65/149 147/60/147 148/58/148
f 149/65/149 146/66/146 147/60/147
f 136/72/138 146/66/146 149/65/149
f 136/72/138 137/71/137 146/66/146
f 152/73/150 151/78/151 150/77/152
f 152/73/150 153/76/153 151/78/151
f 154/75/154 153/76/153 152/73/150
f 154/75/154 155/74/155 153/76/153
f 156/83/156 155/74/155 154/75/154
f 156/83/156 157/84/157 155/74/155
f 158/81/158 157/84/157 156/83/156
f 158/81/158 159/82/159 157/84/157
f 160/79/160 159/82/159 158/81/158
f 160/79/160 161/80/161 159/82/159
f 164/88/162 163/89/163 162/90/164
f 164/88/162 165/88/165 163/89/163
f 166/85/166 165/88/165 164/88/162
f 166/85/166 167/85/167 165/88/165
f 168/86/168 167/85/167 166/85/166
f 168/86/168 169/87/169 167/85/167
f 162/90/164 169/87/169 168/86/168
f 162/90/164 163/89/163 169/87/169
f 151/78/151 160/79/160 150/77/152
f 160/79/160 151/78/151 161/80/161
f 170/105/170 150/77/152 160/79/160
f 150/77/152 170/105/170 152/73/150
f 154/75/154 152/73/150 170/105/170
f 158/81/158 170/105/170 160/79/160
f 170/105/170 158/81/158 156/83/156
f 170/105/170 156/83/156 154/75/154
f 169/87/169 165/88/165 167/85/167
f 165/88/165 169/87/169 163/89/163
f 166/85/166 162/90/164 168/86/168
f 162/90/164 166/85/166 164/88/162
f 153/76/153 171/106/171 151/78/151
f 153/76/153 172/128/172 171/106/171
f 173/127/173 172/128/172 153/76/153
f 173/127/173 174/120/174 172/128/172
f 175/119/175 174/120/174 173/127/173
f 175/119/175 176/122/176 174/120/174
f 177/121/177 176/122/176 175/119/175
f 177/121/177 178/124/178 176/122/176
f 179/123/179 178/124/178 177/121/177
f 179/123/179 180/126/180 178/124/178
f 181/125/181 180/126/180 179/123/179
f 181/125/181 182/124/182 180/126/180
f 183/123/183 182/124/182 181/125/181
f 183/123/183 184/122/184 182/124/182
f 185/121/185 184/122/184 183/123/183
f 185/121/185 186/120/186 184/122/184
f 187/119/187 186/120/186 185/121/185
f 187/119/187 188/117/188 186/120/186
f 189/111/189 188/117/188 187/119/187
f 189/111/189 190/115/190 188/117/188
f 191/113/191 190/115/190 189/111/189
f 191/113/191 192/114/192 190/115/190
f 193/112/193 192/114/192 191/113/191
f 193/112/193 194/116/194 192/114/192
f 195/110/195 194/116/194 193/112/193
f 195/110/195 196/118/196 194/116/194
f 197/108/197 196/118/196 195/110/195
f 197/108/197 198/107/198 196/118/196
f 157/84/157 198/107/198 197/108/197
f 157/84/157 159/82/159 198/107/198
f 179/123/179 183/123/183 181/125/181
f 179/123/179 185/121/185 183/123/183
f 177/121/177 185/121/185 179/123/179
f 177/121/177 187/119/187 185/121/185
f 175/119/175 187/119/187 177/121/177
f 175/119/175 199/129/199 187/119/187
f 200/132/200 199/129/199 175/119/175
f 200/132/200 201/109/201 199/129/199
f 155/74/155 201/109/201 200/132/200
f 155/74/155 157/84/157 201/109/201
f 194/116/194 190/115/190 192/114/192
f 194/116/194 188/117/188 190/115/190
f 196/118/196 188/117/188 194/116/194
f 196/118/196 198/107/198 188/117/188
f 189/111/189 193/112/193 191/113/191
f 189/111/189 195/110/195 193/112/193
f 201/109/201 195/110/195 189/111/189
f 201/109/201 197/108/197 195/110/195
f 157/84/157 197/108/197 201/109/201
f 198/107/198 186/120/186 188/117/188
f 198/107/198 202/137/202 186/120/186
f 159/82/159 202/137/202 198/107/198
f 159/82/159 161/80/161 202/137/202
f 171/106/171 161/80/161 151/78/151
f 171/106/171 202/137/202 161/80/161
f 203/131/203 202/137/202 171/106/171
f 203/131/203 204/130/204 202/137/202
f 205/133/205 204/130/204 203/131/203
f 205/133/205 206/134/206 204/130/204
f 207/135/207 206/134/206 205/133/205
f 207/135/207 208/136/208 206/134/206
f 178/124/178 208/136/208 207/135/207
f 178/124/178 180/126/180 208/136/208
f 205/133/205 178/124/178 207/135/207
f 205/133/205 176/122/176 178/124/178
f 203/131/203 176/122/176 205/133/205
f 203/131/203 174/120/174 176/122/176
f 171/106/171 174/120/174 203/131/203
f 171/106/171 172/128/172 174/120/174
f 204/130/204 186/120/186 202/137/202
f 204/130/204 184/122/184 186/120/186
f 206/134/206 184/122/184 204/130/204
f 206/134/206 182/124/182 184/122/184
f 209/135/209 182/124/182 206/134/206
f 209/135/209 180/126/180 182/124/182
f 208/136/208 180/126/180 209/135/209
f 173/127/173 200/132/200 175/119/175
f 200/132/200 173/127/173 155/74/155
f 153/76/153 155/74/155 173/127/173
f 199/129/199 189/111/189 187/119/187
f 189/111/189 199/129/199 201/109/201
f 206/134/206 208/136/208 209/135/209
f 212/138/210 211/139/211 210/140/212
f 212/138/210 213/141/213 211/139/211
f 214/142/214 213/141/213 212/138/210
f 214/142/214 215/143/215 213/141/213
f 216/144/216 215/143/215 214/142/214
f 216/144/216 217/145/217 215/143/215
f 218/146/218 217/145/217 216/144/216
f 218/146/218 219/147/219 217/145/217
f 220/148/220 219/147/219 218/146/218
f 220/148/220 221/149/221 219/147/219
f 222/150/222 221/149/221 220/148/220
f 222/150/222 223/151/223 221/149/221
f 224/152/224 223/151/223 222/150/222
f 224/152/224 225/151/225 223/151/223
f 222/150/222 225/151/225 224/152/224
f 222/150/222 226/153/226 225/151/225
f 220/148/220 226/153/226 222/150/222
f 220/148/220 227/154/227 226/153/226
f 228/155/228 227/154/227 220/148/220
f 228/155/228 229/156/229 227/154/227
f 230/157/230 229/156/229 228/155/228
f 230/157/230 231/158/231 229/156/229
f 214/142/214 231/158/231 230/157/230
f 214/142/214 232/159/232 231/158/231
f 212/138/210 232/159/232 214/142/214
f 230/157/230 216/144/216 214/142/214
f 230/157/230 218/146/218 216/144/216
f 228/155/228 218/146/218 230/157/230
f 228/155/228 220/148/220 218/146/218
f 221/149/221 217/145/217 219/147/219
f 221/149/221 233/160/233 217/145/217
f 223/151/223 233/160/233 221/149/221
f 223/151/223 234/161/234 233/160/233
f 225/151/225 234/161/234 223/151/223
f 225/151/225 235/161/235 234/161/234
f 226/153/226 235/161/235 225/151/225
f 226/153/226 236/162/236 235/161/235
f 227/154/227 236/162/236 226/153/226
f 227/154/227 229/156/229 236/162/236
f 233/160/233 215/143/215 217/145/217
f 233/160/233 237/163/237 215/143/215
f 234/161/234 237/163/237 233/160/233
f 234/161/234 238/164/238 237/163/237
f 235/161/235 238/164/238 234/161/234
f 235/161/235 239/164/239 238/164/238
f 236/162/236 239/164/239 235/161/235
f 236/162/236 240/165/240 239/164/239
f 231/158/231 240/165/240 236/162/236
f 231/158/231 241/166/241 240/165/240
f 232/159/232 241/166/241 231/158/231
f 232/159/232 242/167/242 241/166/241
f 243/168/243 242/167/242 232/159/232
f 243/168/243 244/169/244 242/167/242
f 213/141/213 244/169/244 243/168/243
f 213/141/213 215/143/215 244/169/244
f 237/163/237 244/169/244 215/143/215
f 237/163/237 242/167/242 244/169/244
f 245/170/245 242/167/242 237/163/237
f 245/170/245 241/166/241 242/167/242
f 240/165/240 241/166/241 245/170/245
f 245/170/245 239/164/239 240/165/240
f 245/170/245 246/171/246 239/164/239
f 237/163/237 246/171/246 245/170/245
f 237/163/237 238/164/238 246/171/246
f 249/172/247 248/173/248 247/172/249
f 249/172/247 250/173/250 248/173/248
f 251/174/251 250/173/250 249/172/247
f 251/174/251 252/175/252 250/173/250
f 253/176/253 252/175/252 251/174/251
f 253/176/253 254/177/254 252/175/252
f 255/176/255 254/177/254 253/176/253
f 255/176/255 256/177/256 254/177/254
f 257/174/257 249/172/247 247/172/249
f 257/174/257 251/174/251 249/172/247
f 255/176/255 251/174/251 257/174/257
f 255/176/255 253/176/253 251/174/251
f 252/175/252 248/173/248 250/173/250
f 252/175/252 258/175/258 248/173/248
f 254/177/254 258/175/258 252/175/252
f 254/177/254 256/177/256 258/175/258
f 261/172/259 260/173/260 259/172/261
f 261/172/259 262/173/262 260/173/260
f 263/174/263 262/173/262 261/172/259
f 263/174/263 264/175/264 262/173/262
f 265/176/265 264/175/264 263/174/263
f 265/176/265 266/177/266 264/175/264
f 267/176/267 266/177/266 265/176/265
f 267/176/267 268/177/268 266/177/266
f 269/174/269 261/172/259 259/172/261
f 269/174/269 263/174/263 261/172/259
f 267/176/267 263/174/263 269/174/269
f 267/176/267 265/176/265 263/174/263
f 264/175/264 260/173/260 262/173/262
f 264/175/264 270/175/270 260/173/260
f 266/177/266 270/175/270 264/175/264
f 266/177/266 268/177/268 270/175/270
f 271/178/271 210/140/212 211/139/211
f 210/140/212 271/178/271 272/179/272
f 231/158/231 236/162/236 229/156/229
f 238/164/238 239/164/239 246/171/246
f 275/179/273 274/180/274 273/178/275
f 275/179/273 276/140/276 274/180/274
f 277/178/277 276/140/276 275/179/273
f 277/178/277 278/139/278 276/140/276
f 279/141/279 276/140/276 278/139/278
f 279/141/279 280/138/280 276/140/276
f 281/143/281 280/138/280 279/141/279
f 281/143/281 282/142/282 280/138/280
f 283/144/283 282/142/282 281/143/281
f 283/144/283 284/157/284 282/142/282
f 285/146/285 284/157/284 283/144/283
f 285/146/285 286/155/286 284/157/284
f 287/148/287 286/155/286 285/146/285
f 287/148/287 288/154/288 286/155/286
f 289/150/289 288/154/288 287/148/287
f 289/150/289 290/153/290 288/154/288
f 291/152/291 290/153/290 289/150/289
f 291/152/291 292/151/292 290/153/290
f 293/151/293 292/151/292 291/152/291
f 293/151/293 294/161/294 292/151/292
f 295/161/295 294/161/294 293/151/293
f 295/161/295 296/164/296 294/161/294
f 297/164/297 296/164/296 295/161/295
f 297/164/297 298/171/298 296/164/296
f 299/163/299 298/171/298 297/164/297
f 299/163/299 300/170/300 298/171/298
f 301/169/301 300/170/300 299/163/299
f 301/169/301 302/167/302 300/170/300
f 279/141/279 302/167/302 301/169/301
f 279/141/279 303/168/303 302/167/302
f 289/150/289 293/151/293 291/152/291
f 289/150/289 304/149/304 293/151/293
f 287/148/287 304/149/304 289/150/289
f 287/148/287 305/147/305 304/149/304
f 285/146/285 305/147/305 287/148/287
f 285/146/285 306/145/306 305/147/305
f 283/144/283 306/145/306 285/146/285
f 283/144/283 281/143/281 306/145/306
f 307/159/307 302/167/302 303/168/303
f 307/159/307 308/166/308 302/167/302
f 309/158/309 308/166/308 307/159/307
f 309/158/309 310/165/310 308/166/308
f 311/162/311 310/165/310 309/158/309
f 311/162/311 296/164/296 310/165/310
f 294/161/294 296/164/296 311/162/311
f 311/162/311 292/151/292 294/161/294
f 311/162/311 290/153/290 292/151/292
f 312/156/312 290/153/290 311/162/311
f 312/156/312 288/154/288 290/153/290
f 286/155/286 288/154/288 312/156/312
f 282/142/282 307/159/307 280/138/280
f 282/142/282 309/158/309 307/159/307
f 284/157/284 309/158/309 282/142/282
f 284/157/284 312/156/312 309/158/309
f 286/155/286 312/156/312 284/157/284
f 306/145/306 304/149/304 305/147/305
f 306/145/306 313/160/313 304/149/304
f 281/143/281 313/160/313 306/145/306
f 281/143/281 299/163/299 313/160/313
f 295/161/295 299/163/299 297/164/297
f 295/161/295 313/160/313 299/163/299
f 293/151/293 313/160/313 295/161/295
f 293/151/293 304/149/304 313/160/313
f 316/172/314 315/173/315 314/172/316
f 316/172/314 317/173/317 315/173/315
f 318/174/318 317/173/317 316/172/314
f 318/174/318 319/175/319 317/173/317
f 320/176/320 319/175/319 318/174/318
f 320/176/320 321/177/321 319/175/319
f 322/176/322 321/177/321 320/176/320
f 322/176/322 323/177/323 321/177/321
f 324/174/324 316/172/314 314/172/316
f 324/174/324 318/174/318 316/172/314
f 322/176/322 318/174/318 324/174/324
f 322/176/322 320/176/320 318/174/318
f 319/175/319 315/173/315 317/173/317
f 319/175/319 325/175/325 315/173/315
f 321/177/321 325/175/325 319/175/319
f 321/177/321 323/177/323 325/175/325
f 328/172/326 327/173/327 326/172/328
f 328/172/326 329/173/329 327/173/327
f 330/174/330 329/173/329 328/172/326
f 330/174/330 331/175/331 329/173/329
f 332/176/332 331/175/331 330/174/330
f 332/176/332 333/177/333 331/175/331
f 334/176/334 333/177/333 332/176/332
f 334/176/334 335/177/335 333/177/333
f 336/174/336 328/172/326 326/172/328
f 336/174/336 330/174/330 328/172/326
f 334/176/334 330/174/330 336/174/336
f 334/176/334 332/176/332 330/174/330
f 331/175/331 327/173/327 329/173/329
f 331/175/331 337/175/337 327/173/327
f 333/177/333 337/175/337 331/175/331
f 333/177/333 335/177/335 337/175/337
f 276/140/276 307/159/307 274/180/274
f 307/159/307 276/140/276 280/138/280
f 301/169/301 281/143/281 279/141/279
f 281/143/281 301/169/301 299/163/299
f 308/166/308 300/170/300 302/167/302
f 300/170/300 308/166/308 310/165/310
f 296/164/296 300/170/300 310/165/310
f 300/170/300 296/164/296 298/171/298
f 311/162/311 309/158/309 312/156/312
f 340/181/338 339/182/339 338/183/340
f 340/181/338 341/184/341 339/182/339
f 342/185/342 341/184/341 340/181/338
f 342/185/342 343/186/343 341/184/341
f 344/187/344 343/186/343 342/185/342
f 344/187/344 345/188/345 343/186/343
f 346/189/346 345/188/345 344/187/344
f 346/189/346 347/190/347 345/188/345
f 348/191/348 347/190/347 346/189/346
f 348/191/348 349/192/349 347/190/347
f 350/193/350 349/192/349 348/191/348
f 350/193/350 351/194/351 349/192/349
f 352/195/352 351/194/351 350/193/350
f 352/195/352 353/196/353 351/194/351
f 354/197/354 353/196/353 352/195/352
f 354/197/354 355/198/355 353/196/353
f 356/199/356 355/198/355 354/197/354
f 356/199/356 357/200/357 355/198/355
f 338/201/340 357/200/357 356/199/356
f 338/201/340 339/202/339 357/200/357
f 358/203/358 352/204/352 350/205/350
f 358/203/358 359/206/359 352/204/352
f 360/207/360 359/206/359 358/203/358
f 360/207/360 361/208/361 359/206/359
f 362/209/362 361/208/361 360/207/360
f 362/209/362 363/210/363 361/208/361
f 364/211/364 363/210/363 362/209/362
f 364/211/364 271/212/271 363/210/363
f 272/213/272 271/212/271 364/211/364
f 366/214/365 271/212/271 365/215/366
f 366/214/365 363/210/363 271/212/271
f 367/216/367 363/210/363 366/214/365
f 367/216/367 361/208/361 363/210/363
f 368/217/368 361/208/361 367/216/367
f 368/217/368 369/218/369 361/208/361
f 370/219/370 369/218/369 368/217/368
f 370/219/370 354/220/354 369/218/369
f 356/221/356 354/220/354 370/219/370
f 371/222/371 348/223/348 346/224/346
f 371/222/371 372/225/372 348/223/348
f 373/226/373 372/225/372 371/222/371
f 373/226/373 374/227/374 372/225/372
f 375/228/375 374/227/374 373/226/373
f 375/228/375 376/229/376 374/227/374
f 377/230/377 376/229/376 375/228/375
f 377/230/377 378/228/378 376/229/376
f 370/231/370 378/228/378 377/230/377
f 370/231/370 368/232/368 378/228/378
f 372/225/372 350/224/350 348/223/348
f 372/225/372 358/222/358 350/224/350
f 374/227/374 358/222/358 372/225/372
f 374/227/374 379/226/379 358/222/358
f 376/229/376 379/226/379 374/227/374
f 376/229/376 378/228/378 379/226/379
f 377/230/377 356/233/356 370/231/370
f 377/230/377 338/234/340 356/233/356
f 380/231/380 338/234/340 377/230/377
f 380/231/380 340/233/338 338/234/340
f 379/226/379 360/235/360 358/222/358
f 379/226/379 381/236/381 360/235/360
f 378/228/378 381/236/381 379/226/379
f 378/228/378 382/237/382 381/236/381
f 368/232/368 382/237/382 378/228/378
f 368/232/368 383/238/383 382/237/382
f 367/239/367 383/238/383 368/232/368
f 367/239/367 384/240/384 383/238/383
f 366/241/365 384/240/384 367/239/367
f 366/241/365 385/242/385 384/240/384
f 365/243/366 385/242/385 366/241/365
f 364/244/364 385/242/385 272/245/272
f 364/244/364 384/240/384 385/242/385
f 362/246/362 384/240/384 364/244/364
f 362/246/362 383/238/383 384/240/384
f 360/235/360 383/238/383 362/246/362
f 360/235/360 381/236/381 383/238/383
f 388/247/386 387/248/387 386/249/388
f 388/247/386 389/250/389 387/248/387
f 390/249/390 389/250/389 388/247/386
f 390/249/390 391/248/391 389/250/389
f 392/251/392 391/248/391 390/249/390
f 392/251/392 393/252/393 391/248/391
f 386/249/388 393/252/393 392/251/392
f 386/249/388 387/248/387 393/252/393
f 394/253/394 386/249/388 392/251/392
f 394/253/394 395/254/395 386/249/388
f 396/255/396 395/254/395 394/253/394
f 396/255/396 397/256/397 395/254/395
f 393/252/393 397/256/397 396/255/396
f 393/252/393 387/248/387 397/256/397
f 395/254/395 388/247/386 386/249/388
f 395/254/395 398/257/398 388/247/386
f 397/256/397 398/257/398 395/254/395
f 397/256/397 399/258/399 398/257/398
f 387/248/387 399/258/399 397/256/397
f 387/248/387 389/250/389 399/258/399
f 391/248/391 399/258/399 389/250/389
f 391/248/391 400/256/400 399/258/399
f 393/252/393 400/256/400 391/248/391
f 393/252/393 396/255/396 400/256/400
f 398/257/398 390/249/390 388/247/386
f 398/257/398 401/254/401 390/249/390
f 399/258/399 401/254/401 398/257/398
f 399/258/399 400/256/400 401/254/401
f 344/204/344 371/203/371 346/205/346
f 342/220/342 340/221/338 380/219/380
f 272/179/272 402/180/402 210/140/212
f 402/180/402 272/179/272 385/178/385
f 385/178/385 403/259/403 402/180/402
f 403/259/403 385/178/385 365/260/366
f 365/260/366 211/139/211 403/259/403
f 211/139/211 365/260/366 271/178/271
f 210/140/212 232/159/232 212/138/210
f 232/159/232 210/140/212 402/180/402
f 402/180/402 243/168/243 232/159/232
f 243/168/243 402/180/402 403/259/403
f 403/259/403 213/141/213 243/168/243
f 213/141/213 403/259/403 211/139/211
f 369/218/369 359/206/359 361/208/361
f 359/206/359 369/218/369 354/220/354
f 352/204/352 359/206/359 354/220/354
f 380/231/380 377/230/377 375/228/375
f 383/238/383 381/236/381 382/237/382
f 396/255/396 401/254/401 400/256/400
f 401/254/401 396/255/396 394/253/394
f 394/253/394 390/249/390 401/254/401
f 390/249/390 394/253/394 392/251/392
f 404/260/404 278/139/278 277/178/277
f 404/260/404 405/259/405 278/139/278
f 273/178/275 405/259/405 404/260/404
f 273/178/275 274/180/274 405/259/405
f 405/259/405 279/141/279 278/139/278
f 405/259/405 303/168/303 279/141/279
f 274/180/274 303/168/303 405/259/405
f 274/180/274 307/159/307 303/168/303
f 375/228/375 406/232/406 380/231/380
f 375/228/375 407/237/407 406/232/406
f 373/226/373 407/237/407 375/228/375
f 373/226/373 408/236/408 407/237/407
f 409/235/409 408/236/408 373/226/373
f 409/235/409 410/238/410 408/236/408
f 411/246/411 410/238/410 409/235/409
f 411/246/411 412/240/412 410/238/410
f 413/244/413 412/240/412 411/246/411
f 413/244/413 273/242/275 412/240/412
f 275/245/273 273/242/275 413/244/413
f 414/241/414 273/242/275 404/243/404
f 414/241/414 412/240/412 273/242/275
f 415/239/415 412/240/412 414/241/414
f 415/239/415 410/238/410 412/240/412
f 406/232/406 410/238/410 415/239/415
f 406/232/406 407/237/407 410/238/410
f 413/211/413 277/212/277 275/213/273
f 413/211/413 416/210/416 277/212/277
f 411/209/411 416/210/416 413/211/413
f 411/209/411 417/208/417 416/210/416
f 409/207/409 417/208/417 411/209/411
f 409/207/409 418/206/418 417/208/417
f 371/203/371 418/206/418 409/207/409
f 371/203/371 344/204/344 418/206/418
f 416/210/416 404/215/404 277/212/277
f 416/210/416 414/214/414 404/215/404
f 417/208/417 414/214/414 416/210/416
f 417/208/417 415/216/415 414/214/414
f 419/218/419 415/216/415 417/208/417
f 419/218/419 406/217/406 415/216/415
f 342/220/342 406/217/406 419/218/419
f 342/220/342 380/219/380 406/217/406
f 409/235/409 373/226/373 371/222/371
f 410/238/410 407/237/407 408/236/408
f 418/206/418 419/218/419 417/208/417
f 419/218/419 418/206/418 342/220/342
f 344/204/344 342/220/342 418/206/418
f 422/261/420 421/262/421 420/263/422
f 422/261/420 423/262/423 421/262/421
f 424/261/424 423/262/423 422/261/420
f 424/261/424 425/263/425 423/262/423
f 426/264/426 425/263/425 424/261/424
f 426/264/426 427/265/427 425/263/425
f 428/264/428 427/265/427 426/264/426
f 428/264/428 429/265/429 427/265/427
f 430/266/430 23/24/23 8/26/8
f 430/266/430 431/267/431 23/24/23
f 339/268/339 431/267/431 430/266/430
f 339/268/339 341/269/341 431/267/431
f 10/10/10 430/270/430 8/8/8
f 10/10/10 432/271/432 430/270/430
f 12/12/12 432/271/432 10/10/10
f 12/12/12 433/272/433 432/271/432
f 14/14/14 433/272/433 12/12/12
f 14/14/14 434/273/434 433/272/433
f 16/16/16 434/273/434 14/14/14
f 16/16/16 435/274/435 434/273/434
f 18/18/18 435/274/435 16/16/16
f 18/18/18 436/275/436 435/274/435
f 20/20/20 436/275/436 18/18/18
f 20/20/20 437/276/437 436/275/436
f 81/99/81 437/276/437 20/20/20
f 81/99/81 438/277/438 437/276/437
f 82/101/82 438/277/438 81/99/81
f 82/101/82 84/103/84 438/277/438
f 433/272/433 357/278/357 432/271/432
f 433/272/433 355/279/355 357/278/357
f 434/273/434 355/279/355 433/272/433
f 434/273/434 353/280/353 355/279/355
f 435/274/435 353/280/353 434/273/434
f 435/274/435 351/281/351 353/280/353
f 436/275/436 351/281/351 435/274/435
f 436/275/436 349/282/349 351/281/351
f 437/276/437 349/282/349 436/275/436
f 437/276/437 347/283/347 349/282/349
f 438/277/438 347/283/347 437/276/437
f 438/277/438 345/284/345 347/283/347
f 439/285/439 345/284/345 438/277/438
f 439/285/439 343/286/343 345/284/345
f 431/267/431 343/286/343 439/285/439
f 431/267/431 341/269/341 343/286/343
f 423/262/423 440/287/440 421/262/421
f 423/262/423 441/287/441 440/287/440
f 425/263/425 441/287/441 423/262/423
f 425/263/425 442/288/442 441/287/441
f 427/265/427 442/288/442 425/263/425
f 427/265/427 443/288/443 442/288/442
f 429/265/429 443/288/443 427/265/427
f 33/41/33 444/289/444 80/96/80
f 33/41/33 445/290/445 444/289/444
f 32/39/32 445/290/445 33/41/33
f 32/39/32 446/289/446 445/290/445
f 30/37/30 446/289/446 32/39/32
f 30/37/30 31/38/31 446/289/446
f 449/262/447 448/287/448 447/262/449
f 449/262/447 450/287/450 448/287/448
f 451/263/451 450/287/450 449/262/447
f 451/263/451 452/288/452 450/287/450
f 453/265/453 452/288/452 451/263/451
f 453/265/453 454/288/454 452/288/452
f 455/265/455 454/288/454 453/265/453
f 456/261/456 449/262/447 447/262/449
f 456/261/456 457/261/457 449/262/447
f 458/264/458 457/261/457 456/261/456
f 458/264/458 459/264/459 457/261/457
f 455/265/455 459/264/459 458/264/458
f 455/265/455 453/265/453 459/264/459
f 462/262/460 461/287/461 460/262/462
f 462/262/460 463/287/463 461/287/461
f 464/263/464 463/287/463 462/262/460
f 464/263/464 465/288/465 463/287/463
f 466/265/466 465/288/465 464/263/464
f 466/265/466 467/288/467 465/288/465
f 468/265/468 467/288/467 466/265/466
f 469/261/469 462/262/460 460/262/462
f 469/261/469 470/261/470 462/262/460
f 471/264/471 470/261/470 469/261/469
f 471/264/471 472/264/472 470/261/470
f 468/265/468 472/264/472 471/264/471
f 468/265/468 466/265/466 472/264/472
f 475/262/473 474/287/474 473/262/475
f 475/262/473 476/287/476 474/287/474
f 477/263/477 476/287/476 475/262/473
f 477/263/477 478/288/478 476/287/476
f 479/265/479 478/288/478 477/263/477
f 479/265/479 480/288/480 478/288/478
f 481/265/481 480/288/480 479/265/479
f 482/261/482 475/262/473 473/262/475
f 482/261/482 483/261/483 475/262/473
f 484/264/484 483/261/483 482/261/482
f 484/264/484 485/264/485 483/261/483
f 481/265/481 485/264/485 484/264/484
f 481/265/481 479/265/479 485/264/485
f 487/291/486 486/292/487 444/289/444
f 486/292/487 487/291/486 488/293/488
f 489/294/489 444/289/444 445/290/445
f 444/289/444 489/294/489 487/291/486
f 490/291/490 445/290/445 446/289/446
f 445/290/445 490/291/490 489/294/489
f 488/293/488 446/289/446 486/292/487
f 446/289/446 488/293/488 490/291/490
f 487/295/486 490/296/490 488/297/488
f 490/296/490 487/295/486 489/297/489
f 422/261/420 426/264/426 424/261/424
f 426/264/426 422/261/420 428/264/428
f 430/270/430 357/278/357 339/298/339
f 357/278/357 430/270/430 432/271/432
f 84/103/84 439/285/439 438/277/438
f 439/285/439 84/103/84 22/22/21
f 439/285/439 23/24/23 431/267/431
f 23/24/23 439/285/439 22/22/21
f 443/288/443 441/287/441 442/288/442
f 441/287/441 443/288/443 440/287/440
f 444/289/444 24/30/25 80/96/80
f 24/30/25 444/289/444 486/292/487
f 486/292/487 25/28/24 24/30/25
f 25/28/24 486/292/487 446/289/446
f 446/289/446 85/104/85 25/28/24
f 85/104/85 446/289/446 31/38/31
f 454/288/454 450/287/450 452/288/452
f 450/287/450 454/288/454 448/287/448
f 451/263/451 459/264/459 453/265/453
f 459/264/459 451/263/451 457/261/457
f 449/262/447 457/261/457 451/263/451
f 467/288/467 463/287/463 465/288/465
f 463/287/463 467/288/467 461/287/461
f 464/263/464 472/264/472 466/265/466
f 472/264/472 464/263/464 470/261/470
f 462/262/460 470/261/470 464/263/464
f 480/288/480 476/287/476 478/288/478
f 476/287/476 480/288/480 474/287/474
f 477/263/477 485/264/485 479/265/479
f 485/264/485 477/263/477 483/261/483
f 475/262/473 483/261/483 477/263/477
f 493/299/491 492/300/492 491/301/493
f 493/299/491 494/302/494 492/300/492
f 495/303/495 494/302/494 493/299/491
f 495/303/495 496/304/496 494/302/494
f 497/305/497 496/304/496 495/303/495
f 497/305/497 498/306/498 496/304/496
f 499/307/499 498/306/498 497/305/497
f 499/307/499 500/308/500 498/306/498
f 501/309/501 500/308/500 499/307/499
f 501/309/501 502/310/502 500/308/500
f 503/311/503 502/312/502 501/313/501
f 503/311/503 504/314/504 502/312/502
f 505/315/505 504/314/504 503/311/503
f 505/315/505 506/316/506 504/314/504
f 509/311/507 508/317/508 507/313/509
f 509/311/507 510/318/510 508/317/508
f 511/315/511 510/318/510 509/311/507
f 511/315/511 512/319/512 510/318/510
f 513/301/513 512/319/512 511/315/511
f 513/301/513 514/320/514 512/319/512
f 515/299/515 514/320/514 513/301/513
f 515/299/515 516/321/516 514/320/514
f 517/303/517 516/321/516 515/299/515
f 517/303/517 518/322/518 516/321/516
f 519/305/519 518/322/518 517/303/517
f 519/305/519 520/323/520 518/322/518
f 521/307/521 520/323/520 519/305/519
f 521/307/521 522/324/522 520/323/520
f 507/309/509 522/324/522 521/307/521
f 507/309/509 508/325/508 522/324/522
f 492/300/492 505/315/505 491/301/493
f 505/315/505 492/300/492 506/316/506
f 501/309/501 524/324/522 523/325/508
f 524/324/522 501/309/501 499/307/499
f 499/307/499 525/323/520 524/324/522
f 525/323/520 499/307/499 497/305/497
f 497/305/497 526/322/523 525/323/520
f 526/322/523 497/305/497 495/303/495
f 495/303/495 527/321/516 526/322/523
f 527/321/516 495/303/495 493/299/491
f 493/299/491 528/320/524 527/321/516
f 528/320/524 493/299/491 491/301/493
f 491/301/493 529/319/525 528/320/524
f 529/319/525 491/301/493 505/315/505
f 505/315/505 530/318/510 529/319/525
f 530/318/510 505/315/505 503/311/503
f 503/311/503 523/317/508 530/318/510
f 523/317/508 503/311/503 501/313/501
f 507/309/509 532/308/526 531/310/527
f 532/308/526 507/309/509 521/307/521
f 521/307/521 533/306/528 532/308/526
f 533/306/528 521/307/521 519/305/519
f 519/305/519 534/304/529 533/306/528
f 534/304/529 519/305/519 517/303/517
f 517/303/517 535/302/530 534/304/529
f 535/302/530 517/303/517 515/299/515
f 515/299/515 536/300/531 535/302/530
f 536/300/531 515/299/515 513/301/513
f 513/301/513 537/316/532 536/300/531
f 537/316/532 513/301/513 511/315/511
f 511/315/511 538/314/533 537/316/532
f 538/314/533 511/315/511 509/311/507
f 509/311/507 531/312/527 538/314/533
f 531/312/527 509/311/507 507/313/509
f 539/326/534 502/310/502 504/314/504
f 502/310/502 539/326/534 500/308/500
f 498/306/498 500/308/500 539/326/534
f 506/316/506 539/326/534 504/314/504
f 539/326/534 506/316/506 492/300/492
f 494/302/494 539/326/534 492/300/492
f 539/326/534 494/302/494 496/304/496
f 496/304/496 498/306/498 539/326/534
f 540/326/535 531/310/527 532/308/526
f 531/310/527 540/326/535 538/314/533
f 537/316/532 538/314/533 540/326/535
f 540/326/535 536/300/531 537/316/532
f 536/300/531 540/326/535 535/302/530
f 534/304/529 535/302/530 540/326/535
f 540/326/535 533/306/528 534/304/529
f 533/306/528 540/326/535 532/308/526
f 543/327/536 542/328/537 541/329/538
f 543/327/536 544/330/539 542/328/537
f 545/329/540 544/330/539 543/327/536
f 545/329/540 546/328/541 544/330/539
f 547/331/542 546/328/541 545/329/540
f 547/331/542 548/332/543 546/328/541
f 549/333/544 548/332/543 547/331/542
f 549/333/544 550/334/545 548/332/543
f 551/335/546 550/334/545 549/333/544
f 551/335/546 552/336/547 550/334/545
f 553/337/548 552/336/547 551/335/546
f 553/337/548 554/338/549 552/336/547
f 555/339/550 554/338/549 553/337/548
f 555/339/550 556/336/551 554/338/549
f 557/337/552 556/336/551 555/339/550
f 544/330/539 556/336/551 542/328/537
f 544/330/539 554/338/549 556/336/551
f 546/328/541 554/338/549 544/330/539
f 546/328/541 552/336/547 554/338/549
f 548/332/543 552/336/547 546/328/541
f 548/332/543 550/334/545 552/336/547
f 558/340/553 543/327/536 541/329/538
f 558/340/553 559/341/554 543/327/536
f 560/342/555 559/341/554 558/340/553
f 560/342/555 561/343/556 559/341/554
f 562/344/557 561/343/556 560/342/555
f 562/344/557 563/345/558 561/343/556
f 564/346/559 563/345/558 562/344/557
f 564/346/559 565/347/560 563/345/558
f 557/337/552 565/347/560 564/346/559
f 557/337/552 555/339/550 565/347/560
f 559/341/554 545/329/540 543/327/536
f 559/341/554 566/340/561 545/329/540
f 561/343/556 566/340/561 559/341/554
f 561/343/556 567/342/562 566/340/561
f 563/345/558 567/342/562 561/343/556
f 563/345/558 568/344/563 567/342/562
f 565/347/560 568/344/563 563/345/558
f 565/347/560 569/346/564 568/344/563
f 555/339/550 569/346/564 565/347/560
f 555/339/550 553/337/548 569/346/564
f 566/340/561 547/331/542 545/329/540
f 566/340/561 570/348/565 547/331/542
f 567/342/562 570/348/565 566/340/561
f 567/342/562 571/349/566 570/348/565
f 568/344/563 571/349/566 567/342/562
f 568/344/563 572/350/567 571/349/566
f 569/346/564 572/350/567 568/344/563
f 569/346/564 573/351/568 572/350/567
f 553/337/548 573/351/568 569/346/564
f 553/337/548 551/335/546 573/351/568
f 570/348/565 549/333/544 547/331/542
f 549/333/544 570/348/565 571/349/566
f 572/350/567 549/333/544 571/349/566
f 549/333/544 572/350/567 573/351/568
f 573/351/568 551/335/546 549/333/544
f 576/328/569 575/327/570 574/329/571
f 576/328/569 577/330/572 575/327/570
f 578/336/573 577/330/572 576/328/569
f 578/336/573 579/338/574 577/330/572
f 580/337/575 579/338/574 578/336/573
f 580/337/575 581/339/576 579/338/574
f 582/346/577 581/339/576 580/337/575
f 582/346/577 583/347/578 581/339/576
f 584/344/579 583/347/578 582/346/577
f 584/344/579 585/345/580 583/347/578
f 586/342/581 585/345/580 584/344/579
f 586/342/581 587/343/582 585/345/580
f 588/340/583 587/343/582 586/342/581
f 588/340/583 589/341/584 587/343/582
f 574/329/571 589/341/584 588/340/583
f 574/329/571 575/327/570 589/341/584
f 575/327/570 590/340/585 589/341/584
f 575/327/570 591/329/586 590/340/585
f 577/330/572 591/329/586 575/327/570
f 577/330/572 592/328/587 591/329/586
f 579/338/574 592/328/587 577/330/572
f 579/338/574 593/336/588 592/328/587
f 581/339/576 593/336/588 579/338/574
f 581/339/576 594/337/563 593/336/588
f 583/347/578 594/337/563 581/339/576
f 583/347/578 595/346/564 594/337/563
f 585/345/580 595/346/564 583/347/578
f 585/345/580 596/344/548 595/346/564
f 587/343/582 596/344/548 585/345/580
f 587/343/582 597/342/589 596/344/548
f 589/341/584 597/342/589 587/343/582
f 589/341/584 590/340/585 597/342/589
f 591/329/586 598/348/590 590/340/585
f 591/329/586 599/331/591 598/348/590
f 592/328/587 599/331/591 591/329/586
f 592/328/587 600/332/565 599/331/591
f 593/336/588 600/332/565 592/328/587
f 593/336/588 601/334/566 600/332/565
f 594/337/563 601/334/566 593/336/588
f 594/337/563 602/335/567 601/334/566
f 595/346/564 602/335/567 594/337/563
f 595/346/564 603/351/568 602/335/567
f 596/344/548 603/351/568 595/346/564
f 596/344/548 604/350/592 603/351/568
f 597/342/589 604/350/592 596/344/548
f 597/342/589 605/349/593 604/350/592
f 590/340/585 605/349/593 597/342/589
f 590/340/585 598/348/590 605/349/593
f 599/331/591 606/333/544 598/348/590
f 606/333/544 599/331/591 600/332/565
f 601/334/566 606/333/544 600/332/565
f 606/333/544 601/334/566 602/335/567
f 606/333/544 605/349/593 598/348/590
f 605/349/593 606/333/544 604/350/592
f 603/351/568 604/350/592 606/333/544
f 603/351/568 606/333/544 602/335/567
f 609/352/594 608/353/595 607/354/596
f 609/352/594 610/355/597 608/353/595
f 611/356/598 610/355/597 609/352/594
f 611/356/598 612/357/599 610/355/597
f 613/358/600 612/357/599 611/356/598
f 613/358/600 614/359/601 612/357/599
f 615/360/602 614/359/601 613/358/600
f 615/360/602 616/361/603 614/359/601
f 617/362/604 616/361/603 615/360/602
f 617/362/604 618/363/605 616/361/603
f 609/364/594 619/365/606 611/366/598
f 609/364/594 620/367/607 619/365/606
f 607/368/596 620/367/607 609/364/594
f 607/368/596 621/369/608 620/367/607
f 608/370/595 621/369/608 607/368/596
f 608/370/595 622/371/609 621/369/608
f 623/372/610 622/371/609 608/370/595
f 623/372/610 624/373/611 622/371/609
f 625/374/612 624/373/611 623/372/610
f 625/374/612 626/371/613 624/373/611
f 627/372/614 626/371/613 625/374/612
f 627/372/614 628/370/615 626/371/613
f 629/375/616 628/370/615 627/372/614
f 610/375/597 623/372/610 608/370/595
f 610/375/597 625/374/612 623/372/610
f 630/376/617 625/374/612 610/375/597
f 630/376/617 627/372/614 625/374/612
f 629/375/616 627/372/614 630/376/617
f 633/365/618 632/364/619 631/366/620
f 633/365/618 634/367/621 632/364/619
f 635/377/622 634/367/621 633/365/618
f 635/377/622 636/378/623 634/367/621
f 637/379/624 636/378/623 635/377/622
f 637/379/624 638/380/625 636/378/623
f 639/381/626 638/380/625 637/379/624
f 639/381/626 640/382/627 638/380/625
f 641/383/628 640/382/627 639/381/626
f 641/383/628 642/381/629 640/382/627
f 612/357/599 630/384/617 610/355/597
f 612/357/599 629/355/616 630/384/617
f 631/356/620 629/355/616 612/357/599
f 631/356/620 632/352/619 629/355/616
f 643/362/630 616/361/603 618/363/605
f 643/362/630 644/360/631 616/361/603
f 645/385/632 644/360/631 643/362/630
f 645/385/632 646/386/633 644/360/631
f 647/387/634 646/386/633 645/385/632
f 647/387/634 648/388/635 646/386/633
f 649/389/636 648/388/635 647/387/634
f 649/389/636 650/390/637 648/388/635
f 651/391/638 650/390/637 649/389/636
f 651/391/638 652/392/639 650/390/637
f 653/393/640 652/392/639 651/391/638
f 653/393/640 654/394/641 652/392/639
f 655/391/642 654/394/641 653/393/640
f 655/391/642 656/392/643 654/394/641
f 657/389/644 656/392/643 655/391/642
f 657/389/644 658/390/645 656/392/643
f 659/387/646 658/390/645 657/389/644
f 659/387/646 660/388/647 658/390/645
f 661/385/648 660/388/647 659/387/646
f 661/385/648 662/386/649 660/388/647
f 617/362/604 662/386/649 661/385/648
f 617/362/604 615/360/602 662/386/649
f 613/358/600 662/386/649 615/360/602
f 613/358/600 663/395/650 662/386/649
f 611/356/598 663/395/650 613/358/600
f 611/356/598 619/396/606 663/395/650
f 664/397/651 658/390/645 660/388/647
f 664/397/651 656/392/643 658/390/645
f 642/398/629 656/392/643 664/397/651
f 642/398/629 654/394/641 656/392/643
f 641/399/628 654/394/641 642/398/629
f 641/399/628 652/392/639 654/394/641
f 639/398/626 652/392/639 641/399/628
f 639/398/626 650/390/637 652/392/639
f 637/397/624 650/390/637 639/398/626
f 637/397/624 648/388/635 650/390/637
f 635/400/622 648/388/635 637/397/624
f 635/400/622 633/396/618 648/388/635
f 620/367/607 665/377/652 619/365/606
f 620/367/607 666/378/653 665/377/652
f 667/401/654 666/378/653 620/367/607
f 667/401/654 668/402/655 666/378/653
f 669/403/656 668/402/655 667/401/654
f 669/403/656 636/378/623 668/402/655
f 670/401/657 636/378/623 669/403/656
f 670/401/657 634/367/621 636/378/623
f 671/369/658 634/367/621 670/401/657
f 671/369/658 672/368/659 634/367/621
f 628/370/615 672/368/659 671/369/658
f 624/373/611 667/401/654 622/371/609
f 624/373/611 669/403/656 667/401/654
f 626/371/613 669/403/656 624/373/611
f 626/371/613 670/401/657 669/403/656
f 671/369/658 670/401/657 626/371/613
f 638/380/625 668/402/655 636/378/623
f 638/380/625 673/404/660 668/402/655
f 640/382/627 673/404/660 638/380/625
f 640/382/627 674/380/661 673/404/660
f 642/381/629 674/380/661 640/382/627
f 642/381/629 664/379/651 674/380/661
f 644/360/631 614/359/601 616/361/603
f 644/360/631 675/358/662 614/359/601
f 646/386/633 675/358/662 644/360/631
f 646/386/633 676/395/663 675/358/662
f 648/388/635 676/395/663 646/386/633
f 648/388/635 633/396/618 676/395/663
f 631/356/620 676/395/663 633/396/618
f 631/356/620 675/358/662 676/395/663
f 612/357/599 675/358/662 631/356/620
f 612/357/599 614/359/601 675/358/662
f 677/405/664 657/406/644 655/407/642
f 677/405/664 659/408/646 657/406/644
f 678/409/665 659/408/646 677/405/664
f 678/409/665 661/410/648 659/408/646
f 617/411/604 661/410/648 678/409/665
f 649/412/636 677/405/664 651/413/638
f 649/412/636 678/409/665 677/405/664
f 647/414/634 678/409/665 649/412/636
f 647/414/634 645/415/632 678/409/665
f 628/353/615 632/352/619 672/354/659
f 632/352/619 628/353/615 629/355/616
f 663/395/650 660/388/647 662/386/649
f 660/388/647 663/395/650 619/396/606
f 665/400/652 660/388/647 619/396/606
f 660/388/647 665/400/652 664/397/651
f 634/367/621 672/368/659 632/364/619
f 621/369/608 667/401/654 620/367/607
f 667/401/654 621/369/608 622/371/609
f 628/370/615 671/369/658 626/371/613
f 673/404/660 666/378/653 668/402/655
f 666/378/653 673/404/660 674/380/661
f 674/380/661 665/377/652 666/378/653
f 665/377/652 674/380/661 664/379/651
f 653/416/640 677/405/664 655/407/642
f 677/405/664 653/416/640 651/413/638
f 678/409/665 618/417/605 617/411/604
f 618/417/605 678/409/665 643/418/630
f 645/415/632 643/418/630 678/409/665
f 681/419/666 680/420/667 679/420/668
f 681/419/666 682/421/669 680/420/667
f 683/422/670 682/421/669 681/419/666
f 683/422/670 684/423/671 682/421/669
f 685/424/672 684/423/671 683/422/670
f 685/424/672 686/425/673 684/423/671
f 687/424/674 686/425/673 685/424/672
f 687/424/674 688/425/675 686/425/673
f 689/424/676 688/425/675 687/424/674
f 689/424/676 690/425/677 688/425/675
f 691/426/678 690/425/677 689/424/676
f 691/426/678 692/427/679 690/425/677
f 693/428/680 692/427/679 691/426/678
f 693/428/680 694/427/681 692/427/679
f 695/427/682 694/427/681 693/428/680
f 695/427/682 696/425/683 694/427/681
f 697/425/684 696/425/683 695/427/682
f 697/425/684 698/425/685 696/425/683
f 699/425/686 698/425/685 697/425/684
f 699/425/686 700/425/687 698/425/685
f 701/425/688 700/425/687 699/425/686
f 701/425/688 702/423/689 700/425/687
f 703/423/690 702/423/689 701/425/688
f 703/423/690 704/421/691 702/423/689
f 705/421/692 704/421/691 703/423/690
f 705/421/692 706/420/693 704/421/691
f 707/420/694 706/420/693 705/421/692
f 682/421/669 706/420/693 680/420/667
f 682/421/669 704/421/691 706/420/693
f 684/423/671 704/421/691 682/421/669
f 684/423/671 702/423/689 704/421/691
f 686/425/673 702/423/689 684/423/671
f 686/425/673 700/425/687 702/423/689
f 688/425/675 700/425/687 686/425/673
f 688/425/675 698/425/685 700/425/687
f 690/425/677 698/425/685 688/425/675
f 690/425/677 696/425/683 698/425/685
f 692/427/679 696/425/683 690/425/677
f 692/427/679 694/427/681 696/425/683
f 708/429/695 681/419/666 679/420/668
f 708/429/695 709/430/696 681/419/666
f 710/431/697 709/430/696 708/429/695
f 710/431/697 711/432/698 709/430/696
f 712/431/699 711/432/698 710/431/697
f 712/431/699 713/433/700 711/432/698
f 714/431/701 713/433/700 712/431/699
f 714/431/701 715/433/702 713/433/700
f 716/431/703 715/433/702 714/431/701
f 716/431/703 717/433/704 715/433/702
f 718/431/705 717/433/704 716/431/703
f 718/431/705 719/432/706 717/433/704
f 720/429/707 719/432/706 718/431/705
f 720/429/707 721/430/708 719/432/706
f 722/420/709 721/430/708 720/429/707
f 722/420/709 723/419/710 721/430/708
f 707/420/694 723/419/710 722/420/709
f 707/420/694 705/421/692 723/419/710
f 709/430/696 683/422/670 681/419/666
f 709/430/696 724/434/711 683/422/670
f 711/432/698 724/434/711 709/430/696
f 711/432/698 725/435/712 724/434/711
f 713/433/700 725/435/712 711/432/698
f 713/433/700 726/436/713 725/435/712
f 715/433/702 726/436/713 713/433/700
f 715/433/702 727/436/714 726/436/713
f 717/433/704 727/436/714 715/433/702
f 717/433/704 728/436/715 727/436/714
f 719/432/706 728/436/715 717/433/704
f 719/432/706 729/435/716 728/436/715
f 721/430/708 729/435/716 719/432/706
f 721/430/708 730/434/717 729/435/716
f 723/419/710 730/434/717 721/430/708
f 723/419/710 731/422/718 730/434/717
f 705/421/692 731/422/718 723/419/710
f 705/421/692 703/423/690 731/422/718
f 701/425/688 731/422/718 703/423/690
f 701/425/688 732/424/719 731/422/718
f 699/425/686 732/424/719 701/425/688
f 699/425/686 733/424/720 732/424/719
f 697/425/684 733/424/720 699/425/686
f 697/425/684 734/424/721 733/424/720
f 695/427/682 734/424/721 697/425/684
f 695/427/682 735/426/722 734/424/721
f 693/428/680 735/426/722 695/427/682
f 693/428/680 736/437/723 735/426/722
f 737/428/724 736/437/723 693/428/680
f 737/428/724 738/437/725 736/437/723
f 739/428/726 738/437/725 737/428/724
f 739/428/726 740/437/727 738/437/725
f 741/438/728 740/437/727 739/428/726
f 741/438/728 742/439/729 740/437/727
f 743/440/730 742/439/729 741/438/728
f 743/440/730 730/434/717 742/439/729
f 729/435/716 730/434/717 743/440/730
f 732/424/719 730/434/717 731/422/718
f 732/424/719 742/439/729 730/434/717
f 733/424/720 742/439/729 732/424/719
f 733/424/720 744/439/731 742/439/729
f 734/424/721 744/439/731 733/424/720
f 734/424/721 745/439/732 744/439/731
f 735/426/722 745/439/732 734/424/721
f 735/426/722 736/437/723 745/439/732
f 744/439/731 740/437/727 742/439/729
f 744/439/731 738/437/725 740/437/727
f 745/439/732 738/437/725 744/439/731
f 745/439/732 736/437/723 738/437/725
f 743/440/730 728/436/715 729/435/716
f 743/440/730 746/441/733 728/436/715
f 741/438/728 746/441/733 743/440/730
f 741/438/728 747/442/734 746/441/733
f 739/428/726 747/442/734 741/438/728
f 739/428/726 748/442/735 747/442/734
f 749/442/736 748/442/735 739/428/726
f 749/442/736 750/441/737 748/442/735
f 751/441/738 750/441/737 749/442/736
f 751/441/738 727/436/714 750/441/737
f 726/436/713 727/436/714 751/441/738
f 750/441/737 747/442/734 748/442/735
f 750/441/737 746/441/733 747/442/734
f 727/436/714 746/441/733 750/441/737
f 727/436/714 728/436/715 746/441/733
f 751/441/738 725/435/712 726/436/713
f 751/441/738 752/440/739 725/435/712
f 749/442/736 752/440/739 751/441/738
f 749/442/736 753/438/740 752/440/739
f 739/428/726 753/438/740 749/442/736
f 739/428/726 754/437/741 753/438/740
f 737/428/724 754/437/741 739/428/726
f 737/428/724 755/437/742 754/437/741
f 693/428/680 755/437/742 737/428/724
f 693/428/680 756/437/743 755/437/742
f 691/426/678 756/437/743 693/428/680
f 691/426/678 757/439/744 756/437/743
f 689/424/676 757/439/744 691/426/678
f 689/424/676 758/439/745 757/439/744
f 687/424/674 758/439/745 689/424/676
f 687/424/674 759/439/746 758/439/745
f 685/424/672 759/439/746 687/424/674
f 685/424/672 724/434/711 759/439/746
f 683/422/670 724/434/711 685/424/672
f 758/439/745 756/437/743 757/439/744
f 758/439/745 755/437/742 756/437/743
f 759/439/746 755/437/742 758/439/745
f 759/439/746 754/437/741 755/437/742
f 752/440/739 754/437/741 759/439/746
f 752/440/739 753/438/740 754/437/741
f 752/440/739 724/434/711 725/435/712
f 724/434/711 752/440/739 759/439/746
f 680/443/667 760/444/747 679/445/668
f 680/443/667 761/446/748 760/444/747
f 706/447/693 761/446/748 680/443/667
f 706/447/693 762/448/749 761/446/748
f 707/449/694 762/448/749 706/447/693
f 707/449/694 763/450/750 762/448/749
f 722/451/709 763/450/750 707/449/694
f 722/451/709 764/452/751 763/450/750
f 720/453/707 764/452/751 722/451/709
f 720/453/707 765/454/752 764/452/751
f 718/455/705 765/454/752 720/453/707
f 718/455/705 766/456/753 765/454/752
f 716/457/703 766/456/753 718/455/705
f 716/457/703 767/458/754 766/456/753
f 714/459/701 767/458/754 716/457/703
f 714/459/701 768/460/755 767/458/754
f 712/461/699 768/460/755 714/459/701
f 712/461/699 769/462/756 768/460/755
f 710/463/697 769/462/756 712/461/699
f 710/463/697 770/464/757 769/462/756
f 708/465/695 770/464/757 710/463/697
f 708/465/695 771/466/758 770/464/757
f 679/467/668 771/466/758 708/465/695
f 679/467/668 760/468/747 771/466/758
f 761/446/748 772/469/759 760/444/747
f 761/446/748 773/470/760 772/469/759
f 762/448/749 773/470/760 761/446/748
f 762/448/749 774/471/761 773/470/760
f 763/450/750 774/471/761 762/448/749
f 763/450/750 775/472/762 774/471/761
f 764/452/751 775/472/762 763/450/750
f 764/452/751 776/473/763 775/472/762
f 765/454/752 776/473/763 764/452/751
f 765/454/752 777/474/764 776/473/763
f 766/456/753 777/474/764 765/454/752
f 766/456/753 778/475/765 777/474/764
f 767/458/754 778/475/765 766/456/753
f 767/458/754 779/476/766 778/475/765
f 768/460/755 779/476/766 767/458/754
f 768/460/755 780/477/767 779/476/766
f 769/462/756 780/477/767 768/460/755
f 769/462/756 781/478/768 780/477/767
f 770/464/757 781/478/768 769/462/756
f 770/464/757 782/479/769 781/478/768
f 771/466/758 782/479/769 770/464/757
f 771/466/758 783/480/770 782/479/769
f 760/468/747 783/480/770 771/466/758
f 760/468/747 772/481/759 783/480/770
f 773/470/760 784/482/771 772/469/759
f 784/482/771 773/470/760 774/471/761
f 775/472/762 784/482/771 774/471/761
f 784/482/771 775/472/762 776/473/763
f 784/482/771 783/480/770 772/481/759
f 783/480/770 784/482/771 782/479/769
f 781/478/768 782/479/769 784/482/771
f 784/482/771 780/477/767 781/478/768
f 780/477/767 784/482/771 779/476/766
f 778/475/765 779/476/766 784/482/771
f 784/482/771 777/474/764 778/475/765
f 777/474/764 784/482/771 776/473/763
