# Blender 5.1.2
# www.blender.org
o Gatekeeper_Soldiers
v -0.003048 0.061347 0.040200
v -0.004933 0.062472 0.039000
v -0.003282 0.064284 0.039151
v -0.005300 0.062883 0.034659
v -0.001976 0.065077 0.034595
v -0.003747 0.061775 0.032707
v 0.002008 0.064118 0.031651
v 0.001684 0.057880 0.029267
v 0.006546 0.064636 0.034529
v 0.005060 0.057704 0.030134
v 0.007768 0.061294 0.032643
v 0.007004 0.059206 0.033191
v 0.006984 0.059132 0.033787
v 0.007385 0.057460 0.036402
v 0.006770 0.058657 0.038994
v 0.006614 0.058857 0.039543
v 0.006804 0.060919 0.040248
v 0.005325 0.057300 0.042263
v 0.007689 0.063864 0.039369
v 0.001990 0.057414 0.043288
v -0.003056 0.059627 0.033712
v -0.003147 0.059691 0.033350
v -0.001650 0.057994 0.030290
v 0.007835 0.065608 0.033876
v 0.008335 0.064904 0.039239
v 0.005019 0.059706 0.043982
v 0.002081 0.057461 0.045956
v -0.000947 0.059969 0.044135
v 0.002160 0.059687 0.046346
v -0.001054 0.061579 0.044061
v 0.002260 0.062713 0.044987
v -0.003852 0.064832 0.039592
v -0.003691 0.065526 0.034232
v 0.009214 0.057885 0.033533
v 0.007007 0.057049 0.034315
v 0.013085 0.044759 0.033974
v 0.009558 0.044413 0.034558
v 0.013480 0.042044 0.034909
v 0.009785 0.041817 0.035285
v 0.014626 0.029907 0.039456
v 0.011912 0.029506 0.038946
v 0.008899 0.032368 0.047439
v 0.007483 0.031326 0.044845
v 0.009824 0.043965 0.042494
v 0.007678 0.042912 0.039585
v 0.009830 0.046364 0.041576
v 0.007751 0.045329 0.038843
v 0.008555 0.057861 0.040649
v 0.006654 0.056907 0.039324
v 0.016272 0.029995 0.043143
v 0.015275 0.042983 0.037604
v 0.015043 0.045664 0.036560
v 0.011144 0.058688 0.035433
v 0.009667 0.062235 0.034950
v 0.008935 0.062052 0.039386
v 0.012315 0.031489 0.047582
v 0.013139 0.044085 0.042026
v 0.013207 0.046536 0.040996
v 0.010658 0.058703 0.039573
v 0.008433 0.040389 0.031849
v 0.011650 0.029359 0.038516
v 0.013554 0.040913 0.031990
v 0.014678 0.029846 0.039262
v 0.018464 0.041997 0.036841
v 0.016726 0.030078 0.043382
v 0.014968 0.044578 0.045556
v 0.012689 0.031620 0.048016
v 0.008097 0.045612 0.047690
v 0.008190 0.032535 0.048309
v 0.003460 0.043836 0.043766
v 0.006422 0.031425 0.045308
v 0.016108 0.033452 0.044457
v 0.014232 0.033162 0.043746
v 0.017354 0.032573 0.041500
v 0.015644 0.032203 0.040562
v 0.017630 0.030900 0.043195
v 0.016227 0.030496 0.042101
v 0.015836 0.031706 0.045850
v 0.014078 0.031367 0.045008
v 0.002004 0.065028 0.030690
v -0.001385 0.057590 0.042419
v -0.002713 0.059321 0.039656
v -0.002596 0.059132 0.038936
v -0.003279 0.057992 0.036470
v 0.005122 0.061318 0.043884
v 0.010958 0.042836 0.039671
v 0.017341 0.027661 0.044414
v 0.012328 0.028988 0.049126
v 0.006870 0.029600 0.049856
v 0.005090 0.029446 0.046477
v 0.007302 0.028111 0.043601
v 0.002882 0.024163 0.046250
v 0.006791 0.024111 0.046001
v 0.001572 0.020637 0.046211
v 0.003848 0.019370 0.045734
v 0.002356 0.019139 0.047062
v 0.003852 0.018662 0.048176
v 0.001594 0.019948 0.048652
v 0.006955 0.023809 0.048991
v 0.003357 0.023993 0.049747
v 0.007067 0.024555 0.047884
v 0.007299 0.023660 0.050143
v 0.005087 0.021552 0.048291
v 0.004752 0.020559 0.050147
v 0.002321 0.019978 0.043261
v 0.001416 0.018441 0.044191
v 0.004452 0.018541 0.040053
v 0.003639 0.016602 0.040248
v 0.007712 0.017201 0.037932
v 0.007727 0.015195 0.037949
v 0.013171 0.017462 0.040406
v 0.014741 0.015850 0.040860
v 0.015097 0.021132 0.040924
v 0.017012 0.019901 0.041624
v 0.012904 0.026673 0.038387
v 0.016202 0.027190 0.040154
v 0.010133 0.025918 0.043356
v 0.010847 0.021665 0.050829
v 0.016419 0.019335 0.045980
v 0.010585 0.027067 0.040502
v 0.013283 0.014857 0.044695
v 0.007820 0.017533 0.049723
v 0.007385 0.013829 0.039360
v 0.004069 0.014350 0.041848
v 0.001997 0.016605 0.044693
v -0.004572 0.057862 0.039949
v -0.002482 0.057157 0.038705
v -0.002725 0.057645 0.033735
v -0.004891 0.058483 0.032881
v -0.006672 0.058750 0.038799
v -0.006897 0.059111 0.034694
v -0.008467 0.045237 0.032197
v -0.005018 0.044631 0.033115
v -0.003585 0.045218 0.037629
v -0.005939 0.046265 0.040179
v -0.007521 0.033539 0.045056
v -0.006380 0.043835 0.040965
v -0.005735 0.031532 0.043349
v -0.003950 0.042711 0.038296
v -0.009820 0.028648 0.037652
v -0.005579 0.042007 0.033730
v -0.012471 0.029431 0.037565
v -0.009178 0.042580 0.032902
v -0.009178 0.046722 0.039260
v -0.010616 0.046151 0.034626
v -0.009562 0.044290 0.040095
v -0.011206 0.043557 0.035401
v -0.014606 0.030491 0.040735
v -0.011092 0.033134 0.044821
v -0.014376 0.042969 0.034143
v -0.015070 0.030666 0.040827
v -0.009007 0.041596 0.029927
v -0.012489 0.029331 0.037379
v -0.003979 0.040578 0.030402
v -0.009493 0.028354 0.037358
v -0.000337 0.043019 0.043029
v -0.004770 0.031712 0.043999
v -0.005271 0.045100 0.046411
v -0.006992 0.033988 0.045939
v -0.011855 0.044848 0.043352
v -0.011518 0.033417 0.045070
v -0.012109 0.033544 0.041053
v -0.014077 0.034056 0.041393
v -0.013350 0.032623 0.037881
v -0.015053 0.033214 0.038505
v -0.014318 0.030684 0.039584
v -0.015732 0.031568 0.040119
v -0.012507 0.032257 0.042328
v -0.014245 0.032905 0.042573
v -0.007231 0.042943 0.037969
v -0.016265 0.028759 0.042686
v -0.014525 0.026939 0.039167
v -0.011044 0.025744 0.038340
v -0.016260 0.021385 0.042095
v -0.014302 0.022281 0.041854
v -0.013876 0.017421 0.042068
v -0.012298 0.018933 0.041871
v -0.006675 0.017556 0.040504
v -0.007049 0.019524 0.040611
v -0.003235 0.019526 0.043377
v -0.004390 0.021277 0.043208
v -0.001872 0.021388 0.047684
v -0.002948 0.022798 0.046746
v -0.005906 0.022976 0.052727
v -0.005856 0.023642 0.050833
v -0.008254 0.026697 0.051998
v -0.007690 0.025036 0.049595
v -0.007324 0.026638 0.050911
v -0.007022 0.026312 0.048123
v -0.005542 0.021656 0.052714
v -0.005767 0.021136 0.050229
v -0.004182 0.021199 0.051448
v -0.003261 0.021911 0.049927
v -0.003037 0.022451 0.052401
v -0.003567 0.025333 0.048520
v -0.003552 0.026746 0.051712
v -0.004119 0.030558 0.046358
v -0.006594 0.032459 0.048696
v -0.009034 0.026597 0.043648
v -0.008947 0.026639 0.040541
v -0.005830 0.028212 0.043714
v -0.011889 0.031570 0.047195
v -0.016462 0.021750 0.046219
v -0.011912 0.024577 0.051789
v -0.013397 0.017060 0.046193
v -0.008959 0.020109 0.051952
v -0.006244 0.016150 0.041872
v -0.003388 0.017083 0.044776
v -0.002141 0.019423 0.048006
v 0.007136 0.018590 0.041331
v 0.012238 0.018750 0.036304
v 0.006053 0.011564 0.037613
v 0.010214 0.011952 0.033660
v 0.006710 0.008933 0.038997
v 0.011158 0.008442 0.037481
v 0.010852 0.009830 0.041972
v 0.013786 0.007447 0.045613
v 0.009809 0.011150 0.046464
v 0.012388 0.009160 0.050170
v 0.007439 0.010004 0.052308
v 0.013851 0.004734 0.052224
v 0.007074 0.005793 0.054746
v 0.012849 0.000700 0.051695
v 0.006475 0.001326 0.054185
v 0.000310 0.001549 0.052100
v 0.000458 0.006374 0.052622
v 0.002537 0.010291 0.050435
v 0.004720 0.011610 0.046554
v 0.000161 0.008594 0.045776
v 0.003107 0.010373 0.041993
v 0.001722 0.009000 0.037379
v 0.001941 0.011889 0.033497
v 0.015568 0.003710 0.045143
v 0.014890 0.000415 0.044802
v -0.001349 0.000932 0.044927
v -0.001446 0.005093 0.045259
v 0.011482 0.004501 0.027749
v 0.011110 0.001008 0.028032
v 0.001892 0.000983 0.027831
v 0.001858 0.004957 0.027545
v 0.002271 0.007784 0.030002
v 0.006864 0.007670 0.027135
v 0.006370 0.012809 0.028852
v 0.010772 0.007264 0.030184
v 0.006775 0.004844 0.025774
v 0.006614 0.001040 0.026030
v 0.008564 0.017446 0.036785
v 0.008336 0.016195 0.036131
v 0.009324 0.016857 0.038665
v 0.009075 0.015621 0.037993
v 0.006719 0.016603 0.041030
v 0.006511 0.015354 0.040457
v 0.004346 0.017598 0.038702
v 0.004076 0.016311 0.037966
v 0.005221 0.017926 0.036841
v 0.004912 0.016654 0.035950
v 0.006816 0.017105 0.039210
v 0.006508 0.015886 0.038409
v 0.008049 0.014694 0.035109
v 0.007805 0.013526 0.034369
v 0.008778 0.014200 0.036968
v 0.008594 0.013084 0.036393
v 0.006171 0.014031 0.039362
v 0.006021 0.012893 0.038866
v 0.003790 0.014768 0.036954
v 0.003609 0.013544 0.036372
v 0.004680 0.015073 0.035052
v 0.004485 0.013800 0.034421
v 0.006278 0.014372 0.037543
v 0.006048 0.013299 0.036840
v 0.010061 0.018511 0.036392
v 0.007203 0.018683 0.039880
v -0.001685 0.021516 0.041390
v 0.000041 0.021876 0.041458
v -0.005743 0.020722 0.043681
v -0.006071 0.020019 0.044528
v -0.008018 0.021522 0.040318
v -0.010100 0.022133 0.039425
v -0.007823 0.017283 0.033680
v -0.004671 0.014855 0.037602
v -0.009941 0.012851 0.035663
v -0.005889 0.012028 0.037792
v -0.010479 0.012517 0.040041
v -0.002877 0.011870 0.041438
v -0.010320 0.012317 0.044405
v -0.005317 0.012041 0.045451
v -0.009254 0.009695 0.049685
v -0.004052 0.009678 0.048849
v -0.009678 0.005095 0.051050
v -0.002731 0.005181 0.050225
v -0.009343 0.000805 0.049551
v -0.002901 0.000617 0.048529
v -0.015189 0.001506 0.045999
v -0.000024 0.001497 0.041851
v -0.015899 0.003339 0.039107
v 0.000241 0.007671 0.025678
v -0.008761 0.009244 0.024486
v -0.003977 0.009163 0.023330
v -0.008677 0.012658 0.025424
v -0.003658 0.012813 0.024442
v -0.008174 0.014279 0.028755
v -0.003702 0.014990 0.026699
v -0.002962 0.019074 0.030343
v -0.015959 0.005413 0.047289
v -0.013783 0.009928 0.046678
v -0.014350 0.009572 0.042019
v 0.000239 0.015832 0.034819
v 0.000188 0.013304 0.030059
v -0.000669 0.011846 0.037209
v 0.000772 0.011447 0.026848
v 0.000396 0.005319 0.043432
v -0.000966 0.008739 0.044652
v -0.016324 0.006442 0.040281
v -0.003246 0.020479 0.040437
v -0.002950 0.019564 0.039206
v -0.002837 0.019469 0.042135
v -0.002521 0.018490 0.040840
v -0.005790 0.018127 0.043350
v -0.005538 0.017164 0.042312
v -0.007825 0.019487 0.041162
v -0.007493 0.018588 0.039832
v -0.006674 0.020427 0.039875
v -0.006292 0.019632 0.038455
v -0.005470 0.019162 0.042087
v -0.005045 0.018312 0.040614
v -0.002550 0.018530 0.037442
v -0.002225 0.017671 0.035968
v -0.002094 0.017455 0.039056
v -0.001868 0.016574 0.037902
v -0.005017 0.016306 0.040437
v -0.004828 0.015488 0.039464
v -0.007043 0.017697 0.038080
v -0.006771 0.016975 0.036907
v -0.005905 0.018653 0.036839
v -0.005580 0.017900 0.035469
v -0.004681 0.017301 0.039056
v -0.004355 0.016615 0.037705
v 0.001118 0.041587 0.025873
v 0.001200 0.045422 0.026361
v -0.004406 0.041637 0.027385
v -0.003854 0.045514 0.027815
v -0.008335 0.041316 0.032272
v -0.007670 0.045485 0.032615
v -0.008989 0.041607 0.040028
v -0.008237 0.045340 0.040340
v -0.004267 0.041318 0.044968
v -0.003498 0.045147 0.045024
v 0.001555 0.041178 0.046156
v 0.001628 0.044963 0.046252
v 0.007320 0.041092 0.044713
v 0.006694 0.044850 0.044797
v 0.011807 0.041116 0.039788
v 0.011232 0.044906 0.039910
v 0.010850 0.041220 0.032027
v 0.010331 0.045083 0.032216
v 0.006707 0.041453 0.027146
v 0.006311 0.045269 0.027589
v 0.007974 0.037474 0.043332
v 0.012059 0.034173 0.037209
v 0.008562 0.033060 0.040817
v 0.010413 0.024754 0.036618
v 0.008305 0.025197 0.040453
v 0.010114 0.020251 0.036915
v 0.007367 0.019778 0.040102
v 0.007121 0.019395 0.032989
v 0.007121 0.021148 0.033831
v 0.007247 0.024565 0.033501
v 0.007423 0.032305 0.030655
v 0.011652 0.033939 0.033446
v 0.007264 0.037361 0.028252
v -0.005102 0.038290 0.043420
v 0.001418 0.037493 0.044709
v -0.000642 0.034412 0.040752
v 0.001273 0.034070 0.040505
v -0.000513 0.032733 0.033033
v 0.001163 0.032964 0.033471
v 0.001106 0.037592 0.027204
v 0.002789 0.032887 0.032671
v 0.003207 0.033955 0.040522
v -0.005052 0.036937 0.028679
v 0.003475 0.032715 0.039144
v 0.003140 0.032060 0.034607
v 0.004327 0.025098 0.037531
v 0.003988 0.020906 0.037257
v 0.003697 0.019302 0.036539
v 0.004010 0.040995 0.045665
v -0.000933 0.041099 0.045774
v 0.004509 0.040569 0.046346
v -0.001421 0.040694 0.046477
v 0.004038 0.040963 0.047063
v -0.000904 0.041070 0.047172
v 0.003537 0.041388 0.046383
v -0.000416 0.041473 0.046470
v 0.003606 0.044549 0.046443
v 0.004094 0.044931 0.045738
v -0.000345 0.044663 0.046533
v -0.000847 0.045088 0.045849
v 0.004618 0.045304 0.046438
v -0.001310 0.045488 0.046571
v -0.000813 0.045059 0.047250
v 0.004128 0.044908 0.047139
v 0.001991 0.019991 0.036388
v 0.007291 0.020467 0.031444
v -0.004444 0.022856 0.037984
v -0.004148 0.024542 0.036714
v -0.005394 0.031781 0.032131
v -0.000833 0.032041 0.035230
v -0.000977 0.033241 0.039650
v -0.005920 0.034652 0.041732
v -0.002276 0.026319 0.041158
v -0.006081 0.027398 0.044126
v -0.001996 0.022783 0.042470
v -0.005802 0.021806 0.044288
v -0.004784 0.023484 0.039440
v -0.005392 0.025055 0.037837
v -0.008127 0.022715 0.041616
v -0.008380 0.026194 0.040863
v -0.009570 0.035054 0.038210
v -0.009370 0.034053 0.034671
v 0.003935 0.049028 0.043743
v 0.002068 0.049065 0.044198
v 0.003037 0.047421 0.044282
v 0.002528 0.049411 0.046023
v 0.003496 0.047772 0.046106
v 0.004554 0.049482 0.046222
v 0.005356 0.047722 0.045647
v 0.006248 0.049306 0.045104
v 0.004898 0.047374 0.043824
v 0.005787 0.048960 0.043279
v 0.001412 0.051908 0.027753
v -0.002763 0.052035 0.028971
v 0.005636 0.051716 0.028778
v 0.009184 0.051476 0.032498
v 0.009944 0.051240 0.039873
v 0.005961 0.051268 0.043726
v 0.001787 0.051396 0.044945
v -0.002437 0.051592 0.043920
v -0.006574 0.051853 0.040252
v -0.006137 0.052044 0.032850
v 0.002957 0.050642 0.043653
v 0.003423 0.050992 0.045482
v 0.005283 0.050936 0.045023
v 0.004817 0.050584 0.043194
v 0.002030 0.068172 0.033771
v -0.001261 0.067784 0.036991
v 0.002293 0.067783 0.039712
v 0.001477 0.054454 0.042810
v 0.002390 0.056050 0.042282
v 0.001943 0.054795 0.044639
v 0.002855 0.056386 0.044110
v 0.003969 0.054851 0.044838
v 0.004714 0.056319 0.043649
v 0.005660 0.054664 0.043716
v 0.004249 0.055983 0.041820
v 0.005195 0.054324 0.041888
v 0.002429 0.052799 0.042882
v 0.002892 0.053138 0.044709
v 0.004288 0.052737 0.042421
v 0.004751 0.053075 0.044248
v -0.003218 0.054686 0.040989
v -0.002244 0.056290 0.041135
v -0.004091 0.055104 0.042702
v -0.003005 0.056678 0.042837
v -0.002668 0.055157 0.044137
v -0.001297 0.056583 0.043658
v -0.000655 0.054915 0.044340
v -0.000515 0.056188 0.041953
v 0.000129 0.054520 0.042638
v -0.002683 0.053044 0.041688
v -0.003469 0.053441 0.043389
v -0.000955 0.052949 0.042505
v -0.001740 0.053345 0.044208
v -0.004298 0.049334 0.042418
v -0.003228 0.050916 0.042543
v -0.005083 0.049731 0.044122
v -0.004011 0.051312 0.044247
v -0.003638 0.049791 0.045554
v -0.002282 0.051223 0.045065
v -0.001624 0.049564 0.045760
v -0.001500 0.050824 0.043361
v -0.000835 0.049169 0.044059
v -0.003631 0.047668 0.043119
v -0.004421 0.048067 0.044819
v -0.001901 0.047591 0.043938
v -0.002692 0.047988 0.045638
v 0.005486 0.067904 0.036776
v 0.002062 0.067481 0.034411
v 0.004881 0.067258 0.036748
v -0.000635 0.067160 0.036923
v 0.002242 0.067146 0.039017
v -0.018315 0.083794 0.043276
v -0.020402 0.084707 0.040281
v -0.018441 0.088678 0.042844
v -0.020465 0.087150 0.040065
v -0.018628 0.091825 0.039085
v -0.020558 0.088722 0.038186
v -0.018767 0.091389 0.034201
v -0.020628 0.088505 0.035743
v -0.018777 0.087627 0.031054
v -0.020633 0.086624 0.034170
v -0.018651 0.082743 0.031486
v -0.020570 0.084182 0.034386
v -0.018464 0.079598 0.035245
v -0.020477 0.082609 0.036265
v -0.018325 0.080033 0.040128
v -0.020407 0.082826 0.038707
v 0.021777 0.083671 0.030250
v 0.014874 0.083513 0.030461
v 0.021964 0.080526 0.034010
v 0.015061 0.080367 0.034221
v 0.022103 0.080961 0.038893
v 0.015200 0.080802 0.039104
v 0.022113 0.084722 0.042041
v 0.015210 0.084563 0.042252
v 0.021988 0.089606 0.041609
v 0.015085 0.089448 0.041820
v 0.021801 0.092753 0.037850
v 0.014898 0.092594 0.038061
v 0.021662 0.092317 0.032966
v 0.014759 0.092158 0.033177
v 0.021652 0.088555 0.029819
v 0.014749 0.088397 0.030030
v -0.011749 0.082902 0.031275
v -0.011874 0.087786 0.030843
v -0.011864 0.091547 0.033991
v -0.011725 0.091983 0.038874
v -0.011538 0.088837 0.042633
v -0.011412 0.083952 0.043065
v -0.011422 0.080191 0.039917
v -0.011561 0.079756 0.035034
v 0.023801 0.085200 0.033030
v 0.023739 0.087642 0.032814
v 0.023744 0.089523 0.034388
v 0.023813 0.089741 0.036830
v 0.023907 0.088168 0.038710
v 0.023969 0.085726 0.038925
v 0.023964 0.083845 0.037351
v 0.023895 0.083627 0.034909
v -0.020518 0.085666 0.037225
v 0.023854 0.086684 0.035870
v 0.008088 0.089096 0.051003
v 0.010555 0.088145 0.050810
v 0.008227 0.089996 0.056238
v 0.011760 0.088633 0.055963
v 0.008322 0.089052 0.058623
v 0.011382 0.087872 0.058385
v 0.008417 0.087039 0.060216
v 0.010184 0.086359 0.060079
v 0.008487 0.084500 0.060589
v 0.010943 0.084633 0.059854
v 0.010251 0.082876 0.059673
v 0.012698 0.084884 0.057996
v 0.011499 0.081839 0.057683
v 0.013279 0.085184 0.055513
v 0.011895 0.081668 0.055152
v 0.011616 0.085736 0.050496
v 0.010649 0.083280 0.050244
v 0.005661 0.088032 0.050960
v 0.004751 0.088473 0.056177
v 0.004694 0.085577 0.050708
v 0.003367 0.084956 0.055816
v 0.005755 0.083168 0.050394
v 0.004886 0.081507 0.055366
v 0.008222 0.082216 0.050202
v 0.008419 0.080144 0.055091
v 0.005311 0.087733 0.058571
v 0.004113 0.084687 0.058258
v 0.005429 0.081699 0.057868
v 0.008488 0.080520 0.057630
v 0.006679 0.086278 0.060186
v 0.005986 0.084520 0.060005
v 0.006747 0.082795 0.059781
v 0.008512 0.082114 0.059643
v -0.003985 0.088826 0.051372
v -0.003846 0.089719 0.056607
v -0.006418 0.087760 0.051330
v -0.007322 0.088196 0.056546
v -0.007387 0.085300 0.051077
v -0.008707 0.084679 0.056185
v -0.006323 0.082886 0.050762
v -0.007187 0.081230 0.055735
v -0.003852 0.081932 0.050570
v -0.003655 0.079867 0.055460
v -0.001419 0.082998 0.050612
v -0.000178 0.081391 0.055521
v -0.000450 0.085459 0.050865
v 0.001206 0.084907 0.055882
v -0.001513 0.087873 0.051180
v -0.000313 0.088356 0.056332
v -0.000692 0.087595 0.058754
v -0.003751 0.088774 0.058992
v -0.006762 0.087455 0.058939
v -0.007960 0.084410 0.058627
v -0.006645 0.081422 0.058237
v -0.003586 0.080243 0.057999
v -0.000575 0.081562 0.058052
v 0.000624 0.084607 0.058364
v -0.001890 0.086082 0.060448
v -0.003656 0.086762 0.060585
v -0.005394 0.086001 0.060555
v -0.006087 0.084242 0.060374
v -0.005327 0.082518 0.060149
v -0.003561 0.081836 0.060012
v -0.001822 0.082599 0.060042
v -0.001130 0.084356 0.060223
v -0.003587 0.084223 0.060958
v -0.011208 0.086812 0.047904
v -0.009960 0.090502 0.049973
v -0.010146 0.083076 0.049753
v -0.006600 0.088200 0.053754
v -0.008326 0.080119 0.053527
v 0.002388 0.081377 0.056511
v -0.005601 0.076587 0.058800
v 0.002619 0.076877 0.060673
v -0.006513 0.071861 0.060000
v 0.002809 0.071903 0.062643
v -0.005705 0.071267 0.059714
v 0.002807 0.071306 0.062126
v -0.013462 0.076516 0.044700
v -0.013042 0.079958 0.041960
v -0.012762 0.094290 0.042889
v -0.007196 0.095848 0.053388
v -0.007501 0.091270 0.053968
v 0.002015 0.096622 0.055738
v 0.002148 0.092090 0.056704
v 0.011091 0.096267 0.052829
v 0.011639 0.091709 0.053383
v 0.013883 0.091050 0.049245
v 0.010869 0.088601 0.053220
v 0.002275 0.086090 0.056338
v 0.012947 0.080608 0.052877
v 0.014396 0.083639 0.049004
v 0.017695 0.077231 0.043749
v 0.016950 0.080646 0.041044
v 0.018778 0.073470 0.040691
v 0.014755 0.074631 0.030046
v 0.016693 0.068154 0.042199
v 0.013212 0.069337 0.030677
v 0.011235 0.064305 0.044539
v 0.002196 0.063850 0.039641
v 0.002357 0.063652 0.045760
v -0.006381 0.063907 0.045077
v 0.011117 0.071653 0.059200
v 0.011912 0.072284 0.059437
v 0.016392 0.072203 0.051920
v 0.017203 0.072899 0.051952
v 0.017167 0.072772 0.043307
v 0.018542 0.073260 0.041948
v 0.015080 0.067637 0.050003
v 0.015833 0.067067 0.049826
v 0.009275 0.064705 0.056022
v 0.009901 0.064207 0.055821
v 0.002859 0.063718 0.058145
v 0.002873 0.063125 0.058146
v -0.003744 0.064406 0.056419
v -0.004358 0.063879 0.056257
v -0.010034 0.067060 0.050770
v -0.010769 0.066456 0.050639
v -0.012759 0.072085 0.044222
v -0.014235 0.072508 0.042950
v -0.011434 0.071564 0.052770
v -0.012273 0.072222 0.052852
v -0.010861 0.076498 0.053101
v -0.012142 0.067493 0.043080
v -0.014556 0.072705 0.041709
v -0.011248 0.074034 0.030841
v -0.009691 0.092972 0.032885
v 0.001573 0.075019 0.024514
v 0.001224 0.092966 0.027119
v 0.012459 0.093480 0.032208
v 0.016071 0.094952 0.042008
v 0.015171 0.087417 0.047099
v 0.001785 0.068544 0.026597
v -0.009428 0.068818 0.031369
v 0.010713 0.076961 0.058301
v 0.015614 0.077106 0.052292
v 0.002539 0.067352 0.050398
v 0.002219 0.072443 0.043766
v 0.009767 0.107478 0.035422
v 0.006028 0.106929 0.031923
v 0.015132 0.102304 0.032843
v 0.009082 0.101275 0.027005
v 0.018101 0.094581 0.030657
v 0.010522 0.093486 0.023987
v 0.019257 0.088896 0.029789
v 0.011224 0.087637 0.023273
v 0.018877 0.082417 0.029874
v 0.011385 0.081286 0.023753
v 0.016853 0.077026 0.030470
v 0.011021 0.076157 0.025956
v 0.015303 0.075400 0.031758
v 0.010105 0.074639 0.027961
v 0.001889 0.079066 0.038436
v 0.001621 0.074157 0.025979
v -0.006739 0.074252 0.028475
v 0.001519 0.075617 0.023736
v -0.007845 0.075724 0.026532
v 0.001325 0.080768 0.021251
v -0.008577 0.080828 0.024363
v 0.001165 0.087119 0.020771
v -0.008737 0.087179 0.023883
v 0.001056 0.092966 0.021628
v -0.008262 0.093055 0.024560
v 0.000983 0.100815 0.025113
v -0.006998 0.100906 0.027496
v 0.001021 0.106645 0.030753
v -0.003913 0.106701 0.032226
v 0.011235 0.108146 0.040312
v 0.017506 0.103383 0.040754
v 0.010039 0.108751 0.045285
v 0.015572 0.104362 0.048797
v 0.006499 0.109133 0.049006
v 0.009847 0.104980 0.054816
v 0.001566 0.109189 0.050480
v 0.001865 0.105072 0.057200
v -0.003441 0.108905 0.049310
v -0.006234 0.104611 0.055307
v -0.007180 0.108356 0.045811
v -0.012282 0.103723 0.049648
v -0.008648 0.107689 0.040920
v -0.014656 0.102644 0.041737
v -0.007452 0.107083 0.035948
v -0.012722 0.101665 0.033694
v 0.020405 0.096070 0.041535
v 0.018145 0.097214 0.050930
v 0.011458 0.097936 0.057961
v 0.002135 0.098043 0.060745
v -0.007326 0.097505 0.058535
v -0.014389 0.096467 0.051924
v -0.017163 0.095207 0.042682
v -0.015461 0.093810 0.031683
v -0.016407 0.088077 0.030878
v -0.015726 0.081623 0.030931
v -0.013423 0.076331 0.031395
v -0.011725 0.074780 0.032584
v -0.013653 0.076453 0.039731
v 0.001899 0.084283 0.042683
v -0.014868 0.081641 0.044015
v 0.001744 0.090557 0.042315
v -0.015023 0.087916 0.043647
v -0.012536 0.089046 0.051933
v -0.017459 0.089579 0.043484
v -0.014307 0.090853 0.052755
v -0.017304 0.083305 0.043853
v -0.016436 0.078109 0.039579
v -0.007212 0.091895 0.059395
v -0.006202 0.089976 0.057862
v 0.002282 0.090458 0.059844
v 0.010642 0.090362 0.057347
v 0.002290 0.092435 0.061615
v 0.011654 0.092328 0.058819
v 0.018371 0.091603 0.051757
v 0.016638 0.089715 0.051042
v 0.018664 0.088689 0.042617
v 0.018819 0.082414 0.042986
v 0.017584 0.077170 0.038777
v 0.020275 0.078952 0.038457
v 0.021162 0.084188 0.042678
v 0.021007 0.090462 0.042309
v 0.007823 0.116169 0.035277
v 0.004840 0.115731 0.032484
v 0.000842 0.115503 0.031550
v -0.003097 0.115549 0.032726
v -0.005921 0.115854 0.035697
v -0.006876 0.116337 0.039666
v -0.005704 0.116869 0.043569
v -0.002720 0.117307 0.046363
v 0.001277 0.117534 0.047296
v 0.005216 0.117490 0.046120
v 0.008040 0.117184 0.043150
v 0.008995 0.116701 0.039181
v 0.006240 0.118162 0.035982
v 0.003935 0.117628 0.033797
v 0.000844 0.117452 0.033074
v -0.002202 0.117487 0.033984
v -0.004391 0.117918 0.036307
v -0.005129 0.118292 0.039377
v -0.004223 0.118704 0.042396
v -0.001915 0.119043 0.044557
v 0.001182 0.119052 0.045338
v 0.004223 0.119184 0.044369
v 0.006408 0.118948 0.042071
v 0.007146 0.118574 0.039002
v 0.000973 0.119757 0.039020
vn -0.8760 0.1366 -0.4626
vn -0.6536 0.4197 0.6298
vn -0.4780 -0.0390 0.8775
vn -0.8005 0.5908 -0.1005
vn -0.6895 0.2065 -0.6942
vn -0.4323 0.2650 -0.8619
vn 0.6743 0.2013 -0.7105
vn -0.0053 0.3705 -0.9288
vn -0.0903 -0.4945 -0.8645
vn 0.4466 0.2618 -0.8556
vn 0.4797 0.1322 -0.8674
vn 0.9749 -0.0420 -0.2185
vn 0.6242 0.1449 -0.7677
vn 0.9994 0.0030 0.0344
vn -0.1947 -0.7006 0.6865
vn 0.9279 -0.0094 0.3727
vn 0.6753 -0.1842 0.7142
vn 0.5610 0.1952 0.8044
vn 0.5897 0.3546 0.7256
vn -0.0539 -0.3442 0.9373
vn -0.9968 -0.0376 -0.0707
vn -0.3361 0.6545 -0.6772
vn -0.5079 0.3073 -0.8047
vn 0.9551 0.0161 0.2957
vn 0.7645 0.2476 -0.5952
vn 0.7982 -0.5312 0.2841
vn -0.0057 -0.7532 0.6578
vn -0.8024 -0.4997 0.3261
vn 0.0428 0.0821 0.9957
vn -0.5302 0.3687 0.7635
vn 0.0668 0.5734 0.8166
vn -0.8791 0.2936 0.3756
vn -0.7357 -0.3776 -0.5623
vn 0.4036 -0.0837 -0.9111
vn -0.8078 -0.1498 -0.5701
vn 0.3612 -0.0158 -0.9323
vn -0.4762 -0.1886 -0.8589
vn 0.4227 -0.2689 -0.8655
vn -0.5623 -0.2986 -0.7711
vn 0.5042 -0.1994 -0.8402
vn -0.5165 -0.2752 -0.8109
vn -0.3893 0.3523 0.8511
vn -0.9939 0.0767 0.0787
vn -0.3616 0.4119 0.8364
vn -0.9969 0.0100 0.0775
vn -0.3759 0.1924 0.9065
vn -0.9970 -0.0656 0.0404
vn -0.0569 0.0487 0.9972
vn -0.8489 -0.0773 0.5228
vn 0.9925 0.1207 -0.0188
vn 0.9963 0.0321 -0.0801
vn 0.9717 0.1486 -0.1838
vn 0.9095 0.2586 -0.3255
vn 0.7946 0.5919 -0.1350
vn 0.6628 0.4844 0.5711
vn 0.5701 0.3490 0.7437
vn 0.6095 0.2936 0.7364
vn 0.6601 0.2684 0.7016
vn 0.7707 0.2930 0.5658
vn 0.2655 0.1854 -0.9461
vn -0.4723 -0.3343 -0.8156
vn -0.4503 0.4697 -0.7593
vn 0.7052 -0.1038 -0.7013
vn 0.7845 0.3984 -0.4753
vn 0.9764 0.0452 0.2112
vn 0.6845 0.6283 0.3697
vn 0.4545 0.1958 0.8690
vn -0.0078 0.7174 0.6966
vn -0.4232 0.2248 0.8777
vn -0.9369 0.3476 0.0386
vn -0.9663 0.2159 -0.1401
vn 0.5133 0.6034 -0.6103
vn -0.5289 0.8306 -0.1743
vn 0.3832 0.6951 0.6083
vn -0.2426 -0.1444 -0.9593
vn 0.9579 -0.2866 -0.0171
vn 0.0979 -0.9900 -0.1012
vn 0.1596 -0.4765 0.8646
vn -0.8875 -0.1558 0.4336
vn 0.0566 -0.3198 -0.9458
vn -0.5195 0.2942 0.8023
vn -0.9890 0.1204 0.0863
vn 0.9678 0.2486 0.0380
vn -0.9800 0.1851 -0.0723
vn 0.5648 0.3483 0.7481
vn -0.0190 0.9567 -0.2905
vn 0.9423 0.1542 0.2971
vn 0.3249 0.2369 0.9156
vn -0.5736 0.3369 0.7467
vn -0.8890 0.4408 -0.1240
vn -0.6495 -0.1732 -0.7404
vn -0.8618 0.2920 -0.4149
vn 0.3742 -0.6418 -0.6694
vn -0.6403 -0.1631 -0.7506
vn 0.1081 -0.7025 -0.7034
vn -0.5211 -0.8215 -0.2314
vn 0.3523 -0.9224 0.1584
vn -0.7176 -0.3181 0.6196
vn 0.7152 -0.5980 0.3619
vn -0.4920 0.0996 0.8649
vn 0.3424 -0.2376 -0.9090
vn -0.4676 0.2169 0.8569
vn -0.6217 0.7693 -0.1470
vn -0.6575 0.0356 0.7526
vn -0.3925 0.8847 -0.2516
vn -0.9754 0.1310 -0.1775
vn -0.5738 0.4333 -0.6950
vn -0.7204 -0.2291 -0.6547
vn -0.0614 0.5411 -0.8387
vn 0.1185 -0.4328 -0.8937
vn 0.0882 0.3261 -0.9412
vn 0.6369 -0.5952 -0.4900
vn -0.3400 -0.1455 -0.9291
vn 0.8367 -0.1170 -0.5349
vn 0.0518 -0.2405 -0.9693
vn 0.8669 0.0777 -0.4925
vn -0.4843 -0.6875 -0.5411
vn 0.4035 -0.1457 0.9033
vn 0.8881 -0.3296 0.3203
vn -0.6757 -0.4964 -0.5450
vn 0.4167 -0.8651 0.2792
vn -0.0032 -0.6416 0.7670
vn -0.1602 -0.9431 -0.2913
vn -0.5089 -0.8596 -0.0465
vn -0.8051 -0.5410 0.2431
vn 0.8970 -0.1115 0.4277
vn -0.0124 -0.0335 0.9994
vn 0.8384 -0.0166 -0.5447
vn -0.1419 0.0693 -0.9875
vn -0.8083 0.2443 0.5356
vn -0.8878 0.2869 -0.3599
vn -0.2989 -0.0206 -0.9541
vn 0.6598 -0.1820 -0.7291
vn 0.9755 -0.0916 0.1998
vn 0.3033 0.1198 0.9453
vn 0.9911 -0.0396 0.1270
vn 0.3018 0.2824 0.9106
vn 0.2948 0.3543 0.8874
vn 0.9713 -0.1176 0.2069
vn 0.5834 -0.3081 -0.7515
vn 0.6176 -0.3491 -0.7048
vn -0.3276 -0.2022 -0.9229
vn -0.3275 -0.2088 -0.9215
vn -0.7017 0.2710 0.6589
vn -0.9396 0.2078 -0.2718
vn -0.6627 0.3517 0.6612
vn -0.9659 0.1449 -0.2145
vn -0.9534 0.1305 -0.2720
vn -0.6562 0.3869 0.6479
vn -0.3370 0.3072 -0.8900
vn -0.9815 0.0691 -0.1785
vn -0.5595 0.7156 -0.4182
vn -0.4712 -0.2060 -0.8576
vn 0.4660 0.1732 -0.8677
vn 0.6141 -0.4698 -0.6342
vn 0.9546 0.2976 -0.0116
vn 0.9984 0.0429 0.0355
vn 0.3154 0.6158 0.7220
vn 0.1180 0.4658 0.8770
vn -0.6008 0.5975 0.5311
vn -0.6121 0.4554 0.6465
vn 0.4419 0.4258 -0.7896
vn -0.1742 0.9847 0.0049
vn 0.9457 0.2688 0.1829
vn -0.7753 0.2371 -0.5854
vn 0.1543 -0.9042 -0.3983
vn -0.7889 -0.5273 0.3155
vn 0.3312 -0.5657 0.7552
vn -0.3680 0.3664 0.8546
vn 0.1474 0.9607 -0.2351
vn -0.9607 0.2747 -0.0412
vn -0.6628 -0.0831 -0.7442
vn 0.0617 -0.6139 -0.7870
vn -0.7754 -0.2977 -0.5569
vn 0.5432 -0.4629 -0.7005
vn -0.4981 -0.6503 -0.5737
vn 0.0310 0.2958 -0.9547
vn 0.1794 -0.4170 -0.8910
vn 0.0437 0.6885 -0.7240
vn 0.8279 0.0312 -0.5601
vn 0.5443 0.6003 -0.5860
vn 0.9673 0.1899 0.1681
vn 0.3613 0.9242 -0.1236
vn 0.5468 -0.0020 0.8372
vn 0.5938 0.7975 -0.1068
vn 0.3036 0.4108 0.8597
vn 0.9024 -0.1271 -0.4118
vn 0.2214 -0.0649 0.9730
vn 0.1910 -0.8302 -0.5237
vn -0.5332 -0.6000 0.5964
vn -0.4151 -0.8759 -0.2459
vn 0.3177 -0.9321 0.1738
vn 0.4600 -0.6611 -0.5927
vn 0.7112 -0.1736 0.6812
vn 0.7916 -0.2866 -0.5396
vn 0.6798 0.3798 0.6274
vn 0.9471 0.3206 -0.0169
vn 0.3614 0.6823 0.6355
vn 0.4326 -0.8859 -0.1672
vn 0.6290 -0.7471 -0.2150
vn 0.7035 -0.5808 -0.4095
vn -0.5126 0.6029 0.6113
vn -0.9082 -0.1792 0.3782
vn -0.5561 0.0942 0.8257
vn -0.4702 -0.8384 0.2756
vn -0.1054 -0.5818 0.8065
vn 0.1428 -0.9760 -0.1645
vn 0.6820 -0.7198 -0.1292
vn 0.8636 -0.4035 0.3023
vn 0.0938 -0.1064 0.9899
vn 0.5414 0.6619 0.5184
vn -0.1735 0.7136 0.6787
vn 0.9587 0.2838 -0.0173
vn 0.0416 0.9592 0.2797
vn 0.7653 0.6403 -0.0658
vn 0.3268 0.9132 -0.2434
vn 0.8199 0.5712 -0.0388
vn 0.3284 0.9442 -0.0250
vn 0.6447 0.6970 0.3140
vn 0.1015 0.7695 0.6305
vn 0.7602 0.2368 0.6050
vn 0.0334 0.0770 0.9965
vn 0.5275 -0.6489 0.5483
vn -0.0191 -0.5331 0.8458
vn -0.4174 -0.7284 0.5434
vn -0.7155 0.3012 0.6304
vn -0.5821 0.7432 0.3299
vn -0.2114 0.9767 0.0366
vn -0.7351 0.6779 0.0122
vn -0.1473 0.9615 -0.2318
vn -0.7876 0.6145 -0.0453
vn -0.9438 0.3256 0.0562
vn 0.9930 0.1177 0.0097
vn 0.5963 -0.8022 -0.0284
vn -0.6911 -0.7175 0.0869
vn -0.9712 0.2383 0.0081
vn 0.7888 0.2054 -0.5793
vn 0.3728 -0.8730 -0.3145
vn -0.6464 -0.5293 -0.5496
vn -0.8149 0.2834 -0.5055
vn -0.7210 0.4232 -0.5487
vn -0.0380 0.4866 -0.8728
vn -0.0263 0.3564 -0.9339
vn 0.7987 0.4132 -0.4374
vn -0.1220 0.2356 -0.9642
vn 0.1413 -0.4000 -0.9056
vn 0.8857 0.4332 0.1667
vn 0.5052 -0.7273 -0.4645
vn 0.7420 0.6641 -0.0911
vn 0.7679 -0.6036 0.2145
vn 0.3024 0.5410 0.7848
vn -0.3166 -0.9037 0.2883
vn -0.8044 0.3396 0.4874
vn -0.8762 -0.4399 -0.1968
vn -0.4668 0.8834 -0.0408
vn -0.7734 -0.4853 -0.4078
vn 0.1224 0.9562 0.2658
vn -0.1360 -0.9602 -0.2441
vn 0.8694 0.4669 0.1616
vn 0.5088 -0.7592 -0.4059
vn 0.7496 0.6537 -0.1039
vn 0.7886 -0.5638 0.2454
vn 0.2761 0.5961 0.7540
vn -0.2921 -0.8978 0.3296
vn -0.8247 0.3226 0.4645
vn -0.8481 -0.5000 -0.1753
vn -0.5115 0.8526 -0.1066
vn -0.7239 -0.5588 -0.4046
vn 0.1209 0.9737 0.1932
vn -0.1069 -0.9757 -0.1911
vn 0.6943 0.7183 0.0450
vn 0.2530 0.8347 0.4892
vn -0.3082 0.4495 0.8384
vn 0.3647 0.6692 0.6474
vn 0.4593 0.7550 0.4680
vn -0.1529 0.1064 0.9825
vn -0.5263 0.7789 0.3409
vn -0.3967 0.7112 0.5804
vn -0.8510 0.4678 -0.2387
vn -0.2022 -0.2953 0.9338
vn -0.6815 0.7122 0.1682
vn 0.1025 0.8038 0.5860
vn -0.1861 0.9817 0.0414
vn 0.2639 0.9543 0.1403
vn -0.2326 0.9532 0.1931
vn 0.2766 0.8969 0.3451
vn -0.1910 0.6568 0.7295
vn 0.3914 0.5688 0.7234
vn -0.2102 -0.0167 0.9775
vn 0.5798 0.0160 0.8146
vn -0.0970 -0.6002 0.7940
vn 0.5231 -0.7558 0.3938
vn -0.5944 -0.7780 0.2036
vn 0.4432 -0.8878 -0.1243
vn -0.6452 -0.6603 -0.3843
vn 0.5776 -0.5523 -0.6011
vn -0.4701 -0.4880 -0.7354
vn 0.0026 -0.0416 -0.9991
vn -0.6689 0.4893 -0.5596
vn 0.2444 0.6035 -0.7590
vn -0.5697 0.7201 -0.3960
vn 0.1825 0.7407 -0.6466
vn 0.4356 0.5831 -0.6857
vn -0.8422 0.1847 0.5065
vn -0.6359 0.6794 0.3661
vn -0.7423 0.6700 -0.0106
vn 0.9376 0.1336 0.3209
vn 0.8616 0.4484 -0.2381
vn 0.8351 0.4598 0.3019
vn 0.9274 0.2882 -0.2386
vn 0.9782 0.0096 0.2075
vn 0.7856 0.5147 0.3434
vn -0.9621 0.2456 -0.1189
vn 0.7063 0.4354 0.5581
vn 0.7393 -0.4361 -0.5131
vn 0.5468 0.7729 0.3219
vn 0.8228 -0.5249 0.2179
vn 0.0258 0.2137 0.9766
vn -0.1569 -0.9809 -0.1147
vn -0.9469 -0.0080 0.3214
vn -0.6902 -0.4170 -0.5913
vn -0.6096 0.7903 0.0624
vn -0.4056 -0.4577 -0.7912
vn -0.1725 0.7921 0.5856
vn 0.1158 -0.8368 -0.5351
vn 0.7409 0.3976 0.5413
vn 0.7027 -0.5111 -0.4950
vn 0.5429 0.7676 0.3408
vn 0.7976 -0.5558 0.2342
vn 0.0544 0.2190 0.9742
vn -0.2116 -0.9709 -0.1121
vn -0.9473 -0.0188 0.3197
vn -0.7087 -0.3975 -0.5828
vn -0.5887 0.8044 0.0802
vn -0.4341 -0.4852 -0.7590
vn -0.0809 0.8192 0.5677
vn 0.0084 -0.8445 -0.5354
vn -0.5020 0.0374 -0.8641
vn -0.1033 0.1727 -0.9796
vn -0.0104 -0.0785 -0.9969
vn -0.5968 0.1955 -0.7782
vn -0.8906 0.0422 -0.4529
vn -0.9100 0.2081 -0.3587
vn -0.9459 0.0613 0.3186
vn -0.9124 0.1974 0.3584
vn -0.5242 -0.0801 0.8478
vn -0.4648 0.1301 0.8758
vn -0.0665 -0.1888 0.9798
vn 0.0191 0.0960 0.9952
vn 0.4170 -0.1238 0.9004
vn 0.5210 0.1363 0.8426
vn 0.9013 0.0171 0.4328
vn 0.9328 0.1683 0.3186
vn 0.9322 0.0751 -0.3541
vn 0.9055 0.1675 -0.3898
vn 0.5164 -0.0359 -0.8556
vn 0.4690 0.1743 -0.8658
vn 0.3753 -0.4373 0.8172
vn 0.9576 -0.1134 0.2648
vn 0.2334 -0.3657 0.9010
vn 0.9739 -0.2050 -0.0976
vn 0.2082 -0.0166 0.9780
vn 0.9950 -0.0989 0.0138
vn 0.0642 -0.1473 0.9870
vn 0.0150 0.1872 -0.9822
vn 0.0875 0.9919 0.0922
vn -0.0879 -0.1686 -0.9818
vn -0.0430 -0.5098 -0.8592
vn 0.8372 -0.1829 -0.5154
vn 0.3878 -0.3470 -0.8540
vn -0.4059 -0.3563 0.8416
vn 0.0137 -0.5809 0.8139
vn 0.2790 -0.7742 0.5682
vn -0.0449 -0.8871 0.4593
vn 0.2934 -0.8991 -0.3247
vn 0.0387 -0.9875 -0.1530
vn 0.0218 -0.5769 -0.8165
vn -0.5027 -0.7890 -0.3532
vn -0.2935 -0.8016 0.5208
vn -0.3541 -0.4325 -0.8292
vn -0.7862 -0.4210 0.4524
vn -0.8554 -0.4545 -0.2482
vn -0.9606 -0.1738 0.2168
vn -0.9826 0.0696 0.1724
vn -0.4661 0.8810 -0.0811
vn 0.6345 -0.7057 -0.3154
vn -0.2633 -0.2280 -0.9374
vn -0.2510 0.2787 -0.9270
vn -0.5399 -0.8275 0.1541
vn 0.0161 -0.2432 0.9698
vn -0.2125 0.2391 0.9475
vn -0.5010 0.8446 0.1887
vn 0.7874 0.6043 -0.1218
vn -0.8898 -0.4561 0.0163
vn 0.2088 -0.2417 -0.9476
vn 0.3998 -0.9162 -0.0266
vn 0.2206 0.2639 -0.9390
vn 0.7060 0.7079 0.0212
vn -0.7561 0.6372 0.1494
vn 0.3061 -0.0286 0.9516
vn 0.0195 -0.0189 0.9996
vn -0.3880 0.9186 -0.0758
vn 0.4806 0.8675 -0.1284
vn -0.1769 0.9629 0.2038
vn -0.3785 0.9084 0.1776
vn -0.0746 -0.6694 -0.7391
vn 0.8165 -0.5565 -0.1540
vn 0.7509 -0.3738 0.5444
vn -0.2010 -0.1467 0.9686
vn 0.9726 -0.1285 0.1939
vn -0.1568 0.2629 0.9520
vn 0.9176 -0.0287 0.3965
vn -0.1943 -0.2691 0.9433
vn 0.1239 0.2564 -0.9586
vn 0.0061 -0.6689 -0.7434
vn -0.9905 -0.1229 0.0608
vn -0.9801 -0.1962 0.0294
vn -0.9543 -0.0001 0.2990
vn -0.8455 -0.2507 -0.4715
vn -0.5139 -0.8579 0.0026
vn -0.9603 -0.0649 -0.2712
vn -0.2361 -0.1876 -0.9534
vn -0.7881 0.1003 0.6074
vn -0.2235 -0.5510 0.8040
vn 0.2406 0.1891 0.9520
vn 0.4404 -0.7173 0.5399
vn 0.9842 0.0541 0.1686
vn 0.6494 -0.7601 -0.0205
vn 0.9703 -0.0183 -0.2412
vn 0.0224 0.2312 -0.9727
vn -0.5261 0.2424 -0.8151
vn 0.5497 0.2301 -0.8031
vn 0.8817 0.2493 -0.4005
vn 0.9353 0.2826 0.2129
vn 0.5820 0.2303 0.7799
vn 0.1172 0.2296 0.9662
vn -0.3679 0.2494 0.8958
vn -0.8338 0.3463 0.4300
vn -0.8978 0.3161 -0.3067
vn -0.6446 0.7643 0.0191
vn -0.2026 0.8991 0.3879
vn 0.5165 0.7786 0.3565
vn 0.4648 0.8403 -0.2789
vn 0.0997 0.9946 -0.0285
vn 0.0109 0.9975 -0.0694
vn -0.0818 0.9545 0.2868
vn -0.7868 0.1029 0.6086
vn -0.6411 0.7672 0.0219
vn -0.9700 0.0329 0.2410
vn -0.1960 0.8975 0.3951
vn 0.2427 0.1784 0.9536
vn 0.5250 0.7698 0.3629
vn 0.9540 0.1879 0.2337
vn 0.4760 0.8354 -0.2749
vn 0.9548 -0.2184 -0.2016
vn -0.6257 -0.7232 0.2924
vn -0.1795 -0.7030 0.6882
vn 0.3283 -0.9402 0.0908
vn 0.6549 -0.6017 0.4573
vn -0.9907 0.1297 -0.0410
vn -0.5001 0.7561 -0.4222
vn -0.8866 0.0376 -0.4609
vn -0.3763 0.9121 0.1625
vn -0.4128 0.2090 0.8865
vn 0.1987 0.7767 0.5977
vn 0.5970 0.1859 0.7804
vn 0.5668 0.8208 0.0711
vn 0.8613 -0.2333 0.4514
vn -0.6948 -0.6967 -0.1787
vn -0.5976 -0.6757 0.4317
vn 0.1704 -0.9394 0.2975
vn 0.2024 -0.5921 0.7800
vn -0.9923 0.1208 -0.0270
vn -0.4955 0.7676 -0.4065
vn -0.9041 0.0393 -0.4254
vn -0.3824 0.9100 0.1603
vn -0.4105 0.2087 0.8877
vn 0.1961 0.7804 0.5937
vn 0.5955 0.1965 0.7789
vn 0.5604 0.8256 0.0661
vn 0.8636 -0.2198 0.4538
vn -0.6843 -0.7136 -0.1496
vn -0.5885 -0.6806 0.4365
vn 0.1788 -0.9361 0.3030
vn 0.2071 -0.5860 0.7834
vn -0.1336 0.8537 0.5033
vn -0.0259 0.9763 0.2148
vn -0.5182 0.8484 -0.1082
vn 0.4858 0.8524 0.1933
vn 0.1244 0.9104 -0.3947
vn -0.4791 0.2815 0.8314
vn -0.9198 -0.1288 0.3708
vn -0.3655 -0.3696 0.8543
vn -0.9408 0.1675 0.2946
vn -0.5040 0.7729 0.3856
vn -0.9503 0.3000 0.0831
vn -0.5250 0.8047 -0.2773
vn -0.9565 0.2440 -0.1601
vn -0.5298 0.3585 -0.7687
vn -0.9557 0.0324 -0.2926
vn -0.5155 -0.3045 -0.8010
vn -0.9484 -0.2108 -0.2369
vn -0.4906 -0.7957 -0.3552
vn -0.9389 -0.3433 -0.0255
vn -0.5390 -0.7709 0.3394
vn -0.9531 -0.2608 0.1539
vn 0.5040 -0.7729 -0.3856
vn -0.0116 -0.5798 -0.8147
vn 0.4791 -0.2816 -0.8313
vn 0.0175 -0.9859 -0.1666
vn 0.5250 -0.8047 0.2771
vn 0.0363 -0.8145 0.5790
vn 0.5298 -0.3585 0.7687
vn 0.0338 -0.1661 0.9855
vn 0.5154 0.3044 0.8010
vn 0.0116 0.5797 0.8148
vn 0.4906 0.7957 0.3552
vn -0.0175 0.9859 0.1666
vn 0.4697 0.8275 -0.3076
vn -0.0364 0.8144 -0.5791
vn 0.4649 0.3813 -0.7991
vn -0.0339 0.1661 -0.9855
vn 0.0339 -0.1661 0.9855
vn 0.0364 -0.8145 0.5790
vn 0.9336 0.0757 -0.3503
vn 0.9408 -0.1675 -0.2946
vn 0.9327 0.2873 -0.2178
vn 0.9389 0.3433 0.0254
vn 0.9484 0.2108 0.2369
vn 0.9557 -0.0325 0.2927
vn 0.9565 -0.2441 0.1600
vn 0.9503 -0.2999 -0.0832
vn -0.9993 -0.0229 0.0305
vn 0.9993 0.0229 -0.0305
vn -0.0226 0.9997 0.0107
vn 0.5556 0.8055 -0.2063
vn -0.0278 0.9853 -0.1686
vn 0.6925 0.7197 0.0490
vn -0.0034 0.8505 0.5260
vn 0.6270 0.5515 0.5502
vn 0.0160 0.4734 0.8807
vn 0.4453 0.2512 0.8594
vn 0.0329 -0.1150 0.9928
vn 0.5241 -0.0885 0.8471
vn 0.4585 -0.4246 0.7807
vn 0.8345 -0.0478 0.5489
vn 0.6501 -0.6386 0.4117
vn 0.9987 0.0135 0.0500
vn 0.7197 -0.6847 -0.1144
vn 0.9496 0.0544 -0.3088
vn 0.5850 -0.7147 -0.3833
vn -0.6035 0.7788 -0.1709
vn -0.7203 0.6876 0.0915
vn -0.9623 0.1405 -0.2330
vn -0.9996 -0.0213 0.0189
vn -0.7628 -0.5614 -0.3209
vn -0.6934 -0.7170 -0.0714
vn -0.1219 -0.9156 -0.3831
vn 0.0189 -0.9918 -0.1265
vn -0.6169 0.5227 0.5884
vn -0.8462 -0.0941 0.5245
vn -0.5700 -0.6898 0.4465
vn 0.0496 -0.9153 0.3998
vn -0.4032 0.2318 0.8853
vn -0.5116 -0.1681 0.8426
vn -0.3042 -0.5259 0.7943
vn 0.0975 -0.6322 0.7686
vn -0.6037 0.7789 -0.1697
vn -0.0195 0.9943 0.1048
vn 0.1036 0.9800 -0.1699
vn -0.9626 0.1404 -0.2317
vn -0.9996 -0.0212 0.0188
vn -0.7630 -0.5618 -0.3196
vn -0.6935 -0.7168 -0.0718
vn -0.1219 -0.9161 -0.3819
vn 0.0186 -0.9917 -0.1272
vn 0.5854 -0.7151 -0.3821
vn 0.7194 -0.6849 -0.1153
vn 0.9443 -0.0765 -0.3201
vn 0.9988 0.0239 -0.0419
vn 0.7447 0.6257 -0.2322
vn 0.6922 0.7201 0.0483
vn 0.6033 0.5741 0.5537
vn -0.0166 0.7996 0.6003
vn 0.0496 -0.9153 0.3997
vn 0.8794 -0.0217 0.4756
vn 0.3596 0.3330 0.8717
vn -0.0423 0.4393 0.8973
vn 0.5669 -0.0249 0.8234
vn -0.8779 0.0779 0.4725
vn -0.8550 0.0187 0.5182
vn -0.9176 0.0026 0.3974
vn -0.5288 -0.0391 0.8478
vn -0.6840 0.3559 0.6368
vn 0.0183 0.4151 0.9096
vn -0.4967 0.4553 0.7389
vn 0.0168 0.4574 0.8891
vn -0.4701 -0.1301 0.8730
vn 0.0371 -0.3601 0.9322
vn -0.2538 -0.8860 0.3881
vn 0.0330 -0.9244 0.3800
vn -0.9382 0.2095 0.2755
vn -0.9929 0.1140 0.0338
vn -0.9305 0.3210 0.1767
vn -0.5774 0.6763 0.4574
vn -0.5320 0.0081 0.8467
vn -0.0813 0.8181 0.5693
vn 0.0232 0.0521 0.9984
vn 0.4806 0.7451 0.4625
vn 0.5930 -0.0240 0.8049
vn 0.8833 0.0586 0.4651
vn 0.6246 -0.0091 0.7809
vn 0.0980 -0.0388 0.9944
vn 0.9427 0.2527 0.2180
vn 0.9006 0.1187 0.4181
vn 0.7045 0.3877 0.5944
vn 0.9869 0.1594 -0.0266
vn 0.9972 -0.0327 -0.0679
vn 0.7673 -0.0412 -0.6399
vn 0.8276 -0.5442 -0.1377
vn 0.4808 -0.6661 -0.5703
vn 0.3232 -0.9405 -0.1048
vn 0.0138 -0.9734 -0.2286
vn 0.0529 -0.9983 -0.0253
vn -0.2404 -0.9672 -0.0814
vn 0.2507 -0.8961 0.3663
vn 0.5684 -0.2383 0.7874
vn 0.3895 -0.9129 0.1221
vn 0.8711 -0.3255 0.3677
vn 0.6330 -0.5551 0.5396
vn 0.9480 0.0251 0.3173
vn 0.2560 0.7286 0.6353
vn 0.8507 -0.1515 0.5034
vn 0.3096 0.6027 0.7355
vn 0.4628 -0.6050 0.6479
vn 0.0858 0.4396 0.8941
vn -0.0529 -0.7240 0.6877
vn -0.2456 0.5063 0.8266
vn -0.5739 -0.5019 0.6471
vn -0.3364 0.6483 0.6830
vn -0.7830 0.0773 0.6172
vn -0.4211 0.2763 0.8639
vn -0.9321 -0.2289 0.2807
vn -0.2894 -0.9541 0.0776
vn -0.8219 -0.3154 0.4743
vn -0.8525 0.3100 0.4210
vn -0.7211 -0.6924 -0.0249
vn -0.9908 -0.1253 -0.0509
vn -0.7599 -0.0785 -0.6453
vn -0.5692 0.6442 -0.5109
vn -0.0404 -0.0738 -0.9965
vn 0.0594 0.7385 -0.6717
vn 0.6067 0.6325 -0.4815
vn 0.9238 0.3635 0.1200
vn 0.9391 0.0452 0.3407
vn -0.0998 -0.6196 -0.7785
vn -0.5577 -0.7091 -0.4314
vn 0.5194 0.4787 0.7079
vn 0.8615 0.3493 0.3686
vn -0.0043 0.8609 0.5087
vn 0.0328 -0.9275 0.3724
vn 0.5995 0.6524 -0.4636
vn 0.4544 0.4477 -0.7701
vn 0.7656 0.4354 -0.4736
vn 0.3517 0.5685 -0.7437
vn 0.7837 0.3530 -0.5111
vn 0.4168 0.2959 -0.8595
vn 0.8571 0.1100 -0.5032
vn 0.4433 0.0517 -0.8949
vn 0.8639 -0.1459 -0.4821
vn 0.4493 -0.2140 -0.8674
vn 0.7718 -0.4333 -0.4654
vn 0.3741 -0.6281 -0.6824
vn 0.3497 -0.9348 -0.0619
vn 0.1438 -0.9725 -0.1830
vn 0.0212 -0.8701 0.4925
vn 0.0198 -0.9950 -0.0978
vn -0.1742 -0.9593 -0.2222
vn -0.0042 -0.7286 -0.6849
vn -0.4268 -0.5649 -0.7062
vn -0.0218 -0.3145 -0.9490
vn -0.4979 -0.1890 -0.8464
vn -0.0305 -0.0026 -0.9995
vn -0.4990 0.0793 -0.8629
vn -0.0350 0.2337 -0.9717
vn -0.4453 0.2871 -0.8481
vn -0.0379 0.5049 -0.8624
vn -0.4221 0.5507 -0.7201
vn 0.0014 0.4645 -0.8856
vn -0.4441 0.4220 -0.7903
vn 0.8307 0.5513 -0.0783
vn 0.7852 0.6112 -0.0992
vn 0.7201 0.6041 0.3414
vn 0.7057 0.6440 0.2954
vn 0.4136 0.6368 0.6507
vn 0.4224 0.6746 0.6054
vn -0.0068 0.6409 0.7676
vn 0.0208 0.6795 0.7334
vn -0.4294 0.6151 0.6612
vn -0.3906 0.6574 0.6444
vn -0.7415 0.5665 0.3595
vn -0.7009 0.6142 0.3626
vn -0.8596 0.5077 -0.0577
vn -0.8266 0.5617 -0.0355
vn -0.7511 0.4545 -0.4788
vn -0.7191 0.5527 -0.4212
vn 0.9708 0.2380 0.0298
vn 0.8146 0.2703 0.5132
vn 0.4615 0.3325 0.8225
vn -0.0139 0.2838 0.9588
vn -0.5479 0.2698 0.7918
vn -0.8632 0.2488 0.4392
vn -0.9803 0.1967 0.0172
vn -0.7857 0.2877 -0.5476
vn -0.8904 0.0320 -0.4541
vn -0.8758 -0.2394 -0.4192
vn -0.7427 -0.5557 -0.3737
vn -0.2790 -0.9597 0.0339
vn -0.0938 -0.8197 0.5650
vn 0.0519 -0.3015 0.9520
vn -0.1122 -0.3114 0.9436
vn 0.0410 -0.8732 0.4856
vn -0.1012 -0.4271 0.8985
vn -0.3187 -0.8866 0.3351
vn -0.9201 -0.2632 0.2900
vn -0.8110 -0.2084 0.5467
vn -0.8306 -0.1931 0.5223
vn -0.7176 -0.6596 0.2235
vn -0.4089 -0.3137 0.8570
vn -0.1161 -0.8822 0.4563
vn 0.0333 -0.9152 0.4016
vn 0.2445 -0.8478 0.4706
vn 0.0375 -0.4333 0.9005
vn 0.5120 -0.1417 0.8472
vn 0.8008 -0.3989 0.4469
vn 0.2718 -0.9283 0.2538
vn 0.2763 -0.5135 0.8124
vn 0.0957 -0.3064 0.9471
vn 0.3003 -0.8001 0.5193
vn 0.7951 -0.6051 0.0419
vn 0.8898 -0.2964 0.3470
vn 0.9134 -0.0887 0.3974
vn 0.7338 0.4252 -0.5298
vn 0.3895 0.3881 -0.8352
vn -0.0489 0.3691 -0.9281
vn -0.4803 0.3762 -0.7923
vn -0.7888 0.3993 -0.4674
vn -0.8933 0.4489 -0.0224
vn -0.7574 0.5092 0.4087
vn -0.4225 0.5582 0.7141
vn 0.0267 0.5930 0.8048
vn 0.4525 0.5816 0.6760
vn 0.7673 0.5410 0.3443
vn 0.8687 0.4856 -0.0973
vn 0.4026 0.8055 -0.4349
vn 0.1803 0.7794 -0.6000
vn -0.0758 0.7685 -0.6353
vn -0.3248 0.7678 -0.5522
vn -0.5117 0.7878 -0.3429
vn -0.5660 0.8229 -0.0494
vn -0.4660 0.8588 0.2131
vn -0.2292 0.8919 0.3897
vn 0.0337 0.9010 0.4324
vn 0.2844 0.8956 0.3420
vn 0.4768 0.8716 0.1142
vn 0.5211 0.8377 -0.1634
vn -0.0269 0.9903 -0.1360
vt 0.768900 0.636000
vt 0.781600 0.646200
vt 0.776400 0.575400
vt 0.783000 0.851900
vt 0.767300 0.842600
vt 0.778500 0.933300
vt 0.643600 0.989000
vt 0.741300 0.811400
vt 0.741300 0.965600
vt 0.704200 0.811400
vt 0.663600 0.907700
vt 0.652400 0.848000
vt 0.638300 0.844900
vt 0.599000 0.811400
vt 0.561100 0.844900
vt 0.534100 0.848000
vt 0.525200 0.908500
vt 0.421400 0.811400
vt 0.421700 0.988100
vt 0.375600 0.811400
vt 0.087600 0.907700
vt 0.098900 0.848000
vt 0.113000 0.844900
vt 0.047000 0.811400
vt 0.107700 0.989000
vt 0.010000 0.811400
vt 0.010000 0.965600
vt 0.460600 0.040800
vt 0.441300 0.184000
vt 0.455800 0.044300
vt 0.445500 0.183400
vt 0.408100 0.006400
vt 0.373900 0.061400
vt 0.373900 0.006400
vt 0.339600 0.006500
vt 0.373900 0.048400
vt 0.339500 0.054300
vt 0.373900 0.102500
vt 0.287200 0.040800
vt 0.302300 0.031600
vt 0.291900 0.044300
vt 0.306400 0.184000
vt 0.933900 0.529700
vt 0.929900 0.545400
vt 0.933200 0.545400
vt 0.930000 0.529800
vt 0.934000 0.526600
vt 0.931200 0.526600
vt 0.926500 0.511500
vt 0.923100 0.511200
vt 0.921800 0.525300
vt 0.923600 0.525400
vt 0.921900 0.530100
vt 0.923600 0.530100
vt 0.923100 0.545500
vt 0.924500 0.545500
vt 0.901600 0.958700
vt 0.991000 0.882000
vt 0.984300 0.951800
vt 0.901600 0.871000
vt 0.884300 0.956400
vt 0.884300 0.869600
vt 0.801700 0.924700
vt 0.801700 0.845700
vt 0.989700 0.590900
vt 0.901600 0.635300
vt 0.884200 0.638800
vt 0.801700 0.649300
vt 0.801700 0.586400
vt 0.884200 0.554700
vt 0.901800 0.551600
vt 0.982800 0.510800
vt 0.783600 0.333400
vt 0.850100 0.306700
vt 0.784200 0.259800
vt 0.849100 0.343600
vt 0.787400 0.434300
vt 0.854900 0.394200
vt 0.786700 0.448000
vt 0.853800 0.401100
vt 0.782700 0.370200
vt 0.847800 0.362100
vt 0.784200 0.276400
vt 0.850100 0.315000
vt 0.146300 0.308400
vt 0.146300 0.393900
vt 0.146300 0.368700
vt 0.092900 0.308400
vt 0.092900 0.368700
vt 0.092900 0.393900
vt 0.936800 0.593800
vt 0.941600 0.593600
vt 0.938300 0.591300
vt 0.943500 0.591000
vt 0.946900 0.593800
vt 0.373900 0.040600
vt 0.373900 0.167900
vt 0.329600 0.988100
vt 0.329900 0.811400
vt 0.226100 0.908500
vt 0.217100 0.848000
vt 0.190200 0.844900
vt 0.152300 0.811400
vt 0.408400 0.054300
vt 0.759400 0.350100
vt 0.869000 0.399600
vt 0.862400 0.360500
vt 0.862400 0.311000
vt 0.867500 0.302200
vt 0.893900 0.283400
vt 0.896200 0.310400
vt 0.919300 0.279400
vt 0.920600 0.299300
vt 0.924700 0.304400
vt 0.922900 0.332300
vt 0.921600 0.312400
vt 0.896200 0.351000
vt 0.893900 0.328600
vt 0.901700 0.328800
vt 0.901100 0.358700
vt 0.929000 0.324900
vt 0.928900 0.357500
vt 0.967700 0.332400
vt 0.969900 0.360800
vt 0.972000 0.330400
vt 0.977000 0.359900
vt 0.864600 0.304500
vt 0.864900 0.351000
vt 0.878100 0.320400
vt 0.901800 0.406700
vt 0.901800 0.408200
vt 0.866300 0.302800
vt 0.928900 0.406700
vt 0.928900 0.405100
vt 0.967700 0.389400
vt 0.972000 0.401100
vt 0.869200 0.400700
vt 0.675300 0.433300
vt 0.707800 0.474200
vt 0.679300 0.478600
vt 0.708000 0.438100
vt 0.639500 0.388600
vt 0.652100 0.380300
vt 0.615900 0.404200
vt 0.586200 0.367800
vt 0.578500 0.424800
vt 0.547900 0.392000
vt 0.531600 0.397600
vt 0.533700 0.319800
vt 0.515200 0.325900
vt 0.540500 0.254400
vt 0.522500 0.254500
vt 0.533200 0.331300
vt 0.547600 0.400400
vt 0.578300 0.429100
vt 0.585800 0.378800
vt 0.615600 0.410800
vt 0.651800 0.387900
vt 0.708000 0.428500
vt 0.591400 0.307900
vt 0.595100 0.254400
vt 0.590700 0.321900
vt 0.728200 0.310200
vt 0.725600 0.254500
vt 0.727800 0.317600
vt 0.709000 0.362400
vt 0.742000 0.359300
vt 0.740800 0.433300
vt 0.709100 0.355600
vt 0.742500 0.314900
vt 0.740300 0.254500
vt 0.235900 0.381000
vt 0.235900 0.303400
vt 0.138900 0.381000
vt 0.138900 0.303400
vt 0.041900 0.381000
vt 0.041900 0.303400
vt 0.707700 0.487900
vt 0.680300 0.487900
vt 0.707800 0.471100
vt 0.558400 0.004500
vt 0.514000 0.240600
vt 0.514000 0.004500
vt 0.556800 0.240600
vt 0.607800 0.004500
vt 0.606500 0.240600
vt 0.664100 0.004500
vt 0.665500 0.240600
vt 0.708700 0.004700
vt 0.714200 0.240600
vt 0.752700 0.004700
vt 0.752700 0.240600
vt 0.796700 0.004700
vt 0.791300 0.240600
vt 0.841400 0.004500
vt 0.839900 0.240600
vt 0.897600 0.004500
vt 0.899000 0.240600
vt 0.947000 0.004500
vt 0.948600 0.240600
vt 0.991500 0.004500
vt 0.991500 0.240600
vt 0.804200 0.523700
vt 0.766400 0.637000
vt 0.766300 0.517200
vt 0.834600 0.685200
vt 0.850800 0.587800
vt 0.926300 0.755500
vt 0.927700 0.615000
vt 0.970600 0.755700
vt 0.974400 0.620100
vt 0.988300 0.755700
vt 0.984200 0.614500
vt 0.969200 0.896300
vt 0.991500 0.899800
vt 0.927700 0.899300
vt 0.850800 0.926500
vt 0.834600 0.820500
vt 0.804200 0.969700
vt 0.766400 0.846800
vt 0.766400 0.982700
vt 0.926700 0.558500
vt 0.923900 0.562200
vt 0.926500 0.562200
vt 0.924200 0.558500
vt 0.935000 0.550000
vt 0.935200 0.551600
vt 0.947800 0.550000
vt 0.947300 0.551700
vt 0.957100 0.555600
vt 0.954900 0.555600
vt 0.950200 0.548000
vt 0.956100 0.562700
vt 0.959600 0.562700
vt 0.933600 0.548000
vt 0.937500 0.546600
vt 0.945800 0.546700
vt 0.941900 0.535400
vt 0.947500 0.535600
vt 0.941900 0.528100
vt 0.948000 0.528900
vt 0.941800 0.525600
vt 0.948100 0.525300
vt 0.935900 0.527600
vt 0.935700 0.526400
vt 0.936300 0.535600
vt 0.479300 0.404400
vt 0.404800 0.410000
vt 0.472500 0.409900
vt 0.398000 0.404600
vt 0.465800 0.415400
vt 0.411600 0.415500
vt 0.465900 0.459300
vt 0.472600 0.464800
vt 0.411700 0.459400
vt 0.404900 0.464900
vt 0.479400 0.470200
vt 0.398100 0.470300
vt 0.736700 0.469100
vt 0.735700 0.487800
vt 0.069300 0.022800
vt 0.012000 0.121900
vt 0.126500 0.121900
vt 0.183800 0.022800
vt 0.241000 0.121900
vt 0.010000 0.664600
vt 0.049500 0.664600
vt 0.010000 0.506500
vt 0.052400 0.506500
vt 0.741300 0.664600
vt 0.701800 0.664600
vt 0.639100 0.664600
vt 0.547700 0.664600
vt 0.421000 0.664600
vt 0.375600 0.664600
vt 0.330300 0.664600
vt 0.203600 0.664600
vt 0.698800 0.506500
vt 0.633400 0.506500
vt 0.554700 0.506500
vt 0.422900 0.506500
vt 0.375600 0.506500
vt 0.328300 0.506500
vt 0.196600 0.506500
vt 0.112200 0.664600
vt 0.117900 0.506500
vt 0.069300 0.221100
vt 0.183800 0.221100
vt 0.373900 0.228300
vt 0.316900 0.228300
vt 0.373900 0.236000
vt 0.430800 0.228300
vt 0.420400 0.236000
vt 0.327300 0.236000
vt 0.945900 0.602800
vt 0.937200 0.602800
vt 0.941500 0.602800
vt 0.741300 0.506500
vt 0.152500 0.435400
vt 0.125600 0.321000
vt 0.126100 0.435400
vt 0.152500 0.321000
vt 0.173500 0.435400
vt 0.173600 0.321000
vt 0.192800 0.435400
vt 0.192800 0.321000
vt 0.219100 0.435400
vt 0.219100 0.321000
vt 0.240600 0.435400
vt 0.240100 0.321000
vt 0.043700 0.435400
vt 0.015400 0.321000
vt 0.016500 0.435400
vt 0.043200 0.321000
vt 0.086100 0.435400
vt 0.086300 0.321000
vt 0.016500 0.495700
vt 0.043700 0.495700
vt 0.086100 0.495700
vt 0.126100 0.495700
vt 0.152500 0.495700
vt 0.173500 0.495700
vt 0.192800 0.495700
vt 0.219100 0.495700
vt 0.240600 0.495700
vt 0.182300 0.255900
vt 0.500000 1.000000
vt 0.806200 0.806200
vt 0.500000 0.933000
vt 0.853600 0.853600
vt 0.500000 0.667500
vt 0.618400 0.618400
vt 0.500000 0.500000
vt 0.667500 0.500000
vt 0.618400 0.381600
vt 0.933000 0.500000
vt 0.806200 0.193800
vt 1.000000 0.500000
vt 0.853600 0.146400
vt 0.193800 0.806200
vt 0.146400 0.853600
vt 0.067000 0.500000
vt 0.000000 0.500000
vt 0.193800 0.193800
vt 0.146400 0.146400
vt 0.500000 0.067000
vt 0.500000 0.000000
vt 0.381600 0.618400
vt 0.332500 0.500000
vt 0.381600 0.381600
vt 0.500000 0.332500
vt 0.155400 0.923300
vt 0.161400 0.979800
vt 0.177500 0.950200
vt 0.121800 0.965200
vt 0.115600 0.903900
vt 0.085200 0.914500
vt 0.060600 0.881400
vt 0.040500 0.884000
vt 0.044200 0.846700
vt 0.016100 0.848000
vt 0.050100 0.840400
vt 0.024500 0.841500
vt 0.298100 0.929800
vt 0.303300 0.922600
vt 0.295200 0.926300
vt 0.306900 0.925800
vt 0.300800 0.933500
vt 0.307600 0.938500
vt 0.298900 0.937500
vt 0.295900 0.940300
vt 0.295000 0.937900
vt 0.291600 0.941300
vt 0.291000 0.937400
vt 0.294000 0.935500
vt 0.290400 0.933500
vt 0.306300 0.918300
vt 0.319000 0.918300
vt 0.303900 0.913100
vt 0.317600 0.913200
vt 0.300800 0.909600
vt 0.313200 0.909700
vt 0.299700 0.908600
vt 0.092000 0.950200
vt 0.114400 0.837900
vt 0.114600 0.844000
vt 0.199900 0.835400
vt 0.209900 0.837700
vt 0.126700 0.800000
vt 0.128800 0.798100
vt 0.072700 0.785500
vt 0.070400 0.782500
vt 0.053500 0.780900
vt 0.049300 0.777400
vt 0.116500 0.876500
vt 0.197400 0.869600
vt 0.202400 0.799500
vt 0.177600 0.773100
vt 0.167900 0.765900
vt 0.222000 0.838200
vt 0.320100 0.936500
vt 0.326000 0.918300
vt 0.326100 0.936000
vt 0.324100 0.913200
vt 0.208400 0.207700
vt 0.192700 0.207700
vt 0.200300 0.197900
vt 0.189700 0.227600
vt 0.208400 0.227700
vt 0.191100 0.229700
vt 0.197900 0.231600
vt 0.224000 0.207700
vt 0.216500 0.197900
vt 0.227000 0.227600
vt 0.225700 0.229700
vt 0.208400 0.195000
vt 0.208400 0.232300
vt 0.218800 0.231600
vt 0.487000 0.694800
vt 0.487100 0.708000
vt 0.488100 0.694900
vt 0.487200 0.677700
vt 0.488600 0.677800
vt 0.487200 0.663000
vt 0.488600 0.663100
vt 0.487000 0.589800
vt 0.488200 0.590000
vt 0.485400 0.528400
vt 0.485500 0.707900
vt 0.485500 0.694600
vt 0.484500 0.707800
vt 0.483900 0.694500
vt 0.482800 0.694400
vt 0.485400 0.677500
vt 0.483700 0.677400
vt 0.482300 0.677200
vt 0.485400 0.589600
vt 0.483800 0.589400
vt 0.485400 0.662800
vt 0.483600 0.662600
vt 0.482300 0.662500
vt 0.482600 0.589300
vt 0.051400 0.051200
vt 0.036800 0.149700
vt 0.036800 0.051200
vt 0.051400 0.149700
vt 0.066100 0.051200
vt 0.066100 0.149700
vt 0.080700 0.051200
vt 0.080700 0.149700
vt 0.095300 0.051200
vt 0.095300 0.149700
vt 0.110000 0.051200
vt 0.110000 0.149700
vt 0.124600 0.051200
vt 0.124600 0.149700
vt 0.139200 0.051200
vt 0.139200 0.149700
vt 0.153900 0.051200
vt 0.153900 0.149700
vt 0.168500 0.051200
vt 0.168500 0.149700
vt 0.183100 0.051200
vt 0.183100 0.149700
vt 0.197700 0.051200
vt 0.197700 0.149700
vt 0.212400 0.051200
vt 0.212400 0.149700
vt 0.036800 0.175100
vt 0.051400 0.175100
vt 0.066100 0.175100
vt 0.080700 0.175100
vt 0.095300 0.175100
vt 0.110000 0.175100
vt 0.124600 0.175100
vt 0.139200 0.175100
vt 0.153900 0.175100
vt 0.168500 0.175100
vt 0.183100 0.175100
vt 0.197700 0.175100
vt 0.212400 0.175100
vt 0.124600 0.203300
s 1
f 3/1/1 2/2/2 1/3/3
f 3/1/1 4/4/4 2/2/2
f 5/5/5 4/4/4 3/1/1
f 5/5/5 6/6/6 4/4/4
f 9/7/7 8/8/8 7/9/9
f 9/7/7 10/10/10 8/8/8
f 11/11/11 10/10/10 9/7/7
f 11/11/11 12/12/12 10/10/10
f 13/13/13 12/12/12 11/11/11
f 13/13/13 14/14/14 12/12/12
f 15/15/15 14/14/14 13/13/13
f 15/15/15 16/16/16 14/14/14
f 17/17/17 16/16/16 15/15/15
f 17/17/17 18/18/18 16/16/16
f 19/19/19 18/18/18 17/17/17
f 19/19/19 20/20/20 18/18/18
f 6/21/6 22/22/21 21/23/22
f 6/21/6 23/24/23 22/22/21
f 5/25/5 23/24/23 6/21/6
f 5/25/5 8/26/8 23/24/23
f 7/27/9 8/26/8 5/25/5
f 25/28/24 9/29/7 24/30/25
f 25/28/24 19/31/19 9/29/7
f 26/32/26 19/31/19 25/28/24
f 26/32/26 20/33/20 19/31/19
f 27/34/27 20/33/20 26/32/26
f 27/34/27 28/35/28 20/33/20
f 29/36/29 28/35/28 27/34/27
f 29/36/29 30/37/30 28/35/28
f 31/38/31 30/37/30 29/36/29
f 32/39/32 28/35/28 30/37/30
f 32/39/32 3/40/1 28/35/28
f 33/41/33 3/40/1 32/39/32
f 33/41/33 5/42/5 3/40/1
f 36/43/34 35/44/35 34/45/36
f 36/43/34 37/46/37 35/44/35
f 38/47/38 37/46/37 36/43/34
f 38/47/38 39/48/39 37/46/37
f 40/49/40 39/48/39 38/47/38
f 40/49/40 41/50/41 39/48/39
f 44/51/42 43/50/43 42/49/44
f 44/51/42 45/52/45 43/50/43
f 46/53/46 45/52/45 44/51/42
f 46/53/46 47/54/47 45/52/45
f 48/55/48 47/54/47 46/53/46
f 48/55/48 49/56/49 47/54/47
f 39/48/39 47/54/47 37/46/37
f 39/48/39 45/52/45 47/54/47
f 41/50/41 45/52/45 39/48/39
f 41/50/41 43/50/43 45/52/45
f 38/57/38 50/58/50 40/59/40
f 38/57/38 51/60/51 50/58/50
f 36/61/34 51/60/51 38/57/38
f 36/61/34 52/62/52 51/60/51
f 34/63/36 52/62/52 36/61/34
f 34/63/36 53/64/53 52/62/52
f 11/6/11 53/64/53 34/63/36
f 11/6/11 54/4/54 53/64/53
f 9/5/7 54/4/54 11/6/11
f 9/5/7 55/2/55 54/4/54
f 19/1/19 55/2/55 9/5/7
f 19/1/19 17/3/17 55/2/55
f 51/60/51 56/65/56 50/58/50
f 51/60/51 57/66/57 56/65/56
f 52/62/52 57/66/57 51/60/51
f 52/62/52 58/67/58 57/66/57
f 53/64/53 58/67/58 52/62/52
f 53/64/53 59/68/59 58/67/58
f 54/4/54 59/68/59 53/64/53
f 54/4/54 55/2/55 59/68/59
f 48/69/48 55/2/55 17/3/17
f 48/69/48 59/68/59 55/2/55
f 46/70/46 59/68/59 48/69/48
f 46/70/46 58/67/58 59/68/59
f 44/71/42 58/67/58 46/70/46
f 44/71/42 57/66/57 58/67/58
f 42/72/44 57/66/57 44/71/42
f 42/72/44 56/65/56 57/66/57
f 62/73/60 61/74/61 60/75/62
f 62/73/60 63/76/63 61/74/61
f 64/77/64 63/76/63 62/73/60
f 64/77/64 65/78/65 63/76/63
f 66/79/66 65/78/65 64/77/64
f 66/79/66 67/80/67 65/78/65
f 68/81/68 67/80/67 66/79/66
f 68/81/68 69/82/69 67/80/67
f 70/83/70 69/82/69 68/81/68
f 70/83/70 71/84/71 69/82/69
f 74/85/72 73/86/73 72/87/74
f 74/85/72 75/85/75 73/86/73
f 76/88/76 75/85/75 74/85/72
f 76/88/76 77/88/77 75/85/75
f 78/89/78 77/88/77 76/88/76
f 78/89/78 79/90/79 77/88/77
f 72/87/74 79/90/79 78/89/78
f 72/87/74 73/86/73 79/90/79
f 17/91/17 49/92/49 48/92/48
f 49/92/49 17/91/17 15/93/15
f 15/93/15 35/92/35 49/92/49
f 35/92/35 15/93/15 13/94/13
f 11/95/11 35/92/35 13/94/13
f 35/92/35 11/95/11 34/92/36
f 80/96/80 9/29/7 7/97/9
f 9/29/7 80/96/80 24/30/25
f 7/97/9 33/41/33 80/96/80
f 33/41/33 7/97/9 5/42/5
f 3/98/1 81/99/81 20/20/20
f 81/99/81 3/98/1 1/100/3
f 1/100/3 82/101/82 81/99/81
f 82/101/82 1/100/3 83/102/83
f 21/23/22 82/101/82 83/102/83
f 82/101/82 21/23/22 84/103/84
f 22/22/21 84/103/84 21/23/22
f 26/32/26 29/36/29 27/34/27
f 29/36/29 26/32/26 85/104/85
f 25/28/24 85/104/85 26/32/26
f 29/36/29 85/104/85 31/38/31
f 3/40/1 20/33/20 28/35/28
f 35/44/35 47/54/47 49/56/49
f 47/54/47 35/44/35 37/46/37
f 61/74/61 70/83/70 60/75/62
f 70/83/70 61/74/61 71/84/71
f 86/105/86 66/79/66 64/77/64
f 66/79/66 86/105/86 68/81/68
f 70/83/70 68/81/68 86/105/86
f 62/73/60 86/105/86 64/77/64
f 86/105/86 62/73/60 60/75/62
f 86/105/86 60/75/62 70/83/70
f 75/85/75 79/90/79 73/86/73
f 79/90/79 75/85/75 77/88/77
f 72/87/74 76/88/76 74/85/72
f 76/88/76 72/87/74 78/89/78
f 67/80/67 87/106/87 65/78/65
f 67/80/67 88/106/88 87/106/87
f 69/82/69 88/106/88 67/80/67
f 69/82/69 89/107/89 88/106/88
f 71/84/71 89/107/89 69/82/69
f 71/84/71 90/108/90 89/107/89
f 91/109/91 90/108/90 71/84/71
f 91/109/91 92/110/92 90/108/90
f 93/111/93 92/110/92 91/109/91
f 93/111/93 94/112/94 92/110/92
f 95/113/95 94/112/94 93/111/93
f 95/113/95 96/114/96 94/112/94
f 97/115/97 96/114/96 95/113/95
f 97/115/97 98/116/98 96/114/96
f 99/117/99 98/116/98 97/115/97
f 99/117/99 100/118/100 98/116/98
f 89/107/89 100/118/100 99/117/99
f 89/107/89 92/110/92 100/118/100
f 90/108/90 92/110/92 89/107/89
f 93/111/93 97/115/97 95/113/95
f 93/111/93 99/117/99 97/115/97
f 101/119/101 99/117/99 93/111/93
f 101/119/101 102/120/102 99/117/99
f 103/121/103 102/120/102 101/119/101
f 103/121/103 104/122/104 102/120/102
f 105/123/105 104/122/104 103/121/103
f 105/123/105 106/124/106 104/122/104
f 107/125/107 106/124/106 105/123/105
f 107/125/107 108/126/108 106/124/106
f 109/123/109 108/126/108 107/125/107
f 109/123/109 110/124/110 108/126/108
f 111/121/111 110/124/110 109/123/109
f 111/121/111 112/122/112 110/124/110
f 113/119/113 112/122/112 111/121/111
f 113/119/113 114/120/114 112/122/112
f 115/127/115 114/120/114 113/119/113
f 115/127/115 116/128/116 114/120/114
f 63/76/63 116/128/116 115/127/115
f 63/76/63 87/106/87 116/128/116
f 65/78/65 87/106/87 63/76/63
f 105/123/105 109/123/109 107/125/107
f 105/123/105 111/121/111 109/123/109
f 103/121/103 111/121/111 105/123/105
f 103/121/103 113/119/113 111/121/111
f 101/119/101 113/119/113 103/121/103
f 101/119/101 117/129/117 113/119/113
f 93/111/93 117/129/117 101/119/101
f 93/111/93 91/109/91 117/129/117
f 102/120/102 89/107/89 99/117/99
f 102/120/102 88/106/88 89/107/89
f 118/130/118 88/106/88 102/120/102
f 118/130/118 87/106/87 88/106/88
f 119/131/119 87/106/87 118/130/118
f 119/131/119 116/128/116 87/106/87
f 114/120/114 116/128/116 119/131/119
f 115/127/115 61/74/61 63/76/63
f 115/127/115 120/132/120 61/74/61
f 113/119/113 120/132/120 115/127/115
f 113/119/113 117/129/117 120/132/120
f 119/131/119 112/122/112 114/120/114
f 119/131/119 121/133/121 112/122/112
f 118/130/118 121/133/121 119/131/119
f 118/130/118 122/134/122 121/133/121
f 102/120/102 122/134/122 118/130/118
f 102/120/102 104/122/104 122/134/122
f 121/133/121 110/124/110 112/122/112
f 121/133/121 123/135/123 110/124/110
f 122/134/122 123/135/123 121/133/121
f 122/134/122 124/136/124 123/135/123
f 125/135/125 124/136/124 122/134/122
f 125/135/125 108/126/108 124/136/124
f 106/124/106 108/126/108 125/135/125
f 92/110/92 98/116/98 100/118/100
f 98/116/98 92/110/92 94/112/94
f 98/116/98 94/112/94 96/114/96
f 91/109/91 120/132/120 117/129/117
f 120/132/120 91/109/91 61/74/61
f 71/84/71 61/74/61 91/109/91
f 108/126/108 123/135/123 124/136/124
f 123/135/123 108/126/108 110/124/110
f 104/122/104 125/135/125 122/134/122
f 125/135/125 104/122/104 106/124/106
f 127/92/126 1/91/3 126/92/127
f 127/92/126 83/93/83 1/91/3
f 128/92/128 83/93/83 127/92/126
f 128/92/128 21/94/22 83/93/83
f 129/92/129 21/94/22 128/92/128
f 129/92/129 6/95/6 21/94/22
f 2/2/2 126/69/127 1/3/3
f 2/2/2 130/68/130 126/69/127
f 4/4/4 130/68/130 2/2/2
f 4/4/4 131/64/131 130/68/130
f 6/6/6 131/64/131 4/4/4
f 6/6/6 129/63/129 131/64/131
f 128/44/128 132/43/132 129/45/129
f 128/44/128 133/46/133 132/43/132
f 127/56/126 133/46/133 128/44/128
f 127/56/126 134/54/134 133/46/133
f 126/55/127 134/54/134 127/56/126
f 126/55/127 135/53/135 134/54/134
f 138/50/136 137/51/137 136/49/138
f 138/50/136 139/52/139 137/51/137
f 140/50/140 139/52/139 138/50/136
f 140/50/140 141/48/141 139/52/139
f 142/49/142 141/48/141 140/50/140
f 142/49/142 143/47/143 141/48/141
f 139/52/139 135/53/135 137/51/137
f 139/52/139 134/54/134 135/53/135
f 141/48/141 134/54/134 139/52/139
f 141/48/141 133/46/133 134/54/134
f 143/47/143 133/46/133 141/48/141
f 143/47/143 132/43/132 133/46/133
f 130/68/130 135/70/135 126/69/127
f 130/68/130 144/67/144 135/70/135
f 131/64/131 144/67/144 130/68/130
f 131/64/131 145/62/145 144/67/144
f 129/63/129 145/62/145 131/64/131
f 129/63/129 132/61/132 145/62/145
f 144/67/144 137/71/137 135/70/135
f 144/67/144 146/66/146 137/71/137
f 145/62/145 146/66/146 144/67/144
f 145/62/145 147/60/147 146/66/146
f 132/61/132 147/60/147 145/62/145
f 132/61/132 143/57/143 147/60/147
f 148/58/148 143/57/143 142/59/142
f 148/58/148 147/60/147 143/57/143
f 149/65/149 147/60/147 148/58/148
f 149/65/149 146/66/146 147/60/147
f 136/72/138 146/66/146 149/65/149
f 136/72/138 137/71/137 146/66/146
f 152/73/150 151/78/151 150/77/152
f 152/73/150 153/76/153 151/78/151
f 154/75/154 153/76/153 152/73/150
f 154/75/154 155/74/155 153/76/153
f 156/83/156 155/74/155 154/75/154
f 156/83/156 157/84/157 155/74/155
f 158/81/158 157/84/157 156/83/156
f 158/81/158 159/82/159 157/84/157
f 160/79/160 159/82/159 158/81/158
f 160/79/160 161/80/161 159/82/159
f 164/88/162 163/89/163 162/90/164
f 164/88/162 165/88/165 163/89/163
f 166/85/166 165/88/165 164/88/162
f 166/85/166 167/85/167 165/88/165
f 168/86/168 167/85/167 166/85/166
f 168/86/168 169/87/169 167/85/167
f 162/90/164 169/87/169 168/86/168
f 162/90/164 163/89/163 169/87/169
f 151/78/151 160/79/160 150/77/152
f 160/79/160 151/78/151 161/80/161
f 170/105/170 150/77/152 160/79/160
f 150/77/152 170/105/170 152/73/150
f 154/75/154 152/73/150 170/105/170
f 158/81/158 170/105/170 160/79/160
f 170/105/170 158/81/158 156/83/156
f 170/105/170 156/83/156 154/75/154
f 169/87/169 165/88/165 167/85/167
f 165/88/165 169/87/169 163/89/163
f 166/85/166 162/90/164 168/86/168
f 162/90/164 166/85/166 164/88/162
f 153/76/153 171/106/171 151/78/151
f 153/76/153 172/128/172 171/106/171
f 173/127/173 172/128/172 153/76/153
f 173/127/173 174/120/174 172/128/172
f 175/119/175 174/120/174 173/127/173
f 175/119/175 176/122/176 174/120/174
f 177/121/177 176/122/176 175/119/175
f 177/121/177 178/124/178 176/122/176
f 179/123/179 178/124/178 177/121/177
f 179/123/179 180/126/180 178/124/178
f 181/125/181 180/126/180 179/123/179
f 181/125/181 182/124/182 180/126/180
f 183/123/183 182/124/182 181/125/181
f 183/123/183 184/122/184 182/124/182
f 185/121/185 184/122/184 183/123/183
f 185/121/185 186/120/186 184/122/184
f 187/119/187 186/120/186 185/121/185
f 187/119/187 188/117/188 186/120/186
f 189/111/189 188/117/188 187/119/187
f 189/111/189 190/115/190 188/117/188
f 191/113/191 190/115/190 189/111/189
f 191/113/191 192/114/192 190/115/190
f 193/112/193 192/114/192 191/113/191
f 193/112/193 194/116/194 192/114/192
f 195/110/195 194/116/194 193/112/193
f 195/110/195 196/118/196 194/116/194
f 197/108/197 196/118/196 195/110/195
f 197/108/197 198/107/198 196/118/196
f 157/84/157 198/107/198 197/108/197
f 157/84/157 159/82/159 198/107/198
f 179/123/179 183/123/183 181/125/181
f 179/123/179 185/121/185 183/123/183
f 177/121/177 185/121/185 179/123/179
f 177/121/177 187/119/187 185/121/185
f 175/119/175 187/119/187 177/121/177
f 175/119/175 199/129/199 187/119/187
f 200/132/200 199/129/199 175/119/175
f 200/132/200 201/109/201 199/129/199
f 155/74/155 201/109/201 200/132/200
f 155/74/155 157/84/157 201/109/201
f 194/116/194 190/115/190 192/114/192
f 194/116/194 188/117/188 190/115/190
f 196/118/196 188/117/188 194/116/194
f 196/118/196 198/107/198 188/117/188
f 189/111/189 193/112/193 191/113/191
f 189/111/189 195/110/195 193/112/193
f 201/109/201 195/110/195 189/111/189
f 201/109/201 197/108/197 195/110/195
f 157/84/157 197/108/197 201/109/201
f 198/107/198 186/120/186 188/117/188
f 198/107/198 202/137/202 186/120/186
f 159/82/159 202/137/202 198/107/198
f 159/82/159 161/80/161 202/137/202
f 171/106/171 161/80/161 151/78/151
f 171/106/171 202/137/202 161/80/161
f 203/131/203 202/137/202 171/106/171
f 203/131/203 204/130/204 202/137/202
f 205/133/205 204/130/204 203/131/203
f 205/133/205 206/134/206 204/130/204
f 207/135/207 206/134/206 205/133/205
f 207/135/207 208/136/208 206/134/206
f 178/124/178 208/136/208 207/135/207
f 178/124/178 180/126/180 208/136/208
f 205/133/205 178/124/178 207/135/207
f 205/133/205 176/122/176 178/124/178
f 203/131/203 176/122/176 205/133/205
f 203/131/203 174/120/174 176/122/176
f 171/106/171 174/120/174 203/131/203
f 171/106/171 172/128/172 174/120/174
f 204/130/204 186/120/186 202/137/202
f 204/130/204 184/122/184 186/120/186
f 206/134/206 184/122/184 204/130/204
f 206/134/206 182/124/182 184/122/184
f 209/135/209 182/124/182 206/134/206
f 209/135/209 180/126/180 182/124/182
f 208/136/208 180/126/180 209/135/209
f 173/127/173 200/132/200 175/119/175
f 200/132/200 173/127/173 155/74/155
f 153/76/153 155/74/155 173/127/173
f 199/129/199 189/111/189 187/119/187
f 189/111/189 199/129/199 201/109/201
f 206/134/206 208/136/208 209/135/209
f 212/138/210 211/139/211 210/140/212
f 212/138/210 213/141/213 211/139/211
f 214/142/214 213/141/213 212/138/210
f 214/142/214 215/143/215 213/141/213
f 216/144/216 215/143/215 214/142/214
f 216/144/216 217/145/217 215/143/215
f 218/146/218 217/145/217 216/144/216
f 218/146/218 219/147/219 217/145/217
f 220/148/220 219/147/219 218/146/218
f 220/148/220 221/149/221 219/147/219
f 222/150/222 221/149/221 220/148/220
f 222/150/222 223/151/223 221/149/221
f 224/152/224 223/151/223 222/150/222
f 224/152/224 225/151/225 223/151/223
f 222/150/222 225/151/225 224/152/224
f 222/150/222 226/153/226 225/151/225
f 220/148/220 226/153/226 222/150/222
f 220/148/220 227/154/227 226/153/226
f 228/155/228 227/154/227 220/148/220
f 228/155/228 229/156/229 227/154/227
f 230/157/230 229/156/229 228/155/228
f 230/157/230 231/158/231 229/156/229
f 214/142/214 231/158/231 230/157/230
f 214/142/214 232/159/232 231/158/231
f 212/138/210 232/159/232 214/142/214
f 230/157/230 216/144/216 214/142/214
f 230/157/230 218/146/218 216/144/216
f 228/155/228 218/146/218 230/157/230
f 228/155/228 220/148/220 218/146/218
f 221/149/221 217/145/217 219/147/219
f 221/149/221 233/160/233 217/145/217
f 223/151/223 233/160/233 221/149/221
f 223/151/223 234/161/234 233/160/233
f 225/151/225 234/161/234 223/151/223
f 225/151/225 235/161/235 234/161/234
f 226/153/226 235/161/235 225/151/225
f 226/153/226 236/162/236 235/161/235
f 227/154/227 236/162/236 226/153/226
f 227/154/227 229/156/229 236/162/236
f 233/160/233 215/143/215 217/145/217
f 233/160/233 237/163/237 215/143/215
f 234/161/234 237/163/237 233/160/233
f 234/161/234 238/164/238 237/163/237
f 235/161/235 238/164/238 234/161/234
f 235/161/235 239/164/239 238/164/238
f 236/162/236 239/164/239 235/161/235
f 236/162/236 240/165/240 239/164/239
f 231/158/231 240/165/240 236/162/236
f 231/158/231 241/166/241 240/165/240
f 232/159/232 241/166/241 231/158/231
f 232/159/232 242/167/242 241/166/241
f 243/168/243 242/167/242 232/159/232
f 243/168/243 244/169/244 242/167/242
f 213/141/213 244/169/244 243/168/243
f 213/141/213 215/143/215 244/169/244
f 237/163/237 244/169/244 215/143/215
f 237/163/237 242/167/242 244/169/244
f 245/170/245 242/167/242 237/163/237
f 245/170/245 241/166/241 242/167/242
f 240/165/240 241/166/241 245/170/245
f 245/170/245 239/164/239 240/165/240
f 245/170/245 246/171/246 239/164/239
f 237/163/237 246/171/246 245/170/245
f 237/163/237 238/164/238 246/171/246
f 249/172/247 248/173/248 247/172/249
f 249/172/247 250/173/250 248/173/248
f 251/174/251 250/173/250 249/172/247
f 251/174/251 252/175/252 250/173/250
f 253/176/253 252/175/252 251/174/251
f 253/176/253 254/177/254 252/175/252
f 255/176/255 254/177/254 253/176/253
f 255/176/255 256/177/256 254/177/254
f 257/174/257 249/172/247 247/172/249
f 257/174/257 251/174/251 249/172/247
f 255/176/255 251/174/251 257/174/257
f 255/176/255 253/176/253 251/174/251
f 252/175/252 248/173/248 250/173/250
f 252/175/252 258/175/258 248/173/248
f 254/177/254 258/175/258 252/175/252
f 254/177/254 256/177/256 258/175/258
f 261/172/259 260/173/260 259/172/261
f 261/172/259 262/173/262 260/173/260
f 263/174/263 262/173/262 261/172/259
f 263/174/263 264/175/264 262/173/262
f 265/176/265 264/175/264 263/174/263
f 265/176/265 266/177/266 264/175/264
f 267/176/267 266/177/266 265/176/265
f 267/176/267 268/177/268 266/177/266
f 269/174/269 261/172/259 259/172/261
f 269/174/269 263/174/263 261/172/259
f 267/176/267 263/174/263 269/174/269
f 267/176/267 265/176/265 263/174/263
f 264/175/264 260/173/260 262/173/262
f 264/175/264 270/175/270 260/173/260
f 266/177/266 270/175/270 264/175/264
f 266/177/266 268/177/268 270/175/270
f 271/178/271 210/140/212 211/139/211
f 210/140/212 271/178/271 272/179/272
f 231/158/231 236/162/236 229/156/229
f 238/164/238 239/164/239 246/171/246
f 275/179/273 274/180/274 273/178/275
f 275/179/273 276/140/276 274/180/274
f 277/178/277 276/140/276 275/179/273
f 277/178/277 278/139/278 276/140/276
f 279/141/279 276/140/276 278/139/278
f 279/141/279 280/138/280 276/140/276
f 281/143/281 280/138/280 279/141/279
f 281/143/281 282/142/282 280/138/280
f 283/144/283 282/142/282 281/143/281
f 283/144/283 284/157/284 282/142/282
f 285/146/285 284/157/284 283/144/283
f 285/146/285 286/155/286 284/157/284
f 287/148/287 286/155/286 285/146/285
f 287/148/287 288/154/288 286/155/286
f 289/150/289 288/154/288 287/148/287
f 289/150/289 290/153/290 288/154/288
f 291/152/291 290/153/290 289/150/289
f 291/152/291 292/151/292 290/153/290
f 293/151/293 292/151/292 291/152/291
f 293/151/293 294/161/294 292/151/292
f 295/161/295 294/161/294 293/151/293
f 295/161/295 296/164/296 294/161/294
f 297/164/297 296/164/296 295/161/295
f 297/164/297 298/171/298 296/164/296
f 299/163/299 298/171/298 297/164/297
f 299/163/299 300/170/300 298/171/298
f 301/169/301 300/170/300 299/163/299
f 301/169/301 302/167/302 300/170/300
f 279/141/279 302/167/302 301/169/301
f 279/141/279 303/168/303 302/167/302
f 289/150/289 293/151/293 291/152/291
f 289/150/289 304/149/304 293/151/293
f 287/148/287 304/149/304 289/150/289
f 287/148/287 305/147/305 304/149/304
f 285/146/285 305/147/305 287/148/287
f 285/146/285 306/145/306 305/147/305
f 283/144/283 306/145/306 285/146/285
f 283/144/283 281/143/281 306/145/306
f 307/159/307 302/167/302 303/168/303
f 307/159/307 308/166/308 302/167/302
f 309/158/309 308/166/308 307/159/307
f 309/158/309 310/165/310 308/166/308
f 311/162/311 310/165/310 309/158/309
f 311/162/311 296/164/296 310/165/310
f 294/161/294 296/164/296 311/162/311
f 311/162/311 292/151/292 294/161/294
f 311/162/311 290/153/290 292/151/292
f 312/156/312 290/153/290 311/162/311
f 312/156/312 288/154/288 290/153/290
f 286/155/286 288/154/288 312/156/312
f 282/142/282 307/159/307 280/138/280
f 282/142/282 309/158/309 307/159/307
f 284/157/284 309/158/309 282/142/282
f 284/157/284 312/156/312 309/158/309
f 286/155/286 312/156/312 284/157/284
f 306/145/306 304/149/304 305/147/305
f 306/145/306 313/160/313 304/149/304
f 281/143/281 313/160/313 306/145/306
f 281/143/281 299/163/299 313/160/313
f 295/161/295 299/163/299 297/164/297
f 295/161/295 313/160/313 299/163/299
f 293/151/293 313/160/313 295/161/295
f 293/151/293 304/149/304 313/160/313
f 316/172/314 315/173/315 314/172/316
f 316/172/314 317/173/317 315/173/315
f 318/174/318 317/173/317 316/172/314
f 318/174/318 319/175/319 317/173/317
f 320/176/320 319/175/319 318/174/318
f 320/176/320 321/177/321 319/175/319
f 322/176/322 321/177/321 320/176/320
f 322/176/322 323/177/323 321/177/321
f 324/174/324 316/172/314 314/172/316
f 324/174/324 318/174/318 316/172/314
f 322/176/322 318/174/318 324/174/324
f 322/176/322 320/176/320 318/174/318
f 319/175/319 315/173/315 317/173/317
f 319/175/319 325/175/325 315/173/315
f 321/177/321 325/175/325 319/175/319
f 321/177/321 323/177/323 325/175/325
f 328/172/326 327/173/327 326/172/328
f 328/172/326 329/173/329 327/173/327
f 330/174/330 329/173/329 328/172/326
f 330/174/330 331/175/331 329/173/329
f 332/176/332 331/175/331 330/174/330
f 332/176/332 333/177/333 331/175/331
f 334/176/334 333/177/333 332/176/332
f 334/176/334 335/177/335 333/177/333
f 336/174/336 328/172/326 326/172/328
f 336/174/336 330/174/330 328/172/326
f 334/176/334 330/174/330 336/174/336
f 334/176/334 332/176/332 330/174/330
f 331/175/331 327/173/327 329/173/329
f 331/175/331 337/175/337 327/173/327
f 333/177/333 337/175/337 331/175/331
f 333/177/333 335/177/335 337/175/337
f 276/140/276 307/159/307 274/180/274
f 307/159/307 276/140/276 280/138/280
f 301/169/301 281/143/281 279/141/279
f 281/143/281 301/169/301 299/163/299
f 308/166/308 300/170/300 302/167/302
f 300/170/300 308/166/308 310/165/310
f 296/164/296 300/170/300 310/165/310
f 300/170/300 296/164/296 298/171/298
f 311/162/311 309/158/309 312/156/312
f 340/181/338 339/182/339 338/183/340
f 340/181/338 341/184/341 339/182/339
f 342/185/342 341/184/341 340/181/338
f 342/185/342 343/186/343 341/184/341
f 344/187/344 343/186/343 342/185/342
f 344/187/344 345/188/345 343/186/343
f 346/189/346 345/188/345 344/187/344
f 346/189/346 347/190/347 345/188/345
f 348/191/348 347/190/347 346/189/346
f 348/191/348 349/192/349 347/190/347
f 350/193/350 349/192/349 348/191/348
f 350/193/350 351/194/351 349/192/349
f 352/195/352 351/194/351 350/193/350
f 352/195/352 353/196/353 351/194/351
f 354/197/354 353/196/353 352/195/352
f 354/197/354 355/198/355 353/196/353
f 356/199/356 355/198/355 354/197/354
f 356/199/356 357/200/357 355/198/355
f 338/201/340 357/200/357 356/199/356
f 338/201/340 339/202/339 357/200/357
f 358/203/358 352/204/352 350/205/350
f 358/203/358 359/206/359 352/204/352
f 360/207/360 359/206/359 358/203/358
f 360/207/360 361/208/361 359/206/359
f 362/209/362 361/208/361 360/207/360
f 362/209/362 363/210/363 361/208/361
f 364/211/364 363/210/363 362/209/362
f 364/211/364 271/212/271 363/210/363
f 272/213/272 271/212/271 364/211/364
f 366/214/365 271/212/271 365/215/366
f 366/214/365 363/210/363 271/212/271
f 367/216/367 363/210/363 366/214/365
f 367/216/367 361/208/361 363/210/363
f 368/217/368 361/208/361 367/216/367
f 368/217/368 369/218/369 361/208/361
f 370/219/370 369/218/369 368/217/368
f 370/219/370 354/220/354 369/218/369
f 356/221/356 354/220/354 370/219/370
f 371/222/371 348/223/348 346/224/346
f 371/222/371 372/225/372 348/223/348
f 373/226/373 372/225/372 371/222/371
f 373/226/373 374/227/374 372/225/372
f 375/228/375 374/227/374 373/226/373
f 375/228/375 376/229/376 374/227/374
f 377/230/377 376/229/376 375/228/375
f 377/230/377 378/228/378 376/229/376
f 370/231/370 378/228/378 377/230/377
f 370/231/370 368/232/368 378/228/378
f 372/225/372 350/224/350 348/223/348
f 372/225/372 358/222/358 350/224/350
f 374/227/374 358/222/358 372/225/372
f 374/227/374 379/226/379 358/222/358
f 376/229/376 379/226/379 374/227/374
f 376/229/376 378/228/378 379/226/379
f 377/230/377 356/233/356 370/231/370
f 377/230/377 338/234/340 356/233/356
f 380/231/380 338/234/340 377/230/377
f 380/231/380 340/233/338 338/234/340
f 379/226/379 360/235/360 358/222/358
f 379/226/379 381/236/381 360/235/360
f 378/228/378 381/236/381 379/226/379
f 378/228/378 382/237/382 381/236/381
f 368/232/368 382/237/382 378/228/378
f 368/232/368 383/238/383 382/237/382
f 367/239/367 383/238/383 368/232/368
f 367/239/367 384/240/384 383/238/383
f 366/241/365 384/240/384 367/239/367
f 366/241/365 385/242/385 384/240/384
f 365/243/366 385/242/385 366/241/365
f 364/244/364 385/242/385 272/245/272
f 364/244/364 384/240/384 385/242/385
f 362/246/362 384/240/384 364/244/364
f 362/246/362 383/238/383 384/240/384
f 360/235/360 383/238/383 362/246/362
f 360/235/360 381/236/381 383/238/383
f 388/247/386 387/248/387 386/249/388
f 388/247/386 389/250/389 387/248/387
f 390/249/390 389/250/389 388/247/386
f 390/249/390 391/248/391 389/250/389
f 392/251/392 391/248/391 390/249/390
f 392/251/392 393/252/393 391/248/391
f 386/249/388 393/252/393 392/251/392
f 386/249/388 387/248/387 393/252/393
f 394/253/394 386/249/388 392/251/392
f 394/253/394 395/254/395 386/249/388
f 396/255/396 395/254/395 394/253/394
f 396/255/396 397/256/397 395/254/395
f 393/252/393 397/256/397 396/255/396
f 393/252/393 387/248/387 397/256/397
f 395/254/395 388/247/386 386/249/388
f 395/254/395 398/257/398 388/247/386
f 397/256/397 398/257/398 395/254/395
f 397/256/397 399/258/399 398/257/398
f 387/248/387 399/258/399 397/256/397
f 387/248/387 389/250/389 399/258/399
f 391/248/391 399/258/399 389/250/389
f 391/248/391 400/256/400 399/258/399
f 393/252/393 400/256/400 391/248/391
f 393/252/393 396/255/396 400/256/400
f 398/257/398 390/249/390 388/247/386
f 398/257/398 401/254/401 390/249/390
f 399/258/399 401/254/401 398/257/398
f 399/258/399 400/256/400 401/254/401
f 344/204/344 371/203/371 346/205/346
f 342/220/342 340/221/338 380/219/380
f 272/179/272 402/180/402 210/140/212
f 402/180/402 272/179/272 385/178/385
f 385/178/385 403/259/403 402/180/402
f 403/259/403 385/178/385 365/260/366
f 365/260/366 211/139/211 403/259/403
f 211/139/211 365/260/366 271/178/271
f 210/140/212 232/159/232 212/138/210
f 232/159/232 210/140/212 402/180/402
f 402/180/402 243/168/243 232/159/232
f 243/168/243 402/180/402 403/259/403
f 403/259/403 213/141/213 243/168/243
f 213/141/213 403/259/403 211/139/211
f 369/218/369 359/206/359 361/208/361
f 359/206/359 369/218/369 354/220/354
f 352/204/352 359/206/359 354/220/354
f 380/231/380 377/230/377 375/228/375
f 383/238/383 381/236/381 382/237/382
f 396/255/396 401/254/401 400/256/400
f 401/254/401 396/255/396 394/253/394
f 394/253/394 390/249/390 401/254/401
f 390/249/390 394/253/394 392/251/392
f 404/260/404 278/139/278 277/178/277
f 404/260/404 405/259/405 278/139/278
f 273/178/275 405/259/405 404/260/404
f 273/178/275 274/180/274 405/259/405
f 405/259/405 279/141/279 278/139/278
f 405/259/405 303/168/303 279/141/279
f 274/180/274 303/168/303 405/259/405
f 274/180/274 307/159/307 303/168/303
f 375/228/375 406/232/406 380/231/380
f 375/228/375 407/237/407 406/232/406
f 373/226/373 407/237/407 375/228/375
f 373/226/373 408/236/408 407/237/407
f 409/235/409 408/236/408 373/226/373
f 409/235/409 410/238/410 408/236/408
f 411/246/411 410/238/410 409/235/409
f 411/246/411 412/240/412 410/238/410
f 413/244/413 412/240/412 411/246/411
f 413/244/413 273/242/275 412/240/412
f 275/245/273 273/242/275 413/244/413
f 414/241/414 273/242/275 404/243/404
f 414/241/414 412/240/412 273/242/275
f 415/239/415 412/240/412 414/241/414
f 415/239/415 410/238/410 412/240/412
f 406/232/406 410/238/410 415/239/415
f 406/232/406 407/237/407 410/238/410
f 413/211/413 277/212/277 275/213/273
f 413/211/413 416/210/416 277/212/277
f 411/209/411 416/210/416 413/211/413
f 411/209/411 417/208/417 416/210/416
f 409/207/409 417/208/417 411/209/411
f 409/207/409 418/206/418 417/208/417
f 371/203/371 418/206/418 409/207/409
f 371/203/371 344/204/344 418/206/418
f 416/210/416 404/215/404 277/212/277
f 416/210/416 414/214/414 404/215/404
f 417/208/417 414/214/414 416/210/416
f 417/208/417 415/216/415 414/214/414
f 419/218/419 415/216/415 417/208/417
f 419/218/419 406/217/406 415/216/415
f 342/220/342 406/217/406 419/218/419
f 342/220/342 380/219/380 406/217/406
f 409/235/409 373/226/373 371/222/371
f 410/238/410 407/237/407 408/236/408
f 418/206/418 419/218/419 417/208/417
f 419/218/419 418/206/418 342/220/342
f 344/204/344 342/220/342 418/206/418
f 422/261/420 421/262/421 420/263/422
f 422/261/420 423/262/423 421/262/421
f 424/261/424 423/262/423 422/261/420
f 424/261/424 425/263/425 423/262/423
f 426/264/426 425/263/425 424/261/424
f 426/264/426 427/265/427 425/263/425
f 428/264/428 427/265/427 426/264/426
f 428/264/428 429/265/429 427/265/427
f 430/266/430 23/24/23 8/26/8
f 430/266/430 431/267/431 23/24/23
f 339/268/339 431/267/431 430/266/430
f 339/268/339 341/269/341 431/267/431
f 10/10/10 430/270/430 8/8/8
f 10/10/10 432/271/432 430/270/430
f 12/12/12 432/271/432 10/10/10
f 12/12/12 433/272/433 432/271/432
f 14/14/14 433/272/433 12/12/12
f 14/14/14 434/273/434 433/272/433
f 16/16/16 434/273/434 14/14/14
f 16/16/16 435/274/435 434/273/434
f 18/18/18 435/274/435 16/16/16
f 18/18/18 436/275/436 435/274/435
f 20/20/20 436/275/436 18/18/18
f 20/20/20 437/276/437 436/275/436
f 81/99/81 437/276/437 20/20/20
f 81/99/81 438/277/438 437/276/437
f 82/101/82 438/277/438 81/99/81
f 82/101/82 84/103/84 438/277/438
f 433/272/433 357/278/357 432/271/432
f 433/272/433 355/279/355 357/278/357
f 434/273/434 355/279/355 433/272/433
f 434/273/434 353/280/353 355/279/355
f 435/274/435 353/280/353 434/273/434
f 435/274/435 351/281/351 353/280/353
f 436/275/436 351/281/351 435/274/435
f 436/275/436 349/282/349 351/281/351
f 437/276/437 349/282/349 436/275/436
f 437/276/437 347/283/347 349/282/349
f 438/277/438 347/283/347 437/276/437
f 438/277/438 345/284/345 347/283/347
f 439/285/439 345/284/345 438/277/438
f 439/285/439 343/286/343 345/284/345
f 431/267/431 343/286/343 439/285/439
f 431/267/431 341/269/341 343/286/343
f 423/262/423 440/287/440 421/262/421
f 423/262/423 441/287/441 440/287/440
f 425/263/425 441/287/441 423/262/423
f 425/263/425 442/288/442 441/287/441
f 427/265/427 442/288/442 425/263/425
f 427/265/427 443/288/443 442/288/442
f 429/265/429 443/288/443 427/265/427
f 33/41/33 444/289/444 80/96/80
f 33/41/33 445/290/445 444/289/444
f 32/39/32 445/290/445 33/41/33
f 32/39/32 446/289/446 445/290/445
f 30/37/30 446/289/446 32/39/32
f 30/37/30 31/38/31 446/289/446
f 449/262/447 448/287/448 447/262/449
f 449/262/447 450/287/450 448/287/448
f 451/263/451 450/287/450 449/262/447
f 451/263/451 452/288/452 450/287/450
f 453/265/453 452/288/452 451/263/451
f 453/265/453 454/288/454 452/288/452
f 455/265/455 454/288/454 453/265/453
f 456/261/456 449/262/447 447/262/449
f 456/261/456 457/261/457 449/262/447
f 458/264/458 457/261/457 456/261/456
f 458/264/458 459/264/459 457/261/457
f 455/265/455 459/264/459 458/264/458
f 455/265/455 453/265/453 459/264/459
f 462/262/460 461/287/461 460/262/462
f 462/262/460 463/287/463 461/287/461
f 464/263/464 463/287/463 462/262/460
f 464/263/464 465/288/465 463/287/463
f 466/265/466 465/288/465 464/263/464
f 466/265/466 467/288/467 465/288/465
f 468/265/468 467/288/467 466/265/466
f 469/261/469 462/262/460 460/262/462
f 469/261/469 470/261/470 462/262/460
f 471/264/471 470/261/470 469/261/469
f 471/264/471 472/264/472 470/261/470
f 468/265/468 472/264/472 471/264/471
f 468/265/468 466/265/466 472/264/472
f 475/262/473 474/287/474 473/262/475
f 475/262/473 476/287/476 474/287/474
f 477/263/477 476/287/476 475/262/473
f 477/263/477 478/288/478 476/287/476
f 479/265/479 478/288/478 477/263/477
f 479/265/479 480/288/480 478/288/478
f 481/265/481 480/288/480 479/265/479
f 482/261/482 475/262/473 473/262/475
f 482/261/482 483/261/483 475/262/473
f 484/264/484 483/261/483 482/261/482
f 484/264/484 485/264/485 483/261/483
f 481/265/481 485/264/485 484/264/484
f 481/265/481 479/265/479 485/264/485
f 487/291/486 486/292/487 444/289/444
f 486/292/487 487/291/486 488/293/488
f 489/294/489 444/289/444 445/290/445
f 444/289/444 489/294/489 487/291/486
f 490/291/490 445/290/445 446/289/446
f 445/290/445 490/291/490 489/294/489
f 488/293/488 446/289/446 486/292/487
f 446/289/446 488/293/488 490/291/490
f 487/295/486 490/296/490 488/297/488
f 490/296/490 487/295/486 489/297/489
f 422/261/420 426/264/426 424/261/424
f 426/264/426 422/261/420 428/264/428
f 430/270/430 357/278/357 339/298/339
f 357/278/357 430/270/430 432/271/432
f 84/103/84 439/285/439 438/277/438
f 439/285/439 84/103/84 22/22/21
f 439/285/439 23/24/23 431/267/431
f 23/24/23 439/285/439 22/22/21
f 443/288/443 441/287/441 442/288/442
f 441/287/441 443/288/443 440/287/440
f 444/289/444 24/30/25 80/96/80
f 24/30/25 444/289/444 486/292/487
f 486/292/487 25/28/24 24/30/25
f 25/28/24 486/292/487 446/289/446
f 446/289/446 85/104/85 25/28/24
f 85/104/85 446/289/446 31/38/31
f 454/288/454 450/287/450 452/288/452
f 450/287/450 454/288/454 448/287/448
f 451/263/451 459/264/459 453/265/453
f 459/264/459 451/263/451 457/261/457
f 449/262/447 457/261/457 451/263/451
f 467/288/467 463/287/463 465/288/465
f 463/287/463 467/288/467 461/287/461
f 464/263/464 472/264/472 466/265/466
f 472/264/472 464/263/464 470/261/470
f 462/262/460 470/261/470 464/263/464
f 480/288/480 476/287/476 478/288/478
f 476/287/476 480/288/480 474/287/474
f 477/263/477 485/264/485 479/265/479
f 485/264/485 477/263/477 483/261/483
f 475/262/473 483/261/483 477/263/477
f 493/299/491 492/300/492 491/301/493
f 493/299/491 494/302/494 492/300/492
f 495/303/495 494/302/494 493/299/491
f 495/303/495 496/304/496 494/302/494
f 497/305/497 496/304/496 495/303/495
f 497/305/497 498/306/498 496/304/496
f 499/307/499 498/306/498 497/305/497
f 499/307/499 500/308/500 498/306/498
f 501/309/501 500/308/500 499/307/499
f 501/309/501 502/310/502 500/308/500
f 503/311/503 502/312/502 501/313/501
f 503/311/503 504/314/504 502/312/502
f 505/315/505 504/314/504 503/311/503
f 505/315/505 506/316/506 504/314/504
f 509/311/507 508/317/508 507/313/509
f 509/311/507 510/318/510 508/317/508
f 511/315/511 510/318/510 509/311/507
f 511/315/511 512/319/512 510/318/510
f 513/301/513 512/319/512 511/315/511
f 513/301/513 514/320/514 512/319/512
f 515/299/515 514/320/514 513/301/513
f 515/299/515 516/321/516 514/320/514
f 517/303/517 516/321/516 515/299/515
f 517/303/517 518/322/518 516/321/516
f 519/305/519 518/322/518 517/303/517
f 519/305/519 520/323/520 518/322/518
f 521/307/521 520/323/520 519/305/519
f 521/307/521 522/324/522 520/323/520
f 507/309/509 522/324/522 521/307/521
f 507/309/509 508/325/508 522/324/522
f 492/300/492 505/315/505 491/301/493
f 505/315/505 492/300/492 506/316/506
f 501/309/501 524/324/522 523/325/508
f 524/324/522 501/309/501 499/307/499
f 499/307/499 525/323/520 524/324/522
f 525/323/520 499/307/499 497/305/497
f 497/305/497 526/322/518 525/323/520
f 526/322/518 497/305/497 495/303/495
f 495/303/495 527/321/516 526/322/518
f 527/321/516 495/303/495 493/299/491
f 493/299/491 528/320/523 527/321/516
f 528/320/523 493/299/491 491/301/493
f 491/301/493 529/319/524 528/320/523
f 529/319/524 491/301/493 505/315/505
f 505/315/505 530/318/510 529/319/524
f 530/318/510 505/315/505 503/311/503
f 503/311/503 523/317/508 530/318/510
f 523/317/508 503/311/503 501/313/501
f 507/309/509 532/308/525 531/310/526
f 532/308/525 507/309/509 521/307/521
f 521/307/521 533/306/527 532/308/525
f 533/306/527 521/307/521 519/305/519
f 519/305/519 534/304/528 533/306/527
f 534/304/528 519/305/519 517/303/517
f 517/303/517 535/302/529 534/304/528
f 535/302/529 517/303/517 515/299/515
f 515/299/515 536/300/530 535/302/529
f 536/300/530 515/299/515 513/301/513
f 513/301/513 537/316/531 536/300/530
f 537/316/531 513/301/513 511/315/511
f 511/315/511 538/314/532 537/316/531
f 538/314/532 511/315/511 509/311/507
f 509/311/507 531/312/526 538/314/532
f 531/312/526 509/311/507 507/313/509
f 539/326/533 502/310/502 504/314/504
f 502/310/502 539/326/533 500/308/500
f 498/306/498 500/308/500 539/326/533
f 506/316/506 539/326/533 504/314/504
f 539/326/533 506/316/506 492/300/492
f 494/302/494 539/326/533 492/300/492
f 539/326/533 494/302/494 496/304/496
f 496/304/496 498/306/498 539/326/533
f 540/326/534 531/310/526 532/308/525
f 531/310/526 540/326/534 538/314/532
f 537/316/531 538/314/532 540/326/534
f 540/326/534 536/300/530 537/316/531
f 536/300/530 540/326/534 535/302/529
f 534/304/528 535/302/529 540/326/534
f 540/326/534 533/306/527 534/304/528
f 533/306/527 540/326/534 532/308/525
f 543/327/535 542/328/536 541/329/537
f 543/327/535 544/330/538 542/328/536
f 545/329/539 544/330/538 543/327/535
f 545/329/539 546/328/540 544/330/538
f 547/331/541 546/328/540 545/329/539
f 547/331/541 548/332/542 546/328/540
f 549/333/543 548/332/542 547/331/541
f 549/333/543 550/334/544 548/332/542
f 551/335/545 550/334/544 549/333/543
f 551/335/545 552/336/546 550/334/544
f 553/337/547 552/336/546 551/335/545
f 553/337/547 554/338/548 552/336/546
f 555/339/549 554/338/548 553/337/547
f 555/339/549 556/336/550 554/338/548
f 557/337/551 556/336/550 555/339/549
f 544/330/538 556/336/550 542/328/536
f 544/330/538 554/338/548 556/336/550
f 546/328/540 554/338/548 544/330/538
f 546/328/540 552/336/546 554/338/548
f 548/332/542 552/336/546 546/328/540
f 548/332/542 550/334/544 552/336/546
f 558/340/552 543/327/535 541/329/537
f 558/340/552 559/341/553 543/327/535
f 560/342/554 559/341/553 558/340/552
f 560/342/554 561/343/555 559/341/553
f 562/344/556 561/343/555 560/342/554
f 562/344/556 563/345/557 561/343/555
f 564/346/558 563/345/557 562/344/556
f 564/346/558 565/347/559 563/345/557
f 557/337/551 565/347/559 564/346/558
f 557/337/551 555/339/549 565/347/559
f 559/341/553 545/329/539 543/327/535
f 559/341/553 566/340/560 545/329/539
f 561/343/555 566/340/560 559/341/553
f 561/343/555 567/342/561 566/340/560
f 563/345/557 567/342/561 561/343/555
f 563/345/557 568/344/562 567/342/561
f 565/347/559 568/344/562 563/345/557
f 565/347/559 569/346/563 568/344/562
f 555/339/549 569/346/563 565/347/559
f 555/339/549 553/337/547 569/346/563
f 566/340/560 547/331/541 545/329/539
f 566/340/560 570/348/564 547/331/541
f 567/342/561 570/348/564 566/340/560
f 567/342/561 571/349/565 570/348/564
f 568/344/562 571/349/565 567/342/561
f 568/344/562 572/350/566 571/349/565
f 569/346/563 572/350/566 568/344/562
f 569/346/563 573/351/567 572/350/566
f 553/337/547 573/351/567 569/346/563
f 553/337/547 551/335/545 573/351/567
f 570/348/564 549/333/543 547/331/541
f 549/333/543 570/348/564 571/349/565
f 572/350/566 549/333/543 571/349/565
f 549/333/543 572/350/566 573/351/567
f 573/351/567 551/335/545 549/333/543
f 576/328/568 575/327/569 574/329/570
f 576/328/568 577/330/553 575/327/569
f 578/336/571 577/330/553 576/328/568
f 578/336/571 579/338/572 577/330/553
f 580/337/573 579/338/572 578/336/571
f 580/337/573 581/339/574 579/338/572
f 582/346/575 581/339/574 580/337/573
f 582/346/575 583/347/576 581/339/574
f 584/344/577 583/347/576 582/346/575
f 584/344/577 585/345/578 583/347/576
f 586/342/579 585/345/578 584/344/577
f 586/342/579 587/343/580 585/345/578
f 588/340/581 587/343/580 586/342/579
f 588/340/581 589/341/582 587/343/580
f 574/329/570 589/341/582 588/340/581
f 574/329/570 575/327/569 589/341/582
f 575/327/569 590/340/583 589/341/582
f 575/327/569 591/329/584 590/340/583
f 577/330/553 591/329/584 575/327/569
f 577/330/553 592/328/560 591/329/584
f 579/338/572 592/328/560 577/330/553
f 579/338/572 593/336/561 592/328/560
f 581/339/574 593/336/561 579/338/572
f 581/339/574 594/337/562 593/336/561
f 583/347/576 594/337/562 581/339/574
f 583/347/576 595/346/585 594/337/562
f 585/345/578 595/346/585 583/347/576
f 585/345/578 596/344/547 595/346/585
f 587/343/580 596/344/547 585/345/578
f 587/343/580 597/342/586 596/344/547
f 589/341/582 597/342/586 587/343/580
f 589/341/582 590/340/583 597/342/586
f 591/329/584 598/348/587 590/340/583
f 591/329/584 599/331/588 598/348/587
f 592/328/560 599/331/588 591/329/584
f 592/328/560 600/332/564 599/331/588
f 593/336/561 600/332/564 592/328/560
f 593/336/561 601/334/565 600/332/564
f 594/337/562 601/334/565 593/336/561
f 594/337/562 602/335/566 601/334/565
f 595/346/585 602/335/566 594/337/562
f 595/346/585 603/351/567 602/335/566
f 596/344/547 603/351/567 595/346/585
f 596/344/547 604/350/545 603/351/567
f 597/342/586 604/350/545 596/344/547
f 597/342/586 605/349/589 604/350/545
f 590/340/583 605/349/589 597/342/586
f 590/340/583 598/348/587 605/349/589
f 599/331/588 606/333/543 598/348/587
f 606/333/543 599/331/588 600/332/564
f 601/334/565 606/333/543 600/332/564
f 606/333/543 601/334/565 602/335/566
f 606/333/543 605/349/589 598/348/587
f 605/349/589 606/333/543 604/350/545
f 603/351/567 604/350/545 606/333/543
f 603/351/567 606/333/543 602/335/566
f 609/352/590 608/353/591 607/354/592
f 609/352/590 610/355/593 608/353/591
f 611/356/594 610/355/593 609/352/590
f 611/356/594 612/357/595 610/355/593
f 613/358/596 612/357/595 611/356/594
f 613/358/596 614/359/597 612/357/595
f 615/360/598 614/359/597 613/358/596
f 615/360/598 616/361/599 614/359/597
f 617/362/600 616/361/599 615/360/598
f 617/362/600 618/363/601 616/361/599
f 609/364/590 619/365/602 611/366/594
f 609/364/590 620/367/603 619/365/602
f 607/368/592 620/367/603 609/364/590
f 607/368/592 621/369/604 620/367/603
f 608/370/591 621/369/604 607/368/592
f 608/370/591 622/371/605 621/369/604
f 623/372/606 622/371/605 608/370/591
f 623/372/606 624/373/607 622/371/605
f 625/374/608 624/373/607 623/372/606
f 625/374/608 626/371/609 624/373/607
f 627/372/610 626/371/609 625/374/608
f 627/372/610 628/370/611 626/371/609
f 629/375/612 628/370/611 627/372/610
f 610/375/593 623/372/606 608/370/591
f 610/375/593 625/374/608 623/372/606
f 630/376/613 625/374/608 610/375/593
f 630/376/613 627/372/610 625/374/608
f 629/375/612 627/372/610 630/376/613
f 633/365/614 632/364/615 631/366/616
f 633/365/614 634/367/617 632/364/615
f 635/377/618 634/367/617 633/365/614
f 635/377/618 636/378/619 634/367/617
f 637/379/620 636/378/619 635/377/618
f 637/379/620 638/380/621 636/378/619
f 639/381/622 638/380/621 637/379/620
f 639/381/622 640/382/623 638/380/621
f 641/383/624 640/382/623 639/381/622
f 641/383/624 642/381/625 640/382/623
f 612/357/595 630/384/613 610/355/593
f 612/357/595 629/355/612 630/384/613
f 631/356/616 629/355/612 612/357/595
f 631/356/616 632/352/615 629/355/612
f 643/362/626 616/361/599 618/363/601
f 643/362/626 644/360/627 616/361/599
f 645/385/628 644/360/627 643/362/626
f 645/385/628 646/386/629 644/360/627
f 647/387/630 646/386/629 645/385/628
f 647/387/630 648/388/631 646/386/629
f 649/389/632 648/388/631 647/387/630
f 649/389/632 650/390/633 648/388/631
f 651/391/634 650/390/633 649/389/632
f 651/391/634 652/392/635 650/390/633
f 653/393/636 652/392/635 651/391/634
f 653/393/636 654/394/637 652/392/635
f 655/391/638 654/394/637 653/393/636
f 655/391/638 656/392/639 654/394/637
f 657/389/640 656/392/639 655/391/638
f 657/389/640 658/390/641 656/392/639
f 659/387/642 658/390/641 657/389/640
f 659/387/642 660/388/643 658/390/641
f 661/385/644 660/388/643 659/387/642
f 661/385/644 662/386/645 660/388/643
f 617/362/600 662/386/645 661/385/644
f 617/362/600 615/360/598 662/386/645
f 613/358/596 662/386/645 615/360/598
f 613/358/596 663/395/646 662/386/645
f 611/356/594 663/395/646 613/358/596
f 611/356/594 619/396/602 663/395/646
f 664/397/647 658/390/641 660/388/643
f 664/397/647 656/392/639 658/390/641
f 642/398/625 656/392/639 664/397/647
f 642/398/625 654/394/637 656/392/639
f 641/399/624 654/394/637 642/398/625
f 641/399/624 652/392/635 654/394/637
f 639/398/622 652/392/635 641/399/624
f 639/398/622 650/390/633 652/392/635
f 637/397/620 650/390/633 639/398/622
f 637/397/620 648/388/631 650/390/633
f 635/400/618 648/388/631 637/397/620
f 635/400/618 633/396/614 648/388/631
f 620/367/603 665/377/648 619/365/602
f 620/367/603 666/378/649 665/377/648
f 667/401/650 666/378/649 620/367/603
f 667/401/650 668/402/651 666/378/649
f 669/403/652 668/402/651 667/401/650
f 669/403/652 636/378/619 668/402/651
f 670/401/653 636/378/619 669/403/652
f 670/401/653 634/367/617 636/378/619
f 671/369/654 634/367/617 670/401/653
f 671/369/654 672/368/655 634/367/617
f 628/370/611 672/368/655 671/369/654
f 624/373/607 667/401/650 622/371/605
f 624/373/607 669/403/652 667/401/650
f 626/371/609 669/403/652 624/373/607
f 626/371/609 670/401/653 669/403/652
f 671/369/654 670/401/653 626/371/609
f 638/380/621 668/402/651 636/378/619
f 638/380/621 673/404/656 668/402/651
f 640/382/623 673/404/656 638/380/621
f 640/382/623 674/380/657 673/404/656
f 642/381/625 674/380/657 640/382/623
f 642/381/625 664/379/647 674/380/657
f 644/360/627 614/359/597 616/361/599
f 644/360/627 675/358/658 614/359/597
f 646/386/629 675/358/658 644/360/627
f 646/386/629 676/395/659 675/358/658
f 648/388/631 676/395/659 646/386/629
f 648/388/631 633/396/614 676/395/659
f 631/356/616 676/395/659 633/396/614
f 631/356/616 675/358/658 676/395/659
f 612/357/595 675/358/658 631/356/616
f 612/357/595 614/359/597 675/358/658
f 677/405/660 657/406/640 655/407/638
f 677/405/660 659/408/642 657/406/640
f 678/409/661 659/408/642 677/405/660
f 678/409/661 661/410/644 659/408/642
f 617/411/600 661/410/644 678/409/661
f 649/412/632 677/405/660 651/413/634
f 649/412/632 678/409/661 677/405/660
f 647/414/630 678/409/661 649/412/632
f 647/414/630 645/415/628 678/409/661
f 628/353/611 632/352/615 672/354/655
f 632/352/615 628/353/611 629/355/612
f 663/395/646 660/388/643 662/386/645
f 660/388/643 663/395/646 619/396/602
f 665/400/648 660/388/643 619/396/602
f 660/388/643 665/400/648 664/397/647
f 634/367/617 672/368/655 632/364/615
f 621/369/604 667/401/650 620/367/603
f 667/401/650 621/369/604 622/371/605
f 628/370/611 671/369/654 626/371/609
f 673/404/656 666/378/649 668/402/651
f 666/378/649 673/404/656 674/380/657
f 674/380/657 665/377/648 666/378/649
f 665/377/648 674/380/657 664/379/647
f 653/416/636 677/405/660 655/407/638
f 677/405/660 653/416/636 651/413/634
f 678/409/661 618/417/601 617/411/600
f 618/417/601 678/409/661 643/418/626
f 645/415/628 643/418/626 678/409/661
f 681/419/662 680/420/663 679/420/664
f 681/419/662 682/421/665 680/420/663
f 683/422/666 682/421/665 681/419/662
f 683/422/666 684/423/667 682/421/665
f 685/424/668 684/423/667 683/422/666
f 685/424/668 686/425/669 684/423/667
f 687/424/670 686/425/669 685/424/668
f 687/424/670 688/425/671 686/425/669
f 689/424/672 688/425/671 687/424/670
f 689/424/672 690/425/673 688/425/671
f 691/426/674 690/425/673 689/424/672
f 691/426/674 692/427/675 690/425/673
f 693/428/676 692/427/675 691/426/674
f 693/428/676 694/427/677 692/427/675
f 695/427/678 694/427/677 693/428/676
f 695/427/678 696/425/679 694/427/677
f 697/425/680 696/425/679 695/427/678
f 697/425/680 698/425/681 696/425/679
f 699/425/682 698/425/681 697/425/680
f 699/425/682 700/425/683 698/425/681
f 701/425/684 700/425/683 699/425/682
f 701/425/684 702/423/685 700/425/683
f 703/423/686 702/423/685 701/425/684
f 703/423/686 704/421/687 702/423/685
f 705/421/688 704/421/687 703/423/686
f 705/421/688 706/420/689 704/421/687
f 707/420/690 706/420/689 705/421/688
f 682/421/665 706/420/689 680/420/663
f 682/421/665 704/421/687 706/420/689
f 684/423/667 704/421/687 682/421/665
f 684/423/667 702/423/685 704/421/687
f 686/425/669 702/423/685 684/423/667
f 686/425/669 700/425/683 702/423/685
f 688/425/671 700/425/683 686/425/669
f 688/425/671 698/425/681 700/425/683
f 690/425/673 698/425/681 688/425/671
f 690/425/673 696/425/679 698/425/681
f 692/427/675 696/425/679 690/425/673
f 692/427/675 694/427/677 696/425/679
f 708/429/691 681/419/662 679/420/664
f 708/429/691 709/430/692 681/419/662
f 710/431/693 709/430/692 708/429/691
f 710/431/693 711/432/694 709/430/692
f 712/431/695 711/432/694 710/431/693
f 712/431/695 713/433/696 711/432/694
f 714/431/697 713/433/696 712/431/695
f 714/431/697 715/433/698 713/433/696
f 716/431/699 715/433/698 714/431/697
f 716/431/699 717/433/700 715/433/698
f 718/431/701 717/433/700 716/431/699
f 718/431/701 719/432/702 717/433/700
f 720/429/703 719/432/702 718/431/701
f 720/429/703 721/430/704 719/432/702
f 722/420/705 721/430/704 720/429/703
f 722/420/705 723/419/706 721/430/704
f 707/420/690 723/419/706 722/420/705
f 707/420/690 705/421/688 723/419/706
f 709/430/692 683/422/666 681/419/662
f 709/430/692 724/434/707 683/422/666
f 711/432/694 724/434/707 709/430/692
f 711/432/694 725/435/708 724/434/707
f 713/433/696 725/435/708 711/432/694
f 713/433/696 726/436/709 725/435/708
f 715/433/698 726/436/709 713/433/696
f 715/433/698 727/436/710 726/436/709
f 717/433/700 727/436/710 715/433/698
f 717/433/700 728/436/711 727/436/710
f 719/432/702 728/436/711 717/433/700
f 719/432/702 729/435/712 728/436/711
f 721/430/704 729/435/712 719/432/702
f 721/430/704 730/434/713 729/435/712
f 723/419/706 730/434/713 721/430/704
f 723/419/706 731/422/714 730/434/713
f 705/421/688 731/422/714 723/419/706
f 705/421/688 703/423/686 731/422/714
f 701/425/684 731/422/714 703/423/686
f 701/425/684 732/424/715 731/422/714
f 699/425/682 732/424/715 701/425/684
f 699/425/682 733/424/716 732/424/715
f 697/425/680 733/424/716 699/425/682
f 697/425/680 734/424/717 733/424/716
f 695/427/678 734/424/717 697/425/680
f 695/427/678 735/426/718 734/424/717
f 693/428/676 735/426/718 695/427/678
f 693/428/676 736/437/719 735/426/718
f 737/428/720 736/437/719 693/428/676
f 737/428/720 738/437/721 736/437/719
f 739/428/722 738/437/721 737/428/720
f 739/428/722 740/437/723 738/437/721
f 741/438/724 740/437/723 739/428/722
f 741/438/724 742/439/725 740/437/723
f 743/440/726 742/439/725 741/438/724
f 743/440/726 730/434/713 742/439/725
f 729/435/712 730/434/713 743/440/726
f 732/424/715 730/434/713 731/422/714
f 732/424/715 742/439/725 730/434/713
f 733/424/716 742/439/725 732/424/715
f 733/424/716 744/439/727 742/439/725
f 734/424/717 744/439/727 733/424/716
f 734/424/717 745/439/728 744/439/727
f 735/426/718 745/439/728 734/424/717
f 735/426/718 736/437/719 745/439/728
f 744/439/727 740/437/723 742/439/725
f 744/439/727 738/437/721 740/437/723
f 745/439/728 738/437/721 744/439/727
f 745/439/728 736/437/719 738/437/721
f 743/440/726 728/436/711 729/435/712
f 743/440/726 746/441/729 728/436/711
f 741/438/724 746/441/729 743/440/726
f 741/438/724 747/442/730 746/441/729
f 739/428/722 747/442/730 741/438/724
f 739/428/722 748/442/731 747/442/730
f 749/442/732 748/442/731 739/428/722
f 749/442/732 750/441/733 748/442/731
f 751/441/734 750/441/733 749/442/732
f 751/441/734 727/436/710 750/441/733
f 726/436/709 727/436/710 751/441/734
f 750/441/733 747/442/730 748/442/731
f 750/441/733 746/441/729 747/442/730
f 727/436/710 746/441/729 750/441/733
f 727/436/710 728/436/711 746/441/729
f 751/441/734 725/435/708 726/436/709
f 751/441/734 752/440/735 725/435/708
f 749/442/732 752/440/735 751/441/734
f 749/442/732 753/438/736 752/440/735
f 739/428/722 753/438/736 749/442/732
f 739/428/722 754/437/737 753/438/736
f 737/428/720 754/437/737 739/428/722
f 737/428/720 755/437/738 754/437/737
f 693/428/676 755/437/738 737/428/720
f 693/428/676 756/437/739 755/437/738
f 691/426/674 756/437/739 693/428/676
f 691/426/674 757/439/740 756/437/739
f 689/424/672 757/439/740 691/426/674
f 689/424/672 758/439/741 757/439/740
f 687/424/670 758/439/741 689/424/672
f 687/424/670 759/439/742 758/439/741
f 685/424/668 759/439/742 687/424/670
f 685/424/668 724/434/707 759/439/742
f 683/422/666 724/434/707 685/424/668
f 758/439/741 756/437/739 757/439/740
f 758/439/741 755/437/738 756/437/739
f 759/439/742 755/437/738 758/439/741
f 759/439/742 754/437/737 755/437/738
f 752/440/735 754/437/737 759/439/742
f 752/440/735 753/438/736 754/437/737
f 752/440/735 724/434/707 725/435/708
f 724/434/707 752/440/735 759/439/742
f 680/443/663 760/444/743 679/445/664
f 680/443/663 761/446/744 760/444/743
f 706/447/689 761/446/744 680/443/663
f 706/447/689 762/448/745 761/446/744
f 707/449/690 762/448/745 706/447/689
f 707/449/690 763/450/746 762/448/745
f 722/451/705 763/450/746 707/449/690
f 722/451/705 764/452/747 763/450/746
f 720/453/703 764/452/747 722/451/705
f 720/453/703 765/454/748 764/452/747
f 718/455/701 765/454/748 720/453/703
f 718/455/701 766/456/749 765/454/748
f 716/457/699 766/456/749 718/455/701
f 716/457/699 767/458/750 766/456/749
f 714/459/697 767/458/750 716/457/699
f 714/459/697 768/460/751 767/458/750
f 712/461/695 768/460/751 714/459/697
f 712/461/695 769/462/752 768/460/751
f 710/463/693 769/462/752 712/461/695
f 710/463/693 770/464/753 769/462/752
f 708/465/691 770/464/753 710/463/693
f 708/465/691 771/466/754 770/464/753
f 679/467/664 771/466/754 708/465/691
f 679/467/664 760/468/743 771/466/754
f 761/446/744 772/469/755 760/444/743
f 761/446/744 773/470/756 772/469/755
f 762/448/745 773/470/756 761/446/744
f 762/448/745 774/471/757 773/470/756
f 763/450/746 774/471/757 762/448/745
f 763/450/746 775/472/758 774/471/757
f 764/452/747 775/472/758 763/450/746
f 764/452/747 776/473/759 775/472/758
f 765/454/748 776/473/759 764/452/747
f 765/454/748 777/474/760 776/473/759
f 766/456/749 777/474/760 765/454/748
f 766/456/749 778/475/761 777/474/760
f 767/458/750 778/475/761 766/456/749
f 767/458/750 779/476/762 778/475/761
f 768/460/751 779/476/762 767/458/750
f 768/460/751 780/477/763 779/476/762
f 769/462/752 780/477/763 768/460/751
f 769/462/752 781/478/764 780/477/763
f 770/464/753 781/478/764 769/462/752
f 770/464/753 782/479/765 781/478/764
f 771/466/754 782/479/765 770/464/753
f 771/466/754 783/480/766 782/479/765
f 760/468/743 783/480/766 771/466/754
f 760/468/743 772/481/755 783/480/766
f 773/470/756 784/482/767 772/469/755
f 784/482/767 773/470/756 774/471/757
f 775/472/758 784/482/767 774/471/757
f 784/482/767 775/472/758 776/473/759
f 784/482/767 783/480/766 772/481/755
f 783/480/766 784/482/767 782/479/765
f 781/478/764 782/479/765 784/482/767
f 784/482/767 780/477/763 781/478/764
f 780/477/763 784/482/767 779/476/762
f 778/475/761 779/476/762 784/482/767
f 784/482/767 777/474/760 778/475/761
f 777/474/760 784/482/767 776/473/759
