# Blender 5.1.2
# www.blender.org
o Gatekeeper_Soldiers
v -0.004045 0.060654 0.015528
v -0.005933 0.062235 0.014527
v -0.004171 0.063775 0.014326
v -0.006837 0.062021 0.010331
v -0.003448 0.064273 0.009873
v -0.005514 0.060703 0.008187
v 0.000281 0.063348 0.006628
v -0.000310 0.057180 0.004132
v 0.004983 0.063830 0.009122
v 0.003119 0.056960 0.004716
v 0.005902 0.060696 0.007066
v 0.005252 0.058491 0.007674
v 0.005143 0.058661 0.008278
v 0.005997 0.056632 0.010792
v 0.005765 0.057698 0.013380
v 0.005586 0.057858 0.013990
v 0.005936 0.059892 0.014640
v 0.004369 0.056257 0.016770
v 0.006730 0.062872 0.013725
v 0.001131 0.056370 0.018066
v -0.004931 0.058188 0.009349
v -0.004875 0.058663 0.008716
v -0.003552 0.057294 0.005426
v 0.006403 0.064648 0.008682
v 0.007013 0.063857 0.014073
v 0.004266 0.058612 0.018566
v 0.001439 0.056350 0.020719
v -0.001698 0.058925 0.019211
v 0.001571 0.058566 0.021154
v -0.001774 0.060543 0.019184
v 0.001584 0.061625 0.019864
v -0.005139 0.064042 0.014702
v -0.005065 0.064811 0.009247
v 0.006933 0.057915 0.007170
v 0.004956 0.056931 0.008322
v 0.010380 0.045248 0.004216
v 0.007049 0.044769 0.005448
v 0.010832 0.042452 0.004283
v 0.007287 0.042129 0.005348
v 0.012432 0.028635 0.005405
v 0.009660 0.028289 0.005333
v 0.008137 0.030875 0.014207
v 0.006319 0.029802 0.011898
v 0.008864 0.042277 0.012666
v 0.006138 0.042041 0.010102
v 0.008833 0.044878 0.012476
v 0.006208 0.044589 0.010092
v 0.007878 0.056776 0.014189
v 0.005739 0.055997 0.013232
v 0.014702 0.028550 0.008853
v 0.013174 0.042654 0.006693
v 0.012864 0.045487 0.006462
v 0.009258 0.058414 0.008663
v 0.007935 0.061726 0.008982
v 0.007988 0.061101 0.013395
v 0.011512 0.030103 0.013790
v 0.012024 0.042537 0.011583
v 0.012027 0.045216 0.011265
v 0.009700 0.057780 0.012757
v 0.005206 0.041708 0.001968
v 0.009337 0.028110 0.004968
v 0.010269 0.042184 0.001192
v 0.012450 0.028581 0.005206
v 0.016091 0.041942 0.005035
v 0.015187 0.028646 0.009011
v 0.014527 0.042043 0.014644
v 0.011950 0.030247 0.014153
v 0.008273 0.042418 0.018329
v 0.007576 0.031073 0.015173
v 0.002869 0.041763 0.015106
v 0.005347 0.029913 0.012526
v 0.014809 0.031829 0.010294
v 0.012841 0.031609 0.009964
v 0.015438 0.031606 0.007080
v 0.013572 0.031412 0.006448
v 0.016017 0.029569 0.008563
v 0.014472 0.029088 0.007777
v 0.014701 0.030279 0.011480
v 0.012831 0.029957 0.010985
v 0.000297 0.064243 0.005675
v -0.002303 0.056592 0.017482
v -0.003862 0.058520 0.014931
v -0.003917 0.058413 0.014454
v -0.004886 0.057007 0.011963
v 0.004428 0.060214 0.018497
v 0.009356 0.041955 0.009478
v 0.015984 0.026268 0.010088
v 0.011772 0.027796 0.015453
v 0.006497 0.028474 0.017025
v 0.004209 0.028145 0.013984
v 0.005948 0.026643 0.010853
v 0.002033 0.022859 0.014398
v 0.005831 0.022726 0.013569
v 0.000760 0.019338 0.014758
v 0.002944 0.018045 0.013999
v 0.001680 0.017889 0.015556
v 0.003337 0.017473 0.016445
v 0.001171 0.018786 0.017199
v 0.006489 0.022627 0.016492
v 0.003053 0.022883 0.017780
v 0.006425 0.023114 0.015440
v 0.007063 0.022458 0.017629
v 0.004765 0.020030 0.016400
v 0.004824 0.019152 0.018337
v 0.001247 0.018032 0.012050
v 0.000607 0.016518 0.013210
v 0.002848 0.016491 0.008591
v 0.002190 0.014534 0.009035
v 0.005746 0.015166 0.005990
v 0.005874 0.013167 0.006114
v 0.011531 0.015816 0.007417
v 0.013249 0.014321 0.007665
v 0.013279 0.019604 0.007351
v 0.015361 0.018520 0.007761
v 0.010650 0.024991 0.004878
v 0.014187 0.025576 0.006088
v 0.008714 0.024443 0.010285
v 0.010854 0.020606 0.017817
v 0.015594 0.018213 0.012182
v 0.008693 0.025474 0.007303
v 0.012560 0.013523 0.011748
v 0.007938 0.016261 0.017529
v 0.005865 0.011880 0.007635
v 0.003022 0.012409 0.010651
v 0.001370 0.014745 0.013697
v -0.006062 0.058275 0.016487
v -0.004333 0.056814 0.015311
v -0.005204 0.055794 0.010559
v -0.007310 0.056791 0.009722
v -0.008151 0.059220 0.015370
v -0.008913 0.058373 0.011434
v -0.012342 0.044448 0.015017
v -0.008802 0.044280 0.015640
v -0.006875 0.047069 0.019004
v -0.008963 0.049309 0.020977
v -0.008260 0.039894 0.033052
v -0.008995 0.047721 0.022972
v -0.006798 0.037425 0.031579
v -0.006800 0.045410 0.020930
v -0.011497 0.033583 0.027129
v -0.008906 0.042389 0.017652
v -0.014093 0.034407 0.027206
v -0.012630 0.042429 0.017162
v -0.012308 0.049258 0.020415
v -0.014232 0.046513 0.016925
v -0.012306 0.047591 0.022462
v -0.014439 0.044550 0.019067
v -0.015855 0.036410 0.030133
v -0.011804 0.039527 0.033366
v -0.017565 0.043247 0.018861
v -0.016299 0.036629 0.030244
v -0.012602 0.039981 0.015212
v -0.014134 0.034259 0.027057
v -0.007455 0.039477 0.015399
v -0.011219 0.033226 0.026854
v -0.002653 0.048330 0.024234
v -0.005763 0.037648 0.032054
v -0.007366 0.051727 0.026757
v -0.007609 0.040456 0.033771
v -0.014199 0.049699 0.025307
v -0.012186 0.039887 0.033604
v -0.013420 0.038904 0.029336
v -0.015332 0.039508 0.029749
v -0.014916 0.036731 0.027118
v -0.016565 0.037497 0.027691
v -0.015677 0.036292 0.029013
v -0.016986 0.037243 0.029600
v -0.013512 0.038275 0.031202
v -0.015189 0.039026 0.031541
v -0.010091 0.045376 0.021026
v -0.017412 0.035201 0.032364
v -0.016161 0.032737 0.029010
v -0.012865 0.031146 0.028055
v -0.018095 0.027914 0.032810
v -0.016034 0.028469 0.032285
v -0.016315 0.023712 0.033401
v -0.014529 0.024902 0.032834
v -0.009304 0.022203 0.031646
v -0.009315 0.024188 0.031347
v -0.005396 0.024033 0.033958
v -0.006229 0.025900 0.033454
v -0.003456 0.026438 0.037745
v -0.004321 0.027805 0.036557
v -0.006864 0.029773 0.042455
v -0.006827 0.030074 0.040447
v -0.008646 0.033650 0.041122
v -0.008075 0.031577 0.038772
v -0.007495 0.033340 0.039789
v -0.007720 0.032569 0.037167
v -0.005517 0.028608 0.042004
v -0.006097 0.027750 0.039675
v -0.004354 0.027942 0.040637
v -0.003656 0.028410 0.038915
v -0.003077 0.029285 0.041231
v -0.004141 0.031599 0.037085
v -0.003653 0.033447 0.040015
v -0.004925 0.036480 0.034377
v -0.006880 0.038809 0.036816
v -0.010329 0.032567 0.032943
v -0.010528 0.032193 0.029902
v -0.007093 0.033982 0.032428
v -0.012405 0.038285 0.036063
v -0.017977 0.029002 0.036847
v -0.012676 0.032084 0.041548
v -0.015627 0.024021 0.037522
v -0.010383 0.027323 0.042398
v -0.009046 0.021047 0.033269
v -0.005894 0.021996 0.035842
v -0.004051 0.024664 0.038478
v 0.007025 0.022651 0.024767
v 0.011441 0.020750 0.019344
v 0.006616 0.014246 0.024963
v 0.010053 0.013274 0.020435
v 0.007585 0.012073 0.027036
v 0.011762 0.011054 0.025065
v 0.012067 0.013785 0.028855
v 0.015583 0.012701 0.032542
v 0.011593 0.016492 0.032788
v 0.014717 0.015853 0.036463
v 0.010069 0.017316 0.038969
v 0.016710 0.012366 0.039567
v 0.010310 0.014131 0.042654
v 0.015888 0.008363 0.040527
v 0.009916 0.009718 0.043660
v 0.003511 0.009193 0.042620
v 0.003441 0.013921 0.041534
v 0.004964 0.016941 0.037911
v 0.006568 0.016971 0.033537
v 0.002109 0.013896 0.034502
v 0.004412 0.014400 0.029943
v 0.002415 0.011695 0.026312
v 0.001862 0.013045 0.021682
v 0.017458 0.008993 0.033011
v 0.016893 0.005764 0.033850
v 0.000843 0.006375 0.036392
v 0.000609 0.010433 0.035393
v 0.010679 0.004163 0.017183
v 0.010471 0.000955 0.018610
v 0.001345 0.001029 0.019922
v 0.001136 0.004680 0.018409
v 0.001848 0.008095 0.019762
v 0.005927 0.006990 0.016375
v 0.005429 0.012071 0.016337
v 0.010286 0.007572 0.018713
v 0.005709 0.003924 0.015996
v 0.005714 0.000423 0.017457
v 0.008080 0.019623 0.021003
v 0.007962 0.018198 0.021042
v 0.009144 0.019993 0.022825
v 0.009026 0.018550 0.022847
v 0.006967 0.020693 0.025506
v 0.006870 0.019286 0.025609
v 0.004145 0.020431 0.023377
v 0.004031 0.018940 0.023414
v 0.004725 0.019931 0.021420
v 0.004574 0.018415 0.021354
v 0.006716 0.020334 0.023638
v 0.006579 0.018845 0.023607
v 0.007781 0.016378 0.020899
v 0.007639 0.014978 0.020862
v 0.008846 0.016751 0.022683
v 0.008747 0.015424 0.022724
v 0.006683 0.017490 0.025410
v 0.006609 0.016175 0.025500
v 0.003871 0.017091 0.023308
v 0.003784 0.015713 0.023375
v 0.004434 0.016599 0.021305
v 0.004335 0.015190 0.021351
v 0.006441 0.017064 0.023563
v 0.006318 0.015704 0.023527
v 0.009276 0.020467 0.019955
v 0.006757 0.022076 0.023405
v -0.002920 0.019305 0.006553
v -0.001189 0.020102 0.006608
v -0.006596 0.017706 0.009384
v -0.006560 0.017245 0.010659
v -0.009245 0.018381 0.005870
v -0.011363 0.018545 0.005610
v -0.008662 0.013255 0.000974
v -0.004597 0.012366 0.004870
v -0.009672 0.009358 0.004279
v -0.005255 0.009606 0.005897
v -0.009418 0.010188 0.008781
v -0.001693 0.010660 0.009023
v -0.008274 0.011127 0.013183
v -0.003198 0.011441 0.013386
v -0.005712 0.009667 0.018750
v -0.000861 0.009765 0.016986
v -0.005544 0.005367 0.020970
v 0.001081 0.005614 0.018903
v -0.005203 0.000889 0.020211
v 0.000969 0.000826 0.018118
v -0.011618 0.000707 0.017699
v 0.002637 0.000846 0.011078
v -0.013629 0.000691 0.010692
v -0.000038 0.003264 -0.005803
v -0.009259 0.003215 -0.005918
v -0.004694 0.003524 -0.007747
v -0.009654 0.006724 -0.005786
v -0.004885 0.007343 -0.007535
v -0.009058 0.009175 -0.003015
v -0.005051 0.009990 -0.005835
v -0.004685 0.014979 -0.003304
v -0.012408 0.004779 0.018404
v -0.010761 0.009149 0.016584
v -0.012356 0.007610 0.012060
v -0.000402 0.013320 0.001185
v -0.000561 0.009749 -0.002825
v -0.000245 0.009934 0.004528
v -0.000037 0.007253 -0.005593
v 0.002805 0.004969 0.011776
v 0.001266 0.008416 0.012507
v -0.014238 0.003956 0.011291
v -0.004245 0.018011 0.006046
v -0.003874 0.017040 0.004975
v -0.003487 0.017201 0.007875
v -0.003064 0.016269 0.006738
v -0.005953 0.015566 0.009722
v -0.005611 0.014600 0.008790
v -0.008476 0.016293 0.007445
v -0.008049 0.015388 0.006345
v -0.007653 0.017342 0.005908
v -0.007210 0.016468 0.004709
v -0.006013 0.016447 0.008185
v -0.005489 0.015688 0.006902
v -0.003412 0.015891 0.003463
v -0.003012 0.014933 0.002265
v -0.002559 0.015215 0.005188
v -0.002252 0.014283 0.004255
v -0.004998 0.013910 0.007177
v -0.004736 0.013073 0.006397
v -0.007543 0.014457 0.004856
v -0.007209 0.013715 0.003921
v -0.006779 0.015353 0.003305
v -0.006395 0.014516 0.002195
v -0.005061 0.014621 0.005548
v -0.004661 0.013964 0.004467
v 0.000059 0.040633 0.000631
v 0.000002 0.044512 0.001088
v -0.005530 0.040791 0.001871
v -0.005092 0.044659 0.002366
v -0.009683 0.040867 0.006759
v -0.009049 0.044690 0.006977
v -0.010799 0.040708 0.014485
v -0.009922 0.044598 0.014689
v -0.006273 0.040592 0.019439
v -0.005154 0.044317 0.019671
v -0.000523 0.040400 0.020912
v -0.000038 0.044087 0.020972
v 0.005307 0.040237 0.019756
v 0.005011 0.043942 0.019604
v 0.009999 0.040241 0.014959
v 0.009531 0.043965 0.015035
v 0.009467 0.040079 0.007218
v 0.008939 0.044104 0.007295
v 0.005573 0.040449 0.002186
v 0.005055 0.044319 0.002484
v 0.005866 0.037241 0.018170
v 0.010349 0.034034 0.013255
v 0.006550 0.033980 0.016657
v 0.009198 0.025984 0.017120
v 0.006733 0.027867 0.020240
v 0.009179 0.022267 0.019728
v 0.006721 0.023160 0.023066
v 0.005940 0.019474 0.016921
v 0.006006 0.021389 0.016804
v 0.006335 0.024235 0.014209
v 0.006361 0.030461 0.007505
v 0.010280 0.032875 0.009855
v 0.006120 0.035770 0.003561
v -0.007236 0.036580 0.018056
v -0.000670 0.036544 0.019543
v -0.002674 0.032448 0.014775
v -0.000735 0.032707 0.014963
v -0.001793 0.032424 0.006966
v -0.000180 0.032244 0.008035
v -0.000046 0.036806 0.001997
v 0.001518 0.031854 0.007928
v 0.001196 0.033270 0.015435
v -0.006137 0.037131 0.003027
v 0.001634 0.032276 0.014429
v 0.001754 0.031119 0.010179
v 0.003036 0.026195 0.017419
v 0.003033 0.022600 0.020245
v 0.002911 0.020881 0.020577
v 0.001950 0.040186 0.020545
v -0.002990 0.040345 0.020408
v 0.002420 0.039758 0.021250
v -0.003508 0.039949 0.021091
v 0.001927 0.040162 0.021938
v -0.003015 0.040324 0.021809
v 0.001467 0.040586 0.021231
v -0.002485 0.040715 0.021129
v 0.001806 0.043688 0.021222
v 0.002429 0.044038 0.020493
v -0.002164 0.043842 0.021208
v -0.002509 0.044234 0.020537
v 0.002913 0.044414 0.021213
v -0.003023 0.044648 0.021244
v -0.002582 0.044226 0.021925
v 0.002368 0.044032 0.021916
v 0.001207 0.021369 0.020491
v 0.005784 0.019727 0.015063
v -0.006169 0.020311 0.003058
v -0.006282 0.021798 0.001836
v -0.006453 0.032522 0.004706
v -0.002246 0.031441 0.008602
v -0.002858 0.031344 0.013086
v -0.008012 0.031718 0.014747
v -0.003810 0.024281 0.009488
v -0.007883 0.023787 0.012101
v -0.003342 0.020559 0.007703
v -0.006833 0.018677 0.009920
v -0.006337 0.021697 0.004390
v -0.006505 0.024814 0.005334
v -0.009435 0.019904 0.006896
v -0.009790 0.024336 0.008195
v -0.011292 0.033600 0.011279
v -0.010717 0.033886 0.007539
v 0.002428 0.048112 0.018464
v 0.000685 0.048132 0.018898
v 0.001526 0.046508 0.018993
v 0.001221 0.048449 0.020709
v 0.002025 0.046839 0.020808
v 0.003268 0.048498 0.020861
v 0.003879 0.046778 0.020341
v 0.004909 0.048325 0.019722
v 0.003372 0.046452 0.018542
v 0.004385 0.048005 0.017925
v -0.000428 0.051165 0.002505
v -0.004544 0.051306 0.003901
v 0.003838 0.050924 0.003346
v 0.007555 0.050598 0.006949
v 0.008584 0.050259 0.014283
v 0.004826 0.050247 0.018221
v 0.000723 0.050387 0.019639
v -0.003532 0.050629 0.018830
v -0.007890 0.050994 0.015288
v -0.007724 0.051278 0.007871
v 0.001815 0.049646 0.018285
v 0.002312 0.049979 0.020112
v 0.004136 0.049919 0.019584
v 0.003636 0.049585 0.017745
v 0.000686 0.067287 0.008727
v -0.002530 0.067004 0.011971
v 0.001260 0.066818 0.014716
v 0.000505 0.053439 0.017566
v 0.001434 0.055028 0.016999
v 0.001075 0.053743 0.019365
v 0.002044 0.055318 0.018792
v 0.003125 0.053776 0.019416
v 0.003864 0.055247 0.018177
v 0.004733 0.053600 0.018170
v 0.003249 0.054959 0.016385
v 0.004142 0.053302 0.016367
v 0.001353 0.051799 0.017554
v 0.001947 0.052094 0.019350
v 0.003177 0.051732 0.016983
v 0.003775 0.052026 0.018772
v -0.004379 0.053764 0.016057
v -0.003286 0.055332 0.016234
v -0.005098 0.054144 0.017848
v -0.003920 0.055689 0.017991
v -0.003551 0.054148 0.019198
v -0.002123 0.055554 0.018685
v -0.001533 0.053887 0.019253
v -0.001486 0.055195 0.016913
v -0.000892 0.053529 0.017489
v -0.003836 0.052110 0.016663
v -0.004490 0.052474 0.018431
v -0.002042 0.051981 0.017386
v -0.002704 0.052346 0.019144
v -0.005634 0.048449 0.017273
v -0.004422 0.049989 0.017468
v -0.006427 0.048847 0.018957
v -0.005179 0.050379 0.019177
v -0.004905 0.048872 0.020385
v -0.003398 0.050259 0.019934
v -0.002905 0.048630 0.020536
v -0.002640 0.049866 0.018210
v -0.002215 0.048259 0.018804
v -0.005134 0.046812 0.017837
v -0.005875 0.047199 0.019565
v -0.003397 0.046716 0.018656
v -0.004131 0.047099 0.020376
v 0.004193 0.066929 0.011678
v 0.000709 0.066595 0.009367
v 0.003571 0.066298 0.011658
v -0.001926 0.066359 0.011897
v 0.001147 0.066197 0.014011
v -0.018957 0.083614 0.018366
v -0.021037 0.084595 0.015388
v -0.018916 0.088499 0.017926
v -0.021016 0.087037 0.015168
v -0.019027 0.091644 0.014162
v -0.021072 0.088609 0.013286
v -0.019224 0.091205 0.009281
v -0.021170 0.088390 0.010845
v -0.019392 0.087441 0.006141
v -0.021254 0.086507 0.009275
v -0.019432 0.082556 0.006581
v -0.021275 0.084065 0.009495
v -0.019322 0.079412 0.010345
v -0.021219 0.082493 0.011376
v -0.019125 0.079850 0.015226
v -0.021121 0.082712 0.013817
v 0.020992 0.082076 0.004993
v 0.014089 0.082158 0.005264
v 0.021102 0.078932 0.008756
v 0.014200 0.079014 0.009028
v 0.021299 0.079371 0.013637
v 0.014397 0.079453 0.013909
v 0.021467 0.083135 0.016777
v 0.014565 0.083216 0.017049
v 0.021508 0.088019 0.016337
v 0.014606 0.088101 0.016608
v 0.021397 0.091164 0.012573
v 0.014495 0.091246 0.012845
v 0.021200 0.090725 0.007692
v 0.014298 0.090807 0.007963
v 0.021032 0.086961 0.004552
v 0.014130 0.087043 0.004823
v -0.012530 0.082474 0.006310
v -0.012489 0.087359 0.005870
v -0.012321 0.091123 0.009009
v -0.012124 0.091562 0.013891
v -0.012014 0.088417 0.017654
v -0.012054 0.083532 0.018095
v -0.012222 0.079768 0.014955
v -0.012420 0.079330 0.010074
v 0.023092 0.083539 0.007752
v 0.023112 0.085981 0.007531
v 0.023196 0.087863 0.009101
v 0.023295 0.088082 0.011542
v 0.023350 0.086511 0.013424
v 0.023330 0.084068 0.013644
v 0.023246 0.082186 0.012074
v 0.023147 0.081966 0.009633
v -0.021145 0.085551 0.012331
v 0.023221 0.085025 0.010587
v 0.007682 0.088009 0.025852
v 0.010112 0.086972 0.025640
v 0.007898 0.088912 0.031084
v 0.011379 0.087427 0.030781
v 0.007981 0.087969 0.033471
v 0.010996 0.086683 0.033208
v 0.008020 0.085957 0.035067
v 0.009760 0.085215 0.034915
v 0.008004 0.083418 0.035444
v 0.010457 0.083464 0.034687
v 0.009703 0.081732 0.034516
v 0.012203 0.083651 0.032813
v 0.010897 0.080649 0.032517
v 0.012773 0.083926 0.030325
v 0.011265 0.080460 0.029983
v 0.011087 0.084527 0.025322
v 0.010033 0.082106 0.025083
v 0.005218 0.087030 0.025833
v 0.004371 0.087510 0.031057
v 0.004166 0.084609 0.025594
v 0.002862 0.084044 0.030715
v 0.005139 0.082164 0.025275
v 0.004257 0.080543 0.030258
v 0.007569 0.081127 0.025064
v 0.007737 0.079058 0.029955
v 0.004926 0.086755 0.033447
v 0.003620 0.083752 0.033150
v 0.004827 0.080721 0.032755
v 0.007841 0.079435 0.032493
v 0.006256 0.085257 0.035053
v 0.005501 0.083523 0.034882
v 0.006199 0.081773 0.034654
v 0.007939 0.081030 0.034502
v -0.004390 0.088159 0.026327
v -0.004174 0.089055 0.031559
v -0.006858 0.087178 0.026308
v -0.007701 0.087654 0.031531
v -0.007914 0.084752 0.026069
v -0.009210 0.084187 0.031189
v -0.006938 0.082303 0.025749
v -0.007815 0.080686 0.030733
v -0.004503 0.081263 0.025537
v -0.004335 0.079201 0.030430
v -0.002034 0.082244 0.025557
v -0.000807 0.080603 0.030457
v -0.000978 0.084670 0.025796
v 0.000702 0.084069 0.030799
v -0.001954 0.087120 0.026115
v -0.000693 0.087570 0.031256
v -0.001077 0.086827 0.033683
v -0.004091 0.088112 0.033945
v -0.007146 0.086899 0.033921
v -0.008452 0.083896 0.033625
v -0.007245 0.080864 0.033230
v -0.004231 0.079578 0.032968
v -0.001176 0.080792 0.032991
v 0.000131 0.083794 0.033288
v -0.002311 0.085359 0.035390
v -0.004052 0.086101 0.035541
v -0.005816 0.085400 0.035527
v -0.006570 0.083667 0.035356
v -0.005873 0.081917 0.035128
v -0.004133 0.081174 0.034977
v -0.002369 0.081875 0.034991
v -0.001615 0.083608 0.035162
v -0.004068 0.083561 0.035918
v -0.011708 0.086391 0.022927
v -0.010315 0.090040 0.024977
v -0.010761 0.082624 0.024774
v -0.007004 0.087628 0.028733
v -0.009011 0.079612 0.028537
v 0.001766 0.080502 0.031426
v -0.006365 0.075996 0.033793
v 0.001876 0.076003 0.035594
v -0.007429 0.071307 0.035011
v 0.001911 0.071030 0.037572
v -0.006645 0.070684 0.034719
v 0.001884 0.070432 0.037057
v -0.014347 0.076175 0.019763
v -0.013831 0.079595 0.017012
v -0.013045 0.093911 0.017910
v -0.007337 0.095291 0.028357
v -0.007795 0.090728 0.028949
v 0.001915 0.095749 0.030625
v 0.001900 0.091217 0.031599
v 0.010948 0.095074 0.027638
v 0.011343 0.090501 0.028197
v 0.013525 0.089757 0.024040
v 0.010463 0.087421 0.028047
v 0.001815 0.085215 0.031244
v 0.012259 0.079360 0.027701
v 0.013778 0.082333 0.023809
v 0.016807 0.075805 0.018539
v 0.016158 0.079239 0.015834
v 0.017731 0.072003 0.015479
v 0.013658 0.073285 0.004868
v 0.015477 0.066766 0.017016
v 0.011938 0.068050 0.005523
v 0.009909 0.063113 0.019411
v 0.001106 0.062887 0.014561
v 0.001656 0.062574 0.020660
v -0.007702 0.063322 0.020105
v 0.010174 0.070485 0.034058
v 0.010993 0.071088 0.034287
v 0.015401 0.070839 0.026731
v 0.016237 0.071506 0.026754
v 0.016121 0.071366 0.018111
v 0.017499 0.071804 0.016739
v 0.013915 0.066318 0.024835
v 0.014646 0.065721 0.024653
v 0.008064 0.063599 0.030909
v 0.008672 0.063079 0.030705
v 0.001638 0.062840 0.033090
v 0.001631 0.062247 0.033093
v -0.004953 0.063754 0.031421
v -0.005586 0.063249 0.031265
v -0.011196 0.066616 0.025821
v -0.011953 0.066037 0.025698
v -0.013802 0.071721 0.019287
v -0.015273 0.072193 0.018027
v -0.012421 0.071169 0.027825
v -0.013236 0.071856 0.027913
v -0.011674 0.076080 0.028140
v -0.013355 0.067108 0.018149
v -0.015599 0.072398 0.016789
v -0.012342 0.073593 0.005889
v -0.010110 0.092469 0.007882
v 0.000449 0.074122 -0.000551
v 0.000748 0.092074 0.002021
v 0.012038 0.092207 0.007011
v 0.015784 0.093569 0.016777
v 0.014667 0.086078 0.021890
v 0.000455 0.067646 0.001543
v -0.010699 0.068318 0.006412
v 0.009948 0.075803 0.033152
v 0.014798 0.075766 0.027100
v 0.001376 0.066470 0.025339
v 0.001174 0.071557 0.018700
v 0.009862 0.106295 0.010220
v 0.006075 0.105870 0.006755
v 0.015021 0.100933 0.007605
v 0.008888 0.100105 0.001822
v 0.017700 0.093107 0.005410
v 0.010030 0.092266 -0.001193
v 0.018651 0.087385 0.004542
v 0.010522 0.086394 -0.001901
v 0.018047 0.080923 0.004644
v 0.010466 0.080042 -0.001409
v 0.015841 0.075607 0.005268
v 0.009944 0.074933 0.000806
v 0.014248 0.074038 0.006573
v 0.008993 0.073451 0.002822
v 0.001028 0.078179 0.013360
v 0.000481 0.073261 0.000915
v -0.007849 0.073651 0.003484
v 0.000410 0.074719 -0.001329
v -0.008920 0.075157 0.001548
v 0.000373 0.079870 -0.003822
v -0.009493 0.080279 -0.000625
v 0.000429 0.086222 -0.004314
v -0.009437 0.086631 -0.001116
v 0.000532 0.092071 -0.003468
v -0.008752 0.092489 -0.000455
v 0.000761 0.099923 0.000002
v -0.007191 0.100296 0.002454
v 0.001052 0.105758 0.005629
v -0.003864 0.105988 0.007146
v 0.011395 0.106919 0.015097
v 0.017501 0.101942 0.015493
v 0.010264 0.107574 0.020078
v 0.015672 0.103002 0.023551
v 0.006773 0.108085 0.023829
v 0.010024 0.103829 0.029618
v 0.001857 0.108315 0.025346
v 0.002072 0.104201 0.032071
v -0.003167 0.108203 0.024220
v -0.006054 0.104020 0.030250
v -0.006953 0.107778 0.020755
v -0.012178 0.103332 0.024646
v -0.008486 0.107155 0.015878
v -0.014658 0.102323 0.016757
v -0.007356 0.106499 0.010897
v -0.012830 0.101264 0.008700
v 0.020150 0.094534 0.016263
v 0.018014 0.095772 0.025676
v 0.011418 0.096738 0.032763
v 0.002129 0.097173 0.035628
v -0.007364 0.096961 0.033501
v -0.014517 0.096158 0.026954
v -0.017414 0.094980 0.017740
v -0.015858 0.093506 0.006728
v -0.017009 0.087808 0.005944
v -0.016552 0.081334 0.006004
v -0.014431 0.075966 0.006458
v -0.012778 0.074359 0.007635
v -0.014583 0.076110 0.014795
v 0.001257 0.083400 0.017597
v -0.015580 0.081344 0.019079
v 0.001316 0.089675 0.017217
v -0.015520 0.087620 0.018700
v -0.012923 0.088677 0.026962
v -0.017898 0.089367 0.018555
v -0.014622 0.090546 0.027796
v -0.017958 0.083092 0.018936
v -0.017309 0.077862 0.014664
v -0.007438 0.091352 0.034372
v -0.006508 0.089396 0.032833
v 0.002004 0.089587 0.034740
v 0.010333 0.089196 0.032171
v 0.002097 0.091565 0.036508
v 0.011426 0.091128 0.033631
v 0.018052 0.090158 0.026512
v 0.016248 0.088330 0.025816
v 0.018164 0.087220 0.017376
v 0.018104 0.080944 0.017756
v 0.016651 0.075739 0.013568
v 0.019398 0.077426 0.013222
v 0.020504 0.082635 0.017424
v 0.020564 0.088910 0.017044
v 0.008219 0.115048 0.010075
v 0.005198 0.114709 0.007309
v 0.001188 0.114619 0.006411
v -0.002737 0.114803 0.007621
v -0.005523 0.115211 0.010615
v -0.006425 0.115734 0.014592
v -0.005202 0.116231 0.018484
v -0.002180 0.116571 0.021250
v 0.001830 0.116660 0.022148
v 0.005755 0.116477 0.020938
v 0.008541 0.116068 0.017944
v 0.009443 0.115546 0.013968
v 0.006713 0.117096 0.010790
v 0.004372 0.116638 0.008626
v 0.001270 0.116569 0.007931
v -0.001765 0.116711 0.008867
v -0.003916 0.117222 0.011208
v -0.004614 0.117627 0.014284
v -0.003668 0.118012 0.017294
v -0.001331 0.118274 0.019433
v 0.001771 0.118177 0.020188
v 0.004806 0.118201 0.019192
v 0.006961 0.117886 0.016876
v 0.007659 0.117481 0.013801
v 0.001531 0.118878 0.013870
vn -0.7410 -0.3758 -0.5564
vn -0.4703 0.6107 0.6371
vn -0.1614 0.1066 0.9811
vn -0.7616 0.6412 -0.0940
vn -0.7629 0.2603 -0.5919
vn -0.5882 0.1995 -0.7837
vn 0.5961 0.1926 -0.7795
vn -0.0828 0.3881 -0.9179
vn -0.1644 -0.4867 -0.8580
vn 0.3811 0.2820 -0.8805
vn 0.3315 0.2039 -0.9211
vn 0.9775 0.0721 -0.1981
vn -0.2562 0.9339 -0.2495
vn 0.9978 -0.0113 -0.0650
vn -0.3172 -0.7802 0.5392
vn 0.9391 -0.0702 0.3365
vn 0.6992 -0.2089 0.6838
vn 0.6128 0.1686 0.7721
vn 0.4442 0.5300 0.7224
vn 0.0119 -0.3668 0.9302
vn -0.9462 -0.1438 -0.2898
vn 0.5396 -0.4811 -0.6910
vn -0.5658 0.3234 -0.7585
vn 0.9528 0.1312 0.2736
vn 0.7619 0.2197 -0.6093
vn 0.8045 -0.5550 0.2117
vn 0.0375 -0.7688 0.6384
vn -0.7897 -0.4999 0.3557
vn 0.1195 0.0571 0.9912
vn -0.4596 0.3599 0.8119
vn 0.1308 0.5536 0.8224
vn -0.9178 0.1306 0.3748
vn -0.7741 -0.3733 -0.5113
vn 0.2039 0.1422 -0.9686
vn -0.9301 -0.0081 -0.3672
vn 0.1265 0.1232 -0.9843
vn -0.6571 0.0198 -0.7535
vn 0.2255 -0.0297 -0.9738
vn -0.7181 -0.0821 -0.6911
vn 0.3170 0.0209 -0.9482
vn -0.6339 -0.0130 -0.7733
vn -0.1922 0.0981 0.9764
vn -0.9838 0.0767 0.1619
vn -0.2887 0.1916 0.9381
vn -0.9608 -0.0160 0.2767
vn -0.1684 -0.0317 0.9852
vn -0.9660 -0.0749 0.2475
vn 0.1949 -0.1165 0.9739
vn -0.6917 -0.2067 0.6920
vn 0.9693 0.0844 -0.2308
vn 0.9597 0.0530 -0.2760
vn 0.9224 0.1941 -0.3340
vn 0.8275 0.3063 -0.4705
vn 0.7571 0.6188 -0.2096
vn 0.7577 0.4365 0.4851
vn 0.6922 0.1450 0.7070
vn 0.7590 0.0778 0.6464
vn 0.7955 0.0926 0.5988
vn 0.8861 0.2033 0.4166
vn 0.0877 0.4322 -0.8975
vn -0.5827 -0.2552 -0.7716
vn -0.5634 0.6580 -0.4997
vn 0.5533 -0.0242 -0.8326
vn 0.6958 0.5098 -0.5059
vn 0.9999 0.0165 -0.0026
vn 0.7730 0.5018 0.3881
vn 0.5990 0.0883 0.7959
vn 0.1647 0.4929 0.8543
vn -0.3045 0.0956 0.9477
vn -0.8911 0.3114 0.3303
vn -0.9660 0.2476 -0.0738
vn 0.4004 0.7051 -0.5852
vn -0.5508 0.8336 0.0407
vn 0.5187 0.6178 0.5910
vn -0.4155 0.0402 -0.9087
vn 0.9556 -0.2391 -0.1720
vn 0.0683 -0.9818 -0.1774
vn 0.2955 -0.4929 0.8183
vn -0.8084 -0.1623 0.5658
vn 0.0200 -0.3111 -0.9502
vn -0.4440 0.2799 0.8512
vn -0.9618 0.1051 0.2528
vn 0.9962 0.0337 -0.0799
vn -0.9801 0.1984 0.0067
vn 0.6355 0.3111 0.7066
vn -0.0268 0.9995 -0.0145
vn 0.9738 0.1831 0.1347
vn 0.4615 0.3007 0.8346
vn -0.4495 0.3927 0.8023
vn -0.8928 0.4504 -0.0077
vn -0.7612 -0.2156 -0.6116
vn -0.9190 0.2673 -0.2898
vn 0.2408 -0.6803 -0.6922
vn -0.7483 -0.2033 -0.6314
vn 0.0011 -0.7392 -0.6735
vn -0.5446 -0.8326 -0.1012
vn 0.3791 -0.9130 0.1506
vn -0.6094 -0.2830 0.7406
vn 0.6457 -0.7036 0.2966
vn -0.3527 0.1494 0.9237
vn 0.1279 -0.4619 -0.8776
vn -0.3398 0.2609 0.9036
vn -0.6894 0.7200 -0.0798
vn -0.5058 0.0491 0.8612
vn -0.4787 0.8490 -0.2238
vn -0.9971 0.0760 -0.0048
vn -0.7115 0.3625 -0.6020
vn -0.8118 -0.3020 -0.4999
vn -0.2393 0.4841 -0.8417
vn -0.0186 -0.4829 -0.8755
vn -0.1008 0.2660 -0.9587
vn 0.5726 -0.5968 -0.5622
vn -0.4976 -0.2144 -0.8405
vn 0.7274 -0.1316 -0.6735
vn -0.1007 -0.3013 -0.9482
vn 0.7759 0.0403 -0.6295
vn -0.5548 -0.7144 -0.4265
vn 0.5573 -0.0718 0.8272
vn 0.9443 -0.2787 0.1747
vn -0.7462 -0.5223 -0.4128
vn 0.5096 -0.8240 0.2476
vn 0.1726 -0.5871 0.7909
vn -0.1566 -0.9661 -0.2054
vn -0.4604 -0.8828 0.0936
vn -0.7173 -0.5603 0.4142
vn 0.9194 -0.1610 0.3589
vn 0.1761 0.2952 0.9391
vn 0.6891 -0.4367 -0.5783
vn -0.3339 -0.2411 -0.9112
vn -0.6700 0.5469 0.5019
vn -0.8897 0.2871 -0.3550
vn -0.4274 -0.4428 -0.7882
vn 0.5379 -0.5484 -0.6403
vn 0.9929 -0.0510 0.1076
vn 0.3656 0.5421 0.7566
vn 0.9972 0.0747 0.0016
vn 0.3826 0.7229 0.5753
vn 0.4175 0.7564 0.5036
vn 0.9959 0.0436 0.0788
vn 0.5073 -0.6658 -0.5471
vn 0.5659 -0.6498 -0.5075
vn -0.4822 -0.6117 -0.6272
vn -0.4133 -0.6683 -0.6185
vn -0.6595 0.5746 0.4847
vn -0.9628 0.0957 -0.2528
vn -0.6102 0.6188 0.4947
vn -0.9954 -0.0125 -0.0948
vn -0.9885 0.1207 -0.0915
vn -0.5234 0.7085 0.4733
vn -0.4636 -0.2142 -0.8598
vn -0.9931 0.1174 0.0020
vn -0.6714 0.3779 -0.6375
vn -0.5966 -0.4331 -0.6756
vn 0.3510 -0.2954 -0.8886
vn 0.5558 -0.6520 -0.5157
vn 0.8978 0.2880 -0.3332
vn 0.9938 0.0954 -0.0571
vn 0.3345 0.9122 0.2367
vn 0.2633 0.7327 0.6275
vn -0.6118 0.7596 0.2207
vn -0.4884 0.6870 0.5381
vn 0.3966 -0.0065 -0.9180
vn -0.2705 0.8727 -0.4064
vn 0.9485 0.2913 -0.1247
vn -0.8509 -0.0881 -0.5178
vn 0.0620 -0.9963 -0.0591
vn -0.7773 -0.1870 0.6007
vn 0.4483 -0.3080 0.8392
vn -0.2059 0.6489 0.7325
vn 0.0216 0.6981 -0.7156
vn -0.9353 0.3533 -0.0180
vn -0.7248 -0.0869 -0.6835
vn -0.0591 -0.7085 -0.7032
vn -0.8397 -0.2851 -0.4622
vn 0.4016 -0.6118 -0.6815
vn -0.6324 -0.6488 -0.4233
vn 0.0115 0.0888 -0.9960
vn 0.0487 -0.6133 -0.7884
vn 0.1220 0.5040 -0.8550
vn 0.7836 -0.2381 -0.5739
vn 0.6048 0.3569 -0.7119
vn 0.9943 0.0360 0.1004
vn 0.5178 0.7919 -0.3237
vn 0.5963 0.0709 0.7996
vn 0.7524 0.6102 -0.2481
vn 0.4210 0.4849 0.7666
vn 0.8533 -0.3575 -0.3796
vn 0.2611 0.0829 0.9617
vn 0.1055 -0.8874 -0.4488
vn -0.4414 -0.4978 0.7466
vn -0.4417 -0.8950 -0.0629
vn 0.3337 -0.9065 0.2585
vn 0.3640 -0.7488 -0.5539
vn 0.8004 -0.0956 0.5918
vn 0.6949 -0.3866 -0.6064
vn 0.7698 0.4362 0.4660
vn 0.9547 0.2263 -0.1932
vn 0.4970 0.7025 0.5094
vn 0.3663 -0.9246 -0.1048
vn 0.5544 -0.8197 -0.1441
vn 0.6147 -0.6701 -0.4160
vn -0.3965 0.7149 0.5759
vn -0.8919 0.0012 0.4522
vn -0.4622 0.3015 0.8340
vn -0.5731 -0.6857 0.4486
vn -0.1358 -0.3936 0.9092
vn -0.0386 -0.9986 0.0368
vn 0.5359 -0.8442 0.0054
vn 0.7974 -0.4870 0.3563
vn 0.2934 0.3039 0.9064
vn 0.5070 0.8598 0.0609
vn -0.1996 0.9294 0.3104
vn 0.9280 0.2738 -0.2528
vn 0.0477 0.9979 -0.0446
vn 0.7240 0.5713 -0.3866
vn 0.2482 0.7857 -0.5666
vn 0.7767 0.5276 -0.3439
vn 0.2745 0.8851 -0.3758
vn 0.6420 0.7661 -0.0299
vn 0.1474 0.9335 0.3268
vn 0.8240 0.4288 0.3705
vn 0.1737 0.3989 0.9004
vn 0.6394 -0.4248 0.6409
vn 0.1378 -0.2268 0.9641
vn -0.2890 -0.5171 0.8057
vn -0.6318 0.4842 0.6053
vn -0.5692 0.8061 0.1617
vn -0.2515 0.9373 -0.2412
vn -0.7558 0.6481 -0.0941
vn -0.2197 0.8410 -0.4945
vn -0.8006 0.5867 -0.1221
vn -0.9459 0.2960 0.1326
vn 0.9768 0.1101 -0.1837
vn 0.6229 -0.7705 0.1353
vn -0.6361 -0.6498 0.4162
vn -0.9689 0.2336 0.0814
vn 0.6783 -0.0026 -0.7348
vn 0.3480 -0.9342 -0.0781
vn -0.7064 -0.6644 -0.2441
vn -0.8923 0.1266 -0.4334
vn -0.8125 0.2372 -0.5325
vn -0.1919 0.1805 -0.9647
vn -0.1859 -0.0508 -0.9812
vn 0.7041 0.2354 -0.6700
vn -0.2819 -0.0774 -0.9563
vn 0.0091 -0.6703 -0.7421
vn 0.8247 0.5257 -0.2083
vn 0.5642 -0.8035 -0.1902
vn 0.6349 0.5964 -0.4911
vn 0.8645 -0.3872 0.3206
vn 0.3310 0.8541 0.4013
vn -0.1520 -0.6898 0.7079
vn -0.7843 0.4661 0.4094
vn -0.8224 -0.5391 0.1817
vn -0.6111 0.7145 -0.3407
vn -0.7284 -0.6845 -0.0287
vn 0.0403 0.9792 -0.1990
vn -0.0497 -0.9734 0.2234
vn 0.8147 0.5354 -0.2225
vn 0.5683 -0.8051 -0.1697
vn 0.6334 0.5952 -0.4945
vn 0.8730 -0.3678 0.3202
vn 0.3155 0.8683 0.3828
vn -0.1364 -0.6830 0.7175
vn -0.7897 0.4517 0.4151
vn -0.8054 -0.5571 0.2025
vn -0.6325 0.6940 -0.3439
vn -0.7108 -0.7031 -0.0195
vn 0.0371 0.9727 -0.2290
vn -0.0339 -0.9705 0.2386
vn 0.6099 0.6897 -0.3903
vn 0.2188 0.9758 -0.0033
vn -0.3120 0.6470 0.6957
vn 0.2594 0.8379 0.4803
vn 0.3926 0.8136 0.4288
vn -0.1031 0.2570 0.9609
vn -0.6364 0.6672 0.3872
vn -0.4379 0.7109 0.5503
vn -0.9405 0.2484 -0.2318
vn 0.0115 -0.1816 0.9833
vn -0.7582 0.6435 0.1053
vn 0.0601 0.9324 0.3564
vn -0.3116 0.9387 -0.1475
vn 0.1505 0.9816 -0.1174
vn -0.3017 0.9525 0.0409
vn 0.2349 0.9651 0.1160
vn -0.1188 0.7696 0.6274
vn 0.4688 0.7149 0.5188
vn -0.0360 0.1564 0.9870
vn 0.7143 0.1966 0.6717
vn 0.0832 -0.4525 0.8879
vn 0.6424 -0.6519 0.4029
vn -0.4805 -0.7445 0.4634
vn 0.5242 -0.8511 -0.0296
vn -0.6101 -0.7848 -0.1089
vn 0.5829 -0.5998 -0.5481
vn -0.4595 -0.7235 -0.5152
vn -0.1061 -0.2840 -0.9529
vn -0.8034 0.2383 -0.5457
vn 0.0464 0.4278 -0.9027
vn -0.7299 0.5126 -0.4522
vn -0.0258 0.5785 -0.8153
vn 0.2457 0.4674 -0.8492
vn -0.7462 0.2476 0.6179
vn -0.6092 0.7096 0.3540
vn -0.8046 0.5939 0.0039
vn 0.9213 0.3680 0.1256
vn 0.7319 0.4982 -0.4649
vn 0.7775 0.6268 0.0515
vn 0.8269 0.3510 -0.4394
vn 0.9890 0.1464 0.0198
vn 0.7641 0.6408 0.0739
vn -0.9909 0.1340 0.0115
vn 0.6456 0.6303 0.4313
vn 0.7907 -0.3357 -0.5119
vn 0.4404 0.8737 0.2065
vn 0.9348 -0.3070 0.1784
vn 0.0648 0.3542 0.9329
vn 0.0179 -0.9998 0.0043
vn -0.9016 -0.1608 0.4016
vn -0.6206 -0.6305 -0.4662
vn -0.7854 0.6182 0.0322
vn -0.3615 -0.6378 -0.6801
vn -0.2088 0.8474 0.4882
vn 0.1706 -0.8597 -0.4814
vn 0.6823 0.6323 0.3670
vn 0.7598 -0.4205 -0.4959
vn 0.3764 0.9145 0.1482
vn 0.9125 -0.3498 0.2120
vn 0.0998 0.4141 0.9048
vn -0.0209 -0.9970 0.0743
vn -0.8846 -0.1528 0.4406
vn -0.6460 -0.6437 -0.4102
vn -0.7670 0.6417 0.0036
vn -0.3609 -0.7256 -0.5859
vn -0.1458 0.9030 0.4042
vn 0.0704 -0.9107 -0.4070
vn -0.4644 0.0173 -0.8855
vn -0.0682 0.1744 -0.9823
vn 0.0351 -0.0993 -0.9944
vn -0.5631 0.1951 -0.8030
vn -0.8701 0.0775 -0.4868
vn -0.8939 0.2022 -0.4001
vn -0.9570 0.0682 0.2820
vn -0.9216 0.2175 0.3214
vn -0.5638 0.0014 0.8259
vn -0.4777 0.1356 0.8680
vn -0.1072 -0.1588 0.9815
vn 0.0073 0.1026 0.9947
vn 0.3837 -0.1663 0.9083
vn 0.5083 0.1364 0.8503
vn 0.8774 0.0064 0.4797
vn 0.9223 0.1450 0.3581
vn 0.9486 0.0463 -0.3130
vn 0.9214 0.1513 -0.3580
vn 0.5574 -0.0530 -0.8286
vn 0.4943 0.1663 -0.8532
vn 0.3516 -0.4394 0.8266
vn 0.9486 0.0038 0.3166
vn 0.1752 -0.0706 0.9820
vn 0.9905 -0.1287 0.0486
vn 0.1220 0.5569 0.8216
vn 0.9997 0.0020 0.0241
vn 0.1424 0.3965 0.9069
vn -0.0871 -0.3850 -0.9188
vn -0.0469 0.9376 -0.3445
vn -0.0047 -0.6637 -0.7480
vn 0.0623 -0.7612 -0.6455
vn 0.8605 -0.3274 -0.3903
vn 0.4198 -0.4275 -0.8006
vn -0.4457 -0.3734 0.8136
vn 0.0440 -0.5707 0.8200
vn 0.3851 -0.7930 0.4720
vn 0.1442 -0.9065 0.3967
vn 0.2759 -0.8639 -0.4214
vn -0.0895 -0.9778 -0.1896
vn 0.0241 -0.5823 -0.8126
vn -0.4984 -0.7682 -0.4017
vn -0.2203 -0.7923 0.5689
vn -0.3330 -0.3625 -0.8705
vn -0.8547 -0.3645 0.3695
vn -0.7308 -0.6443 -0.2254
vn -0.9752 -0.1329 0.1769
vn -0.9770 0.1049 0.1858
vn -0.5764 0.7665 -0.2833
vn 0.6168 -0.7379 -0.2739
vn -0.2548 -0.2178 -0.9421
vn -0.2266 0.2645 -0.9374
vn -0.5729 -0.8098 0.1265
vn -0.0520 -0.2318 0.9714
vn -0.2655 0.2526 0.9305
vn -0.4570 0.8725 0.1728
vn 0.8241 0.5579 -0.0979
vn -0.8900 -0.4559 -0.0020
vn 0.2305 -0.2620 -0.9371
vn 0.3897 -0.9208 0.0132
vn 0.3001 0.2437 -0.9223
vn 0.7317 0.6805 0.0403
vn -0.7300 0.6732 0.1181
vn 0.2976 -0.0531 0.9532
vn -0.0062 0.0177 0.9998
vn -0.4904 0.7621 -0.4227
vn 0.3577 0.7315 -0.5805
vn -0.3419 0.9313 0.1255
vn -0.5199 0.8478 0.1044
vn 0.0493 -0.3127 -0.9486
vn 0.8940 -0.4075 -0.1861
vn 0.6518 -0.5720 0.4980
vn -0.2749 -0.4950 0.8243
vn 0.9347 -0.2665 0.2353
vn -0.2550 -0.3128 0.9150
vn 0.9727 0.0408 0.2284
vn -0.1063 -0.4575 0.8828
vn 0.0101 0.5132 -0.8582
vn 0.1546 0.1301 -0.9794
vn -0.9927 -0.1026 -0.0627
vn -0.9788 -0.1253 -0.1619
vn -0.9661 -0.1245 0.2261
vn -0.8161 -0.0382 -0.5766
vn -0.5434 -0.8392 0.0235
vn -0.9564 0.0627 -0.2852
vn -0.2395 -0.1798 -0.9541
vn -0.7706 0.1766 0.6123
vn -0.2375 -0.5368 0.8096
vn 0.2631 0.1929 0.9453
vn 0.4156 -0.7264 0.5474
vn 0.9876 -0.0090 0.1569
vn 0.6101 -0.7915 -0.0370
vn 0.9597 -0.1012 -0.2621
vn -0.0222 0.2279 -0.9734
vn -0.5488 0.2500 -0.7977
vn 0.5109 0.2265 -0.8293
vn 0.8653 0.2511 -0.4339
vn 0.9452 0.2772 0.1726
vn 0.6128 0.2305 0.7559
vn 0.1663 0.2317 0.9585
vn -0.3223 0.2539 0.9120
vn -0.8056 0.3561 0.4734
vn -0.9060 0.3267 -0.2690
vn -0.5915 0.8059 0.0239
vn -0.1490 0.9105 0.3858
vn 0.5616 0.7559 0.3366
vn 0.5007 0.8159 -0.2893
vn 0.1387 0.9898 -0.0328
vn 0.0385 0.9974 -0.0609
vn -0.0496 0.9488 0.3118
vn -0.7433 0.1241 0.6574
vn -0.6207 0.7803 0.0768
vn -0.9546 0.0603 0.2918
vn -0.1400 0.8948 0.4240
vn 0.3130 0.1577 0.9366
vn 0.5709 0.7507 0.3325
vn 0.9738 0.1506 0.1701
vn 0.4701 0.8328 -0.2924
vn 0.9326 -0.2479 -0.2623
vn -0.6254 -0.7113 0.3208
vn -0.1505 -0.7115 0.6863
vn 0.3034 -0.9515 0.0518
vn 0.6659 -0.6241 0.4088
vn -0.9855 0.1669 0.0305
vn -0.5011 0.7856 -0.3629
vn -0.9173 0.0909 -0.3878
vn -0.3393 0.9151 0.2179
vn -0.3467 0.1907 0.9184
vn 0.2663 0.7507 0.6046
vn 0.6565 0.1346 0.7422
vn 0.5916 0.8046 0.0504
vn 0.8814 -0.2800 0.3805
vn -0.7222 -0.6765 -0.1444
vn -0.5812 -0.6768 0.4517
vn 0.1704 -0.9507 0.2592
vn 0.2369 -0.6169 0.7506
vn -0.9808 0.1934 -0.0256
vn -0.4540 0.8002 -0.3918
vn -0.8877 0.1164 -0.4454
vn -0.3371 0.9210 0.1951
vn -0.3847 0.2036 0.9003
vn 0.2453 0.7543 0.6090
vn 0.6234 0.1170 0.7731
vn 0.6075 0.7906 0.0770
vn 0.8547 -0.3124 0.4147
vn -0.7162 -0.6785 -0.1634
vn -0.6056 -0.6708 0.4281
vn 0.1538 -0.9500 0.2716
vn 0.1927 -0.6094 0.7691
vn -0.1009 0.8560 0.5070
vn -0.0056 0.9752 0.2214
vn -0.5004 0.8625 -0.0757
vn 0.5203 0.8343 0.1821
vn 0.1366 0.9132 -0.3839
vn -0.4617 0.2994 0.8350
vn -0.9204 -0.0961 0.3790
vn -0.3706 -0.3552 0.8582
vn -0.9318 0.2006 0.3024
vn -0.4734 0.7906 0.3884
vn -0.9386 0.3329 0.0908
vn -0.4991 0.8220 -0.2743
vn -0.9488 0.2768 -0.1522
vn -0.5237 0.3754 -0.7647
vn -0.9565 0.0651 -0.2843
vn -0.5328 -0.2877 -0.7958
vn -0.9572 -0.1782 -0.2282
vn -0.5211 -0.7788 -0.3493
vn -0.9504 -0.3105 -0.0166
vn -0.5625 -0.7511 0.3456
vn -0.9602 -0.2272 0.1627
vn 0.4735 -0.7906 -0.3884
vn -0.0389 -0.5804 -0.8134
vn 0.4618 -0.2995 -0.8349
vn -0.0182 -0.9862 -0.1648
vn 0.4991 -0.8220 0.2742
vn 0.0131 -0.8143 0.5803
vn 0.5237 -0.3754 0.7647
vn 0.0367 -0.1655 0.9855
vn 0.5327 0.2876 0.7959
vn 0.0388 0.5803 0.8135
vn 0.5211 0.7788 0.3493
vn 0.0182 0.9862 0.1648
vn 0.4954 0.8102 -0.3134
vn -0.0131 0.8142 -0.5804
vn 0.4708 0.3636 -0.8038
vn -0.0368 0.1655 -0.9855
vn 0.0389 0.5803 0.8135
vn 0.0368 -0.1655 0.9855
vn 0.9325 0.0427 -0.3586
vn 0.9318 -0.2006 -0.3024
vn 0.9402 0.2544 -0.2265
vn 0.9504 0.3105 0.0165
vn 0.9572 0.1782 0.2282
vn 0.9565 -0.0652 0.2844
vn 0.9488 -0.2769 0.1522
vn 0.9386 -0.3329 -0.0909
vn -0.9992 0.0119 0.0393
vn 0.9992 -0.0119 -0.0393
vn 0.0122 0.9999 0.0089
vn 0.5814 0.7853 -0.2128
vn 0.0050 0.9854 -0.1703
vn 0.7175 0.6953 0.0415
vn 0.0307 0.8510 0.5243
vn 0.6506 0.5303 0.5437
vn 0.0402 0.4740 0.8796
vn 0.4613 0.2370 0.8550
vn 0.0376 -0.1144 0.9927
vn 0.5281 -0.1053 0.8426
vn 0.4503 -0.4389 0.7775
vn 0.8371 -0.0758 0.5417
vn 0.6311 -0.6601 0.4073
vn 0.9989 -0.0211 0.0413
vn 0.6945 -0.7095 -0.1193
vn 0.9481 0.0208 -0.3172
vn 0.5565 -0.7353 -0.3869
vn -0.5776 0.7990 -0.1672
vn -0.6952 0.7124 0.0964
vn -0.9588 0.1735 -0.2249
vn -0.9995 0.0135 0.0276
vn -0.7847 -0.5351 -0.3131
vn -0.7185 -0.6926 -0.0640
vn -0.1570 -0.9115 -0.3802
vn -0.0167 -0.9921 -0.1247
vn -0.5932 0.5449 0.5927
vn -0.8443 -0.0637 0.5321
vn -0.5896 -0.6688 0.4528
vn 0.0213 -0.9158 0.4011
vn -0.3871 0.2472 0.8883
vn -0.5097 -0.1488 0.8474
vn -0.3154 -0.5136 0.7979
vn 0.0822 -0.6339 0.7690
vn -0.5777 0.7992 -0.1660
vn 0.0160 0.9946 0.1029
vn 0.1361 0.9755 -0.1727
vn -0.9591 0.1734 -0.2236
vn -0.9995 0.0136 0.0275
vn -0.7848 -0.5355 -0.3118
vn -0.7186 -0.6924 -0.0643
vn -0.1570 -0.9120 -0.3790
vn -0.0170 -0.9920 -0.1254
vn 0.5568 -0.7356 -0.3858
vn 0.6942 -0.7097 -0.1201
vn 0.9382 -0.1098 -0.3282
vn 0.9987 -0.0109 -0.0506
vn 0.7639 0.5991 -0.2399
vn 0.7172 0.6957 0.0408
vn 0.6277 0.5537 0.5472
vn 0.0164 0.8007 0.5988
vn 0.8822 -0.0514 0.4680
vn 0.3785 0.3217 0.8679
vn -0.0191 0.4420 0.8968
vn 0.5729 -0.0432 0.8185
vn -0.8705 0.1091 0.4800
vn -0.8493 0.0492 0.5256
vn -0.9135 0.0352 0.4054
vn -0.5224 -0.0193 0.8525
vn -0.6656 0.3805 0.6421
vn 0.0406 0.4158 0.9086
vn -0.4740 0.4736 0.7423
vn 0.0404 0.4581 0.8880
vn -0.4667 -0.1122 0.8773
vn 0.0328 -0.3596 0.9325
vn -0.2810 -0.8760 0.3921
vn 0.0042 -0.9243 0.3816
vn -0.9279 0.2425 0.2832
vn -0.9880 0.1485 0.0423
vn -0.9172 0.3534 0.1841
vn -0.5496 0.6967 0.4610
vn -0.5240 0.0280 0.8513
vn -0.0479 0.8214 0.5683
vn 0.0337 0.0530 0.9980
vn 0.5102 0.7287 0.4568
vn 0.5988 -0.0432 0.7997
vn 0.8888 0.0286 0.4573
vn 0.6307 -0.0295 0.7755
vn 0.1053 -0.0405 0.9936
vn 0.9527 0.2201 0.2093
vn 0.9078 0.0881 0.4101
vn 0.7227 0.3640 0.5875
vn 0.9915 0.1250 -0.0355
vn 0.9948 -0.0674 -0.0765
vn 0.7598 -0.0690 -0.6465
vn 0.8069 -0.5729 -0.1438
vn 0.4541 -0.6816 -0.5739
vn 0.2994 -0.9482 -0.1062
vn -0.0173 -0.9720 -0.2341
vn 0.0233 -0.9993 -0.0278
vn -0.2792 -0.9572 -0.0764
vn 0.2226 -0.9036 0.3659
vn 0.5667 -0.2566 0.7829
vn 0.3586 -0.9257 0.1205
vn 0.8625 -0.3550 0.3607
vn 0.6180 -0.5758 0.5352
vn 0.9510 -0.0073 0.3090
vn 0.2867 0.7204 0.6316
vn 0.8493 -0.1801 0.4963
vn 0.3368 0.5928 0.7315
vn 0.4514 -0.6144 0.6471
vn 0.1088 0.4379 0.8924
vn -0.0747 -0.7165 0.6936
vn -0.2207 0.5159 0.8277
vn -0.5853 -0.4804 0.6532
vn -0.3077 0.6608 0.6846
vn -0.7744 0.1055 0.6239
vn -0.4037 0.2922 0.8670
vn -0.9370 -0.1959 0.2893
vn -0.3217 -0.9433 0.0820
vn -0.8282 -0.2859 0.4821
vn -0.8375 0.3401 0.4277
vn -0.7450 -0.6668 -0.0172
vn -0.9950 -0.0908 -0.0420
vn -0.7678 -0.0531 -0.6385
vn -0.5510 0.6627 -0.5072
vn -0.0516 -0.0740 -0.9959
vn 0.0791 0.7348 -0.6737
vn 0.6241 0.6102 -0.4880
vn 0.9369 0.3314 0.1112
vn 0.9430 0.0131 0.3324
vn -0.1289 -0.6153 -0.7777
vn -0.5861 -0.6897 -0.4252
vn 0.5419 0.4615 0.7024
vn 0.8763 0.3198 0.3604
vn 0.0301 0.8614 0.5070
vn 0.0038 -0.9274 0.3740
vn 0.6177 0.6304 -0.4701
vn 0.4629 0.4303 -0.7749
vn 0.7761 0.4077 -0.4811
vn 0.3647 0.5547 -0.7479
vn 0.7909 0.3247 -0.5186
vn 0.4193 0.2798 -0.8637
vn 0.8560 0.0793 -0.5109
vn 0.4370 0.0348 -0.8988
vn 0.8540 -0.1767 -0.4893
vn 0.4340 -0.2310 -0.8708
vn 0.7522 -0.4606 -0.4712
vn 0.3460 -0.6418 -0.6843
vn 0.3164 -0.9465 -0.0631
vn 0.1083 -0.9773 -0.1823
vn -0.0047 -0.8695 0.4940
vn -0.0156 -0.9953 -0.0960
vn -0.2094 -0.9531 -0.2187
vn -0.0355 -0.7292 -0.6834
vn -0.4523 -0.5509 -0.7013
vn -0.0410 -0.3151 -0.9482
vn -0.5115 -0.1730 -0.8417
vn -0.0393 -0.0032 -0.9992
vn -0.5035 0.0951 -0.8587
vn -0.0354 0.2331 -0.9718
vn -0.4425 0.3010 -0.8448
vn -0.0279 0.5044 -0.8630
vn -0.4090 0.5639 -0.7175
vn 0.0098 0.4627 -0.8865
vn -0.4361 0.4359 -0.7873
vn 0.8486 0.5219 -0.0866
vn 0.8051 0.5834 -0.1073
vn 0.7436 0.5793 0.3339
vn 0.7302 0.6196 0.2879
vn 0.4411 0.6232 0.6458
vn 0.4509 0.6605 0.6003
vn 0.0222 0.6421 0.7663
vn 0.0508 0.6796 0.7318
vn -0.4020 0.6308 0.6637
vn -0.3619 0.6717 0.6464
vn -0.7182 0.5925 0.3649
vn -0.6760 0.6388 0.3675
vn -0.8419 0.5372 -0.0512
vn -0.8069 0.5900 -0.0295
vn -0.7390 0.4796 -0.4732
vn -0.7032 0.5766 -0.4160
vn 0.9787 0.2042 0.0209
vn 0.8280 0.2427 0.5055
vn 0.4799 0.3176 0.8178
vn 0.0044 0.2858 0.9583
vn -0.5313 0.2900 0.7960
vn -0.8502 0.2794 0.4462
vn -0.9727 0.2307 0.0253
vn -0.7800 0.3139 -0.5414
vn -0.8927 0.0621 -0.4464
vn -0.8872 -0.2095 -0.4111
vn -0.7648 -0.5301 -0.3661
vn -0.3118 -0.9494 0.0383
vn -0.1173 -0.8150 0.5675
vn 0.0497 -0.3015 0.9522
vn -0.1147 -0.3057 0.9452
vn 0.0149 -0.8733 0.4870
vn -0.1081 -0.4218 0.9002
vn -0.3463 -0.8745 0.3397
vn -0.9261 -0.2306 0.2985
vn -0.8129 -0.1792 0.5541
vn -0.8322 -0.1632 0.5299
vn -0.7381 -0.6339 0.2311
vn -0.4121 -0.2978 0.8611
vn -0.1427 -0.8769 0.4590
vn 0.0050 -0.9151 0.4032
vn 0.2190 -0.8550 0.4701
vn 0.0303 -0.4328 0.9010
vn 0.5142 -0.1580 0.8430
vn 0.7903 -0.4257 0.4407
vn 0.2416 -0.9367 0.2533
vn 0.2654 -0.5214 0.8110
vn 0.0933 -0.3079 0.9468
vn 0.2769 -0.8092 0.5182
vn 0.7739 -0.6322 0.0362
vn 0.8820 -0.3265 0.3398
vn 0.9132 -0.1197 0.3896
vn 0.7435 0.3986 -0.5370
vn 0.3954 0.3729 -0.8394
vn -0.0442 0.3690 -0.9284
vn -0.4738 0.3914 -0.7889
vn -0.7785 0.4256 -0.4613
vn -0.8774 0.4796 -0.0155
vn -0.7356 0.5359 0.4143
vn -0.3966 0.5737 0.7166
vn 0.0543 0.5931 0.8033
vn 0.4784 0.5666 0.6709
vn 0.7886 0.5146 0.3365
vn 0.8842 0.4550 -0.1058
vn 0.4265 0.7902 -0.4400
vn 0.2020 0.7716 -0.6031
vn -0.0546 0.7696 -0.6361
vn -0.3028 0.7777 -0.5509
vn -0.4870 0.8045 -0.3400
vn -0.5375 0.8420 -0.0461
vn -0.4340 0.8748 0.2154
vn -0.1947 0.9000 0.3899
vn 0.0688 0.9001 0.4303
vn 0.3183 0.8858 0.3377
vn 0.5078 0.8547 0.1083
vn 0.5484 0.8188 -0.1696
vn 0.0063 0.9904 -0.1377
vt 0.768900 0.636000
vt 0.781600 0.646200
vt 0.776400 0.575400
vt 0.783000 0.851900
vt 0.767300 0.842600
vt 0.778500 0.933300
vt 0.643600 0.989000
vt 0.741300 0.811400
vt 0.741300 0.965600
vt 0.704200 0.811400
vt 0.663600 0.907700
vt 0.652400 0.848000
vt 0.638300 0.844900
vt 0.599000 0.811400
vt 0.561100 0.844900
vt 0.534100 0.848000
vt 0.525200 0.908500
vt 0.421400 0.811400
vt 0.421700 0.988100
vt 0.375600 0.811400
vt 0.087600 0.907700
vt 0.098900 0.848000
vt 0.113000 0.844900
vt 0.047000 0.811400
vt 0.107700 0.989000
vt 0.010000 0.811400
vt 0.010000 0.965600
vt 0.460600 0.040800
vt 0.441300 0.184000
vt 0.455800 0.044300
vt 0.445500 0.183400
vt 0.408100 0.006400
vt 0.373900 0.061400
vt 0.373900 0.006400
vt 0.339600 0.006500
vt 0.373900 0.048400
vt 0.339500 0.054300
vt 0.373900 0.102500
vt 0.287200 0.040800
vt 0.302300 0.031600
vt 0.291900 0.044300
vt 0.306400 0.184000
vt 0.933900 0.529700
vt 0.929900 0.545400
vt 0.933200 0.545400
vt 0.930000 0.529800
vt 0.934000 0.526600
vt 0.931200 0.526600
vt 0.926500 0.511500
vt 0.923100 0.511200
vt 0.921800 0.525300
vt 0.923600 0.525400
vt 0.921900 0.530100
vt 0.923600 0.530100
vt 0.923100 0.545500
vt 0.924500 0.545500
vt 0.901600 0.958700
vt 0.991000 0.882000
vt 0.984300 0.951800
vt 0.901600 0.871000
vt 0.884300 0.956400
vt 0.884300 0.869600
vt 0.801700 0.924700
vt 0.801700 0.845700
vt 0.989700 0.590900
vt 0.901600 0.635300
vt 0.884200 0.638800
vt 0.801700 0.649300
vt 0.801700 0.586400
vt 0.884200 0.554700
vt 0.901800 0.551600
vt 0.982800 0.510800
vt 0.783600 0.333400
vt 0.850100 0.306700
vt 0.784200 0.259800
vt 0.849100 0.343600
vt 0.787400 0.434300
vt 0.854900 0.394200
vt 0.786700 0.448000
vt 0.853800 0.401100
vt 0.782700 0.370200
vt 0.847800 0.362100
vt 0.784200 0.276400
vt 0.850100 0.315000
vt 0.146300 0.308400
vt 0.146300 0.393900
vt 0.146300 0.368700
vt 0.092900 0.308400
vt 0.092900 0.368700
vt 0.092900 0.393900
vt 0.936800 0.593800
vt 0.941600 0.593600
vt 0.938300 0.591300
vt 0.943500 0.591000
vt 0.946900 0.593800
vt 0.373900 0.040600
vt 0.373900 0.167900
vt 0.329600 0.988100
vt 0.329900 0.811400
vt 0.226100 0.908500
vt 0.217100 0.848000
vt 0.190200 0.844900
vt 0.152300 0.811400
vt 0.408400 0.054300
vt 0.759400 0.350100
vt 0.869000 0.399600
vt 0.862400 0.360500
vt 0.862400 0.311000
vt 0.867500 0.302200
vt 0.893900 0.283400
vt 0.896200 0.310400
vt 0.919300 0.279400
vt 0.920600 0.299300
vt 0.924700 0.304400
vt 0.922900 0.332300
vt 0.921600 0.312400
vt 0.896200 0.351000
vt 0.893900 0.328600
vt 0.901700 0.328800
vt 0.901100 0.358700
vt 0.929000 0.324900
vt 0.928900 0.357500
vt 0.967700 0.332400
vt 0.969900 0.360800
vt 0.972000 0.330400
vt 0.977000 0.359900
vt 0.864600 0.304500
vt 0.864900 0.351000
vt 0.878100 0.320400
vt 0.901800 0.406700
vt 0.901800 0.408200
vt 0.866300 0.302800
vt 0.928900 0.406700
vt 0.928900 0.405100
vt 0.967700 0.389400
vt 0.972000 0.401100
vt 0.869200 0.400700
vt 0.675300 0.433300
vt 0.707800 0.474200
vt 0.679300 0.478600
vt 0.708000 0.438100
vt 0.639500 0.388600
vt 0.652100 0.380300
vt 0.615900 0.404200
vt 0.586200 0.367800
vt 0.578500 0.424800
vt 0.547900 0.392000
vt 0.531600 0.397600
vt 0.533700 0.319800
vt 0.515200 0.325900
vt 0.540500 0.254400
vt 0.522500 0.254500
vt 0.533200 0.331300
vt 0.547600 0.400400
vt 0.578300 0.429100
vt 0.585800 0.378800
vt 0.615600 0.410800
vt 0.651800 0.387900
vt 0.708000 0.428500
vt 0.591400 0.307900
vt 0.595100 0.254400
vt 0.590700 0.321900
vt 0.728200 0.310200
vt 0.725600 0.254500
vt 0.727800 0.317600
vt 0.709000 0.362400
vt 0.742000 0.359300
vt 0.740800 0.433300
vt 0.709100 0.355600
vt 0.742500 0.314900
vt 0.740300 0.254500
vt 0.235900 0.381000
vt 0.235900 0.303400
vt 0.138900 0.381000
vt 0.138900 0.303400
vt 0.041900 0.381000
vt 0.041900 0.303400
vt 0.707700 0.487900
vt 0.680300 0.487900
vt 0.707800 0.471100
vt 0.558400 0.004500
vt 0.514000 0.240600
vt 0.514000 0.004500
vt 0.556800 0.240600
vt 0.607800 0.004500
vt 0.606500 0.240600
vt 0.664100 0.004500
vt 0.665500 0.240600
vt 0.708700 0.004700
vt 0.714200 0.240600
vt 0.752700 0.004700
vt 0.752700 0.240600
vt 0.796700 0.004700
vt 0.791300 0.240600
vt 0.841400 0.004500
vt 0.839900 0.240600
vt 0.897600 0.004500
vt 0.899000 0.240600
vt 0.947000 0.004500
vt 0.948600 0.240600
vt 0.991500 0.004500
vt 0.991500 0.240600
vt 0.804200 0.523700
vt 0.766400 0.637000
vt 0.766300 0.517200
vt 0.834600 0.685200
vt 0.850800 0.587800
vt 0.926300 0.755500
vt 0.927700 0.615000
vt 0.970600 0.755700
vt 0.974400 0.620100
vt 0.988300 0.755700
vt 0.984200 0.614500
vt 0.969200 0.896300
vt 0.991500 0.899800
vt 0.927700 0.899300
vt 0.850800 0.926500
vt 0.834600 0.820500
vt 0.804200 0.969700
vt 0.766400 0.846800
vt 0.766400 0.982700
vt 0.926700 0.558500
vt 0.923900 0.562200
vt 0.926500 0.562200
vt 0.924200 0.558500
vt 0.935000 0.550000
vt 0.935200 0.551600
vt 0.947800 0.550000
vt 0.947300 0.551700
vt 0.957100 0.555600
vt 0.954900 0.555600
vt 0.950200 0.548000
vt 0.956100 0.562700
vt 0.959600 0.562700
vt 0.933600 0.548000
vt 0.937500 0.546600
vt 0.945800 0.546700
vt 0.941900 0.535400
vt 0.947500 0.535600
vt 0.941900 0.528100
vt 0.948000 0.528900
vt 0.941800 0.525600
vt 0.948100 0.525300
vt 0.935900 0.527600
vt 0.935700 0.526400
vt 0.936300 0.535600
vt 0.479300 0.404400
vt 0.404800 0.410000
vt 0.472500 0.409900
vt 0.398000 0.404600
vt 0.465800 0.415400
vt 0.411600 0.415500
vt 0.465900 0.459300
vt 0.472600 0.464800
vt 0.411700 0.459400
vt 0.404900 0.464900
vt 0.479400 0.470200
vt 0.398100 0.470300
vt 0.736700 0.469100
vt 0.735700 0.487800
vt 0.069300 0.022800
vt 0.012000 0.121900
vt 0.126500 0.121900
vt 0.183800 0.022800
vt 0.241000 0.121900
vt 0.010000 0.664600
vt 0.049500 0.664600
vt 0.010000 0.506500
vt 0.052400 0.506500
vt 0.741300 0.664600
vt 0.701800 0.664600
vt 0.639100 0.664600
vt 0.547700 0.664600
vt 0.421000 0.664600
vt 0.375600 0.664600
vt 0.330300 0.664600
vt 0.203600 0.664600
vt 0.698800 0.506500
vt 0.633400 0.506500
vt 0.554700 0.506500
vt 0.422900 0.506500
vt 0.375600 0.506500
vt 0.328300 0.506500
vt 0.196600 0.506500
vt 0.112200 0.664600
vt 0.117900 0.506500
vt 0.069300 0.221100
vt 0.183800 0.221100
vt 0.373900 0.228300
vt 0.316900 0.228300
vt 0.373900 0.236000
vt 0.430800 0.228300
vt 0.420400 0.236000
vt 0.327300 0.236000
vt 0.945900 0.602800
vt 0.937200 0.602800
vt 0.941500 0.602800
vt 0.741300 0.506500
vt 0.152500 0.435400
vt 0.125600 0.321000
vt 0.126100 0.435400
vt 0.152500 0.321000
vt 0.173500 0.435400
vt 0.173600 0.321000
vt 0.192800 0.435400
vt 0.192800 0.321000
vt 0.219100 0.435400
vt 0.219100 0.321000
vt 0.240600 0.435400
vt 0.240100 0.321000
vt 0.043700 0.435400
vt 0.015400 0.321000
vt 0.016500 0.435400
vt 0.043200 0.321000
vt 0.086100 0.435400
vt 0.086300 0.321000
vt 0.016500 0.495700
vt 0.043700 0.495700
vt 0.086100 0.495700
vt 0.126100 0.495700
vt 0.152500 0.495700
vt 0.173500 0.495700
vt 0.192800 0.495700
vt 0.219100 0.495700
vt 0.240600 0.495700
vt 0.182300 0.255900
vt 0.500000 1.000000
vt 0.806200 0.806200
vt 0.500000 0.933000
vt 0.853600 0.853600
vt 0.500000 0.667500
vt 0.618400 0.618400
vt 0.500000 0.500000
vt 0.667500 0.500000
vt 0.618400 0.381600
vt 0.933000 0.500000
vt 0.806200 0.193800
vt 1.000000 0.500000
vt 0.853600 0.146400
vt 0.193800 0.806200
vt 0.146400 0.853600
vt 0.067000 0.500000
vt 0.000000 0.500000
vt 0.193800 0.193800
vt 0.146400 0.146400
vt 0.500000 0.067000
vt 0.500000 0.000000
vt 0.381600 0.618400
vt 0.332500 0.500000
vt 0.381600 0.381600
vt 0.500000 0.332500
vt 0.155400 0.923300
vt 0.161400 0.979800
vt 0.177500 0.950200
vt 0.121800 0.965200
vt 0.115600 0.903900
vt 0.085200 0.914500
vt 0.060600 0.881400
vt 0.040500 0.884000
vt 0.044200 0.846700
vt 0.016100 0.848000
vt 0.050100 0.840400
vt 0.024500 0.841500
vt 0.298100 0.929800
vt 0.303300 0.922600
vt 0.295200 0.926300
vt 0.306900 0.925800
vt 0.300800 0.933500
vt 0.307600 0.938500
vt 0.298900 0.937500
vt 0.295900 0.940300
vt 0.295000 0.937900
vt 0.291600 0.941300
vt 0.291000 0.937400
vt 0.294000 0.935500
vt 0.290400 0.933500
vt 0.306300 0.918300
vt 0.319000 0.918300
vt 0.303900 0.913100
vt 0.317600 0.913200
vt 0.300800 0.909600
vt 0.313200 0.909700
vt 0.299700 0.908600
vt 0.092000 0.950200
vt 0.114400 0.837900
vt 0.114600 0.844000
vt 0.199900 0.835400
vt 0.209900 0.837700
vt 0.126700 0.800000
vt 0.128800 0.798100
vt 0.072700 0.785500
vt 0.070400 0.782500
vt 0.053500 0.780900
vt 0.049300 0.777400
vt 0.116500 0.876500
vt 0.197400 0.869600
vt 0.202400 0.799500
vt 0.177600 0.773100
vt 0.167900 0.765900
vt 0.222000 0.838200
vt 0.320100 0.936500
vt 0.326000 0.918300
vt 0.326100 0.936000
vt 0.324100 0.913200
vt 0.208400 0.207700
vt 0.192700 0.207700
vt 0.200300 0.197900
vt 0.189700 0.227600
vt 0.208400 0.227700
vt 0.191100 0.229700
vt 0.197900 0.231600
vt 0.224000 0.207700
vt 0.216500 0.197900
vt 0.227000 0.227600
vt 0.225700 0.229700
vt 0.208400 0.195000
vt 0.208400 0.232300
vt 0.218800 0.231600
vt 0.487000 0.694800
vt 0.487100 0.708000
vt 0.488100 0.694900
vt 0.487200 0.677700
vt 0.488600 0.677800
vt 0.487200 0.663000
vt 0.488600 0.663100
vt 0.487000 0.589800
vt 0.488200 0.590000
vt 0.485400 0.528400
vt 0.485500 0.707900
vt 0.485500 0.694600
vt 0.484500 0.707800
vt 0.483900 0.694500
vt 0.482800 0.694400
vt 0.485400 0.677500
vt 0.483700 0.677400
vt 0.482300 0.677200
vt 0.485400 0.589600
vt 0.483800 0.589400
vt 0.485400 0.662800
vt 0.483600 0.662600
vt 0.482300 0.662500
vt 0.482600 0.589300
vt 0.051400 0.051200
vt 0.036800 0.149700
vt 0.036800 0.051200
vt 0.051400 0.149700
vt 0.066100 0.051200
vt 0.066100 0.149700
vt 0.080700 0.051200
vt 0.080700 0.149700
vt 0.095300 0.051200
vt 0.095300 0.149700
vt 0.110000 0.051200
vt 0.110000 0.149700
vt 0.124600 0.051200
vt 0.124600 0.149700
vt 0.139200 0.051200
vt 0.139200 0.149700
vt 0.153900 0.051200
vt 0.153900 0.149700
vt 0.168500 0.051200
vt 0.168500 0.149700
vt 0.183100 0.051200
vt 0.183100 0.149700
vt 0.197700 0.051200
vt 0.197700 0.149700
vt 0.212400 0.051200
vt 0.212400 0.149700
vt 0.036800 0.175100
vt 0.051400 0.175100
vt 0.066100 0.175100
vt 0.080700 0.175100
vt 0.095300 0.175100
vt 0.110000 0.175100
vt 0.124600 0.175100
vt 0.139200 0.175100
vt 0.153900 0.175100
vt 0.168500 0.175100
vt 0.183100 0.175100
vt 0.197700 0.175100
vt 0.212400 0.175100
vt 0.124600 0.203300
s 1
f 3/1/1 2/2/2 1/3/3
f 3/1/1 4/4/4 2/2/2
f 5/5/5 4/4/4 3/1/1
f 5/5/5 6/6/6 4/4/4
f 9/7/7 8/8/8 7/9/9
f 9/7/7 10/10/10 8/8/8
f 11/11/11 10/10/10 9/7/7
f 11/11/11 12/12/12 10/10/10
f 13/13/13 12/12/12 11/11/11
f 13/13/13 14/14/14 12/12/12
f 15/15/15 14/14/14 13/13/13
f 15/15/15 16/16/16 14/14/14
f 17/17/17 16/16/16 15/15/15
f 17/17/17 18/18/18 16/16/16
f 19/19/19 18/18/18 17/17/17
f 19/19/19 20/20/20 18/18/18
f 6/21/6 22/22/21 21/23/22
f 6/21/6 23/24/23 22/22/21
f 5/25/5 23/24/23 6/21/6
f 5/25/5 8/26/8 23/24/23
f 7/27/9 8/26/8 5/25/5
f 25/28/24 9/29/7 24/30/25
f 25/28/24 19/31/19 9/29/7
f 26/32/26 19/31/19 25/28/24
f 26/32/26 20/33/20 19/31/19
f 27/34/27 20/33/20 26/32/26
f 27/34/27 28/35/28 20/33/20
f 29/36/29 28/35/28 27/34/27
f 29/36/29 30/37/30 28/35/28
f 31/38/31 30/37/30 29/36/29
f 32/39/32 28/35/28 30/37/30
f 32/39/32 3/40/1 28/35/28
f 33/41/33 3/40/1 32/39/32
f 33/41/33 5/42/5 3/40/1
f 36/43/34 35/44/35 34/45/36
f 36/43/34 37/46/37 35/44/35
f 38/47/38 37/46/37 36/43/34
f 38/47/38 39/48/39 37/46/37
f 40/49/40 39/48/39 38/47/38
f 40/49/40 41/50/41 39/48/39
f 44/51/42 43/50/43 42/49/44
f 44/51/42 45/52/45 43/50/43
f 46/53/46 45/52/45 44/51/42
f 46/53/46 47/54/47 45/52/45
f 48/55/48 47/54/47 46/53/46
f 48/55/48 49/56/49 47/54/47
f 39/48/39 47/54/47 37/46/37
f 39/48/39 45/52/45 47/54/47
f 41/50/41 45/52/45 39/48/39
f 41/50/41 43/50/43 45/52/45
f 38/57/38 50/58/50 40/59/40
f 38/57/38 51/60/51 50/58/50
f 36/61/34 51/60/51 38/57/38
f 36/61/34 52/62/52 51/60/51
f 34/63/36 52/62/52 36/61/34
f 34/63/36 53/64/53 52/62/52
f 11/6/11 53/64/53 34/63/36
f 11/6/11 54/4/54 53/64/53
f 9/5/7 54/4/54 11/6/11
f 9/5/7 55/2/55 54/4/54
f 19/1/19 55/2/55 9/5/7
f 19/1/19 17/3/17 55/2/55
f 51/60/51 56/65/56 50/58/50
f 51/60/51 57/66/57 56/65/56
f 52/62/52 57/66/57 51/60/51
f 52/62/52 58/67/58 57/66/57
f 53/64/53 58/67/58 52/62/52
f 53/64/53 59/68/59 58/67/58
f 54/4/54 59/68/59 53/64/53
f 54/4/54 55/2/55 59/68/59
f 48/69/48 55/2/55 17/3/17
f 48/69/48 59/68/59 55/2/55
f 46/70/46 59/68/59 48/69/48
f 46/70/46 58/67/58 59/68/59
f 44/71/42 58/67/58 46/70/46
f 44/71/42 57/66/57 58/67/58
f 42/72/44 57/66/57 44/71/42
f 42/72/44 56/65/56 57/66/57
f 62/73/60 61/74/61 60/75/62
f 62/73/60 63/76/63 61/74/61
f 64/77/64 63/76/63 62/73/60
f 64/77/64 65/78/65 63/76/63
f 66/79/66 65/78/65 64/77/64
f 66/79/66 67/80/67 65/78/65
f 68/81/68 67/80/67 66/79/66
f 68/81/68 69/82/69 67/80/67
f 70/83/70 69/82/69 68/81/68
f 70/83/70 71/84/71 69/82/69
f 74/85/72 73/86/73 72/87/74
f 74/85/72 75/85/75 73/86/73
f 76/88/76 75/85/75 74/85/72
f 76/88/76 77/88/77 75/85/75
f 78/89/78 77/88/77 76/88/76
f 78/89/78 79/90/79 77/88/77
f 72/87/74 79/90/79 78/89/78
f 72/87/74 73/86/73 79/90/79
f 17/91/17 49/92/49 48/92/48
f 49/92/49 17/91/17 15/93/15
f 15/93/15 35/92/35 49/92/49
f 35/92/35 15/93/15 13/94/13
f 11/95/11 35/92/35 13/94/13
f 35/92/35 11/95/11 34/92/36
f 80/96/80 9/29/7 7/97/9
f 9/29/7 80/96/80 24/30/25
f 7/97/9 33/41/33 80/96/80
f 33/41/33 7/97/9 5/42/5
f 3/98/1 81/99/81 20/20/20
f 81/99/81 3/98/1 1/100/3
f 1/100/3 82/101/82 81/99/81
f 82/101/82 1/100/3 83/102/83
f 21/23/22 82/101/82 83/102/83
f 82/101/82 21/23/22 84/103/84
f 22/22/21 84/103/84 21/23/22
f 26/32/26 29/36/29 27/34/27
f 29/36/29 26/32/26 85/104/85
f 25/28/24 85/104/85 26/32/26
f 29/36/29 85/104/85 31/38/31
f 3/40/1 20/33/20 28/35/28
f 35/44/35 47/54/47 49/56/49
f 47/54/47 35/44/35 37/46/37
f 61/74/61 70/83/70 60/75/62
f 70/83/70 61/74/61 71/84/71
f 86/105/86 66/79/66 64/77/64
f 66/79/66 86/105/86 68/81/68
f 70/83/70 68/81/68 86/105/86
f 62/73/60 86/105/86 64/77/64
f 86/105/86 62/73/60 60/75/62
f 86/105/86 60/75/62 70/83/70
f 75/85/75 79/90/79 73/86/73
f 79/90/79 75/85/75 77/88/77
f 72/87/74 76/88/76 74/85/72
f 76/88/76 72/87/74 78/89/78
f 67/80/67 87/106/87 65/78/65
f 67/80/67 88/106/88 87/106/87
f 69/82/69 88/106/88 67/80/67
f 69/82/69 89/107/89 88/106/88
f 71/84/71 89/107/89 69/82/69
f 71/84/71 90/108/90 89/107/89
f 91/109/91 90/108/90 71/84/71
f 91/109/91 92/110/92 90/108/90
f 93/111/93 92/110/92 91/109/91
f 93/111/93 94/112/94 92/110/92
f 95/113/95 94/112/94 93/111/93
f 95/113/95 96/114/96 94/112/94
f 97/115/97 96/114/96 95/113/95
f 97/115/97 98/116/98 96/114/96
f 99/117/99 98/116/98 97/115/97
f 99/117/99 100/118/100 98/116/98
f 89/107/89 100/118/100 99/117/99
f 89/107/89 92/110/92 100/118/100
f 90/108/90 92/110/92 89/107/89
f 93/111/93 97/115/97 95/113/95
f 93/111/93 99/117/99 97/115/97
f 101/119/101 99/117/99 93/111/93
f 101/119/101 102/120/102 99/117/99
f 103/121/103 102/120/102 101/119/101
f 103/121/103 104/122/104 102/120/102
f 105/123/105 104/122/104 103/121/103
f 105/123/105 106/124/106 104/122/104
f 107/125/107 106/124/106 105/123/105
f 107/125/107 108/126/108 106/124/106
f 109/123/109 108/126/108 107/125/107
f 109/123/109 110/124/110 108/126/108
f 111/121/111 110/124/110 109/123/109
f 111/121/111 112/122/112 110/124/110
f 113/119/113 112/122/112 111/121/111
f 113/119/113 114/120/114 112/122/112
f 115/127/115 114/120/114 113/119/113
f 115/127/115 116/128/116 114/120/114
f 63/76/63 116/128/116 115/127/115
f 63/76/63 87/106/87 116/128/116
f 65/78/65 87/106/87 63/76/63
f 105/123/105 109/123/109 107/125/107
f 105/123/105 111/121/111 109/123/109
f 103/121/103 111/121/111 105/123/105
f 103/121/103 113/119/113 111/121/111
f 101/119/101 113/119/113 103/121/103
f 101/119/101 117/129/117 113/119/113
f 93/111/93 117/129/117 101/119/101
f 93/111/93 91/109/91 117/129/117
f 102/120/102 89/107/89 99/117/99
f 102/120/102 88/106/88 89/107/89
f 118/130/118 88/106/88 102/120/102
f 118/130/118 87/106/87 88/106/88
f 119/131/119 87/106/87 118/130/118
f 119/131/119 116/128/116 87/106/87
f 114/120/114 116/128/116 119/131/119
f 115/127/115 61/74/61 63/76/63
f 115/127/115 120/132/120 61/74/61
f 113/119/113 120/132/120 115/127/115
f 113/119/113 117/129/117 120/132/120
f 119/131/119 112/122/112 114/120/114
f 119/131/119 121/133/121 112/122/112
f 118/130/118 121/133/121 119/131/119
f 118/130/118 122/134/122 121/133/121
f 102/120/102 122/134/122 118/130/118
f 102/120/102 104/122/104 122/134/122
f 121/133/121 110/124/110 112/122/112
f 121/133/121 123/135/123 110/124/110
f 122/134/122 123/135/123 121/133/121
f 122/134/122 124/136/124 123/135/123
f 125/135/125 124/136/124 122/134/122
f 125/135/125 108/126/108 124/136/124
f 106/124/106 108/126/108 125/135/125
f 92/110/92 98/116/98 100/118/100
f 98/116/98 92/110/92 94/112/94
f 98/116/98 94/112/94 96/114/96
f 91/109/91 120/132/120 117/129/117
f 120/132/120 91/109/91 61/74/61
f 71/84/71 61/74/61 91/109/91
f 108/126/108 123/135/123 124/136/124
f 123/135/123 108/126/108 110/124/110
f 104/122/104 125/135/125 122/134/122
f 125/135/125 104/122/104 106/124/106
f 127/92/126 1/91/3 126/92/127
f 127/92/126 83/93/83 1/91/3
f 128/92/128 83/93/83 127/92/126
f 128/92/128 21/94/22 83/93/83
f 129/92/129 21/94/22 128/92/128
f 129/92/129 6/95/6 21/94/22
f 2/2/2 126/69/127 1/3/3
f 2/2/2 130/68/130 126/69/127
f 4/4/4 130/68/130 2/2/2
f 4/4/4 131/64/131 130/68/130
f 6/6/6 131/64/131 4/4/4
f 6/6/6 129/63/129 131/64/131
f 128/44/128 132/43/132 129/45/129
f 128/44/128 133/46/133 132/43/132
f 127/56/126 133/46/133 128/44/128
f 127/56/126 134/54/134 133/46/133
f 126/55/127 134/54/134 127/56/126
f 126/55/127 135/53/135 134/54/134
f 138/50/136 137/51/137 136/49/138
f 138/50/136 139/52/139 137/51/137
f 140/50/140 139/52/139 138/50/136
f 140/50/140 141/48/141 139/52/139
f 142/49/142 141/48/141 140/50/140
f 142/49/142 143/47/143 141/48/141
f 139/52/139 135/53/135 137/51/137
f 139/52/139 134/54/134 135/53/135
f 141/48/141 134/54/134 139/52/139
f 141/48/141 133/46/133 134/54/134
f 143/47/143 133/46/133 141/48/141
f 143/47/143 132/43/132 133/46/133
f 130/68/130 135/70/135 126/69/127
f 130/68/130 144/67/144 135/70/135
f 131/64/131 144/67/144 130/68/130
f 131/64/131 145/62/145 144/67/144
f 129/63/129 145/62/145 131/64/131
f 129/63/129 132/61/132 145/62/145
f 144/67/144 137/71/137 135/70/135
f 144/67/144 146/66/146 137/71/137
f 145/62/145 146/66/146 144/67/144
f 145/62/145 147/60/147 146/66/146
f 132/61/132 147/60/147 145/62/145
f 132/61/132 143/57/143 147/60/147
f 148/58/148 143/57/143 142/59/142
f 148/58/148 147/60/147 143/57/143
f 149/65/149 147/60/147 148/58/148
f 149/65/149 146/66/146 147/60/147
f 136/72/138 146/66/146 149/65/149
f 136/72/138 137/71/137 146/66/146
f 152/73/150 151/78/151 150/77/152
f 152/73/150 153/76/153 151/78/151
f 154/75/154 153/76/153 152/73/150
f 154/75/154 155/74/155 153/76/153
f 156/83/156 155/74/155 154/75/154
f 156/83/156 157/84/157 155/74/155
f 158/81/158 157/84/157 156/83/156
f 158/81/158 159/82/159 157/84/157
f 160/79/160 159/82/159 158/81/158
f 160/79/160 161/80/161 159/82/159
f 164/88/162 163/89/163 162/90/164
f 164/88/162 165/88/165 163/89/163
f 166/85/166 165/88/165 164/88/162
f 166/85/166 167/85/167 165/88/165
f 168/86/168 167/85/167 166/85/166
f 168/86/168 169/87/169 167/85/167
f 162/90/164 169/87/169 168/86/168
f 162/90/164 163/89/163 169/87/169
f 151/78/151 160/79/160 150/77/152
f 160/79/160 151/78/151 161/80/161
f 170/105/170 150/77/152 160/79/160
f 150/77/152 170/105/170 152/73/150
f 154/75/154 152/73/150 170/105/170
f 158/81/158 170/105/170 160/79/160
f 170/105/170 158/81/158 156/83/156
f 170/105/170 156/83/156 154/75/154
f 169/87/169 165/88/165 167/85/167
f 165/88/165 169/87/169 163/89/163
f 166/85/166 162/90/164 168/86/168
f 162/90/164 166/85/166 164/88/162
f 153/76/153 171/106/171 151/78/151
f 153/76/153 172/128/172 171/106/171
f 173/127/173 172/128/172 153/76/153
f 173/127/173 174/120/174 172/128/172
f 175/119/175 174/120/174 173/127/173
f 175/119/175 176/122/176 174/120/174
f 177/121/177 176/122/176 175/119/175
f 177/121/177 178/124/178 176/122/176
f 179/123/179 178/124/178 177/121/177
f 179/123/179 180/126/180 178/124/178
f 181/125/181 180/126/180 179/123/179
f 181/125/181 182/124/182 180/126/180
f 183/123/183 182/124/182 181/125/181
f 183/123/183 184/122/184 182/124/182
f 185/121/185 184/122/184 183/123/183
f 185/121/185 186/120/186 184/122/184
f 187/119/187 186/120/186 185/121/185
f 187/119/187 188/117/188 186/120/186
f 189/111/189 188/117/188 187/119/187
f 189/111/189 190/115/190 188/117/188
f 191/113/191 190/115/190 189/111/189
f 191/113/191 192/114/192 190/115/190
f 193/112/193 192/114/192 191/113/191
f 193/112/193 194/116/194 192/114/192
f 195/110/195 194/116/194 193/112/193
f 195/110/195 196/118/196 194/116/194
f 197/108/197 196/118/196 195/110/195
f 197/108/197 198/107/198 196/118/196
f 157/84/157 198/107/198 197/108/197
f 157/84/157 159/82/159 198/107/198
f 179/123/179 183/123/183 181/125/181
f 179/123/179 185/121/185 183/123/183
f 177/121/177 185/121/185 179/123/179
f 177/121/177 187/119/187 185/121/185
f 175/119/175 187/119/187 177/121/177
f 175/119/175 199/129/199 187/119/187
f 200/132/200 199/129/199 175/119/175
f 200/132/200 201/109/201 199/129/199
f 155/74/155 201/109/201 200/132/200
f 155/74/155 157/84/157 201/109/201
f 194/116/194 190/115/190 192/114/192
f 194/116/194 188/117/188 190/115/190
f 196/118/196 188/117/188 194/116/194
f 196/118/196 198/107/198 188/117/188
f 189/111/189 193/112/193 191/113/191
f 189/111/189 195/110/195 193/112/193
f 201/109/201 195/110/195 189/111/189
f 201/109/201 197/108/197 195/110/195
f 157/84/157 197/108/197 201/109/201
f 198/107/198 186/120/186 188/117/188
f 198/107/198 202/137/202 186/120/186
f 159/82/159 202/137/202 198/107/198
f 159/82/159 161/80/161 202/137/202
f 171/106/171 161/80/161 151/78/151
f 171/106/171 202/137/202 161/80/161
f 203/131/203 202/137/202 171/106/171
f 203/131/203 204/130/204 202/137/202
f 205/133/205 204/130/204 203/131/203
f 205/133/205 206/134/206 204/130/204
f 207/135/207 206/134/206 205/133/205
f 207/135/207 208/136/208 206/134/206
f 178/124/178 208/136/208 207/135/207
f 178/124/178 180/126/180 208/136/208
f 205/133/205 178/124/178 207/135/207
f 205/133/205 176/122/176 178/124/178
f 203/131/203 176/122/176 205/133/205
f 203/131/203 174/120/174 176/122/176
f 171/106/171 174/120/174 203/131/203
f 171/106/171 172/128/172 174/120/174
f 204/130/204 186/120/186 202/137/202
f 204/130/204 184/122/184 186/120/186
f 206/134/206 184/122/184 204/130/204
f 206/134/206 182/124/182 184/122/184
f 209/135/209 182/124/182 206/134/206
f 209/135/209 180/126/180 182/124/182
f 208/136/208 180/126/180 209/135/209
f 173/127/173 200/132/200 175/119/175
f 200/132/200 173/127/173 155/74/155
f 153/76/153 155/74/155 173/127/173
f 199/129/199 189/111/189 187/119/187
f 189/111/189 199/129/199 201/109/201
f 206/134/206 208/136/208 209/135/209
f 212/138/210 211/139/211 210/140/212
f 212/138/210 213/141/213 211/139/211
f 214/142/214 213/141/213 212/138/210
f 214/142/214 215/143/215 213/141/213
f 216/144/216 215/143/215 214/142/214
f 216/144/216 217/145/217 215/143/215
f 218/146/218 217/145/217 216/144/216
f 218/146/218 219/147/219 217/145/217
f 220/148/220 219/147/219 218/146/218
f 220/148/220 221/149/221 219/147/219
f 222/150/222 221/149/221 220/148/220
f 222/150/222 223/151/223 221/149/221
f 224/152/224 223/151/223 222/150/222
f 224/152/224 225/151/225 223/151/223
f 222/150/222 225/151/225 224/152/224
f 222/150/222 226/153/226 225/151/225
f 220/148/220 226/153/226 222/150/222
f 220/148/220 227/154/227 226/153/226
f 228/155/228 227/154/227 220/148/220
f 228/155/228 229/156/229 227/154/227
f 230/157/230 229/156/229 228/155/228
f 230/157/230 231/158/231 229/156/229
f 214/142/214 231/158/231 230/157/230
f 214/142/214 232/159/232 231/158/231
f 212/138/210 232/159/232 214/142/214
f 230/157/230 216/144/216 214/142/214
f 230/157/230 218/146/218 216/144/216
f 228/155/228 218/146/218 230/157/230
f 228/155/228 220/148/220 218/146/218
f 221/149/221 217/145/217 219/147/219
f 221/149/221 233/160/233 217/145/217
f 223/151/223 233/160/233 221/149/221
f 223/151/223 234/161/234 233/160/233
f 225/151/225 234/161/234 223/151/223
f 225/151/225 235/161/235 234/161/234
f 226/153/226 235/161/235 225/151/225
f 226/153/226 236/162/236 235/161/235
f 227/154/227 236/162/236 226/153/226
f 227/154/227 229/156/229 236/162/236
f 233/160/233 215/143/215 217/145/217
f 233/160/233 237/163/237 215/143/215
f 234/161/234 237/163/237 233/160/233
f 234/161/234 238/164/238 237/163/237
f 235/161/235 238/164/238 234/161/234
f 235/161/235 239/164/239 238/164/238
f 236/162/236 239/164/239 235/161/235
f 236/162/236 240/165/240 239/164/239
f 231/158/231 240/165/240 236/162/236
f 231/158/231 241/166/241 240/165/240
f 232/159/232 241/166/241 231/158/231
f 232/159/232 242/167/242 241/166/241
f 243/168/243 242/167/242 232/159/232
f 243/168/243 244/169/244 242/167/242
f 213/141/213 244/169/244 243/168/243
f 213/141/213 215/143/215 244/169/244
f 237/163/237 244/169/244 215/143/215
f 237/163/237 242/167/242 244/169/244
f 245/170/245 242/167/242 237/163/237
f 245/170/245 241/166/241 242/167/242
f 240/165/240 241/166/241 245/170/245
f 245/170/245 239/164/239 240/165/240
f 245/170/245 246/171/246 239/164/239
f 237/163/237 246/171/246 245/170/245
f 237/163/237 238/164/238 246/171/246
f 249/172/247 248/173/248 247/172/249
f 249/172/247 250/173/250 248/173/248
f 251/174/251 250/173/250 249/172/247
f 251/174/251 252/175/252 250/173/250
f 253/176/253 252/175/252 251/174/251
f 253/176/253 254/177/254 252/175/252
f 255/176/255 254/177/254 253/176/253
f 255/176/255 256/177/256 254/177/254
f 257/174/257 249/172/247 247/172/249
f 257/174/257 251/174/251 249/172/247
f 255/176/255 251/174/251 257/174/257
f 255/176/255 253/176/253 251/174/251
f 252/175/252 248/173/248 250/173/250
f 252/175/252 258/175/258 248/173/248
f 254/177/254 258/175/258 252/175/252
f 254/177/254 256/177/256 258/175/258
f 261/172/259 260/173/260 259/172/261
f 261/172/259 262/173/262 260/173/260
f 263/174/263 262/173/262 261/172/259
f 263/174/263 264/175/264 262/173/262
f 265/176/265 264/175/264 263/174/263
f 265/176/265 266/177/266 264/175/264
f 267/176/267 266/177/266 265/176/265
f 267/176/267 268/177/268 266/177/266
f 269/174/269 261/172/259 259/172/261
f 269/174/269 263/174/263 261/172/259
f 267/176/267 263/174/263 269/174/269
f 267/176/267 265/176/265 263/174/263
f 264/175/264 260/173/260 262/173/262
f 264/175/264 270/175/270 260/173/260
f 266/177/266 270/175/270 264/175/264
f 266/177/266 268/177/268 270/175/270
f 271/178/271 210/140/212 211/139/211
f 210/140/212 271/178/271 272/179/272
f 231/158/231 236/162/236 229/156/229
f 238/164/238 239/164/239 246/171/246
f 275/179/273 274/180/274 273/178/275
f 275/179/273 276/140/276 274/180/274
f 277/178/277 276/140/276 275/179/273
f 277/178/277 278/139/278 276/140/276
f 279/141/279 276/140/276 278/139/278
f 279/141/279 280/138/280 276/140/276
f 281/143/281 280/138/280 279/141/279
f 281/143/281 282/142/282 280/138/280
f 283/144/283 282/142/282 281/143/281
f 283/144/283 284/157/284 282/142/282
f 285/146/285 284/157/284 283/144/283
f 285/146/285 286/155/286 284/157/284
f 287/148/287 286/155/286 285/146/285
f 287/148/287 288/154/288 286/155/286
f 289/150/289 288/154/288 287/148/287
f 289/150/289 290/153/290 288/154/288
f 291/152/291 290/153/290 289/150/289
f 291/152/291 292/151/292 290/153/290
f 293/151/293 292/151/292 291/152/291
f 293/151/293 294/161/294 292/151/292
f 295/161/295 294/161/294 293/151/293
f 295/161/295 296/164/296 294/161/294
f 297/164/297 296/164/296 295/161/295
f 297/164/297 298/171/298 296/164/296
f 299/163/299 298/171/298 297/164/297
f 299/163/299 300/170/300 298/171/298
f 301/169/301 300/170/300 299/163/299
f 301/169/301 302/167/302 300/170/300
f 279/141/279 302/167/302 301/169/301
f 279/141/279 303/168/303 302/167/302
f 289/150/289 293/151/293 291/152/291
f 289/150/289 304/149/304 293/151/293
f 287/148/287 304/149/304 289/150/289
f 287/148/287 305/147/305 304/149/304
f 285/146/285 305/147/305 287/148/287
f 285/146/285 306/145/306 305/147/305
f 283/144/283 306/145/306 285/146/285
f 283/144/283 281/143/281 306/145/306
f 307/159/307 302/167/302 303/168/303
f 307/159/307 308/166/308 302/167/302
f 309/158/309 308/166/308 307/159/307
f 309/158/309 310/165/310 308/166/308
f 311/162/311 310/165/310 309/158/309
f 311/162/311 296/164/296 310/165/310
f 294/161/294 296/164/296 311/162/311
f 311/162/311 292/151/292 294/161/294
f 311/162/311 290/153/290 292/151/292
f 312/156/312 290/153/290 311/162/311
f 312/156/312 288/154/288 290/153/290
f 286/155/286 288/154/288 312/156/312
f 282/142/282 307/159/307 280/138/280
f 282/142/282 309/158/309 307/159/307
f 284/157/284 309/158/309 282/142/282
f 284/157/284 312/156/312 309/158/309
f 286/155/286 312/156/312 284/157/284
f 306/145/306 304/149/304 305/147/305
f 306/145/306 313/160/313 304/149/304
f 281/143/281 313/160/313 306/145/306
f 281/143/281 299/163/299 313/160/313
f 295/161/295 299/163/299 297/164/297
f 295/161/295 313/160/313 299/163/299
f 293/151/293 313/160/313 295/161/295
f 293/151/293 304/149/304 313/160/313
f 316/172/314 315/173/315 314/172/316
f 316/172/314 317/173/317 315/173/315
f 318/174/318 317/173/317 316/172/314
f 318/174/318 319/175/319 317/173/317
f 320/176/320 319/175/319 318/174/318
f 320/176/320 321/177/321 319/175/319
f 322/176/322 321/177/321 320/176/320
f 322/176/322 323/177/323 321/177/321
f 324/174/324 316/172/314 314/172/316
f 324/174/324 318/174/318 316/172/314
f 322/176/322 318/174/318 324/174/324
f 322/176/322 320/176/320 318/174/318
f 319/175/319 315/173/315 317/173/317
f 319/175/319 325/175/325 315/173/315
f 321/177/321 325/175/325 319/175/319
f 321/177/321 323/177/323 325/175/325
f 328/172/326 327/173/327 326/172/328
f 328/172/326 329/173/329 327/173/327
f 330/174/330 329/173/329 328/172/326
f 330/174/330 331/175/331 329/173/329
f 332/176/332 331/175/331 330/174/330
f 332/176/332 333/177/333 331/175/331
f 334/176/334 333/177/333 332/176/332
f 334/176/334 335/177/335 333/177/333
f 336/174/336 328/172/326 326/172/328
f 336/174/336 330/174/330 328/172/326
f 334/176/334 330/174/330 336/174/336
f 334/176/334 332/176/332 330/174/330
f 331/175/331 327/173/327 329/173/329
f 331/175/331 337/175/337 327/173/327
f 333/177/333 337/175/337 331/175/331
f 333/177/333 335/177/335 337/175/337
f 276/140/276 307/159/307 274/180/274
f 307/159/307 276/140/276 280/138/280
f 301/169/301 281/143/281 279/141/279
f 281/143/281 301/169/301 299/163/299
f 308/166/308 300/170/300 302/167/302
f 300/170/300 308/166/308 310/165/310
f 296/164/296 300/170/300 310/165/310
f 300/170/300 296/164/296 298/171/298
f 311/162/311 309/158/309 312/156/312
f 340/181/338 339/182/339 338/183/340
f 340/181/338 341/184/341 339/182/339
f 342/185/342 341/184/341 340/181/338
f 342/185/342 343/186/343 341/184/341
f 344/187/344 343/186/343 342/185/342
f 344/187/344 345/188/345 343/186/343
f 346/189/346 345/188/345 344/187/344
f 346/189/346 347/190/347 345/188/345
f 348/191/348 347/190/347 346/189/346
f 348/191/348 349/192/349 347/190/347
f 350/193/350 349/192/349 348/191/348
f 350/193/350 351/194/351 349/192/349
f 352/195/352 351/194/351 350/193/350
f 352/195/352 353/196/353 351/194/351
f 354/197/354 353/196/353 352/195/352
f 354/197/354 355/198/355 353/196/353
f 356/199/356 355/198/355 354/197/354
f 356/199/356 357/200/357 355/198/355
f 338/201/340 357/200/357 356/199/356
f 338/201/340 339/202/339 357/200/357
f 358/203/358 352/204/352 350/205/350
f 358/203/358 359/206/359 352/204/352
f 360/207/360 359/206/359 358/203/358
f 360/207/360 361/208/361 359/206/359
f 362/209/362 361/208/361 360/207/360
f 362/209/362 363/210/363 361/208/361
f 364/211/364 363/210/363 362/209/362
f 364/211/364 271/212/271 363/210/363
f 272/213/272 271/212/271 364/211/364
f 366/214/365 271/212/271 365/215/366
f 366/214/365 363/210/363 271/212/271
f 367/216/367 363/210/363 366/214/365
f 367/216/367 361/208/361 363/210/363
f 368/217/368 361/208/361 367/216/367
f 368/217/368 369/218/369 361/208/361
f 370/219/370 369/218/369 368/217/368
f 370/219/370 354/220/354 369/218/369
f 356/221/356 354/220/354 370/219/370
f 371/222/371 348/223/348 346/224/346
f 371/222/371 372/225/372 348/223/348
f 373/226/373 372/225/372 371/222/371
f 373/226/373 374/227/374 372/225/372
f 375/228/375 374/227/374 373/226/373
f 375/228/375 376/229/376 374/227/374
f 377/230/377 376/229/376 375/228/375
f 377/230/377 378/228/378 376/229/376
f 370/231/370 378/228/378 377/230/377
f 370/231/370 368/232/368 378/228/378
f 372/225/372 350/224/350 348/223/348
f 372/225/372 358/222/358 350/224/350
f 374/227/374 358/222/358 372/225/372
f 374/227/374 379/226/379 358/222/358
f 376/229/376 379/226/379 374/227/374
f 376/229/376 378/228/378 379/226/379
f 377/230/377 356/233/356 370/231/370
f 377/230/377 338/234/340 356/233/356
f 380/231/380 338/234/340 377/230/377
f 380/231/380 340/233/338 338/234/340
f 379/226/379 360/235/360 358/222/358
f 379/226/379 381/236/381 360/235/360
f 378/228/378 381/236/381 379/226/379
f 378/228/378 382/237/382 381/236/381
f 368/232/368 382/237/382 378/228/378
f 368/232/368 383/238/383 382/237/382
f 367/239/367 383/238/383 368/232/368
f 367/239/367 384/240/384 383/238/383
f 366/241/365 384/240/384 367/239/367
f 366/241/365 385/242/385 384/240/384
f 365/243/366 385/242/385 366/241/365
f 364/244/364 385/242/385 272/245/272
f 364/244/364 384/240/384 385/242/385
f 362/246/362 384/240/384 364/244/364
f 362/246/362 383/238/383 384/240/384
f 360/235/360 383/238/383 362/246/362
f 360/235/360 381/236/381 383/238/383
f 388/247/386 387/248/387 386/249/388
f 388/247/386 389/250/389 387/248/387
f 390/249/390 389/250/389 388/247/386
f 390/249/390 391/248/391 389/250/389
f 392/251/392 391/248/391 390/249/390
f 392/251/392 393/252/393 391/248/391
f 386/249/388 393/252/393 392/251/392
f 386/249/388 387/248/387 393/252/393
f 394/253/394 386/249/388 392/251/392
f 394/253/394 395/254/395 386/249/388
f 396/255/396 395/254/395 394/253/394
f 396/255/396 397/256/397 395/254/395
f 393/252/393 397/256/397 396/255/396
f 393/252/393 387/248/387 397/256/397
f 395/254/395 388/247/386 386/249/388
f 395/254/395 398/257/398 388/247/386
f 397/256/397 398/257/398 395/254/395
f 397/256/397 399/258/399 398/257/398
f 387/248/387 399/258/399 397/256/397
f 387/248/387 389/250/389 399/258/399
f 391/248/391 399/258/399 389/250/389
f 391/248/391 400/256/400 399/258/399
f 393/252/393 400/256/400 391/248/391
f 393/252/393 396/255/396 400/256/400
f 398/257/398 390/249/390 388/247/386
f 398/257/398 401/254/401 390/249/390
f 399/258/399 401/254/401 398/257/398
f 399/258/399 400/256/400 401/254/401
f 344/204/344 371/203/371 346/205/346
f 342/220/342 340/221/338 380/219/380
f 272/179/272 402/180/402 210/140/212
f 402/180/402 272/179/272 385/178/385
f 385/178/385 403/259/403 402/180/402
f 403/259/403 385/178/385 365/260/366
f 365/260/366 211/139/211 403/259/403
f 211/139/211 365/260/366 271/178/271
f 210/140/212 232/159/232 212/138/210
f 232/159/232 210/140/212 402/180/402
f 402/180/402 243/168/243 232/159/232
f 243/168/243 402/180/402 403/259/403
f 403/259/403 213/141/213 243/168/243
f 213/141/213 403/259/403 211/139/211
f 369/218/369 359/206/359 361/208/361
f 359/206/359 369/218/369 354/220/354
f 352/204/352 359/206/359 354/220/354
f 380/231/380 377/230/377 375/228/375
f 383/238/383 381/236/381 382/237/382
f 396/255/396 401/254/401 400/256/400
f 401/254/401 396/255/396 394/253/394
f 394/253/394 390/249/390 401/254/401
f 390/249/390 394/253/394 392/251/392
f 404/260/404 278/139/278 277/178/277
f 404/260/404 405/259/405 278/139/278
f 273/178/275 405/259/405 404/260/404
f 273/178/275 274/180/274 405/259/405
f 405/259/405 279/141/279 278/139/278
f 405/259/405 303/168/303 279/141/279
f 274/180/274 303/168/303 405/259/405
f 274/180/274 307/159/307 303/168/303
f 375/228/375 406/232/406 380/231/380
f 375/228/375 407/237/407 406/232/406
f 373/226/373 407/237/407 375/228/375
f 373/226/373 408/236/408 407/237/407
f 409/235/409 408/236/408 373/226/373
f 409/235/409 410/238/410 408/236/408
f 411/246/411 410/238/410 409/235/409
f 411/246/411 412/240/412 410/238/410
f 413/244/413 412/240/412 411/246/411
f 413/244/413 273/242/275 412/240/412
f 275/245/273 273/242/275 413/244/413
f 414/241/414 273/242/275 404/243/404
f 414/241/414 412/240/412 273/242/275
f 415/239/415 412/240/412 414/241/414
f 415/239/415 410/238/410 412/240/412
f 406/232/406 410/238/410 415/239/415
f 406/232/406 407/237/407 410/238/410
f 413/211/413 277/212/277 275/213/273
f 413/211/413 416/210/416 277/212/277
f 411/209/411 416/210/416 413/211/413
f 411/209/411 417/208/417 416/210/416
f 409/207/409 417/208/417 411/209/411
f 409/207/409 418/206/418 417/208/417
f 371/203/371 418/206/418 409/207/409
f 371/203/371 344/204/344 418/206/418
f 416/210/416 404/215/404 277/212/277
f 416/210/416 414/214/414 404/215/404
f 417/208/417 414/214/414 416/210/416
f 417/208/417 415/216/415 414/214/414
f 419/218/419 415/216/415 417/208/417
f 419/218/419 406/217/406 415/216/415
f 342/220/342 406/217/406 419/218/419
f 342/220/342 380/219/380 406/217/406
f 409/235/409 373/226/373 371/222/371
f 410/238/410 407/237/407 408/236/408
f 418/206/418 419/218/419 417/208/417
f 419/218/419 418/206/418 342/220/342
f 344/204/344 342/220/342 418/206/418
f 422/261/420 421/262/421 420/263/422
f 422/261/420 423/262/423 421/262/421
f 424/261/424 423/262/423 422/261/420
f 424/261/424 425/263/425 423/262/423
f 426/264/426 425/263/425 424/261/424
f 426/264/426 427/265/427 425/263/425
f 428/264/428 427/265/427 426/264/426
f 428/264/428 429/265/429 427/265/427
f 430/266/430 23/24/23 8/26/8
f 430/266/430 431/267/431 23/24/23
f 339/268/339 431/267/431 430/266/430
f 339/268/339 341/269/341 431/267/431
f 10/10/10 430/270/430 8/8/8
f 10/10/10 432/271/432 430/270/430
f 12/12/12 432/271/432 10/10/10
f 12/12/12 433/272/433 432/271/432
f 14/14/14 433/272/433 12/12/12
f 14/14/14 434/273/434 433/272/433
f 16/16/16 434/273/434 14/14/14
f 16/16/16 435/274/435 434/273/434
f 18/18/18 435/274/435 16/16/16
f 18/18/18 436/275/436 435/274/435
f 20/20/20 436/275/436 18/18/18
f 20/20/20 437/276/437 436/275/436
f 81/99/81 437/276/437 20/20/20
f 81/99/81 438/277/438 437/276/437
f 82/101/82 438/277/438 81/99/81
f 82/101/82 84/103/84 438/277/438
f 433/272/433 357/278/357 432/271/432
f 433/272/433 355/279/355 357/278/357
f 434/273/434 355/279/355 433/272/433
f 434/273/434 353/280/353 355/279/355
f 435/274/435 353/280/353 434/273/434
f 435/274/435 351/281/351 353/280/353
f 436/275/436 351/281/351 435/274/435
f 436/275/436 349/282/349 351/281/351
f 437/276/437 349/282/349 436/275/436
f 437/276/437 347/283/347 349/282/349
f 438/277/438 347/283/347 437/276/437
f 438/277/438 345/284/345 347/283/347
f 439/285/439 345/284/345 438/277/438
f 439/285/439 343/286/343 345/284/345
f 431/267/431 343/286/343 439/285/439
f 431/267/431 341/269/341 343/286/343
f 423/262/423 440/287/440 421/262/421
f 423/262/423 441/287/441 440/287/440
f 425/263/425 441/287/441 423/262/423
f 425/263/425 442/288/442 441/287/441
f 427/265/427 442/288/442 425/263/425
f 427/265/427 443/288/443 442/288/442
f 429/265/429 443/288/443 427/265/427
f 33/41/33 444/289/444 80/96/80
f 33/41/33 445/290/445 444/289/444
f 32/39/32 445/290/445 33/41/33
f 32/39/32 446/289/446 445/290/445
f 30/37/30 446/289/446 32/39/32
f 30/37/30 31/38/31 446/289/446
f 449/262/447 448/287/448 447/262/449
f 449/262/447 450/287/450 448/287/448
f 451/263/451 450/287/450 449/262/447
f 451/263/451 452/288/452 450/287/450
f 453/265/453 452/288/452 451/263/451
f 453/265/453 454/288/454 452/288/452
f 455/265/455 454/288/454 453/265/453
f 456/261/456 449/262/447 447/262/449
f 456/261/456 457/261/457 449/262/447
f 458/264/458 457/261/457 456/261/456
f 458/264/458 459/264/459 457/261/457
f 455/265/455 459/264/459 458/264/458
f 455/265/455 453/265/453 459/264/459
f 462/262/460 461/287/461 460/262/462
f 462/262/460 463/287/463 461/287/461
f 464/263/464 463/287/463 462/262/460
f 464/263/464 465/288/465 463/287/463
f 466/265/466 465/288/465 464/263/464
f 466/265/466 467/288/467 465/288/465
f 468/265/468 467/288/467 466/265/466
f 469/261/469 462/262/460 460/262/462
f 469/261/469 470/261/470 462/262/460
f 471/264/471 470/261/470 469/261/469
f 471/264/471 472/264/472 470/261/470
f 468/265/468 472/264/472 471/264/471
f 468/265/468 466/265/466 472/264/472
f 475/262/473 474/287/474 473/262/475
f 475/262/473 476/287/476 474/287/474
f 477/263/477 476/287/476 475/262/473
f 477/263/477 478/288/478 476/287/476
f 479/265/479 478/288/478 477/263/477
f 479/265/479 480/288/480 478/288/478
f 481/265/481 480/288/480 479/265/479
f 482/261/482 475/262/473 473/262/475
f 482/261/482 483/261/483 475/262/473
f 484/264/484 483/261/483 482/261/482
f 484/264/484 485/264/485 483/261/483
f 481/265/481 485/264/485 484/264/484
f 481/265/481 479/265/479 485/264/485
f 487/291/486 486/292/487 444/289/444
f 486/292/487 487/291/486 488/293/488
f 489/294/489 444/289/444 445/290/445
f 444/289/444 489/294/489 487/291/486
f 490/291/490 445/290/445 446/289/446
f 445/290/445 490/291/490 489/294/489
f 488/293/488 446/289/446 486/292/487
f 446/289/446 488/293/488 490/291/490
f 487/295/486 490/296/490 488/297/488
f 490/296/490 487/295/486 489/297/489
f 422/261/420 426/264/426 424/261/424
f 426/264/426 422/261/420 428/264/428
f 430/270/430 357/278/357 339/298/339
f 357/278/357 430/270/430 432/271/432
f 84/103/84 439/285/439 438/277/438
f 439/285/439 84/103/84 22/22/21
f 439/285/439 23/24/23 431/267/431
f 23/24/23 439/285/439 22/22/21
f 443/288/443 441/287/441 442/288/442
f 441/287/441 443/288/443 440/287/440
f 444/289/444 24/30/25 80/96/80
f 24/30/25 444/289/444 486/292/487
f 486/292/487 25/28/24 24/30/25
f 25/28/24 486/292/487 446/289/446
f 446/289/446 85/104/85 25/28/24
f 85/104/85 446/289/446 31/38/31
f 454/288/454 450/287/450 452/288/452
f 450/287/450 454/288/454 448/287/448
f 451/263/451 459/264/459 453/265/453
f 459/264/459 451/263/451 457/261/457
f 449/262/447 457/261/457 451/263/451
f 467/288/467 463/287/463 465/288/465
f 463/287/463 467/288/467 461/287/461
f 464/263/464 472/264/472 466/265/466
f 472/264/472 464/263/464 470/261/470
f 462/262/460 470/261/470 464/263/464
f 480/288/480 476/287/476 478/288/478
f 476/287/476 480/288/480 474/287/474
f 477/263/477 485/264/485 479/265/479
f 485/264/485 477/263/477 483/261/483
f 475/262/473 483/261/483 477/263/477
f 493/299/491 492/300/492 491/301/493
f 493/299/491 494/302/494 492/300/492
f 495/303/495 494/302/494 493/299/491
f 495/303/495 496/304/496 494/302/494
f 497/305/497 496/304/496 495/303/495
f 497/305/497 498/306/498 496/304/496
f 499/307/499 498/306/498 497/305/497
f 499/307/499 500/308/500 498/306/498
f 501/309/501 500/308/500 499/307/499
f 501/309/501 502/310/502 500/308/500
f 503/311/503 502/312/502 501/313/501
f 503/311/503 504/314/504 502/312/502
f 505/315/505 504/314/504 503/311/503
f 505/315/505 506/316/506 504/314/504
f 509/311/507 508/317/508 507/313/509
f 509/311/507 510/318/510 508/317/508
f 511/315/511 510/318/510 509/311/507
f 511/315/511 512/319/512 510/318/510
f 513/301/513 512/319/512 511/315/511
f 513/301/513 514/320/514 512/319/512
f 515/299/515 514/320/514 513/301/513
f 515/299/515 516/321/516 514/320/514
f 517/303/517 516/321/516 515/299/515
f 517/303/517 518/322/518 516/321/516
f 519/305/519 518/322/518 517/303/517
f 519/305/519 520/323/520 518/322/518
f 521/307/521 520/323/520 519/305/519
f 521/307/521 522/324/522 520/323/520
f 507/309/509 522/324/522 521/307/521
f 507/309/509 508/325/508 522/324/522
f 492/300/492 505/315/505 491/301/493
f 505/315/505 492/300/492 506/316/506
f 501/309/501 524/324/522 523/325/508
f 524/324/522 501/309/501 499/307/499
f 499/307/499 525/323/520 524/324/522
f 525/323/520 499/307/499 497/305/497
f 497/305/497 526/322/518 525/323/520
f 526/322/518 497/305/497 495/303/495
f 495/303/495 527/321/523 526/322/518
f 527/321/523 495/303/495 493/299/491
f 493/299/491 528/320/524 527/321/523
f 528/320/524 493/299/491 491/301/493
f 491/301/493 529/319/512 528/320/524
f 529/319/512 491/301/493 505/315/505
f 505/315/505 530/318/510 529/319/512
f 530/318/510 505/315/505 503/311/503
f 503/311/503 523/317/508 530/318/510
f 523/317/508 503/311/503 501/313/501
f 507/309/509 532/308/525 531/310/526
f 532/308/525 507/309/509 521/307/521
f 521/307/521 533/306/527 532/308/525
f 533/306/527 521/307/521 519/305/519
f 519/305/519 534/304/528 533/306/527
f 534/304/528 519/305/519 517/303/517
f 517/303/517 535/302/529 534/304/528
f 535/302/529 517/303/517 515/299/515
f 515/299/515 536/300/530 535/302/529
f 536/300/530 515/299/515 513/301/513
f 513/301/513 537/316/531 536/300/530
f 537/316/531 513/301/513 511/315/511
f 511/315/511 538/314/532 537/316/531
f 538/314/532 511/315/511 509/311/507
f 509/311/507 531/312/526 538/314/532
f 531/312/526 509/311/507 507/313/509
f 539/326/533 502/310/502 504/314/504
f 502/310/502 539/326/533 500/308/500
f 498/306/498 500/308/500 539/326/533
f 506/316/506 539/326/533 504/314/504
f 539/326/533 506/316/506 492/300/492
f 494/302/494 539/326/533 492/300/492
f 539/326/533 494/302/494 496/304/496
f 496/304/496 498/306/498 539/326/533
f 540/326/534 531/310/526 532/308/525
f 531/310/526 540/326/534 538/314/532
f 537/316/531 538/314/532 540/326/534
f 540/326/534 536/300/530 537/316/531
f 536/300/530 540/326/534 535/302/529
f 534/304/528 535/302/529 540/326/534
f 540/326/534 533/306/527 534/304/528
f 533/306/527 540/326/534 532/308/525
f 543/327/535 542/328/536 541/329/537
f 543/327/535 544/330/538 542/328/536
f 545/329/539 544/330/538 543/327/535
f 545/329/539 546/328/540 544/330/538
f 547/331/541 546/328/540 545/329/539
f 547/331/541 548/332/542 546/328/540
f 549/333/543 548/332/542 547/331/541
f 549/333/543 550/334/544 548/332/542
f 551/335/545 550/334/544 549/333/543
f 551/335/545 552/336/546 550/334/544
f 553/337/547 552/336/546 551/335/545
f 553/337/547 554/338/548 552/336/546
f 555/339/549 554/338/548 553/337/547
f 555/339/549 556/336/550 554/338/548
f 557/337/551 556/336/550 555/339/549
f 544/330/538 556/336/550 542/328/536
f 544/330/538 554/338/548 556/336/550
f 546/328/540 554/338/548 544/330/538
f 546/328/540 552/336/546 554/338/548
f 548/332/542 552/336/546 546/328/540
f 548/332/542 550/334/544 552/336/546
f 558/340/552 543/327/535 541/329/537
f 558/340/552 559/341/553 543/327/535
f 560/342/554 559/341/553 558/340/552
f 560/342/554 561/343/555 559/341/553
f 562/344/556 561/343/555 560/342/554
f 562/344/556 563/345/557 561/343/555
f 564/346/558 563/345/557 562/344/556
f 564/346/558 565/347/559 563/345/557
f 557/337/551 565/347/559 564/346/558
f 557/337/551 555/339/549 565/347/559
f 559/341/553 545/329/539 543/327/535
f 559/341/553 566/340/560 545/329/539
f 561/343/555 566/340/560 559/341/553
f 561/343/555 567/342/561 566/340/560
f 563/345/557 567/342/561 561/343/555
f 563/345/557 568/344/562 567/342/561
f 565/347/559 568/344/562 563/345/557
f 565/347/559 569/346/563 568/344/562
f 555/339/549 569/346/563 565/347/559
f 555/339/549 553/337/547 569/346/563
f 566/340/560 547/331/541 545/329/539
f 566/340/560 570/348/564 547/331/541
f 567/342/561 570/348/564 566/340/560
f 567/342/561 571/349/565 570/348/564
f 568/344/562 571/349/565 567/342/561
f 568/344/562 572/350/566 571/349/565
f 569/346/563 572/350/566 568/344/562
f 569/346/563 573/351/567 572/350/566
f 553/337/547 573/351/567 569/346/563
f 553/337/547 551/335/545 573/351/567
f 570/348/564 549/333/543 547/331/541
f 549/333/543 570/348/564 571/349/565
f 572/350/566 549/333/543 571/349/565
f 549/333/543 572/350/566 573/351/567
f 573/351/567 551/335/545 549/333/543
f 576/328/568 575/327/569 574/329/570
f 576/328/568 577/330/553 575/327/569
f 578/336/571 577/330/553 576/328/568
f 578/336/571 579/338/572 577/330/553
f 580/337/573 579/338/572 578/336/571
f 580/337/573 581/339/574 579/338/572
f 582/346/575 581/339/574 580/337/573
f 582/346/575 583/347/576 581/339/574
f 584/344/577 583/347/576 582/346/575
f 584/344/577 585/345/578 583/347/576
f 586/342/579 585/345/578 584/344/577
f 586/342/579 587/343/580 585/345/578
f 588/340/581 587/343/580 586/342/579
f 588/340/581 589/341/582 587/343/580
f 574/329/570 589/341/582 588/340/581
f 574/329/570 575/327/569 589/341/582
f 575/327/569 590/340/583 589/341/582
f 575/327/569 591/329/584 590/340/583
f 577/330/553 591/329/584 575/327/569
f 577/330/553 592/328/560 591/329/584
f 579/338/572 592/328/560 577/330/553
f 579/338/572 593/336/561 592/328/560
f 581/339/574 593/336/561 579/338/572
f 581/339/574 594/337/562 593/336/561
f 583/347/576 594/337/562 581/339/574
f 583/347/576 595/346/563 594/337/562
f 585/345/578 595/346/563 583/347/576
f 585/345/578 596/344/547 595/346/563
f 587/343/580 596/344/547 585/345/578
f 587/343/580 597/342/585 596/344/547
f 589/341/582 597/342/585 587/343/580
f 589/341/582 590/340/583 597/342/585
f 591/329/584 598/348/586 590/340/583
f 591/329/584 599/331/587 598/348/586
f 592/328/560 599/331/587 591/329/584
f 592/328/560 600/332/564 599/331/587
f 593/336/561 600/332/564 592/328/560
f 593/336/561 601/334/565 600/332/564
f 594/337/562 601/334/565 593/336/561
f 594/337/562 602/335/566 601/334/565
f 595/346/563 602/335/566 594/337/562
f 595/346/563 603/351/567 602/335/566
f 596/344/547 603/351/567 595/346/563
f 596/344/547 604/350/545 603/351/567
f 597/342/585 604/350/545 596/344/547
f 597/342/585 605/349/588 604/350/545
f 590/340/583 605/349/588 597/342/585
f 590/340/583 598/348/586 605/349/588
f 599/331/587 606/333/543 598/348/586
f 606/333/543 599/331/587 600/332/564
f 601/334/565 606/333/543 600/332/564
f 606/333/543 601/334/565 602/335/566
f 606/333/543 605/349/588 598/348/586
f 605/349/588 606/333/543 604/350/545
f 603/351/567 604/350/545 606/333/543
f 603/351/567 606/333/543 602/335/566
f 609/352/589 608/353/590 607/354/591
f 609/352/589 610/355/592 608/353/590
f 611/356/593 610/355/592 609/352/589
f 611/356/593 612/357/594 610/355/592
f 613/358/595 612/357/594 611/356/593
f 613/358/595 614/359/596 612/357/594
f 615/360/597 614/359/596 613/358/595
f 615/360/597 616/361/598 614/359/596
f 617/362/599 616/361/598 615/360/597
f 617/362/599 618/363/600 616/361/598
f 609/364/589 619/365/601 611/366/593
f 609/364/589 620/367/602 619/365/601
f 607/368/591 620/367/602 609/364/589
f 607/368/591 621/369/603 620/367/602
f 608/370/590 621/369/603 607/368/591
f 608/370/590 622/371/604 621/369/603
f 623/372/605 622/371/604 608/370/590
f 623/372/605 624/373/606 622/371/604
f 625/374/607 624/373/606 623/372/605
f 625/374/607 626/371/608 624/373/606
f 627/372/609 626/371/608 625/374/607
f 627/372/609 628/370/610 626/371/608
f 629/375/611 628/370/610 627/372/609
f 610/375/592 623/372/605 608/370/590
f 610/375/592 625/374/607 623/372/605
f 630/376/612 625/374/607 610/375/592
f 630/376/612 627/372/609 625/374/607
f 629/375/611 627/372/609 630/376/612
f 633/365/613 632/364/614 631/366/615
f 633/365/613 634/367/616 632/364/614
f 635/377/617 634/367/616 633/365/613
f 635/377/617 636/378/618 634/367/616
f 637/379/619 636/378/618 635/377/617
f 637/379/619 638/380/620 636/378/618
f 639/381/621 638/380/620 637/379/619
f 639/381/621 640/382/622 638/380/620
f 641/383/623 640/382/622 639/381/621
f 641/383/623 642/381/624 640/382/622
f 612/357/594 630/384/612 610/355/592
f 612/357/594 629/355/611 630/384/612
f 631/356/615 629/355/611 612/357/594
f 631/356/615 632/352/614 629/355/611
f 643/362/625 616/361/598 618/363/600
f 643/362/625 644/360/626 616/361/598
f 645/385/627 644/360/626 643/362/625
f 645/385/627 646/386/628 644/360/626
f 647/387/629 646/386/628 645/385/627
f 647/387/629 648/388/630 646/386/628
f 649/389/631 648/388/630 647/387/629
f 649/389/631 650/390/632 648/388/630
f 651/391/633 650/390/632 649/389/631
f 651/391/633 652/392/634 650/390/632
f 653/393/635 652/392/634 651/391/633
f 653/393/635 654/394/636 652/392/634
f 655/391/637 654/394/636 653/393/635
f 655/391/637 656/392/638 654/394/636
f 657/389/639 656/392/638 655/391/637
f 657/389/639 658/390/640 656/392/638
f 659/387/641 658/390/640 657/389/639
f 659/387/641 660/388/642 658/390/640
f 661/385/643 660/388/642 659/387/641
f 661/385/643 662/386/644 660/388/642
f 617/362/599 662/386/644 661/385/643
f 617/362/599 615/360/597 662/386/644
f 613/358/595 662/386/644 615/360/597
f 613/358/595 663/395/645 662/386/644
f 611/356/593 663/395/645 613/358/595
f 611/356/593 619/396/601 663/395/645
f 664/397/646 658/390/640 660/388/642
f 664/397/646 656/392/638 658/390/640
f 642/398/624 656/392/638 664/397/646
f 642/398/624 654/394/636 656/392/638
f 641/399/623 654/394/636 642/398/624
f 641/399/623 652/392/634 654/394/636
f 639/398/621 652/392/634 641/399/623
f 639/398/621 650/390/632 652/392/634
f 637/397/619 650/390/632 639/398/621
f 637/397/619 648/388/630 650/390/632
f 635/400/617 648/388/630 637/397/619
f 635/400/617 633/396/613 648/388/630
f 620/367/602 665/377/647 619/365/601
f 620/367/602 666/378/648 665/377/647
f 667/401/649 666/378/648 620/367/602
f 667/401/649 668/402/650 666/378/648
f 669/403/651 668/402/650 667/401/649
f 669/403/651 636/378/618 668/402/650
f 670/401/652 636/378/618 669/403/651
f 670/401/652 634/367/616 636/378/618
f 671/369/653 634/367/616 670/401/652
f 671/369/653 672/368/654 634/367/616
f 628/370/610 672/368/654 671/369/653
f 624/373/606 667/401/649 622/371/604
f 624/373/606 669/403/651 667/401/649
f 626/371/608 669/403/651 624/373/606
f 626/371/608 670/401/652 669/403/651
f 671/369/653 670/401/652 626/371/608
f 638/380/620 668/402/650 636/378/618
f 638/380/620 673/404/655 668/402/650
f 640/382/622 673/404/655 638/380/620
f 640/382/622 674/380/656 673/404/655
f 642/381/624 674/380/656 640/382/622
f 642/381/624 664/379/646 674/380/656
f 644/360/626 614/359/596 616/361/598
f 644/360/626 675/358/657 614/359/596
f 646/386/628 675/358/657 644/360/626
f 646/386/628 676/395/658 675/358/657
f 648/388/630 676/395/658 646/386/628
f 648/388/630 633/396/613 676/395/658
f 631/356/615 676/395/658 633/396/613
f 631/356/615 675/358/657 676/395/658
f 612/357/594 675/358/657 631/356/615
f 612/357/594 614/359/596 675/358/657
f 677/405/659 657/406/639 655/407/637
f 677/405/659 659/408/641 657/406/639
f 678/409/660 659/408/641 677/405/659
f 678/409/660 661/410/643 659/408/641
f 617/411/599 661/410/643 678/409/660
f 649/412/631 677/405/659 651/413/633
f 649/412/631 678/409/660 677/405/659
f 647/414/629 678/409/660 649/412/631
f 647/414/629 645/415/627 678/409/660
f 628/353/610 632/352/614 672/354/654
f 632/352/614 628/353/610 629/355/611
f 663/395/645 660/388/642 662/386/644
f 660/388/642 663/395/645 619/396/601
f 665/400/647 660/388/642 619/396/601
f 660/388/642 665/400/647 664/397/646
f 634/367/616 672/368/654 632/364/614
f 621/369/603 667/401/649 620/367/602
f 667/401/649 621/369/603 622/371/604
f 628/370/610 671/369/653 626/371/608
f 673/404/655 666/378/648 668/402/650
f 666/378/648 673/404/655 674/380/656
f 674/380/656 665/377/647 666/378/648
f 665/377/647 674/380/656 664/379/646
f 653/416/635 677/405/659 655/407/637
f 677/405/659 653/416/635 651/413/633
f 678/409/660 618/417/600 617/411/599
f 618/417/600 678/409/660 643/418/625
f 645/415/627 643/418/625 678/409/660
f 681/419/661 680/420/662 679/420/663
f 681/419/661 682/421/664 680/420/662
f 683/422/665 682/421/664 681/419/661
f 683/422/665 684/423/666 682/421/664
f 685/424/667 684/423/666 683/422/665
f 685/424/667 686/425/668 684/423/666
f 687/424/669 686/425/668 685/424/667
f 687/424/669 688/425/670 686/425/668
f 689/424/671 688/425/670 687/424/669
f 689/424/671 690/425/672 688/425/670
f 691/426/673 690/425/672 689/424/671
f 691/426/673 692/427/674 690/425/672
f 693/428/675 692/427/674 691/426/673
f 693/428/675 694/427/676 692/427/674
f 695/427/677 694/427/676 693/428/675
f 695/427/677 696/425/678 694/427/676
f 697/425/679 696/425/678 695/427/677
f 697/425/679 698/425/680 696/425/678
f 699/425/681 698/425/680 697/425/679
f 699/425/681 700/425/682 698/425/680
f 701/425/683 700/425/682 699/425/681
f 701/425/683 702/423/684 700/425/682
f 703/423/685 702/423/684 701/425/683
f 703/423/685 704/421/686 702/423/684
f 705/421/687 704/421/686 703/423/685
f 705/421/687 706/420/688 704/421/686
f 707/420/689 706/420/688 705/421/687
f 682/421/664 706/420/688 680/420/662
f 682/421/664 704/421/686 706/420/688
f 684/423/666 704/421/686 682/421/664
f 684/423/666 702/423/684 704/421/686
f 686/425/668 702/423/684 684/423/666
f 686/425/668 700/425/682 702/423/684
f 688/425/670 700/425/682 686/425/668
f 688/425/670 698/425/680 700/425/682
f 690/425/672 698/425/680 688/425/670
f 690/425/672 696/425/678 698/425/680
f 692/427/674 696/425/678 690/425/672
f 692/427/674 694/427/676 696/425/678
f 708/429/690 681/419/661 679/420/663
f 708/429/690 709/430/691 681/419/661
f 710/431/692 709/430/691 708/429/690
f 710/431/692 711/432/693 709/430/691
f 712/431/694 711/432/693 710/431/692
f 712/431/694 713/433/695 711/432/693
f 714/431/696 713/433/695 712/431/694
f 714/431/696 715/433/697 713/433/695
f 716/431/698 715/433/697 714/431/696
f 716/431/698 717/433/699 715/433/697
f 718/431/700 717/433/699 716/431/698
f 718/431/700 719/432/701 717/433/699
f 720/429/702 719/432/701 718/431/700
f 720/429/702 721/430/703 719/432/701
f 722/420/704 721/430/703 720/429/702
f 722/420/704 723/419/705 721/430/703
f 707/420/689 723/419/705 722/420/704
f 707/420/689 705/421/687 723/419/705
f 709/430/691 683/422/665 681/419/661
f 709/430/691 724/434/706 683/422/665
f 711/432/693 724/434/706 709/430/691
f 711/432/693 725/435/707 724/434/706
f 713/433/695 725/435/707 711/432/693
f 713/433/695 726/436/708 725/435/707
f 715/433/697 726/436/708 713/433/695
f 715/433/697 727/436/709 726/436/708
f 717/433/699 727/436/709 715/433/697
f 717/433/699 728/436/710 727/436/709
f 719/432/701 728/436/710 717/433/699
f 719/432/701 729/435/711 728/436/710
f 721/430/703 729/435/711 719/432/701
f 721/430/703 730/434/712 729/435/711
f 723/419/705 730/434/712 721/430/703
f 723/419/705 731/422/713 730/434/712
f 705/421/687 731/422/713 723/419/705
f 705/421/687 703/423/685 731/422/713
f 701/425/683 731/422/713 703/423/685
f 701/425/683 732/424/714 731/422/713
f 699/425/681 732/424/714 701/425/683
f 699/425/681 733/424/715 732/424/714
f 697/425/679 733/424/715 699/425/681
f 697/425/679 734/424/716 733/424/715
f 695/427/677 734/424/716 697/425/679
f 695/427/677 735/426/717 734/424/716
f 693/428/675 735/426/717 695/427/677
f 693/428/675 736/437/718 735/426/717
f 737/428/719 736/437/718 693/428/675
f 737/428/719 738/437/720 736/437/718
f 739/428/721 738/437/720 737/428/719
f 739/428/721 740/437/722 738/437/720
f 741/438/723 740/437/722 739/428/721
f 741/438/723 742/439/724 740/437/722
f 743/440/725 742/439/724 741/438/723
f 743/440/725 730/434/712 742/439/724
f 729/435/711 730/434/712 743/440/725
f 732/424/714 730/434/712 731/422/713
f 732/424/714 742/439/724 730/434/712
f 733/424/715 742/439/724 732/424/714
f 733/424/715 744/439/726 742/439/724
f 734/424/716 744/439/726 733/424/715
f 734/424/716 745/439/727 744/439/726
f 735/426/717 745/439/727 734/424/716
f 735/426/717 736/437/718 745/439/727
f 744/439/726 740/437/722 742/439/724
f 744/439/726 738/437/720 740/437/722
f 745/439/727 738/437/720 744/439/726
f 745/439/727 736/437/718 738/437/720
f 743/440/725 728/436/710 729/435/711
f 743/440/725 746/441/728 728/436/710
f 741/438/723 746/441/728 743/440/725
f 741/438/723 747/442/729 746/441/728
f 739/428/721 747/442/729 741/438/723
f 739/428/721 748/442/730 747/442/729
f 749/442/731 748/442/730 739/428/721
f 749/442/731 750/441/732 748/442/730
f 751/441/733 750/441/732 749/442/731
f 751/441/733 727/436/709 750/441/732
f 726/436/708 727/436/709 751/441/733
f 750/441/732 747/442/729 748/442/730
f 750/441/732 746/441/728 747/442/729
f 727/436/709 746/441/728 750/441/732
f 727/436/709 728/436/710 746/441/728
f 751/441/733 725/435/707 726/436/708
f 751/441/733 752/440/734 725/435/707
f 749/442/731 752/440/734 751/441/733
f 749/442/731 753/438/735 752/440/734
f 739/428/721 753/438/735 749/442/731
f 739/428/721 754/437/736 753/438/735
f 737/428/719 754/437/736 739/428/721
f 737/428/719 755/437/737 754/437/736
f 693/428/675 755/437/737 737/428/719
f 693/428/675 756/437/738 755/437/737
f 691/426/673 756/437/738 693/428/675
f 691/426/673 757/439/739 756/437/738
f 689/424/671 757/439/739 691/426/673
f 689/424/671 758/439/740 757/439/739
f 687/424/669 758/439/740 689/424/671
f 687/424/669 759/439/741 758/439/740
f 685/424/667 759/439/741 687/424/669
f 685/424/667 724/434/706 759/439/741
f 683/422/665 724/434/706 685/424/667
f 758/439/740 756/437/738 757/439/739
f 758/439/740 755/437/737 756/437/738
f 759/439/741 755/437/737 758/439/740
f 759/439/741 754/437/736 755/437/737
f 752/440/734 754/437/736 759/439/741
f 752/440/734 753/438/735 754/437/736
f 752/440/734 724/434/706 725/435/707
f 724/434/706 752/440/734 759/439/741
f 680/443/662 760/444/742 679/445/663
f 680/443/662 761/446/743 760/444/742
f 706/447/688 761/446/743 680/443/662
f 706/447/688 762/448/744 761/446/743
f 707/449/689 762/448/744 706/447/688
f 707/449/689 763/450/745 762/448/744
f 722/451/704 763/450/745 707/449/689
f 722/451/704 764/452/746 763/450/745
f 720/453/702 764/452/746 722/451/704
f 720/453/702 765/454/747 764/452/746
f 718/455/700 765/454/747 720/453/702
f 718/455/700 766/456/748 765/454/747
f 716/457/698 766/456/748 718/455/700
f 716/457/698 767/458/749 766/456/748
f 714/459/696 767/458/749 716/457/698
f 714/459/696 768/460/750 767/458/749
f 712/461/694 768/460/750 714/459/696
f 712/461/694 769/462/751 768/460/750
f 710/463/692 769/462/751 712/461/694
f 710/463/692 770/464/752 769/462/751
f 708/465/690 770/464/752 710/463/692
f 708/465/690 771/466/753 770/464/752
f 679/467/663 771/466/753 708/465/690
f 679/467/663 760/468/742 771/466/753
f 761/446/743 772/469/754 760/444/742
f 761/446/743 773/470/755 772/469/754
f 762/448/744 773/470/755 761/446/743
f 762/448/744 774/471/756 773/470/755
f 763/450/745 774/471/756 762/448/744
f 763/450/745 775/472/757 774/471/756
f 764/452/746 775/472/757 763/450/745
f 764/452/746 776/473/758 775/472/757
f 765/454/747 776/473/758 764/452/746
f 765/454/747 777/474/759 776/473/758
f 766/456/748 777/474/759 765/454/747
f 766/456/748 778/475/760 777/474/759
f 767/458/749 778/475/760 766/456/748
f 767/458/749 779/476/761 778/475/760
f 768/460/750 779/476/761 767/458/749
f 768/460/750 780/477/762 779/476/761
f 769/462/751 780/477/762 768/460/750
f 769/462/751 781/478/763 780/477/762
f 770/464/752 781/478/763 769/462/751
f 770/464/752 782/479/764 781/478/763
f 771/466/753 782/479/764 770/464/752
f 771/466/753 783/480/765 782/479/764
f 760/468/742 783/480/765 771/466/753
f 760/468/742 772/481/754 783/480/765
f 773/470/755 784/482/766 772/469/754
f 784/482/766 773/470/755 774/471/756
f 775/472/757 784/482/766 774/471/756
f 784/482/766 775/472/757 776/473/758
f 784/482/766 783/480/765 772/481/754
f 783/480/765 784/482/766 782/479/764
f 781/478/763 782/479/764 784/482/766
f 784/482/766 780/477/762 781/478/763
f 780/477/762 784/482/766 779/476/761
f 778/475/760 779/476/761 784/482/766
f 784/482/766 777/474/759 778/475/760
f 777/474/759 784/482/766 776/473/758
