# Blender 5.1.2
# www.blender.org
o Gatekeeper_Soldiers
v -0.004552 0.057904 0.064683
v -0.006513 0.058837 0.063288
v -0.005002 0.060820 0.063693
v -0.006527 0.059868 0.059103
v -0.003696 0.061944 0.059100
v -0.004965 0.058767 0.057332
v 0.000338 0.061251 0.056164
v 0.000477 0.055033 0.053783
v 0.004821 0.062094 0.059015
v 0.003859 0.055110 0.054653
v 0.006486 0.058595 0.057180
v 0.005809 0.056539 0.057690
v 0.006111 0.056029 0.058368
v 0.006308 0.054843 0.060900
v 0.005490 0.056133 0.063462
v 0.005291 0.056360 0.063998
v 0.005242 0.058528 0.064703
v 0.004143 0.054724 0.066783
v 0.005738 0.061652 0.063668
v 0.000808 0.054586 0.067804
v -0.004002 0.056728 0.058408
v -0.004313 0.056585 0.057983
v -0.002855 0.054895 0.054804
v 0.006135 0.062738 0.058297
v 0.006604 0.062378 0.063713
v 0.003650 0.057100 0.068500
v 0.000892 0.054639 0.070473
v -0.002314 0.056912 0.068649
v 0.000803 0.056864 0.070863
v -0.002550 0.058505 0.068574
v 0.000675 0.059894 0.069505
v -0.005581 0.061996 0.063979
v -0.005367 0.062400 0.058542
v 0.009057 0.054776 0.059118
v 0.006919 0.053659 0.059747
v 0.014847 0.043024 0.064706
v 0.011361 0.042350 0.064676
v 0.015030 0.040969 0.066984
v 0.011384 0.040395 0.066651
v 0.014632 0.031762 0.077520
v 0.012035 0.030903 0.077147
v 0.007952 0.038516 0.081109
v 0.006827 0.035808 0.079964
v 0.009558 0.045535 0.071900
v 0.008242 0.042993 0.069433
v 0.009843 0.047118 0.069983
v 0.008565 0.044667 0.067659
v 0.007239 0.056147 0.065769
v 0.005748 0.054543 0.064431
v 0.015802 0.034463 0.080218
v 0.016085 0.043239 0.069243
v 0.016084 0.045215 0.066942
v 0.010451 0.056431 0.060992
v 0.008317 0.059752 0.059620
v 0.007172 0.060026 0.063896
v 0.011394 0.038359 0.081973
v 0.012897 0.045861 0.072127
v 0.013245 0.047515 0.070076
v 0.009300 0.057239 0.064871
v 0.010878 0.037404 0.064188
v 0.011809 0.030458 0.076961
v 0.015790 0.038621 0.065133
v 0.014708 0.031591 0.077427
v 0.019316 0.042403 0.069837
v 0.016233 0.034731 0.080336
v 0.013726 0.048163 0.075356
v 0.011724 0.038796 0.082191
v 0.006525 0.049186 0.075211
v 0.007166 0.039219 0.081539
v 0.003033 0.045240 0.071703
v 0.005725 0.036140 0.080169
v 0.015289 0.038018 0.079562
v 0.013576 0.037184 0.078939
v 0.017154 0.035923 0.077863
v 0.015684 0.034910 0.076991
v 0.017155 0.035314 0.079716
v 0.015867 0.034082 0.079132
v 0.015037 0.037533 0.080910
v 0.013412 0.036570 0.080380
v 0.000298 0.062021 0.055166
v -0.002570 0.054508 0.066932
v -0.004031 0.055909 0.064204
v -0.003916 0.055538 0.063419
v -0.004342 0.054722 0.061048
v 0.003620 0.058718 0.068402
v 0.011375 0.043417 0.070245
v 0.016805 0.033947 0.082855
v 0.011394 0.037961 0.084780
v 0.005902 0.038554 0.084577
v 0.004399 0.035792 0.082420
v 0.006850 0.032882 0.081601
v 0.002320 0.032008 0.086189
v 0.006235 0.032082 0.086226
v 0.001088 0.029580 0.088784
v 0.003420 0.028556 0.089512
v 0.001834 0.029297 0.090501
v 0.003249 0.029933 0.091643
v 0.000935 0.030970 0.090900
v 0.006175 0.034131 0.088413
v 0.002526 0.034566 0.088618
v 0.006367 0.033785 0.087235
v 0.006441 0.034862 0.089410
v 0.004612 0.032051 0.089755
v 0.004045 0.032612 0.091647
v 0.002488 0.027813 0.086453
v 0.001345 0.027228 0.088001
v 0.004845 0.024663 0.085260
v 0.003843 0.023299 0.086523
v 0.008199 0.022296 0.084993
v 0.008030 0.020772 0.086288
v 0.013234 0.023982 0.087593
v 0.014712 0.023251 0.089071
v 0.014963 0.026925 0.085289
v 0.016833 0.026713 0.086736
v 0.012901 0.028461 0.079417
v 0.016024 0.030364 0.080355
v 0.009736 0.031482 0.083210
v 0.009926 0.034143 0.091513
v 0.015877 0.029399 0.090100
v 0.010405 0.030113 0.080419
v 0.012837 0.025138 0.092249
v 0.007021 0.030303 0.093555
v 0.007403 0.020633 0.088175
v 0.003876 0.022609 0.089231
v 0.001695 0.026151 0.089638
v -0.006125 0.053894 0.063282
v -0.003846 0.053499 0.062320
v -0.003300 0.055370 0.057746
v -0.005324 0.056477 0.056758
v -0.008062 0.055122 0.062025
v -0.007638 0.056612 0.058238
v -0.008224 0.044463 0.051198
v -0.004858 0.043868 0.052280
v -0.003920 0.042904 0.056825
v -0.006574 0.042703 0.059247
v -0.006439 0.027463 0.058599
v -0.006629 0.040101 0.059001
v -0.004192 0.027588 0.056281
v -0.003886 0.040345 0.056429
v -0.007193 0.028829 0.049413
v -0.005065 0.041242 0.051775
v -0.009930 0.028960 0.049378
v -0.008623 0.041705 0.050779
v -0.009757 0.043177 0.058153
v -0.010677 0.044244 0.053482
v -0.009786 0.040520 0.057983
v -0.010955 0.041465 0.053185
v -0.012324 0.027329 0.051979
v -0.009723 0.026629 0.057415
v -0.013881 0.041042 0.051425
v -0.012827 0.027296 0.052080
v -0.008088 0.041966 0.047689
v -0.009919 0.029001 0.049168
v -0.003020 0.041411 0.048356
v -0.006793 0.028904 0.049059
v -0.000649 0.039228 0.061313
v -0.003313 0.027421 0.057030
v -0.006054 0.039283 0.064608
v -0.006046 0.027216 0.059622
v -0.012313 0.039501 0.060909
v -0.010217 0.026576 0.057722
v -0.010672 0.029905 0.054571
v -0.012718 0.029874 0.054866
v -0.011506 0.030403 0.051184
v -0.013342 0.030357 0.051783
v -0.012095 0.028258 0.051383
v -0.013739 0.028146 0.052128
v -0.010794 0.027648 0.054763
v -0.012696 0.027641 0.055134
v -0.007124 0.040332 0.055811
v -0.013456 0.024653 0.051660
v -0.011237 0.026371 0.048310
v -0.007549 0.026756 0.047552
v -0.011861 0.020451 0.045930
v -0.009880 0.021285 0.046606
v -0.009352 0.017463 0.043510
v -0.007698 0.018673 0.044538
v -0.001973 0.017085 0.042806
v -0.002093 0.018629 0.044081
v 0.001137 0.016173 0.046475
v 0.000275 0.017880 0.047356
v 0.001954 0.014772 0.051085
v 0.001259 0.016654 0.051154
v -0.002874 0.013916 0.055905
v -0.002476 0.015746 0.054945
v -0.005276 0.017356 0.057692
v -0.003956 0.018442 0.055001
v -0.003950 0.018422 0.057106
v -0.003635 0.020203 0.054963
v -0.000761 0.014525 0.054670
v -0.001011 0.016134 0.052709
v 0.000579 0.015560 0.053777
v 0.001162 0.017371 0.053555
v 0.001407 0.015781 0.055524
v -0.000158 0.020380 0.055288
v -0.000303 0.018687 0.058335
v -0.002302 0.025003 0.057677
v -0.005099 0.023840 0.060121
v -0.005905 0.023612 0.052020
v -0.005821 0.025991 0.050081
v -0.003362 0.025160 0.053940
v -0.010017 0.023621 0.057588
v -0.012678 0.017774 0.049144
v -0.008955 0.015954 0.055667
v -0.009521 0.014311 0.046363
v -0.005894 0.012427 0.053109
v -0.001982 0.015090 0.043039
v 0.000414 0.013480 0.046060
v 0.001371 0.013114 0.050112
v 0.010356 0.015573 0.061600
v 0.013263 0.020800 0.058528
v 0.008135 0.014429 0.051893
v 0.010449 0.019242 0.050574
v 0.008870 0.012301 0.049031
v 0.012260 0.014526 0.047175
v 0.013672 0.011569 0.048196
v 0.017377 0.008653 0.045375
v 0.014780 0.010134 0.049343
v 0.018632 0.008604 0.047719
v 0.015883 0.008603 0.051841
v 0.020462 0.004443 0.046541
v 0.016500 0.004263 0.052409
v 0.018865 0.000960 0.045332
v 0.015115 0.000191 0.050830
v 0.008882 0.000465 0.052635
v 0.009905 0.004690 0.054661
v 0.010747 0.008393 0.053474
v 0.010524 0.009384 0.052040
v 0.005882 0.006733 0.052048
v 0.006956 0.009946 0.051671
v 0.003850 0.012255 0.050652
v 0.002834 0.016708 0.052429
v 0.018334 0.006790 0.042608
v 0.017247 0.004798 0.040820
v 0.003364 0.002243 0.047567
v 0.003859 0.004469 0.050327
v 0.008723 0.022063 0.041921
v 0.008086 0.020293 0.038805
v -0.000406 0.017638 0.040915
v -0.000113 0.019391 0.044524
v 0.001494 0.018373 0.047710
v 0.004610 0.022348 0.045773
v 0.005113 0.022465 0.050869
v 0.009280 0.020675 0.045272
v 0.003717 0.022497 0.042806
v 0.003241 0.020746 0.039354
v 0.010106 0.018668 0.058099
v 0.009688 0.018558 0.056556
v 0.011537 0.017259 0.058321
v 0.011114 0.017108 0.056696
v 0.010061 0.014453 0.059402
v 0.009708 0.014209 0.057989
v 0.006932 0.015957 0.059965
v 0.006512 0.015737 0.058258
v 0.007061 0.017698 0.059388
v 0.006541 0.017695 0.057502
v 0.009425 0.016133 0.059260
v 0.008955 0.015987 0.057447
v 0.009068 0.018602 0.054489
v 0.008550 0.018540 0.052632
v 0.010492 0.017137 0.054583
v 0.010089 0.016996 0.053041
v 0.009079 0.014229 0.055809
v 0.008736 0.014054 0.054398
v 0.005931 0.015698 0.056191
v 0.005547 0.015557 0.054650
v 0.006009 0.017638 0.055610
v 0.005592 0.017540 0.053998
v 0.008439 0.015900 0.055610
v 0.007964 0.015856 0.053824
v 0.011353 0.019599 0.059280
v 0.009794 0.016834 0.061629
v -0.001756 0.019709 0.069711
v -0.000071 0.020198 0.069335
v -0.005104 0.020418 0.073225
v -0.005094 0.020638 0.074635
v -0.008142 0.019197 0.070102
v -0.010359 0.019419 0.069844
v -0.008709 0.012029 0.068951
v -0.004465 0.011742 0.072840
v -0.009600 0.008504 0.072964
v -0.005092 0.008946 0.074314
v -0.009051 0.009928 0.077420
v -0.001322 0.010280 0.077106
v -0.007582 0.011301 0.081861
v -0.002504 0.011533 0.081675
v -0.004603 0.010092 0.087584
v 0.000091 0.010030 0.085407
v -0.004341 0.005880 0.090035
v 0.002107 0.005928 0.087463
v -0.004139 0.001378 0.089486
v 0.001857 0.001114 0.086973
v -0.010723 0.001205 0.087448
v 0.003034 0.000630 0.079882
v -0.013227 0.000745 0.080556
v -0.000602 0.000807 0.063121
v -0.009816 0.000894 0.063544
v -0.005362 0.000871 0.061432
v -0.010180 0.004363 0.063251
v -0.005514 0.004628 0.061160
v -0.009414 0.007130 0.065676
v -0.005567 0.007380 0.062513
v -0.004928 0.012012 0.063867
v -0.011386 0.005321 0.087994
v -0.009812 0.009580 0.085777
v -0.011780 0.007768 0.081269
v -0.000440 0.011679 0.068542
v -0.000911 0.007517 0.065273
v -0.000166 0.008932 0.072554
v -0.000561 0.004735 0.062812
v 0.003293 0.004808 0.080186
v 0.001847 0.008349 0.080720
v -0.013756 0.004074 0.080908
v -0.003342 0.018498 0.070519
v -0.003197 0.017051 0.070231
v -0.002441 0.018667 0.072434
v -0.002283 0.017136 0.072139
v -0.004837 0.018467 0.075000
v -0.004697 0.017013 0.074808
v -0.007466 0.018242 0.072705
v -0.007305 0.016743 0.072394
v -0.006741 0.018203 0.070709
v -0.006567 0.016757 0.070350
v -0.004943 0.018481 0.073122
v -0.004744 0.016917 0.072763
v -0.003032 0.015229 0.069645
v -0.002889 0.013772 0.069229
v -0.002103 0.015245 0.071550
v -0.001991 0.013818 0.071242
v -0.004476 0.015048 0.074163
v -0.004375 0.013672 0.073906
v -0.007115 0.014935 0.071803
v -0.006987 0.013575 0.071464
v -0.006402 0.015004 0.069825
v -0.006256 0.013635 0.069433
v -0.004584 0.015111 0.072256
v -0.004437 0.013660 0.071839
v -0.000842 0.039120 0.050167
v -0.000454 0.042882 0.050749
v -0.006186 0.039281 0.052228
v -0.005361 0.042986 0.052640
v -0.009654 0.038777 0.057457
v -0.008756 0.042933 0.057795
v -0.009503 0.038987 0.065169
v -0.008623 0.042542 0.065519
v -0.004314 0.038360 0.069682
v -0.003650 0.042041 0.069671
v 0.001591 0.038012 0.070282
v 0.001536 0.041895 0.070530
v 0.007179 0.037807 0.068272
v 0.006511 0.041858 0.068704
v 0.011098 0.037917 0.062883
v 0.010710 0.041779 0.063298
v 0.009400 0.038221 0.055269
v 0.009122 0.042230 0.055743
v 0.004839 0.038769 0.050867
v 0.004749 0.042647 0.051529
v 0.007461 0.034500 0.066668
v 0.011177 0.031642 0.060392
v 0.008096 0.030654 0.064363
v 0.011239 0.022550 0.061370
v 0.009443 0.022935 0.065128
v 0.011591 0.019790 0.061092
v 0.009878 0.017496 0.062803
v 0.007443 0.021214 0.058755
v 0.007969 0.020504 0.060342
v 0.007886 0.021636 0.058823
v 0.006319 0.029023 0.054501
v 0.010534 0.031142 0.056743
v 0.005437 0.034357 0.051811
v -0.005376 0.035708 0.067951
v 0.001189 0.034432 0.068702
v -0.001174 0.032066 0.064957
v 0.000716 0.031542 0.064529
v -0.001882 0.029852 0.057597
v -0.000080 0.029944 0.057782
v -0.000866 0.035043 0.051384
v 0.001588 0.029671 0.056833
v 0.002671 0.031326 0.064392
v -0.006890 0.034256 0.053617
v 0.002983 0.029977 0.063182
v 0.002288 0.028889 0.058817
v 0.005291 0.021999 0.062852
v 0.005795 0.018540 0.062688
v 0.005416 0.018040 0.061027
v 0.003978 0.037773 0.069544
v -0.000924 0.038019 0.070147
v 0.004526 0.037317 0.070162
v -0.001356 0.037605 0.070881
v 0.004138 0.037704 0.070936
v -0.000764 0.037942 0.071533
v 0.003586 0.038166 0.070322
v -0.000335 0.038354 0.070799
v 0.003598 0.041445 0.070536
v 0.003963 0.041910 0.069844
v -0.000323 0.041547 0.070941
v -0.000960 0.041993 0.070304
v 0.004545 0.042258 0.070501
v -0.001353 0.042367 0.071068
v -0.000779 0.041924 0.071700
v 0.004134 0.041819 0.071214
v 0.003774 0.017967 0.061364
v 0.006895 0.023249 0.058618
v -0.005343 0.018775 0.066444
v -0.005511 0.019367 0.064578
v -0.006906 0.029052 0.057563
v -0.001938 0.029362 0.059902
v -0.001578 0.030958 0.064087
v -0.006271 0.032731 0.066594
v -0.002534 0.024823 0.066868
v -0.005855 0.026493 0.070270
v -0.001952 0.021418 0.069738
v -0.005161 0.021587 0.073038
v -0.005397 0.020515 0.066750
v -0.006076 0.022962 0.064311
v -0.008113 0.020991 0.070143
v -0.008590 0.024682 0.067611
v -0.010330 0.032795 0.063630
v -0.010550 0.031522 0.060306
v 0.003555 0.046094 0.067999
v 0.001662 0.046115 0.068588
v 0.002724 0.044460 0.068558
v 0.002174 0.046460 0.070402
v 0.003266 0.044798 0.070369
v 0.004193 0.046608 0.070516
v 0.005097 0.044804 0.069803
v 0.005853 0.046497 0.069310
v 0.004559 0.044459 0.067983
v 0.005333 0.046145 0.067486
v 0.000321 0.049143 0.052250
v -0.003818 0.049047 0.053584
v 0.004571 0.049154 0.053153
v 0.008200 0.049036 0.056733
v 0.009209 0.048753 0.064072
v 0.005323 0.048601 0.068096
v 0.001174 0.048496 0.069416
v -0.003085 0.048472 0.068491
v -0.007304 0.048588 0.064986
v -0.007115 0.048887 0.057586
v 0.002354 0.047814 0.068088
v 0.002876 0.048153 0.069893
v 0.004728 0.048185 0.069373
v 0.004209 0.047853 0.067576
v 0.000297 0.065102 0.057953
v -0.003009 0.064897 0.061158
v 0.000316 0.064949 0.064234
v 0.000545 0.051586 0.067323
v 0.001310 0.053256 0.066798
v 0.001015 0.051947 0.069148
v 0.001752 0.053624 0.068626
v 0.003024 0.052146 0.069335
v 0.003606 0.053699 0.068168
v 0.004716 0.052081 0.068205
v 0.003170 0.053329 0.066339
v 0.004259 0.051720 0.066384
v 0.001651 0.049973 0.067366
v 0.002109 0.050337 0.069192
v 0.003505 0.050027 0.066876
v 0.003962 0.050394 0.068707
v -0.004125 0.051517 0.065561
v -0.003321 0.053150 0.065653
v -0.005025 0.051858 0.067270
v -0.004096 0.053482 0.067363
v -0.003615 0.051995 0.068680
v -0.002407 0.053509 0.068171
v -0.001589 0.051891 0.068869
v -0.001596 0.053175 0.066467
v -0.000782 0.051554 0.067161
v -0.003479 0.049916 0.066259
v -0.004271 0.050248 0.067964
v -0.001743 0.049917 0.067041
v -0.002533 0.050254 0.068753
v -0.004822 0.046183 0.067087
v -0.003863 0.047772 0.067137
v -0.005521 0.046540 0.068854
v -0.004593 0.048123 0.068886
v -0.004041 0.046623 0.070203
v -0.002848 0.048106 0.069644
v -0.002002 0.046470 0.070323
v -0.002118 0.047762 0.067905
v -0.001247 0.046126 0.068591
v -0.004007 0.044573 0.067797
v -0.004725 0.044911 0.069531
v -0.002233 0.044520 0.068510
v -0.002956 0.044863 0.070249
v 0.003727 0.065126 0.061009
v 0.000331 0.064465 0.058649
v 0.003135 0.064467 0.061021
v -0.002372 0.064280 0.061142
v 0.000313 0.064311 0.063540
v -0.020391 0.081033 0.066071
v -0.022450 0.081698 0.062993
v -0.020585 0.085872 0.065292
v -0.022547 0.084117 0.062604
v -0.020769 0.088740 0.061317
v -0.022639 0.085551 0.060616
v -0.020834 0.087957 0.056475
v -0.022672 0.085160 0.058195
v -0.020743 0.083983 0.053603
v -0.022626 0.083172 0.056759
v -0.020548 0.079144 0.054382
v -0.022529 0.080753 0.057149
v -0.020364 0.076276 0.058358
v -0.022437 0.079319 0.059135
v -0.020299 0.077059 0.063199
v -0.022404 0.079710 0.061557
v 0.019874 0.080643 0.053595
v 0.012972 0.080387 0.053729
v 0.020058 0.077775 0.057570
v 0.013156 0.077519 0.057705
v 0.020123 0.078558 0.062412
v 0.013222 0.078302 0.062546
v 0.020032 0.082532 0.065284
v 0.013130 0.082276 0.065418
v 0.019837 0.087371 0.064504
v 0.012935 0.087115 0.064639
v 0.019654 0.090240 0.060529
v 0.012752 0.089984 0.060664
v 0.019588 0.089456 0.055687
v 0.012686 0.089200 0.055822
v 0.019680 0.085482 0.052815
v 0.012778 0.085226 0.052950
v -0.013646 0.079400 0.054248
v -0.013841 0.084238 0.053469
v -0.013932 0.088213 0.056341
v -0.013867 0.088996 0.061182
v -0.013683 0.086128 0.065158
v -0.013489 0.081289 0.065937
v -0.013397 0.077314 0.063065
v -0.013462 0.076532 0.058223
v 0.021836 0.082398 0.056284
v 0.021739 0.084817 0.055895
v 0.021693 0.086805 0.057330
v 0.021726 0.087196 0.059751
v 0.021818 0.085763 0.061739
v 0.021915 0.083343 0.062129
v 0.021961 0.081355 0.060692
v 0.021928 0.080964 0.058271
v -0.022538 0.082435 0.059876
v 0.021827 0.084080 0.059011
v 0.005819 0.087301 0.073734
v 0.008303 0.086378 0.073641
v 0.005873 0.088572 0.078894
v 0.009429 0.087251 0.078761
v 0.005949 0.087800 0.081341
v 0.009030 0.086657 0.081226
v 0.006053 0.085908 0.083074
v 0.007832 0.085248 0.083008
v 0.006157 0.083403 0.083627
v 0.008621 0.083524 0.082916
v 0.007959 0.081747 0.082852
v 0.010397 0.083670 0.081067
v 0.009250 0.080592 0.080956
v 0.011008 0.083803 0.078577
v 0.009683 0.080248 0.078449
v 0.009406 0.083971 0.073513
v 0.008480 0.081488 0.073424
v 0.003409 0.086197 0.073737
v 0.002421 0.086991 0.078897
v 0.002485 0.083714 0.073648
v 0.001097 0.083436 0.078770
v 0.003586 0.081307 0.073519
v 0.002675 0.079989 0.078586
v 0.006070 0.080384 0.073426
v 0.006232 0.078668 0.078453
v 0.002960 0.086432 0.081345
v 0.001813 0.083352 0.081234
v 0.003180 0.080367 0.081074
v 0.006260 0.079223 0.080959
v 0.004328 0.085118 0.083076
v 0.003665 0.083340 0.083012
v 0.004455 0.081617 0.082920
v 0.006232 0.080956 0.082854
v -0.006252 0.086860 0.073970
v -0.006199 0.088124 0.079129
v -0.008667 0.085754 0.073972
v -0.009650 0.086543 0.079133
v -0.009595 0.083266 0.073883
v -0.010975 0.082988 0.079005
v -0.008490 0.080854 0.073754
v -0.009396 0.079541 0.078821
v -0.006001 0.079930 0.073661
v -0.005840 0.078220 0.078688
v -0.003586 0.081036 0.073659
v -0.002389 0.079801 0.078684
v -0.002659 0.083524 0.073748
v -0.001064 0.083356 0.078812
v -0.003764 0.085936 0.073877
v -0.002642 0.086803 0.078996
v -0.003042 0.086209 0.081461
v -0.006122 0.087353 0.081577
v -0.009111 0.085984 0.081580
v -0.010258 0.082904 0.081469
v -0.008892 0.079919 0.081310
v -0.005812 0.078776 0.081195
v -0.002823 0.080144 0.081191
v -0.001675 0.083223 0.081302
v -0.004240 0.084800 0.083243
v -0.006018 0.085460 0.083310
v -0.007744 0.084670 0.083312
v -0.008407 0.082892 0.083248
v -0.007617 0.081169 0.083156
v -0.005839 0.080508 0.083089
v -0.004113 0.081299 0.083087
v -0.003451 0.083076 0.083151
v -0.005915 0.082955 0.083863
v -0.013395 0.084487 0.070563
v -0.012232 0.088335 0.072380
v -0.012301 0.080910 0.072686
v -0.008890 0.086362 0.076357
v -0.010487 0.078258 0.076683
v 0.000164 0.079900 0.079706
v -0.007781 0.075153 0.082228
v 0.000407 0.075710 0.084179
v -0.008636 0.070510 0.083749
v 0.000646 0.070892 0.086500
v -0.007816 0.069910 0.083517
v 0.000661 0.070260 0.086027
v -0.015446 0.073955 0.068071
v -0.015041 0.077200 0.065099
v -0.014995 0.091565 0.065010
v -0.009598 0.093953 0.075441
v -0.009840 0.089424 0.076341
v -0.000434 0.095043 0.077846
v -0.000244 0.090594 0.079133
v 0.008686 0.094631 0.075084
v 0.009297 0.090134 0.075968
v 0.011607 0.089219 0.071915
v 0.008577 0.087010 0.076017
v -0.000020 0.084585 0.079197
v 0.010782 0.079047 0.076268
v 0.012237 0.081820 0.072208
v 0.015707 0.075110 0.067464
v 0.014947 0.078312 0.064514
v 0.016889 0.071159 0.064695
v 0.012996 0.071497 0.053945
v 0.014866 0.065931 0.066551
v 0.011526 0.066237 0.054931
v 0.009436 0.062169 0.069089
v 0.000525 0.061023 0.064162
v 0.000683 0.060952 0.070280
v -0.008176 0.061520 0.069433
v 0.009004 0.070534 0.083189
v 0.009786 0.071193 0.083390
v 0.014369 0.070653 0.075955
v 0.015169 0.071362 0.075947
v 0.015254 0.070623 0.067334
v 0.016639 0.071036 0.065961
v 0.013154 0.065941 0.074351
v 0.013919 0.065373 0.074225
v 0.007313 0.063349 0.080489
v 0.007950 0.062848 0.080333
v 0.000885 0.062410 0.082596
v 0.000908 0.061819 0.082640
v -0.005704 0.062866 0.080743
v -0.006308 0.062320 0.080610
v -0.011956 0.065010 0.074840
v -0.012680 0.064386 0.074743
v -0.014668 0.069513 0.067917
v -0.016132 0.069821 0.066600
v -0.013453 0.069621 0.076497
v -0.014303 0.070269 0.076522
v -0.012960 0.074575 0.076484
v -0.013964 0.064862 0.067113
v -0.016440 0.069923 0.065345
v -0.013003 0.070533 0.054452
v -0.011766 0.089591 0.055164
v -0.000114 0.071277 0.048233
v -0.000774 0.089355 0.049551
v 0.010380 0.090413 0.054732
v 0.013834 0.092634 0.064448
v 0.012980 0.085466 0.070049
v 0.000170 0.064970 0.050774
v -0.011110 0.065398 0.055373
v 0.008531 0.075758 0.081910
v 0.013511 0.075556 0.075968
v 0.000615 0.065481 0.074607
v 0.000308 0.070083 0.067626
v 0.007429 0.104557 0.056908
v 0.003747 0.103700 0.053411
v 0.012908 0.099301 0.054772
v 0.006955 0.097763 0.048946
v 0.016025 0.091492 0.053179
v 0.008557 0.089804 0.046507
v 0.017281 0.085780 0.052731
v 0.009359 0.083931 0.046220
v 0.017000 0.079318 0.053272
v 0.009610 0.077633 0.047153
v 0.015050 0.073951 0.054224
v 0.009296 0.072668 0.049710
v 0.013508 0.072395 0.055605
v 0.008375 0.071281 0.051806
v -0.000051 0.076305 0.061835
v -0.000072 0.070522 0.049756
v -0.008466 0.070657 0.052134
v -0.000166 0.071817 0.047414
v -0.009568 0.071969 0.050077
v -0.000405 0.076775 0.044568
v -0.010348 0.076893 0.047542
v -0.000657 0.083072 0.043635
v -0.010600 0.083191 0.046609
v -0.000867 0.088963 0.044073
v -0.010225 0.089107 0.046873
v -0.001109 0.097037 0.046990
v -0.009123 0.097166 0.049259
v -0.001238 0.103252 0.052201
v -0.006192 0.103331 0.053604
v 0.008819 0.105593 0.061757
v 0.015156 0.100977 0.062616
v 0.007546 0.106530 0.066659
v 0.013097 0.102492 0.070544
v 0.003950 0.107117 0.070299
v 0.007280 0.103442 0.076431
v -0.001004 0.107197 0.071702
v -0.000733 0.103571 0.078701
v -0.005990 0.106748 0.070492
v -0.008798 0.102846 0.076744
v -0.009671 0.105891 0.066994
v -0.014753 0.101460 0.071086
v -0.011061 0.104856 0.062145
v -0.017001 0.099784 0.063242
v -0.009788 0.103919 0.057244
v -0.014942 0.098269 0.055314
v 0.018156 0.093786 0.063951
v 0.015750 0.095556 0.073212
v 0.008957 0.096666 0.080089
v -0.000404 0.096817 0.082740
v -0.009825 0.095969 0.080455
v -0.016779 0.094350 0.073846
v -0.019407 0.092393 0.064683
v -0.017532 0.090248 0.053833
v -0.018378 0.084458 0.053426
v -0.017598 0.078035 0.053946
v -0.015221 0.072828 0.054813
v -0.013516 0.071393 0.056131
v -0.015567 0.073537 0.063117
v -0.000180 0.081810 0.065701
v -0.016921 0.078995 0.067005
v -0.000427 0.088038 0.064885
v -0.017168 0.085224 0.066190
v -0.014813 0.086979 0.074406
v -0.019626 0.086832 0.065879
v -0.016622 0.088811 0.075075
v -0.019380 0.080603 0.066695
v -0.018374 0.075132 0.062812
v -0.009636 0.090437 0.081713
v -0.008576 0.088430 0.080333
v -0.000128 0.089191 0.082382
v 0.008266 0.089055 0.080004
v -0.000175 0.091288 0.084009
v 0.009227 0.091137 0.081346
v 0.016051 0.090023 0.074438
v 0.014358 0.088061 0.073837
v 0.016515 0.086473 0.065533
v 0.016762 0.080244 0.066349
v 0.015666 0.074695 0.062508
v 0.018332 0.076493 0.062097
v 0.019081 0.082029 0.065946
v 0.018834 0.088258 0.065129
v 0.005353 0.113183 0.056121
v 0.002415 0.112499 0.053329
v -0.001565 0.112140 0.052364
v -0.005520 0.112205 0.053484
v -0.008389 0.112673 0.056389
v -0.009405 0.113421 0.060302
v -0.008296 0.114247 0.064172
v -0.005358 0.114932 0.066964
v -0.001378 0.115289 0.067929
v 0.002577 0.115226 0.066810
v 0.005446 0.114757 0.063904
v 0.006463 0.114009 0.059993
v 0.003730 0.115195 0.056663
v 0.001464 0.114469 0.054493
v -0.001614 0.114193 0.053746
v -0.004672 0.114241 0.054612
v -0.006899 0.114800 0.056870
v -0.007685 0.115379 0.059897
v -0.006827 0.116018 0.062890
v -0.004554 0.116547 0.065050
v -0.001469 0.116663 0.065868
v 0.001582 0.116775 0.064930
v 0.003802 0.116413 0.062683
v 0.004588 0.115835 0.059658
v -0.001602 0.116915 0.059513
vn -0.8617 0.3497 -0.3677
vn -0.7330 0.2891 0.6157
vn -0.5604 -0.1592 0.8128
vn -0.8256 0.5547 -0.1032
vn -0.6831 0.2094 -0.6997
vn -0.3710 0.3271 -0.8691
vn 0.6849 0.0670 -0.7255
vn -0.0276 0.3728 -0.9275
vn -0.0728 -0.5447 -0.8355
vn 0.4254 0.2842 -0.8592
vn 0.5209 0.1134 -0.8460
vn 0.8714 -0.1076 -0.4787
vn -0.0411 -0.8037 -0.5936
vn 0.9982 0.0445 0.0408
vn -0.1191 -0.8544 0.5058
vn 0.9157 0.0683 0.3960
vn 0.5713 -0.0040 0.8207
vn 0.5506 0.2437 0.7984
vn 0.8026 0.1839 0.5675
vn -0.0193 -0.3465 0.9379
vn -0.9917 0.0720 0.1068
vn 0.1875 0.9818 -0.0319
vn -0.5412 0.2866 -0.7906
vn 0.9563 -0.0483 0.2885
vn 0.7759 0.1650 -0.6089
vn 0.8419 -0.4690 0.2668
vn 0.0509 -0.7516 0.6577
vn -0.7599 -0.5562 0.3364
vn 0.0364 0.0848 0.9957
vn -0.5653 0.3192 0.7607
vn 0.0239 0.5765 0.8167
vn -0.8312 0.3900 0.3962
vn -0.6904 -0.3851 -0.6124
vn 0.6148 -0.3526 -0.7055
vn -0.5935 -0.4990 -0.6315
vn 0.5095 -0.1245 -0.8514
vn -0.2174 -0.5675 -0.7941
vn 0.6332 -0.5743 -0.5188
vn -0.3433 -0.6852 -0.6423
vn 0.5587 -0.6246 -0.5457
vn -0.4043 -0.6575 -0.6358
vn -0.5967 0.6719 0.4387
vn -0.9822 -0.0015 -0.1877
vn -0.5546 0.7208 0.4158
vn -0.9834 -0.0650 -0.1692
vn -0.5842 0.4637 0.6661
vn -0.9619 -0.2310 -0.1464
vn -0.2666 0.2470 0.9316
vn -0.9048 -0.1411 0.4017
vn 0.9975 0.0091 0.0694
vn 0.9856 0.1198 0.1193
vn 0.9739 0.2141 -0.0757
vn 0.8914 0.3499 -0.2880
vn 0.7288 0.6629 -0.1713
vn 0.5251 0.6411 0.5596
vn 0.4442 0.6898 0.5717
vn 0.4010 0.6947 0.5971
vn 0.4941 0.6174 0.6122
vn 0.5994 0.5629 0.5691
vn 0.4874 -0.2343 -0.8412
vn -0.3473 -0.8064 -0.4786
vn -0.2403 0.0139 -0.9706
vn 0.7598 -0.4910 -0.4263
vn 0.8749 0.2326 -0.4247
vn 0.9623 0.2009 0.1832
vn 0.5658 0.8084 0.1622
vn 0.3579 0.7302 0.5820
vn -0.1814 0.9539 0.2392
vn -0.5659 0.6731 0.4761
vn -0.9279 0.2188 -0.3017
vn -0.9315 -0.0703 -0.3570
vn 0.6058 0.3127 -0.7316
vn -0.5389 0.5163 -0.6657
vn 0.2395 0.9558 0.1705
vn -0.0607 -0.6095 -0.7905
vn 0.9549 -0.1337 0.2652
vn 0.0482 -0.8463 0.5306
vn 0.0302 0.1925 0.9808
vn -0.9425 0.0252 0.3331
vn 0.0811 -0.3754 -0.9233
vn -0.5355 0.2613 0.8031
vn -0.9921 0.0203 0.1235
vn 0.7437 -0.2714 0.6109
vn -0.9843 0.1568 -0.0811
vn 0.5355 0.3942 0.7469
vn 0.0410 0.7102 -0.7028
vn 0.9085 0.3982 0.1268
vn 0.2476 0.8710 0.4243
vn -0.6304 0.7497 0.2013
vn -0.8873 0.1417 -0.4388
vn -0.5838 -0.7262 -0.3630
vn -0.8325 -0.1862 -0.5218
vn 0.4226 -0.9040 0.0640
vn -0.5759 -0.7182 -0.3906
vn 0.1768 -0.9815 0.0740
vn -0.4851 -0.7488 0.4517
vn 0.3571 -0.4592 0.8134
vn -0.7574 0.2066 0.6194
vn 0.6170 -0.1551 0.7715
vn -0.5610 0.6813 0.4703
vn 0.3633 -0.8871 -0.2848
vn -0.5334 0.7451 0.4005
vn -0.5933 0.4290 -0.6811
vn -0.7029 0.5109 0.4949
vn -0.2663 0.5228 -0.8098
vn -0.9308 -0.0211 -0.3649
vn -0.4463 -0.1199 -0.8868
vn -0.6557 -0.6019 -0.4558
vn 0.0954 -0.1159 -0.9887
vn 0.1893 -0.9062 -0.3781
vn 0.1963 -0.4158 -0.8880
vn 0.6504 -0.7447 0.1498
vn -0.2965 -0.8132 -0.5008
vn 0.8812 -0.4071 -0.2402
vn 0.1291 -0.8868 -0.4439
vn 0.9050 -0.2810 -0.3195
vn -0.4215 -0.8949 0.1469
vn 0.3408 0.5797 0.7401
vn 0.8606 0.0650 0.5051
vn -0.6209 -0.7829 -0.0392
vn 0.3537 -0.4113 0.8401
vn -0.0858 0.0566 0.9947
vn -0.2008 -0.9077 0.3684
vn -0.5707 -0.6885 0.4474
vn -0.8678 -0.2672 0.4191
vn 0.7850 -0.2949 0.5449
vn -0.1926 -0.3146 0.9295
vn 0.9112 0.2366 -0.3373
vn 0.1106 0.3656 -0.9242
vn -0.8939 0.0679 0.4430
vn -0.8392 0.3475 -0.4182
vn -0.2144 0.3200 -0.9228
vn 0.7361 0.1557 -0.6587
vn 0.9564 -0.0781 0.2813
vn 0.1851 -0.2087 0.9603
vn 0.9341 -0.0212 0.3563
vn 0.1952 -0.0646 0.9786
vn 0.0783 -0.0231 0.9967
vn 0.9605 -0.0640 0.2709
vn 0.6905 0.0624 -0.7206
vn 0.7175 0.0415 -0.6953
vn -0.2889 0.1997 -0.9363
vn -0.2242 0.1483 -0.9632
vn -0.7878 -0.0358 0.6150
vn -0.9288 0.2331 -0.2881
vn -0.7559 -0.0219 0.6544
vn -0.9604 0.1086 -0.2566
vn -0.9659 0.1646 -0.1998
vn -0.7680 0.0113 0.6403
vn -0.3036 0.5864 -0.7510
vn -0.9858 -0.0073 -0.1678
vn -0.6331 0.7553 -0.1696
vn -0.4273 0.2863 -0.8576
vn 0.4964 0.5527 -0.6694
vn 0.7413 0.1282 -0.6588
vn 0.8819 0.4207 0.2129
vn 0.9303 0.1298 0.3431
vn 0.1816 0.3340 0.9249
vn -0.0589 -0.1441 0.9878
vn -0.7455 0.2777 0.6059
vn -0.7330 -0.1141 0.6706
vn 0.4022 0.8179 -0.4114
vn -0.3608 0.7893 0.4968
vn 0.8386 0.2875 0.4627
vn -0.7886 0.3842 -0.4801
vn 0.3716 -0.3844 -0.8450
vn -0.6716 -0.7211 -0.1701
vn 0.4450 -0.8584 0.2551
vn -0.4586 -0.3416 0.8204
vn 0.0200 0.9874 0.1568
vn -0.9948 0.0986 -0.0247
vn -0.6061 0.4369 -0.6647
vn 0.2264 0.2517 -0.9409
vn -0.6536 0.1897 -0.7326
vn 0.6013 0.2904 -0.7444
vn -0.4306 -0.0272 -0.9021
vn 0.1936 0.8247 -0.5314
vn 0.2862 0.1707 -0.9428
vn 0.2718 0.9498 -0.1552
vn 0.9105 0.1791 -0.3728
vn 0.7147 0.6970 -0.0589
vn 0.9396 -0.1552 0.3050
vn 0.5207 0.7006 0.4879
vn 0.4186 -0.5765 0.7017
vn 0.6919 0.5366 0.4830
vn 0.2286 -0.3378 0.9130
vn 0.9509 0.1180 -0.2863
vn 0.1418 -0.7657 0.6274
vn 0.3463 -0.0840 -0.9344
vn -0.3039 -0.9335 -0.1902
vn -0.1721 -0.4050 -0.8980
vn 0.5698 -0.6028 -0.5585
vn 0.5807 0.1855 -0.7927
vn 0.7781 -0.4797 0.4054
vn 0.8170 0.4212 -0.3939
vn 0.5849 -0.1114 0.8034
vn 0.8251 0.3974 0.4017
vn 0.1973 -0.0211 0.9801
vn 0.6588 -0.3315 -0.6753
vn 0.8155 -0.1947 -0.5450
vn 0.8297 0.1158 -0.5460
vn -0.6408 -0.1660 0.7495
vn -0.9165 -0.4001 -0.0057
vn -0.6129 -0.5283 0.5875
vn -0.5207 -0.7541 -0.4001
vn -0.2270 -0.9473 0.2259
vn 0.0626 -0.6819 -0.7287
vn 0.6036 -0.6155 -0.5068
vn 0.7464 -0.6644 0.0374
vn 0.5394 -0.8079 0.2376
vn 0.6912 0.1308 0.7108
vn 0.0883 -0.3863 0.9181
vn 0.9150 0.3937 0.0875
vn 0.4244 0.0214 0.9052
vn 0.8092 0.4247 0.4059
vn 0.4307 0.6133 0.6621
vn 0.7096 0.6913 -0.1361
vn 0.3811 0.8465 0.3718
vn 0.7285 0.6822 0.0628
vn 0.4896 0.5664 0.6629
vn 0.9927 0.0923 0.0779
vn 0.5837 -0.2573 0.7701
vn 0.5943 -0.7609 -0.2605
vn 0.3884 -0.7791 0.4921
vn -0.1413 -0.9264 0.3490
vn -0.1953 -0.0219 0.9805
vn -0.2069 0.5301 0.8223
vn -0.0174 0.7828 0.6220
vn -0.3205 -0.0880 0.9431
vn 0.0988 0.4839 0.8696
vn -0.6006 -0.0478 0.7981
vn -0.8105 -0.3278 0.4855
vn 0.8419 0.3262 -0.4299
vn 0.2461 -0.3931 -0.8860
vn -0.6109 -0.7664 -0.1985
vn -0.7233 -0.2704 0.6354
vn 0.5528 0.8141 -0.1779
vn 0.1288 0.0611 -0.9898
vn -0.8621 0.0524 -0.5040
vn -0.9117 0.2732 0.3069
vn -0.8336 0.3870 0.3941
vn -0.3024 0.9316 0.2014
vn -0.3433 0.9391 0.0173
vn 0.6476 0.7592 0.0644
vn -0.4502 0.8918 -0.0453
vn -0.2599 0.6992 -0.6660
vn 0.8615 0.3957 0.3183
vn 0.3238 0.2478 -0.9131
vn 0.5694 0.6817 0.4594
vn 0.8224 -0.1756 -0.5412
vn 0.6062 -0.3198 0.7282
vn -0.1331 -0.7807 -0.6106
vn -0.5838 -0.5086 0.6328
vn -0.8696 -0.3804 -0.3147
vn -0.4859 0.2859 0.8259
vn -0.8107 -0.1629 -0.5623
vn 0.2129 0.1926 0.9579
vn -0.1587 -0.3430 -0.9259
vn 0.8770 0.3873 0.2843
vn 0.3705 0.1794 -0.9114
vn 0.6036 0.6440 0.4701
vn 0.8488 -0.1718 -0.5001
vn 0.6071 -0.3116 0.7310
vn -0.1306 -0.7833 -0.6077
vn -0.5896 -0.5350 0.6051
vn -0.8655 -0.3726 -0.3349
vn -0.5252 0.2499 0.8135
vn -0.8251 -0.1279 -0.5504
vn 0.2101 0.2098 0.9549
vn -0.2191 -0.3646 -0.9050
vn 0.6282 0.5967 0.4993
vn 0.4782 -0.2117 0.8524
vn -0.2258 0.9396 0.2573
vn 0.3642 0.9234 -0.1215
vn 0.4975 0.8594 -0.1184
vn 0.0236 0.7524 0.6583
vn -0.5503 0.8342 -0.0342
vn -0.3201 0.9452 0.0648
vn -0.9722 0.2086 -0.1062
vn 0.0148 0.2868 0.9579
vn -0.7560 0.6515 0.0632
vn 0.1002 0.9681 0.2298
vn -0.3158 0.9200 -0.2323
vn 0.1577 0.9586 -0.2370
vn -0.2876 0.9576 -0.0149
vn 0.2569 0.9662 0.0208
vn -0.0599 0.8059 0.5890
vn 0.5151 0.7382 0.4355
vn 0.0406 0.2078 0.9773
vn 0.7653 0.2218 0.6043
vn 0.1416 -0.4115 0.9003
vn 0.6607 -0.6372 0.3969
vn -0.4593 -0.7054 0.5399
vn 0.5192 -0.8544 0.0187
vn -0.6331 -0.7740 0.0098
vn 0.5449 -0.6764 -0.4956
vn -0.4948 -0.7785 -0.3862
vn -0.1650 -0.4076 -0.8981
vn -0.8303 0.1801 -0.5273
vn -0.0029 0.3110 -0.9504
vn -0.7518 0.4532 -0.4790
vn -0.0717 0.4578 -0.8862
vn 0.1827 0.1238 -0.9753
vn -0.6965 0.2961 0.6536
vn -0.5710 0.7420 0.3512
vn -0.7950 0.6066 0.0072
vn 0.9559 0.2880 0.0576
vn 0.7090 0.4121 -0.5723
vn 0.7810 0.6190 -0.0828
vn 0.8000 0.2832 -0.5290
vn 0.9895 0.1321 -0.0591
vn 0.7742 0.6319 -0.0358
vn -0.9859 0.1559 0.0614
vn 0.7345 0.6776 -0.0368
vn 0.7050 -0.6381 -0.3095
vn 0.5336 0.7814 -0.3235
vn 0.8965 -0.3183 0.3083
vn 0.1812 0.7866 0.5903
vn -0.0732 -0.8329 0.5486
vn -0.8677 0.2437 0.4334
vn -0.7310 -0.6823 -0.0009
vn -0.7242 0.6412 -0.2538
vn -0.5731 -0.7847 -0.2362
vn -0.1259 0.9920 0.0058
vn 0.1095 -0.9932 0.0400
vn 0.7544 0.6563 -0.0149
vn 0.7037 -0.6350 -0.3188
vn 0.5374 0.7968 -0.2763
vn 0.8853 -0.3466 0.3101
vn 0.2009 0.7595 0.6187
vn -0.0995 -0.8516 0.5147
vn -0.8675 0.2294 0.4414
vn -0.7464 -0.6650 -0.0260
vn -0.7142 0.6643 -0.2208
vn -0.5884 -0.7656 -0.2600
vn -0.0785 0.9963 0.0347
vn 0.0561 -0.9984 0.0011
vn -0.5834 0.0794 -0.8083
vn -0.1818 0.2061 -0.9615
vn -0.1149 -0.0431 -0.9924
vn -0.6584 0.2375 -0.7142
vn -0.9299 0.0682 -0.3614
vn -0.9308 0.2491 -0.2675
vn -0.9086 0.0784 0.4102
vn -0.8686 0.2088 0.4493
vn -0.4409 -0.1341 0.8875
vn -0.3934 0.1173 0.9119
vn 0.0180 -0.2318 0.9726
vn 0.0904 0.0653 0.9938
vn 0.5059 -0.1869 0.8421
vn 0.5903 0.0995 0.8011
vn 0.9383 -0.0179 0.3453
vn 0.9621 0.1365 0.2362
vn 0.8912 0.0664 -0.4488
vn 0.8724 0.1619 -0.4611
vn 0.4246 -0.0188 -0.9052
vn 0.4022 0.1906 -0.8955
vn 0.4312 -0.4783 0.7650
vn 0.9838 -0.0043 0.1793
vn 0.3158 -0.2524 0.9147
vn 0.9925 -0.0170 -0.1209
vn 0.3129 0.0154 0.9497
vn 0.9945 -0.0875 -0.0577
vn 0.3984 -0.6499 0.6473
vn -0.3585 0.0736 -0.9306
vn 0.0828 0.4069 0.9097
vn -0.1360 -0.4939 -0.8588
vn -0.0759 -0.5945 -0.8005
vn 0.7951 -0.1673 -0.5829
vn 0.2850 -0.3472 -0.8934
vn -0.3330 -0.3944 0.8565
vn 0.0580 -0.6368 0.7688
vn 0.2659 -0.7927 0.5486
vn -0.0575 -0.8785 0.4742
vn 0.1932 -0.9272 -0.3209
vn -0.0693 -0.9900 -0.1229
vn -0.0879 -0.5455 -0.8335
vn -0.5663 -0.7743 -0.2824
vn -0.2698 -0.7754 0.5710
vn -0.4502 -0.4312 -0.7819
vn -0.7086 -0.4436 0.5487
vn -0.7935 -0.5966 -0.1198
vn -0.8653 -0.3382 0.3699
vn -0.7708 -0.4414 0.4594
vn -0.5447 0.4534 0.7055
vn 0.5951 -0.6962 -0.4015
vn -0.3367 -0.2002 -0.9201
vn -0.3207 0.3193 -0.8917
vn -0.5329 -0.8258 0.1846
vn 0.1204 -0.2736 0.9543
vn -0.1010 0.2107 0.9723
vn -0.4912 0.8330 0.2545
vn 0.7719 0.6130 -0.1684
vn -0.9083 -0.4137 0.0619
vn 0.1366 -0.2002 -0.9702
vn 0.3798 -0.9207 -0.0893
vn 0.1270 0.2984 -0.9460
vn 0.6934 0.7206 -0.0078
vn -0.7532 0.6164 0.2295
vn 0.3786 -0.0351 0.9249
vn 0.1061 -0.0765 0.9914
vn -0.4876 0.3327 0.8072
vn 0.3476 0.6946 0.6298
vn -0.2792 0.8810 -0.3820
vn -0.4474 0.8231 -0.3497
vn -0.1850 -0.7341 -0.6534
vn 0.7676 -0.6118 -0.1912
vn 0.8241 -0.3150 0.4709
vn -0.0909 -0.0700 0.9934
vn 0.9908 -0.1311 0.0336
vn -0.0299 0.5598 0.8281
vn 0.9857 0.1423 0.0899
vn 0.0001 0.3109 0.9505
vn -0.0849 -0.2964 -0.9513
vn -0.0734 -0.7379 -0.6710
vn -0.9828 -0.0003 0.1845
vn -0.9739 -0.1460 0.1740
vn -0.9183 0.0339 0.3945
vn -0.8905 -0.2900 -0.3506
vn -0.4849 -0.8745 0.0078
vn -0.9657 -0.1647 -0.2009
vn -0.2942 -0.1724 -0.9401
vn -0.7587 0.0194 0.6511
vn -0.1575 -0.5805 0.7989
vn 0.2778 0.1610 0.9471
vn 0.5024 -0.7115 0.4913
vn 0.9865 0.1042 0.1262
vn 0.6859 -0.7255 -0.0557
vn 0.9594 0.0341 -0.2800
vn -0.0096 0.2558 -0.9667
vn -0.5588 0.2491 -0.7910
vn 0.5253 0.2581 -0.8108
vn 0.8660 0.2659 -0.4236
vn 0.9391 0.2848 0.1923
vn 0.6034 0.2207 0.7663
vn 0.1334 0.2068 0.9693
vn -0.3517 0.2178 0.9104
vn -0.8321 0.3172 0.4549
vn -0.9114 0.3063 -0.2750
vn -0.7060 0.7050 0.0676
vn -0.2471 0.8691 0.4284
vn 0.4908 0.7904 0.3667
vn 0.4136 0.8661 -0.2807
vn 0.0830 0.9924 -0.0912
vn 0.0076 0.9913 -0.1315
vn -0.1167 0.9508 0.2870
vn -0.7839 0.0293 0.6202
vn -0.7033 0.7102 0.0325
vn -0.9649 -0.0478 0.2582
vn -0.2722 0.8741 0.4023
vn 0.2357 0.1862 0.9538
vn 0.4617 0.8067 0.3688
vn 0.9364 0.2660 0.2290
vn 0.4096 0.8697 -0.2753
vn 0.9663 -0.1363 -0.2182
vn -0.5679 -0.7677 0.2967
vn -0.1208 -0.7177 0.6858
vn 0.4015 -0.9120 0.0841
vn 0.7062 -0.5538 0.4412
vn -0.9984 0.0473 -0.0317
vn -0.5648 0.7107 -0.4194
vn -0.8870 -0.0344 -0.4605
vn -0.4455 0.8810 0.1596
vn -0.4188 0.1814 0.8898
vn 0.1342 0.7942 0.5926
vn 0.5849 0.2422 0.7741
vn 0.4977 0.8648 0.0665
vn 0.8811 -0.1577 0.4458
vn -0.6448 -0.7425 -0.1813
vn -0.5442 -0.7148 0.4392
vn 0.2372 -0.9262 0.2930
vn 0.2543 -0.5774 0.7759
vn -0.9979 0.0574 0.0298
vn -0.5600 0.7398 -0.3730
vn -0.9308 -0.0140 -0.3653
vn -0.4266 0.8876 0.1739
vn -0.3787 0.1879 0.9062
vn 0.1697 0.7923 0.5860
vn 0.6135 0.2416 0.7518
vn 0.5059 0.8614 0.0448
vn 0.8941 -0.1561 0.4197
vn -0.6563 -0.7437 -0.1276
vn -0.5354 -0.7066 0.4627
vn 0.2289 -0.9317 0.2820
vn 0.2722 -0.5849 0.7640
vn -0.1539 0.8840 0.4413
vn -0.0598 0.9852 0.1605
vn -0.5438 0.8256 -0.1508
vn 0.4719 0.8599 0.1946
vn 0.1175 0.9063 -0.4059
vn -0.4948 0.3319 0.8032
vn -0.9227 -0.1172 0.3674
vn -0.3715 -0.3141 0.8737
vn -0.9473 0.1725 0.2700
vn -0.5211 0.7899 0.3233
vn -0.9559 0.2895 0.0496
vn -0.5335 0.7743 -0.3404
vn -0.9578 0.2163 -0.1891
vn -0.5246 0.2944 -0.7988
vn -0.9520 -0.0041 -0.3062
vn -0.4997 -0.3688 -0.7837
vn -0.9417 -0.2426 -0.2332
vn -0.4734 -0.8268 -0.3039
vn -0.9330 -0.3596 -0.0129
vn -0.5317 -0.7536 0.3865
vn -0.9510 -0.2648 0.1600
vn 0.5211 -0.7899 -0.3233
vn 0.0086 -0.6362 -0.7715
vn 0.4948 -0.3320 -0.8031
vn 0.0350 -0.9948 -0.0959
vn 0.5335 -0.7744 0.3402
vn 0.0409 -0.7707 0.6359
vn 0.5246 -0.2944 0.7988
vn 0.0228 -0.0952 0.9952
vn 0.4996 0.3688 0.7838
vn -0.0086 0.6361 0.7716
vn 0.4734 0.8268 0.3039
vn -0.0350 0.9948 0.0959
vn 0.4610 0.8112 -0.3597
vn -0.0410 0.7706 -0.6359
vn 0.4699 0.3313 -0.8182
vn -0.0230 0.0952 -0.9952
vn -0.0229 0.0952 -0.9952
vn 0.0229 -0.0952 0.9952
vn 0.0410 -0.7707 0.6359
vn 0.9370 0.0660 -0.3430
vn 0.9473 -0.1725 -0.2700
vn 0.9311 0.2864 -0.2259
vn 0.9330 0.3596 0.0127
vn 0.9417 0.2426 0.2332
vn 0.9519 0.0040 0.3063
vn 0.9578 -0.2164 0.1891
vn 0.9559 -0.2895 -0.0497
vn -0.9991 -0.0371 0.0195
vn 0.9991 0.0371 -0.0195
vn -0.0382 0.9974 -0.0607
vn 0.5459 0.7978 -0.2560
vn -0.0406 0.9703 -0.2385
vn 0.6806 0.7326 0.0064
vn -0.0238 0.8854 0.4641
vn 0.6108 0.5992 0.5175
vn -0.0034 0.5348 0.8450
vn 0.4295 0.3187 0.8450
vn 0.0211 -0.0437 0.9988
vn 0.5137 -0.0197 0.8578
vn 0.4542 -0.3606 0.8146
vn 0.8275 0.0049 0.5614
vn 0.6542 -0.5971 0.4643
vn 0.9975 0.0334 0.0615
vn 0.7317 -0.6793 -0.0564
vn 0.9528 0.0479 -0.2999
vn 0.6012 -0.7304 -0.3241
vn -0.6131 0.7548 -0.2334
vn -0.7320 0.6805 0.0333
vn -0.9610 0.1079 -0.2545
vn -0.9993 -0.0362 0.0077
vn -0.7496 -0.5951 -0.2897
vn -0.6812 -0.7315 -0.0290
vn -0.1025 -0.9424 -0.3185
vn 0.0359 -0.9978 -0.0555
vn -0.6329 0.5530 0.5419
vn -0.8518 -0.0705 0.5192
vn -0.5653 -0.6656 0.4872
vn 0.0582 -0.8837 0.4644
vn -0.4188 0.2874 0.8614
vn -0.5205 -0.1163 0.8459
vn -0.3070 -0.4732 0.8258
vn 0.0967 -0.5745 0.8128
vn -0.6132 0.7550 -0.2322
vn -0.0362 0.9988 0.0336
vn 0.0908 0.9671 -0.2378
vn -0.9614 0.1078 -0.2532
vn -0.9993 -0.0361 0.0076
vn -0.7498 -0.5955 -0.2885
vn -0.6814 -0.7314 -0.0294
vn -0.1025 -0.9428 -0.3173
vn 0.0356 -0.9978 -0.0561
vn 0.6015 -0.7307 -0.3229
vn 0.7314 -0.6795 -0.0572
vn 0.9497 -0.0835 -0.3019
vn 0.9988 0.0372 -0.0308
vn 0.7381 0.6198 -0.2667
vn 0.6803 0.7329 0.0057
vn 0.5867 0.6216 0.5190
vn -0.0372 0.8397 0.5417
vn 0.8730 0.0264 0.4870
vn 0.3424 0.3997 0.8503
vn -0.0614 0.5010 0.8632
vn 0.5559 0.0428 0.8302
vn -0.8854 0.0968 0.4546
vn -0.8623 0.0414 0.5048
vn -0.9229 0.0158 0.3846
vn -0.5398 0.0125 0.8417
vn -0.6980 0.3889 0.6012
vn -0.0006 0.4788 0.8779
vn -0.5137 0.4984 0.6983
vn -0.0025 0.5195 0.8545
vn -0.4800 -0.0756 0.8740
vn 0.0299 -0.2925 0.9558
vn -0.2454 -0.8603 0.4469
vn 0.0421 -0.8945 0.4452
vn -0.9450 0.2131 0.2480
vn -0.9949 0.0998 0.0131
vn -0.9376 0.3174 0.1416
vn -0.5940 0.6975 0.4008
vn -0.5436 0.0594 0.8372
vn -0.1017 0.8550 0.5086
vn 0.0087 0.1231 0.9924
vn 0.4627 0.7837 0.4144
vn 0.5821 0.0428 0.8120
vn 0.8758 0.1058 0.4709
vn 0.6138 0.0565 0.7874
vn 0.0849 0.0334 0.9958
vn 0.9356 0.2829 0.2114
vn 0.8928 0.1628 0.4200
vn 0.6902 0.4404 0.5742
vn 0.9846 0.1732 -0.0254
vn 0.9984 -0.0211 -0.0528
vn 0.7766 -0.0739 -0.6257
vn 0.8377 -0.5390 -0.0882
vn 0.5012 -0.6943 -0.5166
vn 0.3594 -0.9325 -0.0368
vn 0.0321 -0.9836 -0.1773
vn 0.0649 -0.9971 0.0394
vn -0.2418 -0.9702 -0.0135
vn 0.2594 -0.8637 0.4322
vn 0.5612 -0.1726 0.8095
vn 0.4018 -0.8955 0.1916
vn 0.8709 -0.2844 0.4008
vn 0.6340 -0.5050 0.5857
vn 0.9430 0.0630 0.3266
vn 0.2360 0.7759 0.5851
vn 0.8459 -0.1015 0.5236
vn 0.2902 0.6583 0.6946
vn 0.4708 -0.5384 0.6989
vn 0.0667 0.5032 0.8616
vn -0.0566 -0.6646 0.7451
vn -0.2648 0.5595 0.7854
vn -0.5749 -0.4641 0.6738
vn -0.3557 0.6895 0.6309
vn -0.7925 0.1080 0.6003
vn -0.4372 0.3299 0.8367
vn -0.9322 -0.2236 0.2845
vn -0.2757 -0.9508 0.1416
vn -0.8234 -0.2944 0.4851
vn -0.8629 0.3250 0.3871
vn -0.7099 -0.7041 0.0153
vn -0.9880 -0.1447 -0.0543
vn -0.7497 -0.1364 -0.6476
vn -0.5720 0.5970 -0.5625
vn -0.0255 -0.1449 -0.9891
vn 0.0572 0.6899 -0.7217
vn 0.6035 0.6066 -0.5175
vn 0.9164 0.3862 0.1055
vn 0.9335 0.0846 0.3485
vn -0.0797 -0.6709 -0.7372
vn -0.5430 -0.7448 -0.3879
vn 0.5022 0.5361 0.6785
vn 0.8508 0.3886 0.3537
vn -0.0246 0.8946 0.4462
vn 0.0420 -0.8981 0.4378
vn 0.5957 0.6276 -0.5012
vn 0.4580 0.3993 -0.7942
vn 0.7652 0.4132 -0.4937
vn 0.3531 0.5200 -0.7777
vn 0.7851 0.3287 -0.5250
vn 0.4239 0.2410 -0.8730
vn 0.8622 0.0881 -0.4989
vn 0.4547 -0.0046 -0.8906
vn 0.8726 -0.1656 -0.4596
vn 0.4644 -0.2676 -0.8442
vn 0.7847 -0.4525 -0.4236
vn 0.3931 -0.6686 -0.6312
vn 0.3649 -0.9310 0.0091
vn 0.1613 -0.9806 -0.1116
vn 0.0278 -0.8325 0.5533
vn 0.0365 -0.9990 -0.0266
vn -0.1563 -0.9754 -0.1556
vn 0.0164 -0.7753 -0.6314
vn -0.4083 -0.6204 -0.6696
vn -0.0039 -0.3813 -0.9245
vn -0.4832 -0.2566 -0.8370
vn -0.0167 -0.0739 -0.9971
vn -0.4883 0.0098 -0.8726
vn -0.0253 0.1636 -0.9862
vn -0.4380 0.2190 -0.8719
vn -0.0339 0.4418 -0.8965
vn -0.4206 0.4913 -0.7627
vn 0.0064 0.4005 -0.9163
vn -0.4397 0.3576 -0.8239
vn 0.8231 0.5578 -0.1068
vn 0.7770 0.6154 -0.1325
vn 0.7059 0.6384 0.3067
vn 0.6915 0.6748 0.2577
vn 0.3947 0.6880 0.6089
vn 0.4036 0.7226 0.5612
vn -0.0272 0.6935 0.7199
vn 0.0003 0.7300 0.6834
vn -0.4479 0.6534 0.6103
vn -0.4095 0.6950 0.5910
vn -0.7550 0.5783 0.3090
vn -0.7152 0.6268 0.3091
vn -0.8664 0.4882 -0.1045
vn -0.8346 0.5442 -0.0858
vn -0.7513 0.4071 -0.5194
vn -0.7217 0.5096 -0.4685
vn 0.9665 0.2554 0.0250
vn 0.8032 0.3193 0.5029
vn 0.4449 0.3975 0.8025
vn -0.0314 0.3508 0.9359
vn -0.5628 0.3162 0.7637
vn -0.8729 0.2652 0.4095
vn -0.9834 0.1814 -0.0092
vn -0.7825 0.2352 -0.5766
vn -0.8844 -0.0149 -0.4665
vn -0.8661 -0.2828 -0.4121
vn -0.7288 -0.5928 -0.3426
vn -0.2646 -0.9593 0.0986
vn -0.0889 -0.7790 0.6207
vn 0.0435 -0.2324 0.9717
vn -0.1204 -0.2456 0.9619
vn 0.0477 -0.8358 0.5469
vn -0.1069 -0.3639 0.9253
vn -0.3096 -0.8657 0.3933
vn -0.9198 -0.2570 0.2963
vn -0.8151 -0.1824 0.5499
vn -0.8346 -0.1691 0.5242
vn -0.7104 -0.6537 0.2608
vn -0.4158 -0.2588 0.8719
vn -0.1088 -0.8494 0.5163
vn 0.0419 -0.8838 0.4661
vn 0.2510 -0.8082 0.5327
vn 0.0317 -0.3677 0.9294
vn 0.5024 -0.0729 0.8615
vn 0.8006 -0.3530 0.4842
vn 0.2825 -0.9034 0.3225
vn 0.2729 -0.4500 0.8503
vn 0.0874 -0.2369 0.9676
vn 0.3054 -0.7563 0.5786
vn 0.8037 -0.5875 0.0949
vn 0.8894 -0.2564 0.3784
vn 0.9091 -0.0453 0.4142
vn 0.7344 0.3985 -0.5494
vn 0.3949 0.3343 -0.8557
vn -0.0419 0.3015 -0.9525
vn -0.4751 0.3112 -0.8231
vn -0.7883 0.3522 -0.5045
vn -0.8997 0.4315 -0.0655
vn -0.7707 0.5244 0.3619
vn -0.4408 0.6004 0.6672
vn 0.0065 0.6489 0.7608
vn 0.4342 0.6353 0.6386
vn 0.7541 0.5766 0.3146
vn 0.8624 0.4916 -0.1206
vn 0.3961 0.7791 -0.4859
vn 0.1765 0.7377 -0.6516
vn -0.0789 0.7202 -0.6892
vn -0.3290 0.7213 -0.6095
vn -0.5191 0.7530 -0.4044
vn -0.5779 0.8080 -0.1149
vn -0.4820 0.8640 0.1456
vn -0.2483 0.9135 0.3224
vn 0.0139 0.9299 0.3677
vn 0.2658 0.9221 0.2810
vn 0.4617 0.8851 0.0579
vn 0.5103 0.8325 -0.2159
vn -0.0403 0.9776 -0.2064
vt 0.768900 0.636000
vt 0.781600 0.646200
vt 0.776400 0.575400
vt 0.783000 0.851900
vt 0.767300 0.842600
vt 0.778500 0.933300
vt 0.643600 0.989000
vt 0.741300 0.811400
vt 0.741300 0.965600
vt 0.704200 0.811400
vt 0.663600 0.907700
vt 0.652400 0.848000
vt 0.638300 0.844900
vt 0.599000 0.811400
vt 0.561100 0.844900
vt 0.534100 0.848000
vt 0.525200 0.908500
vt 0.421400 0.811400
vt 0.421700 0.988100
vt 0.375600 0.811400
vt 0.087600 0.907700
vt 0.098900 0.848000
vt 0.113000 0.844900
vt 0.047000 0.811400
vt 0.107700 0.989000
vt 0.010000 0.811400
vt 0.010000 0.965600
vt 0.460600 0.040800
vt 0.441300 0.184000
vt 0.455800 0.044300
vt 0.445500 0.183400
vt 0.408100 0.006400
vt 0.373900 0.061400
vt 0.373900 0.006400
vt 0.339600 0.006500
vt 0.373900 0.048400
vt 0.339500 0.054300
vt 0.373900 0.102500
vt 0.287200 0.040800
vt 0.302300 0.031600
vt 0.291900 0.044300
vt 0.306400 0.184000
vt 0.933900 0.529700
vt 0.929900 0.545400
vt 0.933200 0.545400
vt 0.930000 0.529800
vt 0.934000 0.526600
vt 0.931200 0.526600
vt 0.926500 0.511500
vt 0.923100 0.511200
vt 0.921800 0.525300
vt 0.923600 0.525400
vt 0.921900 0.530100
vt 0.923600 0.530100
vt 0.923100 0.545500
vt 0.924500 0.545500
vt 0.901600 0.958700
vt 0.991000 0.882000
vt 0.984300 0.951800
vt 0.901600 0.871000
vt 0.884300 0.956400
vt 0.884300 0.869600
vt 0.801700 0.924700
vt 0.801700 0.845700
vt 0.989700 0.590900
vt 0.901600 0.635300
vt 0.884200 0.638800
vt 0.801700 0.649300
vt 0.801700 0.586400
vt 0.884200 0.554700
vt 0.901800 0.551600
vt 0.982800 0.510800
vt 0.783600 0.333400
vt 0.850100 0.306700
vt 0.784200 0.259800
vt 0.849100 0.343600
vt 0.787400 0.434300
vt 0.854900 0.394200
vt 0.786700 0.448000
vt 0.853800 0.401100
vt 0.782700 0.370200
vt 0.847800 0.362100
vt 0.784200 0.276400
vt 0.850100 0.315000
vt 0.146300 0.308400
vt 0.146300 0.393900
vt 0.146300 0.368700
vt 0.092900 0.308400
vt 0.092900 0.368700
vt 0.092900 0.393900
vt 0.936800 0.593800
vt 0.941600 0.593600
vt 0.938300 0.591300
vt 0.943500 0.591000
vt 0.946900 0.593800
vt 0.373900 0.040600
vt 0.373900 0.167900
vt 0.329600 0.988100
vt 0.329900 0.811400
vt 0.226100 0.908500
vt 0.217100 0.848000
vt 0.190200 0.844900
vt 0.152300 0.811400
vt 0.408400 0.054300
vt 0.759400 0.350100
vt 0.869000 0.399600
vt 0.862400 0.360500
vt 0.862400 0.311000
vt 0.867500 0.302200
vt 0.893900 0.283400
vt 0.896200 0.310400
vt 0.919300 0.279400
vt 0.920600 0.299300
vt 0.924700 0.304400
vt 0.922900 0.332300
vt 0.921600 0.312400
vt 0.896200 0.351000
vt 0.893900 0.328600
vt 0.901700 0.328800
vt 0.901100 0.358700
vt 0.929000 0.324900
vt 0.928900 0.357500
vt 0.967700 0.332400
vt 0.969900 0.360800
vt 0.972000 0.330400
vt 0.977000 0.359900
vt 0.864600 0.304500
vt 0.864900 0.351000
vt 0.878100 0.320400
vt 0.901800 0.406700
vt 0.901800 0.408200
vt 0.866300 0.302800
vt 0.928900 0.406700
vt 0.928900 0.405100
vt 0.967700 0.389400
vt 0.972000 0.401100
vt 0.869200 0.400700
vt 0.675300 0.433300
vt 0.707800 0.474200
vt 0.679300 0.478600
vt 0.708000 0.438100
vt 0.639500 0.388600
vt 0.652100 0.380300
vt 0.615900 0.404200
vt 0.586200 0.367800
vt 0.578500 0.424800
vt 0.547900 0.392000
vt 0.531600 0.397600
vt 0.533700 0.319800
vt 0.515200 0.325900
vt 0.540500 0.254400
vt 0.522500 0.254500
vt 0.533200 0.331300
vt 0.547600 0.400400
vt 0.578300 0.429100
vt 0.585800 0.378800
vt 0.615600 0.410800
vt 0.651800 0.387900
vt 0.708000 0.428500
vt 0.591400 0.307900
vt 0.595100 0.254400
vt 0.590700 0.321900
vt 0.728200 0.310200
vt 0.725600 0.254500
vt 0.727800 0.317600
vt 0.709000 0.362400
vt 0.742000 0.359300
vt 0.740800 0.433300
vt 0.709100 0.355600
vt 0.742500 0.314900
vt 0.740300 0.254500
vt 0.235900 0.381000
vt 0.235900 0.303400
vt 0.138900 0.381000
vt 0.138900 0.303400
vt 0.041900 0.381000
vt 0.041900 0.303400
vt 0.707700 0.487900
vt 0.680300 0.487900
vt 0.707800 0.471100
vt 0.558400 0.004500
vt 0.514000 0.240600
vt 0.514000 0.004500
vt 0.556800 0.240600
vt 0.607800 0.004500
vt 0.606500 0.240600
vt 0.664100 0.004500
vt 0.665500 0.240600
vt 0.708700 0.004700
vt 0.714200 0.240600
vt 0.752700 0.004700
vt 0.752700 0.240600
vt 0.796700 0.004700
vt 0.791300 0.240600
vt 0.841400 0.004500
vt 0.839900 0.240600
vt 0.897600 0.004500
vt 0.899000 0.240600
vt 0.947000 0.004500
vt 0.948600 0.240600
vt 0.991500 0.004500
vt 0.991500 0.240600
vt 0.804200 0.523700
vt 0.766400 0.637000
vt 0.766300 0.517200
vt 0.834600 0.685200
vt 0.850800 0.587800
vt 0.926300 0.755500
vt 0.927700 0.615000
vt 0.970600 0.755700
vt 0.974400 0.620100
vt 0.988300 0.755700
vt 0.984200 0.614500
vt 0.969200 0.896300
vt 0.991500 0.899800
vt 0.927700 0.899300
vt 0.850800 0.926500
vt 0.834600 0.820500
vt 0.804200 0.969700
vt 0.766400 0.846800
vt 0.766400 0.982700
vt 0.926700 0.558500
vt 0.923900 0.562200
vt 0.926500 0.562200
vt 0.924200 0.558500
vt 0.935000 0.550000
vt 0.935200 0.551600
vt 0.947800 0.550000
vt 0.947300 0.551700
vt 0.957100 0.555600
vt 0.954900 0.555600
vt 0.950200 0.548000
vt 0.956100 0.562700
vt 0.959600 0.562700
vt 0.933600 0.548000
vt 0.937500 0.546600
vt 0.945800 0.546700
vt 0.941900 0.535400
vt 0.947500 0.535600
vt 0.941900 0.528100
vt 0.948000 0.528900
vt 0.941800 0.525600
vt 0.948100 0.525300
vt 0.935900 0.527600
vt 0.935700 0.526400
vt 0.936300 0.535600
vt 0.479300 0.404400
vt 0.404800 0.410000
vt 0.472500 0.409900
vt 0.398000 0.404600
vt 0.465800 0.415400
vt 0.411600 0.415500
vt 0.465900 0.459300
vt 0.472600 0.464800
vt 0.411700 0.459400
vt 0.404900 0.464900
vt 0.479400 0.470200
vt 0.398100 0.470300
vt 0.736700 0.469100
vt 0.735700 0.487800
vt 0.069300 0.022800
vt 0.012000 0.121900
vt 0.126500 0.121900
vt 0.183800 0.022800
vt 0.241000 0.121900
vt 0.010000 0.664600
vt 0.049500 0.664600
vt 0.010000 0.506500
vt 0.052400 0.506500
vt 0.741300 0.664600
vt 0.701800 0.664600
vt 0.639100 0.664600
vt 0.547700 0.664600
vt 0.421000 0.664600
vt 0.375600 0.664600
vt 0.330300 0.664600
vt 0.203600 0.664600
vt 0.698800 0.506500
vt 0.633400 0.506500
vt 0.554700 0.506500
vt 0.422900 0.506500
vt 0.375600 0.506500
vt 0.328300 0.506500
vt 0.196600 0.506500
vt 0.112200 0.664600
vt 0.117900 0.506500
vt 0.069300 0.221100
vt 0.183800 0.221100
vt 0.373900 0.228300
vt 0.316900 0.228300
vt 0.373900 0.236000
vt 0.430800 0.228300
vt 0.420400 0.236000
vt 0.327300 0.236000
vt 0.945900 0.602800
vt 0.937200 0.602800
vt 0.941500 0.602800
vt 0.741300 0.506500
vt 0.152500 0.435400
vt 0.125600 0.321000
vt 0.126100 0.435400
vt 0.152500 0.321000
vt 0.173500 0.435400
vt 0.173600 0.321000
vt 0.192800 0.435400
vt 0.192800 0.321000
vt 0.219100 0.435400
vt 0.219100 0.321000
vt 0.240600 0.435400
vt 0.240100 0.321000
vt 0.043700 0.435400
vt 0.015400 0.321000
vt 0.016500 0.435400
vt 0.043200 0.321000
vt 0.086100 0.435400
vt 0.086300 0.321000
vt 0.016500 0.495700
vt 0.043700 0.495700
vt 0.086100 0.495700
vt 0.126100 0.495700
vt 0.152500 0.495700
vt 0.173500 0.495700
vt 0.192800 0.495700
vt 0.219100 0.495700
vt 0.240600 0.495700
vt 0.182300 0.255900
vt 0.500000 1.000000
vt 0.806200 0.806200
vt 0.500000 0.933000
vt 0.853600 0.853600
vt 0.500000 0.667500
vt 0.618400 0.618400
vt 0.500000 0.500000
vt 0.667500 0.500000
vt 0.618400 0.381600
vt 0.933000 0.500000
vt 0.806200 0.193800
vt 1.000000 0.500000
vt 0.853600 0.146400
vt 0.193800 0.806200
vt 0.146400 0.853600
vt 0.067000 0.500000
vt 0.000000 0.500000
vt 0.193800 0.193800
vt 0.146400 0.146400
vt 0.500000 0.067000
vt 0.500000 0.000000
vt 0.381600 0.618400
vt 0.332500 0.500000
vt 0.381600 0.381600
vt 0.500000 0.332500
vt 0.155400 0.923300
vt 0.161400 0.979800
vt 0.177500 0.950200
vt 0.121800 0.965200
vt 0.115600 0.903900
vt 0.085200 0.914500
vt 0.060600 0.881400
vt 0.040500 0.884000
vt 0.044200 0.846700
vt 0.016100 0.848000
vt 0.050100 0.840400
vt 0.024500 0.841500
vt 0.298100 0.929800
vt 0.303300 0.922600
vt 0.295200 0.926300
vt 0.306900 0.925800
vt 0.300800 0.933500
vt 0.307600 0.938500
vt 0.298900 0.937500
vt 0.295900 0.940300
vt 0.295000 0.937900
vt 0.291600 0.941300
vt 0.291000 0.937400
vt 0.294000 0.935500
vt 0.290400 0.933500
vt 0.306300 0.918300
vt 0.319000 0.918300
vt 0.303900 0.913100
vt 0.317600 0.913200
vt 0.300800 0.909600
vt 0.313200 0.909700
vt 0.299700 0.908600
vt 0.092000 0.950200
vt 0.114400 0.837900
vt 0.114600 0.844000
vt 0.199900 0.835400
vt 0.209900 0.837700
vt 0.126700 0.800000
vt 0.128800 0.798100
vt 0.072700 0.785500
vt 0.070400 0.782500
vt 0.053500 0.780900
vt 0.049300 0.777400
vt 0.116500 0.876500
vt 0.197400 0.869600
vt 0.202400 0.799500
vt 0.177600 0.773100
vt 0.167900 0.765900
vt 0.222000 0.838200
vt 0.320100 0.936500
vt 0.326000 0.918300
vt 0.326100 0.936000
vt 0.324100 0.913200
vt 0.208400 0.207700
vt 0.192700 0.207700
vt 0.200300 0.197900
vt 0.189700 0.227600
vt 0.208400 0.227700
vt 0.191100 0.229700
vt 0.197900 0.231600
vt 0.224000 0.207700
vt 0.216500 0.197900
vt 0.227000 0.227600
vt 0.225700 0.229700
vt 0.208400 0.195000
vt 0.208400 0.232300
vt 0.218800 0.231600
vt 0.487000 0.694800
vt 0.487100 0.708000
vt 0.488100 0.694900
vt 0.487200 0.677700
vt 0.488600 0.677800
vt 0.487200 0.663000
vt 0.488600 0.663100
vt 0.487000 0.589800
vt 0.488200 0.590000
vt 0.485400 0.528400
vt 0.485500 0.707900
vt 0.485500 0.694600
vt 0.484500 0.707800
vt 0.483900 0.694500
vt 0.482800 0.694400
vt 0.485400 0.677500
vt 0.483700 0.677400
vt 0.482300 0.677200
vt 0.485400 0.589600
vt 0.483800 0.589400
vt 0.485400 0.662800
vt 0.483600 0.662600
vt 0.482300 0.662500
vt 0.482600 0.589300
vt 0.051400 0.051200
vt 0.036800 0.149700
vt 0.036800 0.051200
vt 0.051400 0.149700
vt 0.066100 0.051200
vt 0.066100 0.149700
vt 0.080700 0.051200
vt 0.080700 0.149700
vt 0.095300 0.051200
vt 0.095300 0.149700
vt 0.110000 0.051200
vt 0.110000 0.149700
vt 0.124600 0.051200
vt 0.124600 0.149700
vt 0.139200 0.051200
vt 0.139200 0.149700
vt 0.153900 0.051200
vt 0.153900 0.149700
vt 0.168500 0.051200
vt 0.168500 0.149700
vt 0.183100 0.051200
vt 0.183100 0.149700
vt 0.197700 0.051200
vt 0.197700 0.149700
vt 0.212400 0.051200
vt 0.212400 0.149700
vt 0.036800 0.175100
vt 0.051400 0.175100
vt 0.066100 0.175100
vt 0.080700 0.175100
vt 0.095300 0.175100
vt 0.110000 0.175100
vt 0.124600 0.175100
vt 0.139200 0.175100
vt 0.153900 0.175100
vt 0.168500 0.175100
vt 0.183100 0.175100
vt 0.197700 0.175100
vt 0.212400 0.175100
vt 0.124600 0.203300
s 1
f 3/1/1 2/2/2 1/3/3
f 3/1/1 4/4/4 2/2/2
f 5/5/5 4/4/4 3/1/1
f 5/5/5 6/6/6 4/4/4
f 9/7/7 8/8/8 7/9/9
f 9/7/7 10/10/10 8/8/8
f 11/11/11 10/10/10 9/7/7
f 11/11/11 12/12/12 10/10/10
f 13/13/13 12/12/12 11/11/11
f 13/13/13 14/14/14 12/12/12
f 15/15/15 14/14/14 13/13/13
f 15/15/15 16/16/16 14/14/14
f 17/17/17 16/16/16 15/15/15
f 17/17/17 18/18/18 16/16/16
f 19/19/19 18/18/18 17/17/17
f 19/19/19 20/20/20 18/18/18
f 6/21/6 22/22/21 21/23/22
f 6/21/6 23/24/23 22/22/21
f 5/25/5 23/24/23 6/21/6
f 5/25/5 8/26/8 23/24/23
f 7/27/9 8/26/8 5/25/5
f 25/28/24 9/29/7 24/30/25
f 25/28/24 19/31/19 9/29/7
f 26/32/26 19/31/19 25/28/24
f 26/32/26 20/33/20 19/31/19
f 27/34/27 20/33/20 26/32/26
f 27/34/27 28/35/28 20/33/20
f 29/36/29 28/35/28 27/34/27
f 29/36/29 30/37/30 28/35/28
f 31/38/31 30/37/30 29/36/29
f 32/39/32 28/35/28 30/37/30
f 32/39/32 3/40/1 28/35/28
f 33/41/33 3/40/1 32/39/32
f 33/41/33 5/42/5 3/40/1
f 36/43/34 35/44/35 34/45/36
f 36/43/34 37/46/37 35/44/35
f 38/47/38 37/46/37 36/43/34
f 38/47/38 39/48/39 37/46/37
f 40/49/40 39/48/39 38/47/38
f 40/49/40 41/50/41 39/48/39
f 44/51/42 43/50/43 42/49/44
f 44/51/42 45/52/45 43/50/43
f 46/53/46 45/52/45 44/51/42
f 46/53/46 47/54/47 45/52/45
f 48/55/48 47/54/47 46/53/46
f 48/55/48 49/56/49 47/54/47
f 39/48/39 47/54/47 37/46/37
f 39/48/39 45/52/45 47/54/47
f 41/50/41 45/52/45 39/48/39
f 41/50/41 43/50/43 45/52/45
f 38/57/38 50/58/50 40/59/40
f 38/57/38 51/60/51 50/58/50
f 36/61/34 51/60/51 38/57/38
f 36/61/34 52/62/52 51/60/51
f 34/63/36 52/62/52 36/61/34
f 34/63/36 53/64/53 52/62/52
f 11/6/11 53/64/53 34/63/36
f 11/6/11 54/4/54 53/64/53
f 9/5/7 54/4/54 11/6/11
f 9/5/7 55/2/55 54/4/54
f 19/1/19 55/2/55 9/5/7
f 19/1/19 17/3/17 55/2/55
f 51/60/51 56/65/56 50/58/50
f 51/60/51 57/66/57 56/65/56
f 52/62/52 57/66/57 51/60/51
f 52/62/52 58/67/58 57/66/57
f 53/64/53 58/67/58 52/62/52
f 53/64/53 59/68/59 58/67/58
f 54/4/54 59/68/59 53/64/53
f 54/4/54 55/2/55 59/68/59
f 48/69/48 55/2/55 17/3/17
f 48/69/48 59/68/59 55/2/55
f 46/70/46 59/68/59 48/69/48
f 46/70/46 58/67/58 59/68/59
f 44/71/42 58/67/58 46/70/46
f 44/71/42 57/66/57 58/67/58
f 42/72/44 57/66/57 44/71/42
f 42/72/44 56/65/56 57/66/57
f 62/73/60 61/74/61 60/75/62
f 62/73/60 63/76/63 61/74/61
f 64/77/64 63/76/63 62/73/60
f 64/77/64 65/78/65 63/76/63
f 66/79/66 65/78/65 64/77/64
f 66/79/66 67/80/67 65/78/65
f 68/81/68 67/80/67 66/79/66
f 68/81/68 69/82/69 67/80/67
f 70/83/70 69/82/69 68/81/68
f 70/83/70 71/84/71 69/82/69
f 74/85/72 73/86/73 72/87/74
f 74/85/72 75/85/75 73/86/73
f 76/88/76 75/85/75 74/85/72
f 76/88/76 77/88/77 75/85/75
f 78/89/78 77/88/77 76/88/76
f 78/89/78 79/90/79 77/88/77
f 72/87/74 79/90/79 78/89/78
f 72/87/74 73/86/73 79/90/79
f 17/91/17 49/92/49 48/92/48
f 49/92/49 17/91/17 15/93/15
f 15/93/15 35/92/35 49/92/49
f 35/92/35 15/93/15 13/94/13
f 11/95/11 35/92/35 13/94/13
f 35/92/35 11/95/11 34/92/36
f 80/96/80 9/29/7 7/97/9
f 9/29/7 80/96/80 24/30/25
f 7/97/9 33/41/33 80/96/80
f 33/41/33 7/97/9 5/42/5
f 3/98/1 81/99/81 20/20/20
f 81/99/81 3/98/1 1/100/3
f 1/100/3 82/101/82 81/99/81
f 82/101/82 1/100/3 83/102/83
f 21/23/22 82/101/82 83/102/83
f 82/101/82 21/23/22 84/103/84
f 22/22/21 84/103/84 21/23/22
f 26/32/26 29/36/29 27/34/27
f 29/36/29 26/32/26 85/104/85
f 25/28/24 85/104/85 26/32/26
f 29/36/29 85/104/85 31/38/31
f 3/40/1 20/33/20 28/35/28
f 35/44/35 47/54/47 49/56/49
f 47/54/47 35/44/35 37/46/37
f 61/74/61 70/83/70 60/75/62
f 70/83/70 61/74/61 71/84/71
f 86/105/86 66/79/66 64/77/64
f 66/79/66 86/105/86 68/81/68
f 70/83/70 68/81/68 86/105/86
f 62/73/60 86/105/86 64/77/64
f 86/105/86 62/73/60 60/75/62
f 86/105/86 60/75/62 70/83/70
f 75/85/75 79/90/79 73/86/73
f 79/90/79 75/85/75 77/88/77
f 72/87/74 76/88/76 74/85/72
f 76/88/76 72/87/74 78/89/78
f 67/80/67 87/106/87 65/78/65
f 67/80/67 88/106/88 87/106/87
f 69/82/69 88/106/88 67/80/67
f 69/82/69 89/107/89 88/106/88
f 71/84/71 89/107/89 69/82/69
f 71/84/71 90/108/90 89/107/89
f 91/109/91 90/108/90 71/84/71
f 91/109/91 92/110/92 90/108/90
f 93/111/93 92/110/92 91/109/91
f 93/111/93 94/112/94 92/110/92
f 95/113/95 94/112/94 93/111/93
f 95/113/95 96/114/96 94/112/94
f 97/115/97 96/114/96 95/113/95
f 97/115/97 98/116/98 96/114/96
f 99/117/99 98/116/98 97/115/97
f 99/117/99 100/118/100 98/116/98
f 89/107/89 100/118/100 99/117/99
f 89/107/89 92/110/92 100/118/100
f 90/108/90 92/110/92 89/107/89
f 93/111/93 97/115/97 95/113/95
f 93/111/93 99/117/99 97/115/97
f 101/119/101 99/117/99 93/111/93
f 101/119/101 102/120/102 99/117/99
f 103/121/103 102/120/102 101/119/101
f 103/121/103 104/122/104 102/120/102
f 105/123/105 104/122/104 103/121/103
f 105/123/105 106/124/106 104/122/104
f 107/125/107 106/124/106 105/123/105
f 107/125/107 108/126/108 106/124/106
f 109/123/109 108/126/108 107/125/107
f 109/123/109 110/124/110 108/126/108
f 111/121/111 110/124/110 109/123/109
f 111/121/111 112/122/112 110/124/110
f 113/119/113 112/122/112 111/121/111
f 113/119/113 114/120/114 112/122/112
f 115/127/115 114/120/114 113/119/113
f 115/127/115 116/128/116 114/120/114
f 63/76/63 116/128/116 115/127/115
f 63/76/63 87/106/87 116/128/116
f 65/78/65 87/106/87 63/76/63
f 105/123/105 109/123/109 107/125/107
f 105/123/105 111/121/111 109/123/109
f 103/121/103 111/121/111 105/123/105
f 103/121/103 113/119/113 111/121/111
f 101/119/101 113/119/113 103/121/103
f 101/119/101 117/129/117 113/119/113
f 93/111/93 117/129/117 101/119/101
f 93/111/93 91/109/91 117/129/117
f 102/120/102 89/107/89 99/117/99
f 102/120/102 88/106/88 89/107/89
f 118/130/118 88/106/88 102/120/102
f 118/130/118 87/106/87 88/106/88
f 119/131/119 87/106/87 118/130/118
f 119/131/119 116/128/116 87/106/87
f 114/120/114 116/128/116 119/131/119
f 115/127/115 61/74/61 63/76/63
f 115/127/115 120/132/120 61/74/61
f 113/119/113 120/132/120 115/127/115
f 113/119/113 117/129/117 120/132/120
f 119/131/119 112/122/112 114/120/114
f 119/131/119 121/133/121 112/122/112
f 118/130/118 121/133/121 119/131/119
f 118/130/118 122/134/122 121/133/121
f 102/120/102 122/134/122 118/130/118
f 102/120/102 104/122/104 122/134/122
f 121/133/121 110/124/110 112/122/112
f 121/133/121 123/135/123 110/124/110
f 122/134/122 123/135/123 121/133/121
f 122/134/122 124/136/124 123/135/123
f 125/135/125 124/136/124 122/134/122
f 125/135/125 108/126/108 124/136/124
f 106/124/106 108/126/108 125/135/125
f 92/110/92 98/116/98 100/118/100
f 98/116/98 92/110/92 94/112/94
f 98/116/98 94/112/94 96/114/96
f 91/109/91 120/132/120 117/129/117
f 120/132/120 91/109/91 61/74/61
f 71/84/71 61/74/61 91/109/91
f 108/126/108 123/135/123 124/136/124
f 123/135/123 108/126/108 110/124/110
f 104/122/104 125/135/125 122/134/122
f 125/135/125 104/122/104 106/124/106
f 127/92/126 1/91/3 126/92/127
f 127/92/126 83/93/83 1/91/3
f 128/92/128 83/93/83 127/92/126
f 128/92/128 21/94/22 83/93/83
f 129/92/129 21/94/22 128/92/128
f 129/92/129 6/95/6 21/94/22
f 2/2/2 126/69/127 1/3/3
f 2/2/2 130/68/130 126/69/127
f 4/4/4 130/68/130 2/2/2
f 4/4/4 131/64/131 130/68/130
f 6/6/6 131/64/131 4/4/4
f 6/6/6 129/63/129 131/64/131
f 128/44/128 132/43/132 129/45/129
f 128/44/128 133/46/133 132/43/132
f 127/56/126 133/46/133 128/44/128
f 127/56/126 134/54/134 133/46/133
f 126/55/127 134/54/134 127/56/126
f 126/55/127 135/53/135 134/54/134
f 138/50/136 137/51/137 136/49/138
f 138/50/136 139/52/139 137/51/137
f 140/50/140 139/52/139 138/50/136
f 140/50/140 141/48/141 139/52/139
f 142/49/142 141/48/141 140/50/140
f 142/49/142 143/47/143 141/48/141
f 139/52/139 135/53/135 137/51/137
f 139/52/139 134/54/134 135/53/135
f 141/48/141 134/54/134 139/52/139
f 141/48/141 133/46/133 134/54/134
f 143/47/143 133/46/133 141/48/141
f 143/47/143 132/43/132 133/46/133
f 130/68/130 135/70/135 126/69/127
f 130/68/130 144/67/144 135/70/135
f 131/64/131 144/67/144 130/68/130
f 131/64/131 145/62/145 144/67/144
f 129/63/129 145/62/145 131/64/131
f 129/63/129 132/61/132 145/62/145
f 144/67/144 137/71/137 135/70/135
f 144/67/144 146/66/146 137/71/137
f 145/62/145 146/66/146 144/67/144
f 145/62/145 147/60/147 146/66/146
f 132/61/132 147/60/147 145/62/145
f 132/61/132 143/57/143 147/60/147
f 148/58/148 143/57/143 142/59/142
f 148/58/148 147/60/147 143/57/143
f 149/65/149 147/60/147 148/58/148
f 149/65/149 146/66/146 147/60/147
f 136/72/138 146/66/146 149/65/149
f 136/72/138 137/71/137 146/66/146
f 152/73/150 151/78/151 150/77/152
f 152/73/150 153/76/153 151/78/151
f 154/75/154 153/76/153 152/73/150
f 154/75/154 155/74/155 153/76/153
f 156/83/156 155/74/155 154/75/154
f 156/83/156 157/84/157 155/74/155
f 158/81/158 157/84/157 156/83/156
f 158/81/158 159/82/159 157/84/157
f 160/79/160 159/82/159 158/81/158
f 160/79/160 161/80/161 159/82/159
f 164/88/162 163/89/163 162/90/164
f 164/88/162 165/88/165 163/89/163
f 166/85/166 165/88/165 164/88/162
f 166/85/166 167/85/167 165/88/165
f 168/86/168 167/85/167 166/85/166
f 168/86/168 169/87/169 167/85/167
f 162/90/164 169/87/169 168/86/168
f 162/90/164 163/89/163 169/87/169
f 151/78/151 160/79/160 150/77/152
f 160/79/160 151/78/151 161/80/161
f 170/105/170 150/77/152 160/79/160
f 150/77/152 170/105/170 152/73/150
f 154/75/154 152/73/150 170/105/170
f 158/81/158 170/105/170 160/79/160
f 170/105/170 158/81/158 156/83/156
f 170/105/170 156/83/156 154/75/154
f 169/87/169 165/88/165 167/85/167
f 165/88/165 169/87/169 163/89/163
f 166/85/166 162/90/164 168/86/168
f 162/90/164 166/85/166 164/88/162
f 153/76/153 171/106/171 151/78/151
f 153/76/153 172/128/172 171/106/171
f 173/127/173 172/128/172 153/76/153
f 173/127/173 174/120/174 172/128/172
f 175/119/175 174/120/174 173/127/173
f 175/119/175 176/122/176 174/120/174
f 177/121/177 176/122/176 175/119/175
f 177/121/177 178/124/178 176/122/176
f 179/123/179 178/124/178 177/121/177
f 179/123/179 180/126/180 178/124/178
f 181/125/181 180/126/180 179/123/179
f 181/125/181 182/124/182 180/126/180
f 183/123/183 182/124/182 181/125/181
f 183/123/183 184/122/184 182/124/182
f 185/121/185 184/122/184 183/123/183
f 185/121/185 186/120/186 184/122/184
f 187/119/187 186/120/186 185/121/185
f 187/119/187 188/117/188 186/120/186
f 189/111/189 188/117/188 187/119/187
f 189/111/189 190/115/190 188/117/188
f 191/113/191 190/115/190 189/111/189
f 191/113/191 192/114/192 190/115/190
f 193/112/193 192/114/192 191/113/191
f 193/112/193 194/116/194 192/114/192
f 195/110/195 194/116/194 193/112/193
f 195/110/195 196/118/196 194/116/194
f 197/108/197 196/118/196 195/110/195
f 197/108/197 198/107/198 196/118/196
f 157/84/157 198/107/198 197/108/197
f 157/84/157 159/82/159 198/107/198
f 179/123/179 183/123/183 181/125/181
f 179/123/179 185/121/185 183/123/183
f 177/121/177 185/121/185 179/123/179
f 177/121/177 187/119/187 185/121/185
f 175/119/175 187/119/187 177/121/177
f 175/119/175 199/129/199 187/119/187
f 200/132/200 199/129/199 175/119/175
f 200/132/200 201/109/201 199/129/199
f 155/74/155 201/109/201 200/132/200
f 155/74/155 157/84/157 201/109/201
f 194/116/194 190/115/190 192/114/192
f 194/116/194 188/117/188 190/115/190
f 196/118/196 188/117/188 194/116/194
f 196/118/196 198/107/198 188/117/188
f 189/111/189 193/112/193 191/113/191
f 189/111/189 195/110/195 193/112/193
f 201/109/201 195/110/195 189/111/189
f 201/109/201 197/108/197 195/110/195
f 157/84/157 197/108/197 201/109/201
f 198/107/198 186/120/186 188/117/188
f 198/107/198 202/137/202 186/120/186
f 159/82/159 202/137/202 198/107/198
f 159/82/159 161/80/161 202/137/202
f 171/106/171 161/80/161 151/78/151
f 171/106/171 202/137/202 161/80/161
f 203/131/203 202/137/202 171/106/171
f 203/131/203 204/130/204 202/137/202
f 205/133/205 204/130/204 203/131/203
f 205/133/205 206/134/206 204/130/204
f 207/135/207 206/134/206 205/133/205
f 207/135/207 208/136/208 206/134/206
f 178/124/178 208/136/208 207/135/207
f 178/124/178 180/126/180 208/136/208
f 205/133/205 178/124/178 207/135/207
f 205/133/205 176/122/176 178/124/178
f 203/131/203 176/122/176 205/133/205
f 203/131/203 174/120/174 176/122/176
f 171/106/171 174/120/174 203/131/203
f 171/106/171 172/128/172 174/120/174
f 204/130/204 186/120/186 202/137/202
f 204/130/204 184/122/184 186/120/186
f 206/134/206 184/122/184 204/130/204
f 206/134/206 182/124/182 184/122/184
f 209/135/209 182/124/182 206/134/206
f 209/135/209 180/126/180 182/124/182
f 208/136/208 180/126/180 209/135/209
f 173/127/173 200/132/200 175/119/175
f 200/132/200 173/127/173 155/74/155
f 153/76/153 155/74/155 173/127/173
f 199/129/199 189/111/189 187/119/187
f 189/111/189 199/129/199 201/109/201
f 206/134/206 208/136/208 209/135/209
f 212/138/210 211/139/211 210/140/212
f 212/138/210 213/141/213 211/139/211
f 214/142/214 213/141/213 212/138/210
f 214/142/214 215/143/215 213/141/213
f 216/144/216 215/143/215 214/142/214
f 216/144/216 217/145/217 215/143/215
f 218/146/218 217/145/217 216/144/216
f 218/146/218 219/147/219 217/145/217
f 220/148/220 219/147/219 218/146/218
f 220/148/220 221/149/221 219/147/219
f 222/150/222 221/149/221 220/148/220
f 222/150/222 223/151/223 221/149/221
f 224/152/224 223/151/223 222/150/222
f 224/152/224 225/151/225 223/151/223
f 222/150/222 225/151/225 224/152/224
f 222/150/222 226/153/226 225/151/225
f 220/148/220 226/153/226 222/150/222
f 220/148/220 227/154/227 226/153/226
f 228/155/228 227/154/227 220/148/220
f 228/155/228 229/156/229 227/154/227
f 230/157/230 229/156/229 228/155/228
f 230/157/230 231/158/231 229/156/229
f 214/142/214 231/158/231 230/157/230
f 214/142/214 232/159/232 231/158/231
f 212/138/210 232/159/232 214/142/214
f 230/157/230 216/144/216 214/142/214
f 230/157/230 218/146/218 216/144/216
f 228/155/228 218/146/218 230/157/230
f 228/155/228 220/148/220 218/146/218
f 221/149/221 217/145/217 219/147/219
f 221/149/221 233/160/233 217/145/217
f 223/151/223 233/160/233 221/149/221
f 223/151/223 234/161/234 233/160/233
f 225/151/225 234/161/234 223/151/223
f 225/151/225 235/161/235 234/161/234
f 226/153/226 235/161/235 225/151/225
f 226/153/226 236/162/236 235/161/235
f 227/154/227 236/162/236 226/153/226
f 227/154/227 229/156/229 236/162/236
f 233/160/233 215/143/215 217/145/217
f 233/160/233 237/163/237 215/143/215
f 234/161/234 237/163/237 233/160/233
f 234/161/234 238/164/238 237/163/237
f 235/161/235 238/164/238 234/161/234
f 235/161/235 239/164/239 238/164/238
f 236/162/236 239/164/239 235/161/235
f 236/162/236 240/165/240 239/164/239
f 231/158/231 240/165/240 236/162/236
f 231/158/231 241/166/241 240/165/240
f 232/159/232 241/166/241 231/158/231
f 232/159/232 242/167/242 241/166/241
f 243/168/243 242/167/242 232/159/232
f 243/168/243 244/169/244 242/167/242
f 213/141/213 244/169/244 243/168/243
f 213/141/213 215/143/215 244/169/244
f 237/163/237 244/169/244 215/143/215
f 237/163/237 242/167/242 244/169/244
f 245/170/245 242/167/242 237/163/237
f 245/170/245 241/166/241 242/167/242
f 240/165/240 241/166/241 245/170/245
f 245/170/245 239/164/239 240/165/240
f 245/170/245 246/171/246 239/164/239
f 237/163/237 246/171/246 245/170/245
f 237/163/237 238/164/238 246/171/246
f 249/172/247 248/173/248 247/172/249
f 249/172/247 250/173/250 248/173/248
f 251/174/251 250/173/250 249/172/247
f 251/174/251 252/175/252 250/173/250
f 253/176/253 252/175/252 251/174/251
f 253/176/253 254/177/254 252/175/252
f 255/176/255 254/177/254 253/176/253
f 255/176/255 256/177/256 254/177/254
f 257/174/257 249/172/247 247/172/249
f 257/174/257 251/174/251 249/172/247
f 255/176/255 251/174/251 257/174/257
f 255/176/255 253/176/253 251/174/251
f 252/175/252 248/173/248 250/173/250
f 252/175/252 258/175/258 248/173/248
f 254/177/254 258/175/258 252/175/252
f 254/177/254 256/177/256 258/175/258
f 261/172/259 260/173/260 259/172/261
f 261/172/259 262/173/262 260/173/260
f 263/174/263 262/173/262 261/172/259
f 263/174/263 264/175/264 262/173/262
f 265/176/265 264/175/264 263/174/263
f 265/176/265 266/177/266 264/175/264
f 267/176/267 266/177/266 265/176/265
f 267/176/267 268/177/268 266/177/266
f 269/174/269 261/172/259 259/172/261
f 269/174/269 263/174/263 261/172/259
f 267/176/267 263/174/263 269/174/269
f 267/176/267 265/176/265 263/174/263
f 264/175/264 260/173/260 262/173/262
f 264/175/264 270/175/270 260/173/260
f 266/177/266 270/175/270 264/175/264
f 266/177/266 268/177/268 270/175/270
f 271/178/271 210/140/212 211/139/211
f 210/140/212 271/178/271 272/179/272
f 231/158/231 236/162/236 229/156/229
f 238/164/238 239/164/239 246/171/246
f 275/179/273 274/180/274 273/178/275
f 275/179/273 276/140/276 274/180/274
f 277/178/277 276/140/276 275/179/273
f 277/178/277 278/139/278 276/140/276
f 279/141/279 276/140/276 278/139/278
f 279/141/279 280/138/280 276/140/276
f 281/143/281 280/138/280 279/141/279
f 281/143/281 282/142/282 280/138/280
f 283/144/283 282/142/282 281/143/281
f 283/144/283 284/157/284 282/142/282
f 285/146/285 284/157/284 283/144/283
f 285/146/285 286/155/286 284/157/284
f 287/148/287 286/155/286 285/146/285
f 287/148/287 288/154/288 286/155/286
f 289/150/289 288/154/288 287/148/287
f 289/150/289 290/153/290 288/154/288
f 291/152/291 290/153/290 289/150/289
f 291/152/291 292/151/292 290/153/290
f 293/151/293 292/151/292 291/152/291
f 293/151/293 294/161/294 292/151/292
f 295/161/295 294/161/294 293/151/293
f 295/161/295 296/164/296 294/161/294
f 297/164/297 296/164/296 295/161/295
f 297/164/297 298/171/298 296/164/296
f 299/163/299 298/171/298 297/164/297
f 299/163/299 300/170/300 298/171/298
f 301/169/301 300/170/300 299/163/299
f 301/169/301 302/167/302 300/170/300
f 279/141/279 302/167/302 301/169/301
f 279/141/279 303/168/303 302/167/302
f 289/150/289 293/151/293 291/152/291
f 289/150/289 304/149/304 293/151/293
f 287/148/287 304/149/304 289/150/289
f 287/148/287 305/147/305 304/149/304
f 285/146/285 305/147/305 287/148/287
f 285/146/285 306/145/306 305/147/305
f 283/144/283 306/145/306 285/146/285
f 283/144/283 281/143/281 306/145/306
f 307/159/307 302/167/302 303/168/303
f 307/159/307 308/166/308 302/167/302
f 309/158/309 308/166/308 307/159/307
f 309/158/309 310/165/310 308/166/308
f 311/162/311 310/165/310 309/158/309
f 311/162/311 296/164/296 310/165/310
f 294/161/294 296/164/296 311/162/311
f 311/162/311 292/151/292 294/161/294
f 311/162/311 290/153/290 292/151/292
f 312/156/312 290/153/290 311/162/311
f 312/156/312 288/154/288 290/153/290
f 286/155/286 288/154/288 312/156/312
f 282/142/282 307/159/307 280/138/280
f 282/142/282 309/158/309 307/159/307
f 284/157/284 309/158/309 282/142/282
f 284/157/284 312/156/312 309/158/309
f 286/155/286 312/156/312 284/157/284
f 306/145/306 304/149/304 305/147/305
f 306/145/306 313/160/313 304/149/304
f 281/143/281 313/160/313 306/145/306
f 281/143/281 299/163/299 313/160/313
f 295/161/295 299/163/299 297/164/297
f 295/161/295 313/160/313 299/163/299
f 293/151/293 313/160/313 295/161/295
f 293/151/293 304/149/304 313/160/313
f 316/172/314 315/173/315 314/172/316
f 316/172/314 317/173/317 315/173/315
f 318/174/318 317/173/317 316/172/314
f 318/174/318 319/175/319 317/173/317
f 320/176/320 319/175/319 318/174/318
f 320/176/320 321/177/321 319/175/319
f 322/176/322 321/177/321 320/176/320
f 322/176/322 323/177/323 321/177/321
f 324/174/324 316/172/314 314/172/316
f 324/174/324 318/174/318 316/172/314
f 322/176/322 318/174/318 324/174/324
f 322/176/322 320/176/320 318/174/318
f 319/175/319 315/173/315 317/173/317
f 319/175/319 325/175/325 315/173/315
f 321/177/321 325/175/325 319/175/319
f 321/177/321 323/177/323 325/175/325
f 328/172/326 327/173/327 326/172/328
f 328/172/326 329/173/329 327/173/327
f 330/174/330 329/173/329 328/172/326
f 330/174/330 331/175/331 329/173/329
f 332/176/332 331/175/331 330/174/330
f 332/176/332 333/177/333 331/175/331
f 334/176/334 333/177/333 332/176/332
f 334/176/334 335/177/335 333/177/333
f 336/174/336 328/172/326 326/172/328
f 336/174/336 330/174/330 328/172/326
f 334/176/334 330/174/330 336/174/336
f 334/176/334 332/176/332 330/174/330
f 331/175/331 327/173/327 329/173/329
f 331/175/331 337/175/337 327/173/327
f 333/177/333 337/175/337 331/175/331
f 333/177/333 335/177/335 337/175/337
f 276/140/276 307/159/307 274/180/274
f 307/159/307 276/140/276 280/138/280
f 301/169/301 281/143/281 279/141/279
f 281/143/281 301/169/301 299/163/299
f 308/166/308 300/170/300 302/167/302
f 300/170/300 308/166/308 310/165/310
f 296/164/296 300/170/300 310/165/310
f 300/170/300 296/164/296 298/171/298
f 311/162/311 309/158/309 312/156/312
f 340/181/338 339/182/339 338/183/340
f 340/181/338 341/184/341 339/182/339
f 342/185/342 341/184/341 340/181/338
f 342/185/342 343/186/343 341/184/341
f 344/187/344 343/186/343 342/185/342
f 344/187/344 345/188/345 343/186/343
f 346/189/346 345/188/345 344/187/344
f 346/189/346 347/190/347 345/188/345
f 348/191/348 347/190/347 346/189/346
f 348/191/348 349/192/349 347/190/347
f 350/193/350 349/192/349 348/191/348
f 350/193/350 351/194/351 349/192/349
f 352/195/352 351/194/351 350/193/350
f 352/195/352 353/196/353 351/194/351
f 354/197/354 353/196/353 352/195/352
f 354/197/354 355/198/355 353/196/353
f 356/199/356 355/198/355 354/197/354
f 356/199/356 357/200/357 355/198/355
f 338/201/340 357/200/357 356/199/356
f 338/201/340 339/202/339 357/200/357
f 358/203/358 352/204/352 350/205/350
f 358/203/358 359/206/359 352/204/352
f 360/207/360 359/206/359 358/203/358
f 360/207/360 361/208/361 359/206/359
f 362/209/362 361/208/361 360/207/360
f 362/209/362 363/210/363 361/208/361
f 364/211/364 363/210/363 362/209/362
f 364/211/364 271/212/271 363/210/363
f 272/213/272 271/212/271 364/211/364
f 366/214/365 271/212/271 365/215/366
f 366/214/365 363/210/363 271/212/271
f 367/216/367 363/210/363 366/214/365
f 367/216/367 361/208/361 363/210/363
f 368/217/368 361/208/361 367/216/367
f 368/217/368 369/218/369 361/208/361
f 370/219/370 369/218/369 368/217/368
f 370/219/370 354/220/354 369/218/369
f 356/221/356 354/220/354 370/219/370
f 371/222/371 348/223/348 346/224/346
f 371/222/371 372/225/372 348/223/348
f 373/226/373 372/225/372 371/222/371
f 373/226/373 374/227/374 372/225/372
f 375/228/375 374/227/374 373/226/373
f 375/228/375 376/229/376 374/227/374
f 377/230/377 376/229/376 375/228/375
f 377/230/377 378/228/378 376/229/376
f 370/231/370 378/228/378 377/230/377
f 370/231/370 368/232/368 378/228/378
f 372/225/372 350/224/350 348/223/348
f 372/225/372 358/222/358 350/224/350
f 374/227/374 358/222/358 372/225/372
f 374/227/374 379/226/379 358/222/358
f 376/229/376 379/226/379 374/227/374
f 376/229/376 378/228/378 379/226/379
f 377/230/377 356/233/356 370/231/370
f 377/230/377 338/234/340 356/233/356
f 380/231/380 338/234/340 377/230/377
f 380/231/380 340/233/338 338/234/340
f 379/226/379 360/235/360 358/222/358
f 379/226/379 381/236/381 360/235/360
f 378/228/378 381/236/381 379/226/379
f 378/228/378 382/237/382 381/236/381
f 368/232/368 382/237/382 378/228/378
f 368/232/368 383/238/383 382/237/382
f 367/239/367 383/238/383 368/232/368
f 367/239/367 384/240/384 383/238/383
f 366/241/365 384/240/384 367/239/367
f 366/241/365 385/242/385 384/240/384
f 365/243/366 385/242/385 366/241/365
f 364/244/364 385/242/385 272/245/272
f 364/244/364 384/240/384 385/242/385
f 362/246/362 384/240/384 364/244/364
f 362/246/362 383/238/383 384/240/384
f 360/235/360 383/238/383 362/246/362
f 360/235/360 381/236/381 383/238/383
f 388/247/386 387/248/387 386/249/388
f 388/247/386 389/250/389 387/248/387
f 390/249/390 389/250/389 388/247/386
f 390/249/390 391/248/391 389/250/389
f 392/251/392 391/248/391 390/249/390
f 392/251/392 393/252/393 391/248/391
f 386/249/388 393/252/393 392/251/392
f 386/249/388 387/248/387 393/252/393
f 394/253/394 386/249/388 392/251/392
f 394/253/394 395/254/395 386/249/388
f 396/255/396 395/254/395 394/253/394
f 396/255/396 397/256/397 395/254/395
f 393/252/393 397/256/397 396/255/396
f 393/252/393 387/248/387 397/256/397
f 395/254/395 388/247/386 386/249/388
f 395/254/395 398/257/398 388/247/386
f 397/256/397 398/257/398 395/254/395
f 397/256/397 399/258/399 398/257/398
f 387/248/387 399/258/399 397/256/397
f 387/248/387 389/250/389 399/258/399
f 391/248/391 399/258/399 389/250/389
f 391/248/391 400/256/400 399/258/399
f 393/252/393 400/256/400 391/248/391
f 393/252/393 396/255/396 400/256/400
f 398/257/398 390/249/390 388/247/386
f 398/257/398 401/254/401 390/249/390
f 399/258/399 401/254/401 398/257/398
f 399/258/399 400/256/400 401/254/401
f 344/204/344 371/203/371 346/205/346
f 342/220/342 340/221/338 380/219/380
f 272/179/272 402/180/402 210/140/212
f 402/180/402 272/179/272 385/178/385
f 385/178/385 403/259/403 402/180/402
f 403/259/403 385/178/385 365/260/366
f 365/260/366 211/139/211 403/259/403
f 211/139/211 365/260/366 271/178/271
f 210/140/212 232/159/232 212/138/210
f 232/159/232 210/140/212 402/180/402
f 402/180/402 243/168/243 232/159/232
f 243/168/243 402/180/402 403/259/403
f 403/259/403 213/141/213 243/168/243
f 213/141/213 403/259/403 211/139/211
f 369/218/369 359/206/359 361/208/361
f 359/206/359 369/218/369 354/220/354
f 352/204/352 359/206/359 354/220/354
f 380/231/380 377/230/377 375/228/375
f 383/238/383 381/236/381 382/237/382
f 396/255/396 401/254/401 400/256/400
f 401/254/401 396/255/396 394/253/394
f 394/253/394 390/249/390 401/254/401
f 390/249/390 394/253/394 392/251/392
f 404/260/404 278/139/278 277/178/277
f 404/260/404 405/259/405 278/139/278
f 273/178/275 405/259/405 404/260/404
f 273/178/275 274/180/274 405/259/405
f 405/259/405 279/141/279 278/139/278
f 405/259/405 303/168/303 279/141/279
f 274/180/274 303/168/303 405/259/405
f 274/180/274 307/159/307 303/168/303
f 375/228/375 406/232/406 380/231/380
f 375/228/375 407/237/407 406/232/406
f 373/226/373 407/237/407 375/228/375
f 373/226/373 408/236/408 407/237/407
f 409/235/409 408/236/408 373/226/373
f 409/235/409 410/238/410 408/236/408
f 411/246/411 410/238/410 409/235/409
f 411/246/411 412/240/412 410/238/410
f 413/244/413 412/240/412 411/246/411
f 413/244/413 273/242/275 412/240/412
f 275/245/273 273/242/275 413/244/413
f 414/241/414 273/242/275 404/243/404
f 414/241/414 412/240/412 273/242/275
f 415/239/415 412/240/412 414/241/414
f 415/239/415 410/238/410 412/240/412
f 406/232/406 410/238/410 415/239/415
f 406/232/406 407/237/407 410/238/410
f 413/211/413 277/212/277 275/213/273
f 413/211/413 416/210/416 277/212/277
f 411/209/411 416/210/416 413/211/413
f 411/209/411 417/208/417 416/210/416
f 409/207/409 417/208/417 411/209/411
f 409/207/409 418/206/418 417/208/417
f 371/203/371 418/206/418 409/207/409
f 371/203/371 344/204/344 418/206/418
f 416/210/416 404/215/404 277/212/277
f 416/210/416 414/214/414 404/215/404
f 417/208/417 414/214/414 416/210/416
f 417/208/417 415/216/415 414/214/414
f 419/218/419 415/216/415 417/208/417
f 419/218/419 406/217/406 415/216/415
f 342/220/342 406/217/406 419/218/419
f 342/220/342 380/219/380 406/217/406
f 409/235/409 373/226/373 371/222/371
f 410/238/410 407/237/407 408/236/408
f 418/206/418 419/218/419 417/208/417
f 419/218/419 418/206/418 342/220/342
f 344/204/344 342/220/342 418/206/418
f 422/261/420 421/262/421 420/263/422
f 422/261/420 423/262/423 421/262/421
f 424/261/424 423/262/423 422/261/420
f 424/261/424 425/263/425 423/262/423
f 426/264/426 425/263/425 424/261/424
f 426/264/426 427/265/427 425/263/425
f 428/264/428 427/265/427 426/264/426
f 428/264/428 429/265/429 427/265/427
f 430/266/430 23/24/23 8/26/8
f 430/266/430 431/267/431 23/24/23
f 339/268/339 431/267/431 430/266/430
f 339/268/339 341/269/341 431/267/431
f 10/10/10 430/270/430 8/8/8
f 10/10/10 432/271/432 430/270/430
f 12/12/12 432/271/432 10/10/10
f 12/12/12 433/272/433 432/271/432
f 14/14/14 433/272/433 12/12/12
f 14/14/14 434/273/434 433/272/433
f 16/16/16 434/273/434 14/14/14
f 16/16/16 435/274/435 434/273/434
f 18/18/18 435/274/435 16/16/16
f 18/18/18 436/275/436 435/274/435
f 20/20/20 436/275/436 18/18/18
f 20/20/20 437/276/437 436/275/436
f 81/99/81 437/276/437 20/20/20
f 81/99/81 438/277/438 437/276/437
f 82/101/82 438/277/438 81/99/81
f 82/101/82 84/103/84 438/277/438
f 433/272/433 357/278/357 432/271/432
f 433/272/433 355/279/355 357/278/357
f 434/273/434 355/279/355 433/272/433
f 434/273/434 353/280/353 355/279/355
f 435/274/435 353/280/353 434/273/434
f 435/274/435 351/281/351 353/280/353
f 436/275/436 351/281/351 435/274/435
f 436/275/436 349/282/349 351/281/351
f 437/276/437 349/282/349 436/275/436
f 437/276/437 347/283/347 349/282/349
f 438/277/438 347/283/347 437/276/437
f 438/277/438 345/284/345 347/283/347
f 439/285/439 345/284/345 438/277/438
f 439/285/439 343/286/343 345/284/345
f 431/267/431 343/286/343 439/285/439
f 431/267/431 341/269/341 343/286/343
f 423/262/423 440/287/440 421/262/421
f 423/262/423 441/287/441 440/287/440
f 425/263/425 441/287/441 423/262/423
f 425/263/425 442/288/442 441/287/441
f 427/265/427 442/288/442 425/263/425
f 427/265/427 443/288/443 442/288/442
f 429/265/429 443/288/443 427/265/427
f 33/41/33 444/289/444 80/96/80
f 33/41/33 445/290/445 444/289/444
f 32/39/32 445/290/445 33/41/33
f 32/39/32 446/289/446 445/290/445
f 30/37/30 446/289/446 32/39/32
f 30/37/30 31/38/31 446/289/446
f 449/262/447 448/287/448 447/262/449
f 449/262/447 450/287/450 448/287/448
f 451/263/451 450/287/450 449/262/447
f 451/263/451 452/288/452 450/287/450
f 453/265/453 452/288/452 451/263/451
f 453/265/453 454/288/454 452/288/452
f 455/265/455 454/288/454 453/265/453
f 456/261/456 449/262/447 447/262/449
f 456/261/456 457/261/457 449/262/447
f 458/264/458 457/261/457 456/261/456
f 458/264/458 459/264/459 457/261/457
f 455/265/455 459/264/459 458/264/458
f 455/265/455 453/265/453 459/264/459
f 462/262/460 461/287/461 460/262/462
f 462/262/460 463/287/463 461/287/461
f 464/263/464 463/287/463 462/262/460
f 464/263/464 465/288/465 463/287/463
f 466/265/466 465/288/465 464/263/464
f 466/265/466 467/288/467 465/288/465
f 468/265/468 467/288/467 466/265/466
f 469/261/469 462/262/460 460/262/462
f 469/261/469 470/261/470 462/262/460
f 471/264/471 470/261/470 469/261/469
f 471/264/471 472/264/472 470/261/470
f 468/265/468 472/264/472 471/264/471
f 468/265/468 466/265/466 472/264/472
f 475/262/473 474/287/474 473/262/475
f 475/262/473 476/287/476 474/287/474
f 477/263/477 476/287/476 475/262/473
f 477/263/477 478/288/478 476/287/476
f 479/265/479 478/288/478 477/263/477
f 479/265/479 480/288/480 478/288/478
f 481/265/481 480/288/480 479/265/479
f 482/261/482 475/262/473 473/262/475
f 482/261/482 483/261/483 475/262/473
f 484/264/484 483/261/483 482/261/482
f 484/264/484 485/264/485 483/261/483
f 481/265/481 485/264/485 484/264/484
f 481/265/481 479/265/479 485/264/485
f 487/291/486 486/292/487 444/289/444
f 486/292/487 487/291/486 488/293/488
f 489/294/489 444/289/444 445/290/445
f 444/289/444 489/294/489 487/291/486
f 490/291/490 445/290/445 446/289/446
f 445/290/445 490/291/490 489/294/489
f 488/293/488 446/289/446 486/292/487
f 446/289/446 488/293/488 490/291/490
f 487/295/486 490/296/490 488/297/488
f 490/296/490 487/295/486 489/297/489
f 422/261/420 426/264/426 424/261/424
f 426/264/426 422/261/420 428/264/428
f 430/270/430 357/278/357 339/298/339
f 357/278/357 430/270/430 432/271/432
f 84/103/84 439/285/439 438/277/438
f 439/285/439 84/103/84 22/22/21
f 439/285/439 23/24/23 431/267/431
f 23/24/23 439/285/439 22/22/21
f 443/288/443 441/287/441 442/288/442
f 441/287/441 443/288/443 440/287/440
f 444/289/444 24/30/25 80/96/80
f 24/30/25 444/289/444 486/292/487
f 486/292/487 25/28/24 24/30/25
f 25/28/24 486/292/487 446/289/446
f 446/289/446 85/104/85 25/28/24
f 85/104/85 446/289/446 31/38/31
f 454/288/454 450/287/450 452/288/452
f 450/287/450 454/288/454 448/287/448
f 451/263/451 459/264/459 453/265/453
f 459/264/459 451/263/451 457/261/457
f 449/262/447 457/261/457 451/263/451
f 467/288/467 463/287/463 465/288/465
f 463/287/463 467/288/467 461/287/461
f 464/263/464 472/264/472 466/265/466
f 472/264/472 464/263/464 470/261/470
f 462/262/460 470/261/470 464/263/464
f 480/288/480 476/287/476 478/288/478
f 476/287/476 480/288/480 474/287/474
f 477/263/477 485/264/485 479/265/479
f 485/264/485 477/263/477 483/261/483
f 475/262/473 483/261/483 477/263/477
f 493/299/491 492/300/492 491/301/493
f 493/299/491 494/302/494 492/300/492
f 495/303/495 494/302/494 493/299/491
f 495/303/495 496/304/496 494/302/494
f 497/305/497 496/304/496 495/303/495
f 497/305/497 498/306/498 496/304/496
f 499/307/499 498/306/498 497/305/497
f 499/307/499 500/308/500 498/306/498
f 501/309/501 500/308/500 499/307/499
f 501/309/501 502/310/502 500/308/500
f 503/311/503 502/312/502 501/313/501
f 503/311/503 504/314/504 502/312/502
f 505/315/505 504/314/504 503/311/503
f 505/315/505 506/316/506 504/314/504
f 509/311/507 508/317/508 507/313/509
f 509/311/507 510/318/510 508/317/508
f 511/315/511 510/318/510 509/311/507
f 511/315/511 512/319/512 510/318/510
f 513/301/513 512/319/512 511/315/511
f 513/301/513 514/320/514 512/319/512
f 515/299/515 514/320/514 513/301/513
f 515/299/515 516/321/516 514/320/514
f 517/303/517 516/321/516 515/299/515
f 517/303/517 518/322/518 516/321/516
f 519/305/519 518/322/518 517/303/517
f 519/305/519 520/323/520 518/322/518
f 521/307/521 520/323/520 519/305/519
f 521/307/521 522/324/522 520/323/520
f 507/309/509 522/324/522 521/307/521
f 507/309/509 508/325/508 522/324/522
f 492/300/492 505/315/505 491/301/493
f 505/315/505 492/300/492 506/316/506
f 501/309/501 524/324/523 523/325/508
f 524/324/523 501/309/501 499/307/499
f 499/307/499 525/323/520 524/324/523
f 525/323/520 499/307/499 497/305/497
f 497/305/497 526/322/518 525/323/520
f 526/322/518 497/305/497 495/303/495
f 495/303/495 527/321/516 526/322/518
f 527/321/516 495/303/495 493/299/491
f 493/299/491 528/320/524 527/321/516
f 528/320/524 493/299/491 491/301/493
f 491/301/493 529/319/525 528/320/524
f 529/319/525 491/301/493 505/315/505
f 505/315/505 530/318/510 529/319/525
f 530/318/510 505/315/505 503/311/503
f 503/311/503 523/317/508 530/318/510
f 523/317/508 503/311/503 501/313/501
f 507/309/509 532/308/526 531/310/527
f 532/308/526 507/309/509 521/307/521
f 521/307/521 533/306/528 532/308/526
f 533/306/528 521/307/521 519/305/519
f 519/305/519 534/304/529 533/306/528
f 534/304/529 519/305/519 517/303/517
f 517/303/517 535/302/530 534/304/529
f 535/302/530 517/303/517 515/299/515
f 515/299/515 536/300/531 535/302/530
f 536/300/531 515/299/515 513/301/513
f 513/301/513 537/316/532 536/300/531
f 537/316/532 513/301/513 511/315/511
f 511/315/511 538/314/533 537/316/532
f 538/314/533 511/315/511 509/311/507
f 509/311/507 531/312/527 538/314/533
f 531/312/527 509/311/507 507/313/509
f 539/326/534 502/310/502 504/314/504
f 502/310/502 539/326/534 500/308/500
f 498/306/498 500/308/500 539/326/534
f 506/316/506 539/326/534 504/314/504
f 539/326/534 506/316/506 492/300/492
f 494/302/494 539/326/534 492/300/492
f 539/326/534 494/302/494 496/304/496
f 496/304/496 498/306/498 539/326/534
f 540/326/535 531/310/527 532/308/526
f 531/310/527 540/326/535 538/314/533
f 537/316/532 538/314/533 540/326/535
f 540/326/535 536/300/531 537/316/532
f 536/300/531 540/326/535 535/302/530
f 534/304/529 535/302/530 540/326/535
f 540/326/535 533/306/528 534/304/529
f 533/306/528 540/326/535 532/308/526
f 543/327/536 542/328/537 541/329/538
f 543/327/536 544/330/539 542/328/537
f 545/329/540 544/330/539 543/327/536
f 545/329/540 546/328/541 544/330/539
f 547/331/542 546/328/541 545/329/540
f 547/331/542 548/332/543 546/328/541
f 549/333/544 548/332/543 547/331/542
f 549/333/544 550/334/545 548/332/543
f 551/335/546 550/334/545 549/333/544
f 551/335/546 552/336/547 550/334/545
f 553/337/548 552/336/547 551/335/546
f 553/337/548 554/338/549 552/336/547
f 555/339/550 554/338/549 553/337/548
f 555/339/550 556/336/551 554/338/549
f 557/337/552 556/336/551 555/339/550
f 544/330/539 556/336/551 542/328/537
f 544/330/539 554/338/549 556/336/551
f 546/328/541 554/338/549 544/330/539
f 546/328/541 552/336/547 554/338/549
f 548/332/543 552/336/547 546/328/541
f 548/332/543 550/334/545 552/336/547
f 558/340/553 543/327/536 541/329/538
f 558/340/553 559/341/554 543/327/536
f 560/342/555 559/341/554 558/340/553
f 560/342/555 561/343/556 559/341/554
f 562/344/557 561/343/556 560/342/555
f 562/344/557 563/345/558 561/343/556
f 564/346/559 563/345/558 562/344/557
f 564/346/559 565/347/560 563/345/558
f 557/337/552 565/347/560 564/346/559
f 557/337/552 555/339/550 565/347/560
f 559/341/554 545/329/540 543/327/536
f 559/341/554 566/340/561 545/329/540
f 561/343/556 566/340/561 559/341/554
f 561/343/556 567/342/562 566/340/561
f 563/345/558 567/342/562 561/343/556
f 563/345/558 568/344/563 567/342/562
f 565/347/560 568/344/563 563/345/558
f 565/347/560 569/346/564 568/344/563
f 555/339/550 569/346/564 565/347/560
f 555/339/550 553/337/548 569/346/564
f 566/340/561 547/331/542 545/329/540
f 566/340/561 570/348/565 547/331/542
f 567/342/562 570/348/565 566/340/561
f 567/342/562 571/349/566 570/348/565
f 568/344/563 571/349/566 567/342/562
f 568/344/563 572/350/567 571/349/566
f 569/346/564 572/350/567 568/344/563
f 569/346/564 573/351/568 572/350/567
f 553/337/548 573/351/568 569/346/564
f 553/337/548 551/335/546 573/351/568
f 570/348/565 549/333/544 547/331/542
f 549/333/544 570/348/565 571/349/566
f 572/350/567 549/333/544 571/349/566
f 549/333/544 572/350/567 573/351/568
f 573/351/568 551/335/546 549/333/544
f 576/328/569 575/327/570 574/329/571
f 576/328/569 577/330/554 575/327/570
f 578/336/572 577/330/554 576/328/569
f 578/336/572 579/338/573 577/330/554
f 580/337/574 579/338/573 578/336/572
f 580/337/574 581/339/575 579/338/573
f 582/346/576 581/339/575 580/337/574
f 582/346/576 583/347/577 581/339/575
f 584/344/578 583/347/577 582/346/576
f 584/344/578 585/345/579 583/347/577
f 586/342/580 585/345/579 584/344/578
f 586/342/580 587/343/581 585/345/579
f 588/340/582 587/343/581 586/342/580
f 588/340/582 589/341/583 587/343/581
f 574/329/571 589/341/583 588/340/582
f 574/329/571 575/327/570 589/341/583
f 575/327/570 590/340/584 589/341/583
f 575/327/570 591/329/585 590/340/584
f 577/330/554 591/329/585 575/327/570
f 577/330/554 592/328/561 591/329/585
f 579/338/573 592/328/561 577/330/554
f 579/338/573 593/336/562 592/328/561
f 581/339/575 593/336/562 579/338/573
f 581/339/575 594/337/563 593/336/562
f 583/347/577 594/337/563 581/339/575
f 583/347/577 595/346/564 594/337/563
f 585/345/579 595/346/564 583/347/577
f 585/345/579 596/344/548 595/346/564
f 587/343/581 596/344/548 585/345/579
f 587/343/581 597/342/586 596/344/548
f 589/341/583 597/342/586 587/343/581
f 589/341/583 590/340/584 597/342/586
f 591/329/585 598/348/587 590/340/584
f 591/329/585 599/331/588 598/348/587
f 592/328/561 599/331/588 591/329/585
f 592/328/561 600/332/565 599/331/588
f 593/336/562 600/332/565 592/328/561
f 593/336/562 601/334/566 600/332/565
f 594/337/563 601/334/566 593/336/562
f 594/337/563 602/335/567 601/334/566
f 595/346/564 602/335/567 594/337/563
f 595/346/564 603/351/568 602/335/567
f 596/344/548 603/351/568 595/346/564
f 596/344/548 604/350/546 603/351/568
f 597/342/586 604/350/546 596/344/548
f 597/342/586 605/349/589 604/350/546
f 590/340/584 605/349/589 597/342/586
f 590/340/584 598/348/587 605/349/589
f 599/331/588 606/333/544 598/348/587
f 606/333/544 599/331/588 600/332/565
f 601/334/566 606/333/544 600/332/565
f 606/333/544 601/334/566 602/335/567
f 606/333/544 605/349/589 598/348/587
f 605/349/589 606/333/544 604/350/546
f 603/351/568 604/350/546 606/333/544
f 603/351/568 606/333/544 602/335/567
f 609/352/590 608/353/591 607/354/592
f 609/352/590 610/355/593 608/353/591
f 611/356/594 610/355/593 609/352/590
f 611/356/594 612/357/595 610/355/593
f 613/358/596 612/357/595 611/356/594
f 613/358/596 614/359/597 612/357/595
f 615/360/598 614/359/597 613/358/596
f 615/360/598 616/361/599 614/359/597
f 617/362/600 616/361/599 615/360/598
f 617/362/600 618/363/601 616/361/599
f 609/364/590 619/365/602 611/366/594
f 609/364/590 620/367/603 619/365/602
f 607/368/592 620/367/603 609/364/590
f 607/368/592 621/369/604 620/367/603
f 608/370/591 621/369/604 607/368/592
f 608/370/591 622/371/605 621/369/604
f 623/372/606 622/371/605 608/370/591
f 623/372/606 624/373/607 622/371/605
f 625/374/608 624/373/607 623/372/606
f 625/374/608 626/371/609 624/373/607
f 627/372/610 626/371/609 625/374/608
f 627/372/610 628/370/611 626/371/609
f 629/375/612 628/370/611 627/372/610
f 610/375/593 623/372/606 608/370/591
f 610/375/593 625/374/608 623/372/606
f 630/376/613 625/374/608 610/375/593
f 630/376/613 627/372/610 625/374/608
f 629/375/612 627/372/610 630/376/613
f 633/365/614 632/364/615 631/366/616
f 633/365/614 634/367/617 632/364/615
f 635/377/618 634/367/617 633/365/614
f 635/377/618 636/378/619 634/367/617
f 637/379/620 636/378/619 635/377/618
f 637/379/620 638/380/621 636/378/619
f 639/381/622 638/380/621 637/379/620
f 639/381/622 640/382/623 638/380/621
f 641/383/624 640/382/623 639/381/622
f 641/383/624 642/381/625 640/382/623
f 612/357/595 630/384/613 610/355/593
f 612/357/595 629/355/612 630/384/613
f 631/356/616 629/355/612 612/357/595
f 631/356/616 632/352/615 629/355/612
f 643/362/626 616/361/599 618/363/601
f 643/362/626 644/360/627 616/361/599
f 645/385/628 644/360/627 643/362/626
f 645/385/628 646/386/629 644/360/627
f 647/387/630 646/386/629 645/385/628
f 647/387/630 648/388/631 646/386/629
f 649/389/632 648/388/631 647/387/630
f 649/389/632 650/390/633 648/388/631
f 651/391/634 650/390/633 649/389/632
f 651/391/634 652/392/635 650/390/633
f 653/393/636 652/392/635 651/391/634
f 653/393/636 654/394/637 652/392/635
f 655/391/638 654/394/637 653/393/636
f 655/391/638 656/392/639 654/394/637
f 657/389/640 656/392/639 655/391/638
f 657/389/640 658/390/641 656/392/639
f 659/387/642 658/390/641 657/389/640
f 659/387/642 660/388/643 658/390/641
f 661/385/644 660/388/643 659/387/642
f 661/385/644 662/386/645 660/388/643
f 617/362/600 662/386/645 661/385/644
f 617/362/600 615/360/598 662/386/645
f 613/358/596 662/386/645 615/360/598
f 613/358/596 663/395/646 662/386/645
f 611/356/594 663/395/646 613/358/596
f 611/356/594 619/396/602 663/395/646
f 664/397/647 658/390/641 660/388/643
f 664/397/647 656/392/639 658/390/641
f 642/398/625 656/392/639 664/397/647
f 642/398/625 654/394/637 656/392/639
f 641/399/624 654/394/637 642/398/625
f 641/399/624 652/392/635 654/394/637
f 639/398/622 652/392/635 641/399/624
f 639/398/622 650/390/633 652/392/635
f 637/397/620 650/390/633 639/398/622
f 637/397/620 648/388/631 650/390/633
f 635/400/618 648/388/631 637/397/620
f 635/400/618 633/396/614 648/388/631
f 620/367/603 665/377/648 619/365/602
f 620/367/603 666/378/649 665/377/648
f 667/401/650 666/378/649 620/367/603
f 667/401/650 668/402/651 666/378/649
f 669/403/652 668/402/651 667/401/650
f 669/403/652 636/378/619 668/402/651
f 670/401/653 636/378/619 669/403/652
f 670/401/653 634/367/617 636/378/619
f 671/369/654 634/367/617 670/401/653
f 671/369/654 672/368/655 634/367/617
f 628/370/611 672/368/655 671/369/654
f 624/373/607 667/401/650 622/371/605
f 624/373/607 669/403/652 667/401/650
f 626/371/609 669/403/652 624/373/607
f 626/371/609 670/401/653 669/403/652
f 671/369/654 670/401/653 626/371/609
f 638/380/621 668/402/651 636/378/619
f 638/380/621 673/404/656 668/402/651
f 640/382/623 673/404/656 638/380/621
f 640/382/623 674/380/657 673/404/656
f 642/381/625 674/380/657 640/382/623
f 642/381/625 664/379/647 674/380/657
f 644/360/627 614/359/597 616/361/599
f 644/360/627 675/358/658 614/359/597
f 646/386/629 675/358/658 644/360/627
f 646/386/629 676/395/659 675/358/658
f 648/388/631 676/395/659 646/386/629
f 648/388/631 633/396/614 676/395/659
f 631/356/616 676/395/659 633/396/614
f 631/356/616 675/358/658 676/395/659
f 612/357/595 675/358/658 631/356/616
f 612/357/595 614/359/597 675/358/658
f 677/405/660 657/406/640 655/407/638
f 677/405/660 659/408/642 657/406/640
f 678/409/661 659/408/642 677/405/660
f 678/409/661 661/410/644 659/408/642
f 617/411/600 661/410/644 678/409/661
f 649/412/632 677/405/660 651/413/634
f 649/412/632 678/409/661 677/405/660
f 647/414/630 678/409/661 649/412/632
f 647/414/630 645/415/628 678/409/661
f 628/353/611 632/352/615 672/354/655
f 632/352/615 628/353/611 629/355/612
f 663/395/646 660/388/643 662/386/645
f 660/388/643 663/395/646 619/396/602
f 665/400/648 660/388/643 619/396/602
f 660/388/643 665/400/648 664/397/647
f 634/367/617 672/368/655 632/364/615
f 621/369/604 667/401/650 620/367/603
f 667/401/650 621/369/604 622/371/605
f 628/370/611 671/369/654 626/371/609
f 673/404/656 666/378/649 668/402/651
f 666/378/649 673/404/656 674/380/657
f 674/380/657 665/377/648 666/378/649
f 665/377/648 674/380/657 664/379/647
f 653/416/636 677/405/660 655/407/638
f 677/405/660 653/416/636 651/413/634
f 678/409/661 618/417/601 617/411/600
f 618/417/601 678/409/661 643/418/626
f 645/415/628 643/418/626 678/409/661
f 681/419/662 680/420/663 679/420/664
f 681/419/662 682/421/665 680/420/663
f 683/422/666 682/421/665 681/419/662
f 683/422/666 684/423/667 682/421/665
f 685/424/668 684/423/667 683/422/666
f 685/424/668 686/425/669 684/423/667
f 687/424/670 686/425/669 685/424/668
f 687/424/670 688/425/671 686/425/669
f 689/424/672 688/425/671 687/424/670
f 689/424/672 690/425/673 688/425/671
f 691/426/674 690/425/673 689/424/672
f 691/426/674 692/427/675 690/425/673
f 693/428/676 692/427/675 691/426/674
f 693/428/676 694/427/677 692/427/675
f 695/427/678 694/427/677 693/428/676
f 695/427/678 696/425/679 694/427/677
f 697/425/680 696/425/679 695/427/678
f 697/425/680 698/425/681 696/425/679
f 699/425/682 698/425/681 697/425/680
f 699/425/682 700/425/683 698/425/681
f 701/425/684 700/425/683 699/425/682
f 701/425/684 702/423/685 700/425/683
f 703/423/686 702/423/685 701/425/684
f 703/423/686 704/421/687 702/423/685
f 705/421/688 704/421/687 703/423/686
f 705/421/688 706/420/689 704/421/687
f 707/420/690 706/420/689 705/421/688
f 682/421/665 706/420/689 680/420/663
f 682/421/665 704/421/687 706/420/689
f 684/423/667 704/421/687 682/421/665
f 684/423/667 702/423/685 704/421/687
f 686/425/669 702/423/685 684/423/667
f 686/425/669 700/425/683 702/423/685
f 688/425/671 700/425/683 686/425/669
f 688/425/671 698/425/681 700/425/683
f 690/425/673 698/425/681 688/425/671
f 690/425/673 696/425/679 698/425/681
f 692/427/675 696/425/679 690/425/673
f 692/427/675 694/427/677 696/425/679
f 708/429/691 681/419/662 679/420/664
f 708/429/691 709/430/692 681/419/662
f 710/431/693 709/430/692 708/429/691
f 710/431/693 711/432/694 709/430/692
f 712/431/695 711/432/694 710/431/693
f 712/431/695 713/433/696 711/432/694
f 714/431/697 713/433/696 712/431/695
f 714/431/697 715/433/698 713/433/696
f 716/431/699 715/433/698 714/431/697
f 716/431/699 717/433/700 715/433/698
f 718/431/701 717/433/700 716/431/699
f 718/431/701 719/432/702 717/433/700
f 720/429/703 719/432/702 718/431/701
f 720/429/703 721/430/704 719/432/702
f 722/420/705 721/430/704 720/429/703
f 722/420/705 723/419/706 721/430/704
f 707/420/690 723/419/706 722/420/705
f 707/420/690 705/421/688 723/419/706
f 709/430/692 683/422/666 681/419/662
f 709/430/692 724/434/707 683/422/666
f 711/432/694 724/434/707 709/430/692
f 711/432/694 725/435/708 724/434/707
f 713/433/696 725/435/708 711/432/694
f 713/433/696 726/436/709 725/435/708
f 715/433/698 726/436/709 713/433/696
f 715/433/698 727/436/710 726/436/709
f 717/433/700 727/436/710 715/433/698
f 717/433/700 728/436/711 727/436/710
f 719/432/702 728/436/711 717/433/700
f 719/432/702 729/435/712 728/436/711
f 721/430/704 729/435/712 719/432/702
f 721/430/704 730/434/713 729/435/712
f 723/419/706 730/434/713 721/430/704
f 723/419/706 731/422/714 730/434/713
f 705/421/688 731/422/714 723/419/706
f 705/421/688 703/423/686 731/422/714
f 701/425/684 731/422/714 703/423/686
f 701/425/684 732/424/715 731/422/714
f 699/425/682 732/424/715 701/425/684
f 699/425/682 733/424/716 732/424/715
f 697/425/680 733/424/716 699/425/682
f 697/425/680 734/424/717 733/424/716
f 695/427/678 734/424/717 697/425/680
f 695/427/678 735/426/718 734/424/717
f 693/428/676 735/426/718 695/427/678
f 693/428/676 736/437/719 735/426/718
f 737/428/720 736/437/719 693/428/676
f 737/428/720 738/437/721 736/437/719
f 739/428/722 738/437/721 737/428/720
f 739/428/722 740/437/723 738/437/721
f 741/438/724 740/437/723 739/428/722
f 741/438/724 742/439/725 740/437/723
f 743/440/726 742/439/725 741/438/724
f 743/440/726 730/434/713 742/439/725
f 729/435/712 730/434/713 743/440/726
f 732/424/715 730/434/713 731/422/714
f 732/424/715 742/439/725 730/434/713
f 733/424/716 742/439/725 732/424/715
f 733/424/716 744/439/727 742/439/725
f 734/424/717 744/439/727 733/424/716
f 734/424/717 745/439/728 744/439/727
f 735/426/718 745/439/728 734/424/717
f 735/426/718 736/437/719 745/439/728
f 744/439/727 740/437/723 742/439/725
f 744/439/727 738/437/721 740/437/723
f 745/439/728 738/437/721 744/439/727
f 745/439/728 736/437/719 738/437/721
f 743/440/726 728/436/711 729/435/712
f 743/440/726 746/441/729 728/436/711
f 741/438/724 746/441/729 743/440/726
f 741/438/724 747/442/730 746/441/729
f 739/428/722 747/442/730 741/438/724
f 739/428/722 748/442/731 747/442/730
f 749/442/732 748/442/731 739/428/722
f 749/442/732 750/441/733 748/442/731
f 751/441/734 750/441/733 749/442/732
f 751/441/734 727/436/710 750/441/733
f 726/436/709 727/436/710 751/441/734
f 750/441/733 747/442/730 748/442/731
f 750/441/733 746/441/729 747/442/730
f 727/436/710 746/441/729 750/441/733
f 727/436/710 728/436/711 746/441/729
f 751/441/734 725/435/708 726/436/709
f 751/441/734 752/440/735 725/435/708
f 749/442/732 752/440/735 751/441/734
f 749/442/732 753/438/736 752/440/735
f 739/428/722 753/438/736 749/442/732
f 739/428/722 754/437/737 753/438/736
f 737/428/720 754/437/737 739/428/722
f 737/428/720 755/437/738 754/437/737
f 693/428/676 755/437/738 737/428/720
f 693/428/676 756/437/739 755/437/738
f 691/426/674 756/437/739 693/428/676
f 691/426/674 757/439/740 756/437/739
f 689/424/672 757/439/740 691/426/674
f 689/424/672 758/439/741 757/439/740
f 687/424/670 758/439/741 689/424/672
f 687/424/670 759/439/742 758/439/741
f 685/424/668 759/439/742 687/424/670
f 685/424/668 724/434/707 759/439/742
f 683/422/666 724/434/707 685/424/668
f 758/439/741 756/437/739 757/439/740
f 758/439/741 755/437/738 756/437/739
f 759/439/742 755/437/738 758/439/741
f 759/439/742 754/437/737 755/437/738
f 752/440/735 754/437/737 759/439/742
f 752/440/735 753/438/736 754/437/737
f 752/440/735 724/434/707 725/435/708
f 724/434/707 752/440/735 759/439/742
f 680/443/663 760/444/743 679/445/664
f 680/443/663 761/446/744 760/444/743
f 706/447/689 761/446/744 680/443/663
f 706/447/689 762/448/745 761/446/744
f 707/449/690 762/448/745 706/447/689
f 707/449/690 763/450/746 762/448/745
f 722/451/705 763/450/746 707/449/690
f 722/451/705 764/452/747 763/450/746
f 720/453/703 764/452/747 722/451/705
f 720/453/703 765/454/748 764/452/747
f 718/455/701 765/454/748 720/453/703
f 718/455/701 766/456/749 765/454/748
f 716/457/699 766/456/749 718/455/701
f 716/457/699 767/458/750 766/456/749
f 714/459/697 767/458/750 716/457/699
f 714/459/697 768/460/751 767/458/750
f 712/461/695 768/460/751 714/459/697
f 712/461/695 769/462/752 768/460/751
f 710/463/693 769/462/752 712/461/695
f 710/463/693 770/464/753 769/462/752
f 708/465/691 770/464/753 710/463/693
f 708/465/691 771/466/754 770/464/753
f 679/467/664 771/466/754 708/465/691
f 679/467/664 760/468/743 771/466/754
f 761/446/744 772/469/755 760/444/743
f 761/446/744 773/470/756 772/469/755
f 762/448/745 773/470/756 761/446/744
f 762/448/745 774/471/757 773/470/756
f 763/450/746 774/471/757 762/448/745
f 763/450/746 775/472/758 774/471/757
f 764/452/747 775/472/758 763/450/746
f 764/452/747 776/473/759 775/472/758
f 765/454/748 776/473/759 764/452/747
f 765/454/748 777/474/760 776/473/759
f 766/456/749 777/474/760 765/454/748
f 766/456/749 778/475/761 777/474/760
f 767/458/750 778/475/761 766/456/749
f 767/458/750 779/476/762 778/475/761
f 768/460/751 779/476/762 767/458/750
f 768/460/751 780/477/763 779/476/762
f 769/462/752 780/477/763 768/460/751
f 769/462/752 781/478/764 780/477/763
f 770/464/753 781/478/764 769/462/752
f 770/464/753 782/479/765 781/478/764
f 771/466/754 782/479/765 770/464/753
f 771/466/754 783/480/766 782/479/765
f 760/468/743 783/480/766 771/466/754
f 760/468/743 772/481/755 783/480/766
f 773/470/756 784/482/767 772/469/755
f 784/482/767 773/470/756 774/471/757
f 775/472/758 784/482/767 774/471/757
f 784/482/767 775/472/758 776/473/759
f 784/482/767 783/480/766 772/481/755
f 783/480/766 784/482/767 782/479/765
f 781/478/764 782/479/765 784/482/767
f 784/482/767 780/477/763 781/478/764
f 780/477/763 784/482/767 779/476/762
f 778/475/761 779/476/762 784/482/767
f 784/482/767 777/474/760 778/475/761
f 777/474/760 784/482/767 776/473/759
