<?xml version="1.0" encoding="utf-8"?>
<COLLADA xmlns="http://www.collada.org/2005/11/COLLADASchema" version="1.4.1" xmlns:xsi="http://www.w3.org/2001/XMLSchema-instance">
  <asset>
    <contributor>
      <author>Blender User</author>
      <authoring_tool>Blender 3.4.1 commit date:2022-12-19, commit time:17:00, hash:55485cb379f7</authoring_tool>
    </contributor>
    <created>2023-02-21T10:28:42</created>
    <modified>2023-02-21T10:28:42</modified>
    <unit name="meter" meter="1"/>
    <up_axis>Z_UP</up_axis>
  </asset>
  <library_effects>
    <effect id="M_Pickup_Armor-effect">
      <profile_COMMON>
        <newparam sid="T_Pickup_Armor_png-surface">
          <surface type="2D">
            <init_from>T_Pickup_Armor_png</init_from>
          </surface>
        </newparam>
        <newparam sid="T_Pickup_Armor_png-sampler">
          <sampler2D>
            <source>T_Pickup_Armor_png-surface</source>
          </sampler2D>
        </newparam>
        <technique sid="common">
          <lambert>
            <emission>
              <color sid="emission">0 0 0 1</color>
            </emission>
            <diffuse>
              <texture texture="T_Pickup_Armor_png-sampler" texcoord="UVMap"/>
            </diffuse>
            <reflectivity>
              <float sid="specular">0.1</float>
            </reflectivity>
            <index_of_refraction>
              <float sid="ior">1.5</float>
            </index_of_refraction>
          </lambert>
        </technique>
      </profile_COMMON>
    </effect>
  </library_effects>
  <library_images>
    <image id="T_Pickup_Armor_png" name="T_Pickup_Armor_png">
      <init_from>T_Pickup_Armor.png</init_from>
    </image>
  </library_images>
  <library_materials>
    <material id="M_Pickup_Armor-material" name="M_Pickup_Armor">
      <instance_effect url="#M_Pickup_Armor-effect"/>
    </material>
  </library_materials>
  <library_geometries>
    <geometry id="SK_Pickup_Armor-mesh" name="SK_Pickup_Armor">
      <mesh>
        <source id="SK_Pickup_Armor-mesh-positions">
          <float_array id="SK_Pickup_Armor-mesh-positions-array" count="1224">0.07179319 -0.09546476 0.4395056 0.06422418 -0.09581077 0.4304854 0.1551464 -0.05402845 0.3737137 0.1601608 -0.06225198 0.3807042 0.1599876 -0.04717272 0.379048 0.1638295 -0.04937934 0.3887029 0.1601608 -0.06225198 0.3807042 0.1551464 -0.05402845 0.3737137 -0.07179319 -0.09546476 0.4395056 -0.1601608 -0.06225198 0.3807042 -0.1551464 -0.05402845 0.3737137 -0.06422418 -0.09581077 0.4304854 -0.1599876 -0.04717272 0.379048 -0.1551464 -0.05402845 0.3737137 -0.1601608 -0.06225198 0.3807042 -0.1638295 -0.04937934 0.3887029 0.1980686 -0.0251888 0.489544 0.1733835 -0.04359012 0.4207598 0.1977621 -0.02224195 0.4841745 0.2078896 0.00832498 0.5244386 0.2072024 0.009458839 0.5180007 0.2097273 0.04830813 0.5442246 0.2089495 0.04806423 0.5356989 0.1859511 -0.0251888 0.489544 0.1733835 -0.04359012 0.4207598 0.1980686 -0.0251888 0.489544 0.1902111 0.00832498 0.5244386 0.2078896 0.00832498 0.5244386 0.1912267 0.04830813 0.5442246 0.2097273 0.04830813 0.5442246 -0.1920046 0.04855197 0.5527502 -0.1143541 0.04515898 0.5498939 -0.1113328 0.08548778 0.5549333 -0.1889833 0.09582895 0.5527502 -0.09004467 0.1172305 0.5505026 -0.1769553 0.1342408 0.51572 -0.0567227 0.1271467 0.5520938 -0.06636989 0.1619395 0.4913998 0 0.136018 0.5548655 -0.1687244 0.1534104 0.4505993 0 0.171267 0.4914768 -0.06636989 0.1686239 0.4431422 -0.165469 0.1423287 0.3858021 0 0.1779514 0.4383147 -0.06636989 0.1622304 0.3749819 0 0.1715579 0.3750589 -0.1820263 0.1075798 0.3284754 -0.06627607 0.1506487 0.3310288 0 0.1599762 0.3316333 -0.06504881 0.1468902 0.2577841 0 0.155434 0.2580988 -0.143059 0.1017937 0.2500494 -0.06525331 0.1433908 0.1547317 0 0.1519615 0.1548157 0 0.1574674 0.116015 -0.06739723 0.1486151 0.116015 -0.1484345 0.1067237 0.116015 -0.1436585 0.1034573 0.1526663 -0.1821736 0.03381311 0.116015 -0.1760498 0.03485953 0.1536996 -0.1528296 -0.03792572 0.116015 -0.1745941 0.03888958 0.2539188 -0.2015239 0.04337257 0.3097975 -0.1488677 -0.0348711 0.1545029 -0.1098155 -0.08340591 0.1160151 -0.1508735 -0.03137516 0.2569273 -0.1881461 -0.02050238 0.3400833 -0.1067926 -0.08642941 0.1554015 -0.1077505 -0.09469348 0.2602927 -0.04520148 -0.1069216 0.1555454 -0.04598802 -0.1044044 0.1160151 0 -0.1118456 0.116015 -0.04691857 -0.1155657 0.260832 0 -0.1129076 0.1559535 -0.1049307 -0.09688788 0.3487462 -0.1551464 -0.05402845 0.3737137 -0.06422418 -0.09581077 0.4304854 -0.04699093 -0.1051934 0.4204196 -0.04725903 -0.1154558 0.3513321 -0.02408981 -0.1105362 0.4128334 0 -0.1192879 0.2623618 0 -0.1165232 0.3519864 0 -0.1113567 0.4105603 0.02408981 -0.1105362 0.4128334 0.04725903 -0.1154558 0.3513321 0.04699093 -0.1051934 0.4204196 0.04691857 -0.1155657 0.260832 0.1049307 -0.09688788 0.3487462 0.06422418 -0.09581077 0.4304854 0.1551464 -0.05402845 0.3737137 0.1881461 -0.02050238 0.3400833 0.1077505 -0.09469348 0.2602927 0.1508735 -0.03137516 0.2569273 0.2015239 0.04337257 0.3097975 0.1067926 -0.08642941 0.1554015 0.04520148 -0.1069216 0.1555454 0.04598802 -0.1044044 0.1160151 0.1098155 -0.08340591 0.1160151 0.1488677 -0.0348711 0.1545029 0.1528296 -0.03792572 0.116015 0.1745941 0.03888958 0.2539188 0.1820263 0.1075798 0.3284754 0.1760498 0.03485953 0.1536996 0.1821736 0.03381311 0.116015 0.143059 0.1017937 0.2500494 0.1436585 0.1034573 0.1526663 0.1484345 0.1067237 0.116015 0.06627607 0.1506487 0.3310288 0.06525331 0.1433908 0.1547317 0.06739723 0.1486151 0.116015 0.06504881 0.1468902 0.2577841 0 0.1519615 0.1548157 0 0.1574674 0.116015 0 0.155434 0.2580988 0 0.1599762 0.3316333 0 0.1715579 0.3750589 0.06636989 0.1622304 0.3749819 0 0.1779514 0.4383147 0.165469 0.1423287 0.3858021 0.06636989 0.1686239 0.4431422 0 0.171267 0.4914768 0.1687244 0.1534104 0.4505993 0.06636989 0.1619395 0.4913998 0 0.136018 0.5548655 0.1769553 0.1342408 0.51572 0.0567227 0.1271467 0.5520938 0.09004467 0.1172305 0.5505026 0.1889833 0.09582895 0.5527502 0.1113328 0.08548778 0.5549333 0.1920046 0.04855197 0.5527502 0.1143541 0.04515898 0.5498939 -0.1143541 0.04515898 0.5498939 -0.1920046 0.04855197 0.5527502 -0.1908982 0.007191061 0.5308763 -0.1117267 0.01105386 0.5375655 -0.1862576 -0.02813565 0.4949136 -0.102336 -0.03120857 0.5066171 -0.1715899 -0.05752831 0.4190527 -0.08579605 -0.07501375 0.4643119 -0.1601608 -0.06225198 0.3807042 -0.07179319 -0.09546476 0.4395056 -0.1551464 -0.05402845 0.3737137 -0.1599876 -0.04717272 0.379048 -0.1849605 -0.01624751 0.3547465 -0.1881461 -0.02050238 0.3400833 -0.1955006 0.04373461 0.330452 -0.2015239 0.04337257 0.3097975 -0.1796749 0.09740769 0.345043 -0.1820263 0.1075798 0.3284754 -0.1682668 0.1264555 0.3929645 -0.165469 0.1423287 0.3858021 -0.1698563 0.1445648 0.4488649 -0.1687244 0.1534104 0.4505993 -0.1774119 0.1293023 0.5111637 -0.1769553 0.1342408 0.51572 -0.1884533 0.09357339 0.5447375 -0.1889833 0.09582895 0.5527502 -0.1912267 0.04830813 0.5442246 -0.1920046 0.04855197 0.5527502 -0.1682668 0.1264555 0.3929645 -0.1821347 0.1357191 0.4471307 -0.1810028 0.1445648 0.4488649 -0.1984298 0.1243639 0.5066073 -0.1979731 0.1293023 0.5111637 -0.2064239 0.09131777 0.5367248 -0.206954 0.09357339 0.5447375 -0.2089495 0.04806423 0.5356989 -0.2097273 0.04830813 0.5442246 -0.2097273 0.04830813 0.5442246 -0.2089495 0.04806423 0.5356989 -0.2072024 0.009458839 0.5180007 -0.2078896 0.00832498 0.5244386 -0.1977621 -0.02224195 0.4841745 -0.1980686 -0.0251888 0.489544 -0.1733835 -0.04359012 0.4207598 -0.1638295 -0.04937934 0.3887029 -0.1601608 -0.06225198 0.3807042 -0.1715899 -0.05752831 0.4190527 -0.1733835 -0.04359012 0.4207598 -0.1862576 -0.02813565 0.4949136 -0.1859511 -0.0251888 0.489544 -0.1908982 0.007191061 0.5308763 -0.1902111 0.00832498 0.5244386 -0.1920046 0.04855197 0.5527502 -0.1912267 0.04830813 0.5442246 -0.1682668 0.1264555 0.3929645 -0.1810028 0.1445648 0.4488649 -0.1698563 0.1445648 0.4488649 -0.1979731 0.1293023 0.5111637 -0.1774119 0.1293023 0.5111637 -0.206954 0.09357339 0.5447375 -0.1884533 0.09357339 0.5447375 -0.2097273 0.04830813 0.5442246 -0.1912267 0.04830813 0.5442246 -0.1912267 0.04830813 0.5442246 -0.2097273 0.04830813 0.5442246 -0.2078896 0.00832498 0.5244386 -0.1902111 0.00832498 0.5244386 -0.1980686 -0.0251888 0.489544 -0.1859511 -0.0251888 0.489544 -0.1733835 -0.04359012 0.4207598 0 0.1574674 0.116015 0 0.1464331 0.1099575 -0.06153839 0.1385793 0.1099575 -0.06739723 0.1486151 0.116015 -0.1355311 0.1014132 0.1099575 -0.1484345 0.1067237 0.116015 -0.1663373 0.03672689 0.1099575 -0.1821736 0.03381311 0.116015 -0.1395441 -0.02691984 0.1099575 -0.1528296 -0.03792572 0.116015 -0.1002693 -0.06726998 0.1099575 -0.1098155 -0.08340591 0.1160151 -0.04199028 -0.08589982 0.1099575 -0.04598802 -0.1044044 0.1160151 0 -0.09250164 0.1099575 0 -0.1118456 0.116015 0.04598802 -0.1044044 0.1160151 0.04199028 -0.08589982 0.1099575 0.1098155 -0.08340591 0.1160151 0.1002693 -0.06726998 0.1099575 0.1528296 -0.03792572 0.116015 0.1395441 -0.02691984 0.1099575 0.1821736 0.03381311 0.116015 0.1663373 0.03672689 0.1099575 0.1484345 0.1067237 0.116015 0.1355311 0.1014132 0.1099575 0.06739723 0.1486151 0.116015 0.06153839 0.1385793 0.1099575 0 0.1574674 0.116015 0 0.1464331 0.1099575 0.1908983 0.007191061 0.5308763 0.1920046 0.04855197 0.5527502 0.1143541 0.04515898 0.5498939 0.1117268 0.01105386 0.5375655 0.1862576 -0.02813565 0.4949136 0.102336 -0.03120857 0.5066171 0.1715899 -0.05752831 0.4190527 0.08579611 -0.07501375 0.4643119 0.1601608 -0.06225198 0.3807042 0.07179319 -0.09546476 0.4395056 0.1849606 -0.01624751 0.3547465 0.1599876 -0.04717272 0.379048 0.1551464 -0.05402845 0.3737137 0.1881461 -0.02050238 0.3400833 0.1955007 0.04373461 0.330452 0.2015239 0.04337257 0.3097975 0.1796749 0.09740769 0.345043 0.1820263 0.1075798 0.3284754 0.1682668 0.1264555 0.3929645 0.165469 0.1423287 0.3858021 0.1698563 0.1445648 0.4488649 0.1687244 0.1534104 0.4505993 0.1774119 0.1293023 0.5111637 0.1769553 0.1342408 0.51572 0.1884533 0.09357339 0.5447375 0.1889833 0.09582895 0.5527502 0.1912267 0.04830813 0.5442246 0.1920046 0.04855197 0.5527502 0.1682668 0.1264555 0.3929645 0.1810028 0.1445648 0.4488649 0.1821347 0.1357191 0.4471307 0.1984298 0.1243639 0.5066073 0.1979731 0.1293023 0.5111637 0.2064239 0.09131777 0.5367248 0.206954 0.09357339 0.5447375 0.2089495 0.04806423 0.5356989 0.2097273 0.04830813 0.5442246 0.1715899 -0.05752831 0.4190527 0.1601608 -0.06225198 0.3807042 0.1638295 -0.04937934 0.3887029 0.1733835 -0.04359012 0.4207598 0.1862576 -0.02813565 0.4949136 0.1859511 -0.0251888 0.489544 0.1908983 0.007191061 0.5308763 0.1902111 0.00832498 0.5244386 0.1920046 0.04855197 0.5527502 0.1912267 0.04830813 0.5442246 0.1682668 0.1264555 0.3929645 0.1698563 0.1445648 0.4488649 0.1810028 0.1445648 0.4488649 0.1979731 0.1293023 0.5111637 0.1774119 0.1293023 0.5111637 0.206954 0.09357339 0.5447375 0.1884533 0.09357339 0.5447375 0.2097273 0.04830813 0.5442246 0.1912267 0.04830813 0.5442246 0.1117268 0.01105386 0.5375655 0.1143541 0.04515898 0.5498939 0.08776068 0.0458675 0.5101704 0.102336 -0.03120857 0.5066171 0.1113328 0.08548778 0.5549333 0.07339924 -0.03243088 0.4617926 0.08579611 -0.07501375 0.4643119 0.07179319 -0.09546476 0.4395056 0.05726093 0.1043546 0.5131621 0.09004467 0.1172305 0.5505026 0.0567227 0.1271467 0.5520938 0.04760015 -0.06809955 0.4186207 0.06422418 -0.09581077 0.4304854 0.04699093 -0.1051934 0.4204196 0.02408981 -0.1105362 0.4128334 0 0.1151455 0.5159456 0 0.136018 0.5548655 0 -0.07745271 0.4045277 0 -0.1113567 0.4105603 -0.02408981 -0.1105362 0.4128334 -0.04699093 -0.1051934 0.4204196 -0.05726087 0.1043546 0.5131621 -0.0567227 0.1271467 0.5520938 -0.09004467 0.1172305 0.5505026 -0.04760015 -0.06809955 0.4186207 -0.06422418 -0.09581077 0.4304854 -0.07179319 -0.09546476 0.4395056 -0.08579605 -0.07501375 0.4643119 0 -0.02756565 0.4149129 -0.07339924 -0.03243088 0.4617926 -0.102336 -0.03120857 0.5066171 -0.1117267 0.01105386 0.5375655 -0.02449643 -0.02275222 0.4221655 0.02449643 -0.02275222 0.4221655 0 0.01780843 0.4374277 0.03777348 -0.004396021 0.444383 0.04516428 0.03589868 0.4692798 0.02946817 0.06599789 0.4708194 0 0.07155126 0.4722519 -0.02946817 0.06599789 0.4708194 -0.04516428 0.03589868 0.4692798 -0.03777348 -0.004396021 0.444383 -0.08776068 0.0458675 0.5101704 -0.1113328 0.08548778 0.5549333 -0.1143541 0.04515898 0.5498939 0.1733835 -0.04359012 0.4207598 0.1638295 -0.04937934 0.3887029 0.1213387 -0.0437259 0.3863491 0.1599876 -0.04717272 0.379048 0.1322426 -0.0392732 0.4213981 0.1977621 -0.02224195 0.4841745 0.1432436 -0.01329106 0.3586694 0.1849606 -0.01624751 0.3547465 0.1554082 -0.01898717 0.4816574 0.2072024 0.009458839 0.5180007 0.1043072 -0.01321434 0.4029361 0.1643788 0.01113623 0.5138006 0.2089495 0.04806423 0.5356989 0.1113824 -0.01032513 0.4256784 0.126414 0.002837836 0.464779 0.1185207 0.00653392 0.3849755 0.1011805 0.04143613 0.4336815 0.1250196 0.04351806 0.369996 0.1322347 0.02238416 0.4856358 0.1660388 0.04782074 0.5306181 0.2064239 0.09131777 0.5367248 0.1333118 0.04618769 0.4965482 0.1636389 0.08892208 0.531593 0.1984298 0.1243639 0.5066073 0.1317546 0.0728572 0.4971808 0.1560426 0.1203239 0.5029741 0.1821347 0.1357191 0.4471307 0.1268256 0.09323298 0.4786108 0.1405583 0.1311141 0.4464569 0.1682668 0.1264555 0.3929645 0.1167783 0.1002344 0.4419384 0.1273804 0.1223114 0.3949858 0.1796749 0.09740769 0.345043 0.1082275 0.09452259 0.4085402 0.138221 0.09470891 0.3494487 0.1955007 0.04373461 0.330452 0.1152616 0.07661211 0.3789924 0.1532592 0.04370647 0.3355838 -0.1213387 -0.0437259 0.3863491 -0.1638295 -0.04937934 0.3887029 -0.1733835 -0.04359012 0.4207598 -0.1599876 -0.04717272 0.379048 -0.1322426 -0.0392732 0.4213981 -0.1977621 -0.02224195 0.4841745 -0.1432436 -0.01329106 0.3586694 -0.1849605 -0.01624751 0.3547465 -0.1554082 -0.01898717 0.4816574 -0.2072024 0.009458839 0.5180007 -0.1532592 0.04370647 0.3355838 -0.1955006 0.04373461 0.330452 -0.1643788 0.01113623 0.5138006 -0.2089495 0.04806423 0.5356989 -0.1382209 0.09470891 0.3494487 -0.1796749 0.09740769 0.345043 -0.1660388 0.04782074 0.5306181 -0.2064239 0.09131777 0.5367248 -0.1273804 0.1223114 0.3949858 -0.1682668 0.1264555 0.3929645 -0.1636389 0.08892208 0.531593 -0.1984298 0.1243639 0.5066073 -0.1405583 0.1311141 0.4464569 -0.1821347 0.1357191 0.4471307 -0.1560426 0.1203239 0.5029741 -0.1167783 0.1002344 0.4419384 -0.1268256 0.09323298 0.4786108 -0.1317546 0.0728572 0.4971808 -0.1333118 0.04618769 0.4965482 -0.1011805 0.04143613 0.4336815 -0.1322347 0.02238416 0.4856358 -0.1082275 0.09452259 0.4085402 -0.126414 0.002837836 0.464779 -0.1152616 0.07661211 0.3789924 -0.1113824 -0.01032513 0.4256784 -0.1250196 0.04351806 0.369996 -0.1043072 -0.01321434 0.4029361 -0.1185207 0.00653392 0.3849755</float_array>
          <technique_common>
            <accessor source="#SK_Pickup_Armor-mesh-positions-array" count="408" stride="3">
              <param name="X" type="float"/>
              <param name="Y" type="float"/>
              <param name="Z" type="float"/>
            </accessor>
          </technique_common>
        </source>
        <source id="SK_Pickup_Armor-mesh-normals">
          <float_array id="SK_Pickup_Armor-mesh-normals-array" count="1224">0.04715108 -0.8720799 -0.4870867 0.2918058 -0.9306344 -0.2208372 0.04716789 -0.8720722 -0.4870991 -0.2033824 -0.6884166 -0.6962172 0.8547433 -0.03920775 -0.5175682 0.9221273 -0.02365857 -0.3861626 0.8547623 -0.039222 -0.5175355 0.7696334 -0.05497658 -0.6361148 -0.06278043 -0.8713159 -0.4866901 0.1883305 -0.6905351 -0.6983502 -0.06278866 -0.8713201 -0.4866816 -0.3061181 -0.9262775 -0.2197765 -0.8588892 -0.03868794 -0.5106981 -0.7759161 -0.05430459 -0.6284945 -0.8588944 -0.03869944 -0.5106888 -0.9244319 -0.02332252 -0.3806335 0.950915 -0.237729 -0.1981054 0.910577 -0.3325511 -0.245478 0.961827 -0.2049649 -0.1813233 0.9871295 -0.08688712 -0.1342615 0.992218 -0.03937953 -0.1181219 0.994224 0.03156572 -0.1025785 0.994378 0.04736882 -0.09470385 -0.007918953 -0.8711254 0.4909969 -0.007917404 -0.9672479 0.2537103 -0.007944047 -0.8258605 0.5638185 -0.007952332 -0.636239 0.7714512 -0.007940769 -0.5399265 0.8416747 -0.007953763 -0.3018701 0.9533159 -0.007922589 -0.1502768 0.9886122 -1.11749e-5 -0.1976341 0.9802759 -0.01584571 -0.3090377 0.9509178 -0.007928967 0.01589339 0.9998423 -0.07098937 0.3154376 0.9462873 -0.1332839 0.5018051 0.8546503 -0.171672 0.8037607 0.569647 -0.1643552 0.7748132 0.6104521 -0.1484996 0.9300547 0.3360745 -0.007856309 0.8696599 0.4935889 -0.1716604 0.9831778 0.06240314 -0.0078395 0.9701123 0.2425296 -0.1631348 0.9866038 5.8962e-6 -0.2018989 0.9473574 -0.248497 -0.007829546 0.9994819 -0.03122055 -0.2018654 0.9549801 -0.2174019 -0.00774008 0.9777727 -0.2095249 -0.5484901 0.7415969 -0.3862548 -0.2709568 0.9444905 -0.1857958 -0.007736206 0.9912658 -0.1316523 -0.3182084 0.9468768 -0.04655963 -0.007821977 0.9988728 -0.0468201 -0.7048143 0.6970657 -0.1316673 -0.3019201 0.9522013 0.04644519 -0.00778371 0.996932 0.07788491 -0.007807016 0.9911284 0.1326785 -0.2495797 0.9592352 0.132582 -0.6308091 0.7631708 0.1401794 -0.7207194 0.6897116 0.06972396 -0.9740124 0.1714136 0.1480442 -0.9958755 0.04669791 0.07779037 -0.8737021 -0.4680362 0.1326157 -0.9713286 0.04662591 -0.2331244 -0.9026218 -0.093355 -0.4201891 -0.8656572 -0.4991169 0.03899008 -0.560141 -0.8283974 -2.83145e-6 -0.8704606 -0.4548385 -0.1882029 -0.7752942 -0.6029853 -0.1879567 -0.5879812 -0.8075058 -0.04703795 -0.5727471 -0.8159665 -0.07848197 -0.2363688 -0.9690724 -0.07091236 -0.2439042 -0.9677547 -0.06294226 -0.007921755 -0.9984292 -0.05546498 -0.2199286 -0.9739654 -0.054982 -0.007907271 -0.9979605 -0.06334292 -0.504406 -0.8591024 0.08670407 -0.62574 -0.7743616 0.0938819 -0.4719492 -0.8494597 0.2359708 -0.3003568 -0.9406328 0.1581006 -0.1897974 -0.980675 0.0474708 -0.08720839 -0.990844 0.1030672 -0.007927 -0.9998425 -0.0158801 -0.007911562 -0.9979596 0.06335812 -0.007915973 -0.9968346 0.07910919 0.07142513 -0.9920956 0.1031737 0.1745048 -0.9835045 0.04761433 0.2858868 -0.9450091 0.1588285 0.2049017 -0.977227 -0.05515974 0.4925316 -0.8658946 0.08740288 0.459562 -0.855745 0.2377048 0.6160945 -0.781951 0.09476423 0.7689329 -0.6103634 -0.1902601 0.562051 -0.8233044 -0.07917541 0.866584 -0.4611232 -0.1907816 0.8996793 -0.09468793 -0.426159 0.5775718 -0.8149597 -0.04745262 0.2214072 -0.9725819 -0.07115751 0.2290373 -0.971366 -0.06316846 0.5491666 -0.8357129 -1.07428e-6 0.8616715 -0.505927 0.03950077 0.8698613 -0.4744622 0.1350076 0.9704228 0.04735159 -0.2367226 0.5375517 0.7478669 -0.3895298 0.9957442 0.04743975 0.07901215 0.9731917 0.1740601 0.1503365 0.6968982 0.7047102 -0.1331036 0.7131384 0.6974666 0.07052773 0.6212993 0.7706813 0.1415541 0.2565214 0.9483614 -0.1865677 0.2877479 0.9565688 0.04666256 0.2348627 0.9628756 0.1330804 0.3041681 0.9514688 -0.04678595 -0.007791221 0.9969322 0.07788187 -0.007800459 0.9911307 0.1326623 -0.007802903 0.9988728 -0.04682397 -0.007740974 0.9912661 -0.1316499 -0.007764041 0.977774 -0.2095181 0.1869089 0.9578759 -0.2180343 -0.007811963 0.9994817 -0.0312277 0.1869345 0.9502239 -0.2492591 0.147967 0.9889923 1.95412e-5 -0.007805407 0.9701091 0.242544 0.1564731 0.9856988 0.06256496 0.1331566 0.9321032 0.3368276 -0.007825791 0.8696607 0.493588 0.1564724 0.8058063 0.5711328 0.1490645 0.7767286 0.6119415 0.1178333 0.5027973 0.8563353 0.05526047 0.3157447 0.9472337 -0.007938086 0.01585906 0.9998428 -0.01579678 -0.1975943 0.9801566 -1.1391e-5 -0.3090873 0.9510337 -0.01585018 -0.3090584 0.950911 -1.38297e-5 -0.1976281 0.9802771 -0.03171807 -0.5153881 0.8563697 -0.07916069 -0.5620634 0.8232972 -0.08705484 -0.7755948 0.6251993 -0.2373238 -0.7752506 0.585375 -0.2682721 -0.9074055 0.3234896 -0.4197982 -0.8475314 0.3247464 -0.3937811 -0.8978694 0.1968936 -0.5362911 -0.7729036 0.3391342 -0.8220423 -0.5402042 0.180072 -0.8037885 -0.5930703 0.04681634 -0.8979694 -0.3904312 0.2030137 -0.9398826 -0.2036467 0.2741326 -0.9658942 0.03116375 0.2570552 -0.956367 0.1244054 0.2643591 -0.9571764 0.1712028 0.233459 -0.9658959 0.1791598 0.1869412 -0.9848513 0.1550883 0.07756155 -0.9839636 0.178202 -0.007728219 -0.9853882 0.1474065 -0.08533203 -0.9842332 0.1549807 -0.0852406 -0.9800478 0.1711381 -0.1010848 -0.9765375 0.1860107 -0.1085113 -0.9817439 0.1558227 -0.109079 -0.9880651 0.1089243 -0.108917 -0.9941624 0.05434733 -0.09320646 -0.9938021 0.04660648 -0.1009227 -0.9438051 0.1779387 -0.2785139 -0.9497134 0.1790368 -0.2568859 -0.9476455 0.2097268 -0.2407959 -0.9642877 0.2021956 -0.1710741 -0.9704764 0.2018867 -0.1319746 -0.9868397 0.1321092 -0.09324544 -0.9904362 0.09359985 -0.1013666 -0.9945517 0.04661941 -0.09323924 -0.9944016 0.03108298 -0.1009919 -0.9944022 0.03106528 -0.1009914 -0.9945528 0.04660218 -0.09323692 -0.992456 -0.03878009 -0.1163067 -0.9875258 -0.08554428 -0.1321931 -0.9629809 -0.2019029 -0.1786143 -0.9523983 -0.2341966 -0.195165 -0.9132293 -0.3278132 -0.2419727 -0.9562215 -0.0855121 -0.279872 -0.9555584 -0.09322828 -0.2796729 -0.967689 -0.09365272 -0.2341095 -0.9747179 -0.1091907 -0.1949423 -0.9868447 -0.09323698 -0.1320781 -0.9911598 -0.06243097 -0.117067 -0.9948821 1.07128e-5 -0.1010439 -0.9939522 0.01552516 -0.1087117 -0.9938006 0.04660135 -0.1009392 -0.994161 0.05438113 -0.09320217 -0.00776869 0.9502035 -0.311533 -0.007797658 0.9988741 -0.04679507 -0.007802784 0.9988718 0.04684478 -0.007812082 0.9137901 0.4061116 -0.007837772 0.8147531 0.5797553 -0.007829666 0.4935784 0.869666 -0.007888555 0.2443896 0.969645 -0.007902801 -0.1502737 0.988613 -0.007935345 -0.3018785 0.9533135 -0.007946908 -0.3018698 0.9533161 -0.007902264 -0.1502763 0.9886125 -0.007940411 -0.5399265 0.8416748 -0.007953047 -0.6362389 0.7714511 -0.007942616 -0.8258602 0.563819 -0.007919132 -0.8711254 0.490997 -0.007917106 -0.9672479 0.2537104 -0.007798194 0.4902446 -0.8715502 -0.00774455 0.4810073 -0.8766824 -0.1164312 0.4657849 -0.8772048 -0.1706848 0.4499383 -0.8765969 -0.270802 0.3481422 -0.8974761 -0.3321424 0.270325 -0.9036625 -0.363598 0.07734733 -0.9283394 -0.3510288 -0.02339792 -0.9360724 -0.3030414 -0.1554116 -0.9402198 -0.2729553 -0.1871683 -0.9436438 -0.1948019 -0.2415549 -0.9506333 -0.1486693 -0.2582079 -0.9545817 -0.0859642 -0.2891501 -0.9534162 -0.07042068 -0.2895078 -0.9545817 -0.007771849 -0.2880722 -0.9575772 -0.007781386 -0.2880587 -0.9575812 0.05484116 -0.2897941 -0.9555166 0.07042402 -0.289525 -0.9545762 0.133287 -0.2587774 -0.9566969 0.1797273 -0.2422822 -0.9534136 0.2584273 -0.1879475 -0.9475712 0.2888298 -0.1561389 -0.9445624 0.3372225 -0.02354198 -0.9411306 0.3500617 0.07777649 -0.9334923 0.3182297 0.2717221 -0.9082385 0.2563443 0.3495925 -0.9011509 0.1555491 0.4510803 -0.8788238 0.1010885 0.4665634 -0.8786922 -0.007768988 0.4902492 -0.8715477 -0.007739424 0.4810065 -0.8766829 0.01586788 -0.51559 0.8566885 -0.01581841 -0.1975907 0.9801571 -1.1567e-5 -0.3090677 0.95104 0.06339985 -0.5626986 0.8242275 0.07131671 -0.776549 0.6260077 0.2223076 -0.77807 0.5875256 0.2538653 -0.911082 0.3247802 0.4056363 -0.8532981 0.3276304 0.3803771 -0.9033641 0.1981076 0.524924 -0.7794268 0.3419777 0.8948819 -0.3959741 0.2058912 0.798144 -0.6005969 0.04743164 0.8168688 -0.5472226 0.1824084 0.9380196 -0.2066632 0.2782258 0.9648259 0.03163778 0.2609793 0.9550086 0.1262804 0.2683507 0.955841 0.1737946 0.2369883 0.9648279 0.1818976 0.1897907 0.9843742 0.1574936 0.07876151 0.9834592 0.1809601 -0.007853865 0.9849244 0.1497067 -0.08667111 0.9837379 0.1573771 -0.0865584 0.9794178 0.1737647 -0.1026973 0.9758042 0.1888634 -0.1101679 0.9811678 0.1582372 -0.1107734 0.9876872 0.1106246 -0.1106173 0.9939767 0.05521309 -0.09466803 0.9936057 0.0473268 -0.1025079 0.9420791 0.1805695 -0.2826334 0.9460274 0.2128507 -0.2443906 0.94815 0.1817298 -0.2607413 0.9631719 0.2052707 -0.1736773 0.969557 0.2049551 -0.133988 0.9864272 0.1341418 -0.09469646 0.9901312 0.09504222 -0.1029918 0.9943786 0.04736131 -0.09469997 0.9942239 0.03156465 -0.1025795 0.9666791 -0.09509223 -0.2376744 0.9541786 -0.09463316 -0.2838801 0.9548624 -0.08681881 -0.2840781 0.973924 -0.110849 -0.1979511 0.9864251 -0.09469664 -0.1341567 0.9908784 -0.0634188 -0.1189036 0.9947197 -9.60194e-6 -0.1026297 0.9937617 0.01574701 -0.110408 0.9936059 0.04731243 -0.1025126 0.9939758 0.0552299 -0.09466749 -0.007768988 0.9502038 -0.3115324 -0.007809042 0.9988718 0.04684412 -0.007799088 0.9988741 -0.04679507 -0.007811307 0.9137902 0.4061115 -0.007840156 0.8147531 0.579755 -0.007839322 0.4935781 0.8696662 -0.007875919 0.2443891 0.9696453 -0.007916092 -0.150273 0.988613 -0.007933378 -0.3018786 0.9533135 -0.8415569 -0.1494299 0.5190885 -0.831462 -0.1254958 0.5412225 -0.7443294 -0.2507157 0.6189631 -0.8372136 -0.1799644 0.5164168 -0.7217148 -0.2745534 0.6354119 -0.7371605 -0.2509766 0.6273797 -0.8086058 -0.1884059 0.5573689 -0.7695523 -0.1806163 0.6125087 -0.387049 -0.6319621 0.6714291 -0.4731433 -0.6229415 0.6229602 -0.1658059 -0.8605577 0.4816108 -0.5520672 -0.1498472 0.8202242 -0.6575183 -0.05480057 0.751443 -0.4338657 0.05521816 0.8992839 -0.2451686 0.09491586 0.964823 -0.007909655 -0.7990273 0.6012428 0.0394532 -0.8756997 0.4812416 -1.83098e-6 -0.01587176 0.9998741 -0.007875919 0.180963 0.9834584 0.2057221 0.1028534 0.9731905 0.3723412 0.04753154 0.926878 0.3667881 -0.6617874 0.6538379 0.1662898 -0.8551828 0.4909277 0.5328406 -0.5487396 0.6441785 0.5494543 -0.15926 0.820205 0.6484822 -0.05535149 0.7592149 0.7619039 -0.1904857 0.6190459 0.7850687 -0.198281 0.586815 0.03968507 -0.3016569 0.9525903 0.7393634 -0.2623459 0.6200938 0.8201093 -0.2069988 0.5334532 0.8312658 -0.1662478 0.5304329 0.4357821 -0.396162 0.8081769 -0.3702372 -0.3544837 0.8586418 -0.007933855 -0.4754936 0.8796834 -0.5576921 -0.4084314 0.7226087 -0.554012 -0.3403145 0.7597743 -0.3955206 -0.4667077 0.7910419 -0.03183317 -0.6445463 0.7639024 0.2780101 -0.5401419 0.7943282 0.5413994 -0.3503029 0.7643132 0.5397165 -0.4047937 0.7381384 0.7119629 -0.2689602 0.6486673 0.7544808 -0.238276 0.6115419 0.8265208 -0.1271443 0.5483592 0.1009916 0.9633285 -0.2485939 0.1249377 0.9916726 -0.03124153 0.5241948 0.798016 0.2973054 0.1486761 0.7590362 0.6338452 0.437327 0.8277916 -0.3514345 0.08534407 0.8767564 -0.4733017 0.4899575 0.3319195 0.8060838 0.1099224 0.4318941 0.895201 0.4056928 0.7021639 -0.5851318 0.09328967 0.6219869 -0.7774506 0.9510487 0.3065346 0.0392794 0.4042292 0.4819691 -0.7773702 0.1012142 0.2958674 -0.9498516 0.791836 0.4547324 -0.4076942 0.7605708 0.3920513 -0.517521 0.8320162 0.007942557 0.5546946 0.9881504 0.03161948 -0.150197 0.8465958 0.1028557 0.5222034 0.7625455 0.2830057 -0.5817493 0.4221598 0.2032697 -0.8834379 0.1166851 -0.2022339 -0.9723612 0.7784413 0.1336677 -0.6133207 0.4713212 -0.2670927 -0.8405462 0.1180215 -0.7867984 -0.6058212 0.825441 -0.1257888 -0.5502948 0.4954946 -0.7078801 -0.5033795 0.1028107 -0.9885229 -0.1106915 0.8488138 -0.3536853 -0.3929654 0.4899307 -0.8613493 -0.1343327 0.102882 -0.9576061 0.2690837 0.8690807 -0.4424496 -0.2212175 0.5231481 -0.8085078 0.2695021 0.1117285 -0.6783283 0.7262145 0.9316853 -0.3264887 0.1592723 0.5343342 -0.3748174 0.7576271 0.1112714 -0.02383208 0.9935044 0.8828985 -0.0158956 0.4692947 0.4833627 0.1426224 0.8637241 -0.5353906 0.791462 0.2948642 -0.1402624 0.9896237 -0.0311675 -0.1163429 0.9617075 -0.2481593 -0.1639282 0.7571939 0.6322856 -0.4498283 0.8221008 -0.3490055 -0.1007247 0.8754944 -0.4726142 -0.5018357 0.3293367 0.7998114 -0.1254272 0.4310957 0.8935461 -0.4186084 0.697668 -0.5814005 -0.108678 0.6210014 -0.7762386 -0.4953635 0.1415241 0.8570799 -0.1269275 -0.02379792 0.9916265 -0.4171106 0.4789159 -0.7724367 -0.1165876 0.2953345 -0.9482537 -0.5455792 -0.3716331 0.7511539 -0.1274498 -0.6770364 0.7248299 -0.4349063 0.2019119 -0.8775466 -0.1319876 -0.2018631 -0.9704796 -0.5345233 -0.8017845 0.2672577 -0.1185085 -0.9559338 0.268601 -0.483409 -0.2651054 -0.834287 -0.1334877 -0.7852385 -0.6046335 -0.501807 -0.8546476 -0.1332936 -0.1184149 -0.9867947 -0.1105181 -0.5072509 -0.7023283 -0.4994313 -0.8728665 -0.4364516 -0.2182066 -0.8531215 -0.3489992 -0.387793 -0.8303577 -0.1241753 -0.5432187 -0.7845287 0.1320514 -0.605869 -0.9885166 0.03113079 -0.1478711 -0.7690171 0.2796474 -0.5748133 -0.9337446 -0.3217051 0.1569303 -0.7670717 0.3874098 -0.511385 -0.8863362 -0.01568138 0.462777 -0.7975864 0.4491286 -0.4026655 -0.8509879 0.101491 0.5152857 -0.952514 0.3020236 0.03871768 -0.8368065 0.007821857 0.547443</float_array>
          <technique_common>
            <accessor source="#SK_Pickup_Armor-mesh-normals-array" count="408" stride="3">
              <param name="X" type="float"/>
              <param name="Y" type="float"/>
              <param name="Z" type="float"/>
            </accessor>
          </technique_common>
        </source>
        <source id="SK_Pickup_Armor-mesh-map-0">
          <float_array id="SK_Pickup_Armor-mesh-map-0-array" count="2832">0.5595703 0.7579346 0.5537109 0.7497559 0.6298828 0.7070313 0.6298828 0.7070313 0.6303711 0.715332 0.5595703 0.7579346 0.6367188 0.7106934 0.6401367 0.7189942 0.6303711 0.715332 0.6303711 0.715332 0.6298828 0.7070313 0.6367188 0.7106934 0.4421387 0.7579346 0.3710938 0.715332 0.3718262 0.7070313 0.3718262 0.7070313 0.4477539 0.7497559 0.4421387 0.7579346 0.3647461 0.7106934 0.3718262 0.7070313 0.3710938 0.715332 0.3710938 0.715332 0.3615723 0.7189942 0.3647461 0.7106934 0.6679688 0.7926025 0.6474609 0.7436524 0.6699219 0.7889404 0.6831055 0.8214111 0.6679688 0.7926025 0.6699219 0.7889404 0.6699219 0.7889404 0.6855469 0.817749 0.6831055 0.8214111 0.6962891 0.8486328 0.6831055 0.8214111 0.6855469 0.817749 0.6855469 0.817749 0.699707 0.8438721 0.6962891 0.8486328 0.659668 0.7937012 0.6474609 0.7436524 0.6679688 0.7926025 0.671875 0.8253174 0.659668 0.7937012 0.6679688 0.7926025 0.6679688 0.7926025 0.6831055 0.8214111 0.671875 0.8253174 0.684082 0.8535156 0.671875 0.8253174 0.6831055 0.8214111 0.6831055 0.8214111 0.6962891 0.8486328 0.684082 0.8535156 0.2150878 0.8609619 0.1660156 0.8706055 0.1544189 0.8453369 0.1544189 0.8453369 0.2087402 0.8320313 0.2150878 0.8609619 0.2087402 0.8320313 0.1544189 0.8453369 0.1334228 0.8209229 0.1334228 0.8209229 0.2025146 0.7966309 0.2087402 0.8320313 0.2025146 0.7966309 0.1334228 0.8209229 0.1060791 0.8109131 0.1060791 0.8109131 0.1235351 0.7581787 0.2025146 0.7966309 0.1235351 0.7581787 0.1060791 0.8109131 0.06213378 0.8000488 0.2052001 0.7470703 0.2025146 0.7966309 0.1235351 0.7581787 0.06213378 0.8000488 0.07318115 0.7446289 0.1235351 0.7581787 0.1235351 0.7581787 0.1323242 0.7219238 0.2052001 0.7470703 0.1323242 0.7219238 0.1235351 0.7581787 0.07318115 0.7446289 0.2169189 0.701416 0.2052001 0.7470703 0.1323242 0.7219238 0.07318115 0.7446289 0.0838623 0.7041016 0.1323242 0.7219238 0.1323242 0.7219238 0.147583 0.6721192 0.2169189 0.701416 0.147583 0.6721192 0.1323242 0.7219238 0.0838623 0.7041016 0.0838623 0.7041016 0.09863281 0.6574707 0.147583 0.6721192 0.2476806 0.6635742 0.2169189 0.701416 0.147583 0.6721192 0.1593017 0.6391602 0.147583 0.6721192 0.09863281 0.6574707 0.147583 0.6721192 0.1593017 0.6391602 0.2476806 0.6635742 0.09863281 0.6574707 0.1099853 0.625 0.1593017 0.6391602 0.1748046 0.5847168 0.1593017 0.6391602 0.1099853 0.625 0.1099853 0.625 0.1263427 0.5715332 0.1748046 0.5847168 0.2451171 0.597168 0.2476806 0.6635742 0.1593017 0.6391602 0.1593017 0.6391602 0.1748046 0.5847168 0.2451171 0.597168 0.1954345 0.5080567 0.1748046 0.5847168 0.1263427 0.5715332 0.1263427 0.5715332 0.1467285 0.4951172 0.1954345 0.5080567 0.1467285 0.4951172 0.1538085 0.465332 0.203247 0.4794922 0.203247 0.4794922 0.1954345 0.5080567 0.1467285 0.4951172 0.1954345 0.5080567 0.203247 0.4794922 0.267334 0.4960938 0.1748046 0.5847168 0.1954345 0.5080567 0.2602539 0.5222168 0.267334 0.4960938 0.2602539 0.5222168 0.1954345 0.5080567 0.2602539 0.5222168 0.2451171 0.597168 0.1748046 0.5847168 0.2602539 0.5222168 0.267334 0.4960938 0.3200684 0.5068359 0.3200684 0.5068359 0.3151856 0.5332031 0.2602539 0.5222168 0.2451171 0.597168 0.2602539 0.5222168 0.3151856 0.5332031 0.3151856 0.5332031 0.3200684 0.5068359 0.3730469 0.512207 0.2476806 0.6635742 0.2451171 0.597168 0.3012695 0.6101074 0.3151856 0.5332031 0.3012695 0.6101074 0.2451171 0.597168 0.3012695 0.6101074 0.2944336 0.6560059 0.2476806 0.6635742 0.3730469 0.512207 0.3698731 0.5402832 0.3151856 0.5332031 0.3012695 0.6101074 0.3151856 0.5332031 0.3698731 0.5402832 0.3698731 0.5402832 0.3730469 0.512207 0.4169922 0.5163574 0.2944336 0.6560059 0.3012695 0.6101074 0.3601074 0.6174317 0.3698731 0.5402832 0.3601074 0.6174317 0.3012695 0.6101074 0.3601074 0.6174317 0.3374024 0.6816406 0.2944336 0.6560059 0.4169922 0.5163574 0.4187012 0.5446777 0.3698731 0.5402832 0.3601074 0.6174317 0.3698731 0.5402832 0.4187012 0.5446777 0.3374024 0.6816406 0.3601074 0.6174317 0.4182129 0.6220703 0.4187012 0.5446777 0.4182129 0.6220703 0.3601074 0.6174317 0.4663086 0.5458984 0.4187012 0.5446777 0.4169922 0.5163574 0.4169922 0.5163574 0.4658203 0.5163574 0.4663086 0.5458984 0.4663086 0.5458984 0.4658203 0.5163574 0.5004883 0.517334 0.4187012 0.5446777 0.4663086 0.5458984 0.465332 0.623291 0.465332 0.623291 0.4182129 0.6220703 0.4187012 0.5446777 0.5004883 0.517334 0.5004883 0.5463867 0.4663086 0.5458984 0.465332 0.623291 0.4663086 0.5458984 0.5004883 0.5463867 0.4182129 0.6220703 0.420166 0.6870117 0.3374024 0.6816406 0.420166 0.6870117 0.3718262 0.7070313 0.3374024 0.6816406 0.4477539 0.7497559 0.3718262 0.7070313 0.420166 0.6870117 0.420166 0.6870117 0.4631348 0.7416992 0.4477539 0.7497559 0.4645996 0.6894531 0.420166 0.6870117 0.4182129 0.6220703 0.4631348 0.7416992 0.420166 0.6870117 0.4645996 0.6894531 0.4182129 0.6220703 0.465332 0.623291 0.4645996 0.6894531 0.4645996 0.6894531 0.4816895 0.7358399 0.4631348 0.7416992 0.4645996 0.6894531 0.465332 0.623291 0.5004883 0.6245117 0.5004883 0.5463867 0.5004883 0.6245117 0.465332 0.623291 0.4816895 0.7358399 0.4645996 0.6894531 0.5004883 0.6901856 0.5004883 0.6245117 0.5004883 0.6901856 0.4645996 0.6894531 0.5004883 0.6901856 0.5004883 0.7351074 0.4816895 0.7358399 0.5200195 0.7358399 0.5004883 0.7351074 0.5004883 0.6901856 0.5004883 0.6901856 0.5371094 0.6894531 0.5200195 0.7358399 0.5371094 0.6894531 0.5004883 0.6901856 0.5004883 0.6245117 0.5385742 0.7416992 0.5200195 0.7358399 0.5371094 0.6894531 0.5361328 0.623291 0.5004883 0.6245117 0.5004883 0.5463867 0.5004883 0.6245117 0.5361328 0.623291 0.5371094 0.6894531 0.5371094 0.6894531 0.5810547 0.6870117 0.5385742 0.7416992 0.5537109 0.7497559 0.5385742 0.7416992 0.5810547 0.6870117 0.5810547 0.6870117 0.6298828 0.7070313 0.5537109 0.7497559 0.5810547 0.6870117 0.6640625 0.6816406 0.6298828 0.7070313 0.5834961 0.6220703 0.5810547 0.6870117 0.5371094 0.6894531 0.6640625 0.6816406 0.5810547 0.6870117 0.5834961 0.6220703 0.5371094 0.6894531 0.5361328 0.623291 0.5834961 0.6220703 0.5834961 0.6220703 0.6416016 0.6174317 0.6640625 0.6816406 0.7070313 0.6560059 0.6640625 0.6816406 0.6416016 0.6174317 0.5830078 0.5446777 0.5834961 0.6220703 0.5361328 0.623291 0.6416016 0.6174317 0.5834961 0.6220703 0.5830078 0.5446777 0.5004883 0.5463867 0.5351563 0.5458984 0.5361328 0.623291 0.5361328 0.623291 0.5351563 0.5458984 0.5830078 0.5446777 0.5351563 0.5458984 0.5004883 0.5463867 0.5004883 0.517334 0.5004883 0.517334 0.5356445 0.5163574 0.5351563 0.5458984 0.5351563 0.5458984 0.5356445 0.5163574 0.5844727 0.5163574 0.5844727 0.5163574 0.5830078 0.5446777 0.5351563 0.5458984 0.6318359 0.5402832 0.5830078 0.5446777 0.5844727 0.5163574 0.5830078 0.5446777 0.6318359 0.5402832 0.6416016 0.6174317 0.5844727 0.5163574 0.628418 0.512207 0.6318359 0.5402832 0.6416016 0.6174317 0.7001953 0.6101074 0.7070313 0.6560059 0.7001953 0.6101074 0.6416016 0.6174317 0.6318359 0.5402832 0.7539063 0.6635742 0.7070313 0.6560059 0.7001953 0.6101074 0.6865234 0.5332031 0.6318359 0.5402832 0.628418 0.512207 0.6318359 0.5402832 0.6865234 0.5332031 0.7001953 0.6101074 0.628418 0.512207 0.6811524 0.5068359 0.6865234 0.5332031 0.7563477 0.597168 0.7001953 0.6101074 0.6865234 0.5332031 0.7001953 0.6101074 0.7563477 0.597168 0.7539063 0.6635742 0.7412109 0.5222168 0.6865234 0.5332031 0.6811524 0.5068359 0.6865234 0.5332031 0.7412109 0.5222168 0.7563477 0.597168 0.6811524 0.5068359 0.734375 0.4960938 0.7412109 0.5222168 0.8422852 0.6391602 0.7539063 0.6635742 0.7563477 0.597168 0.8061524 0.5080567 0.7412109 0.5222168 0.734375 0.4960938 0.734375 0.4960938 0.7983399 0.4794922 0.8061524 0.5080567 0.8266602 0.5847168 0.7563477 0.597168 0.7412109 0.5222168 0.7412109 0.5222168 0.8061524 0.5080567 0.8266602 0.5847168 0.7563477 0.597168 0.8266602 0.5847168 0.8422852 0.6391602 0.8549805 0.4951172 0.8061524 0.5080567 0.7983399 0.4794922 0.7983399 0.4794922 0.8476563 0.465332 0.8549805 0.4951172 0.8061524 0.5080567 0.8549805 0.4951172 0.8754883 0.5715332 0.8754883 0.5715332 0.8266602 0.5847168 0.8061524 0.5080567 0.8266602 0.5847168 0.8754883 0.5715332 0.8916016 0.625 0.8916016 0.625 0.8422852 0.6391602 0.8266602 0.5847168 0.8422852 0.6391602 0.8916016 0.625 0.902832 0.6574707 0.902832 0.6574707 0.8540039 0.6721192 0.8422852 0.6391602 0.7539063 0.6635742 0.8422852 0.6391602 0.8540039 0.6721192 0.8540039 0.6721192 0.902832 0.6574707 0.9179688 0.7041016 0.8540039 0.6721192 0.784668 0.701416 0.7539063 0.6635742 0.9179688 0.7041016 0.8691406 0.7219238 0.8540039 0.6721192 0.784668 0.701416 0.8540039 0.6721192 0.8691406 0.7219238 0.8691406 0.7219238 0.9179688 0.7041016 0.9287109 0.7446289 0.8691406 0.7219238 0.7963867 0.7470703 0.784668 0.701416 0.9287109 0.7446289 0.8779297 0.7581787 0.8691406 0.7219238 0.7963867 0.7470703 0.8691406 0.7219238 0.8779297 0.7581787 0.8779297 0.7581787 0.9287109 0.7446289 0.9394531 0.8000488 0.8779297 0.7581787 0.7993164 0.7966309 0.7963867 0.7470703 0.9394531 0.8000488 0.8955078 0.8109131 0.8779297 0.7581787 0.7993164 0.7966309 0.8779297 0.7581787 0.8955078 0.8109131 0.8955078 0.8109131 0.8681641 0.8209229 0.7993164 0.7966309 0.7929688 0.8320313 0.7993164 0.7966309 0.8681641 0.8209229 0.8681641 0.8209229 0.847168 0.8453369 0.7929688 0.8320313 0.7866211 0.8609619 0.7929688 0.8320313 0.847168 0.8453369 0.847168 0.8453369 0.8354492 0.8706055 0.7866211 0.8609619 0.3713379 0.8726807 0.3210449 0.8580322 0.3325195 0.8287354 0.3325195 0.8287354 0.3828125 0.8505859 0.3713379 0.8726807 0.3828125 0.8505859 0.3325195 0.8287354 0.3444824 0.7971192 0.3444824 0.7971192 0.4008789 0.8172608 0.3828125 0.8505859 0.4008789 0.8172608 0.3444824 0.7971192 0.3637695 0.7426758 0.3637695 0.7426758 0.4250488 0.7790527 0.4008789 0.8172608 0.4250488 0.7790527 0.3637695 0.7426758 0.3710938 0.715332 0.3710938 0.715332 0.4421387 0.7579346 0.4250488 0.7790527 0.3718262 0.7070313 0.3647461 0.7106934 0.3349609 0.6923828 0.3349609 0.6923828 0.3374024 0.6816406 0.3718262 0.7070313 0.3374024 0.6816406 0.3349609 0.6923828 0.2924805 0.6708984 0.2924805 0.6708984 0.2944336 0.6560059 0.3374024 0.6816406 0.2944336 0.6560059 0.2924805 0.6708984 0.2529297 0.6762695 0.2529297 0.6762695 0.2476806 0.6635742 0.2944336 0.6560059 0.2476806 0.6635742 0.2529297 0.6762695 0.2279052 0.7075195 0.2279052 0.7075195 0.2169189 0.701416 0.2476806 0.6635742 0.2169189 0.701416 0.2279052 0.7075195 0.2117919 0.7473145 0.2117919 0.7473145 0.2052001 0.7470703 0.2169189 0.701416 0.2052001 0.7470703 0.2117919 0.7473145 0.2071533 0.7952881 0.2071533 0.7952881 0.2025146 0.7966309 0.2052001 0.7470703 0.2025146 0.7966309 0.2071533 0.7952881 0.2135009 0.8302002 0.2135009 0.8302002 0.2087402 0.8320313 0.2025146 0.7966309 0.2087402 0.8320313 0.2135009 0.8302002 0.2209472 0.8599854 0.2209472 0.8599854 0.2150878 0.8609619 0.2087402 0.8320313 0.2279052 0.7075195 0.2259521 0.7490234 0.2193603 0.7497559 0.2193603 0.7497559 0.2259521 0.7490234 0.2261962 0.7957764 0.2261962 0.7957764 0.2216796 0.7973633 0.2193603 0.7497559 0.2216796 0.7973633 0.2261962 0.7957764 0.2308349 0.8278809 0.2308349 0.8278809 0.225708 0.8295899 0.2216796 0.7973633 0.225708 0.8295899 0.2308349 0.8278809 0.2391357 0.8564453 0.2391357 0.8564453 0.2333984 0.8577881 0.225708 0.8295899 0.3054199 0.8486328 0.3017578 0.8438721 0.315918 0.817749 0.315918 0.817749 0.3183594 0.8214111 0.3054199 0.8486328 0.3183594 0.8214111 0.315918 0.817749 0.331543 0.7889404 0.331543 0.7889404 0.3334961 0.7926025 0.3183594 0.8214111 0.3334961 0.7926025 0.331543 0.7889404 0.3537598 0.7436524 0.3615723 0.7189942 0.3710938 0.715332 0.3637695 0.7426758 0.3637695 0.7426758 0.3537598 0.7436524 0.3615723 0.7189942 0.3537598 0.7436524 0.3637695 0.7426758 0.3444824 0.7971192 0.3444824 0.7971192 0.3417969 0.7937012 0.3537598 0.7436524 0.3417969 0.7937012 0.3444824 0.7971192 0.3325195 0.8287354 0.3325195 0.8287354 0.3295899 0.8253174 0.3417969 0.7937012 0.3295899 0.8253174 0.3325195 0.8287354 0.3210449 0.8580322 0.3210449 0.8580322 0.3171387 0.8535156 0.3295899 0.8253174 0.2279052 0.7075195 0.2193603 0.7497559 0.2117919 0.7473145 0.2117919 0.7473145 0.2193603 0.7497559 0.2216796 0.7973633 0.2216796 0.7973633 0.2071533 0.7952881 0.2117919 0.7473145 0.2071533 0.7952881 0.2216796 0.7973633 0.225708 0.8295899 0.225708 0.8295899 0.2135009 0.8302002 0.2071533 0.7952881 0.2135009 0.8302002 0.225708 0.8295899 0.2333984 0.8577881 0.2333984 0.8577881 0.2209472 0.8599854 0.2135009 0.8302002 0.3171387 0.8535156 0.3054199 0.8486328 0.3183594 0.8214111 0.3183594 0.8214111 0.3295899 0.8253174 0.3171387 0.8535156 0.3295899 0.8253174 0.3183594 0.8214111 0.3334961 0.7926025 0.3334961 0.7926025 0.3417969 0.7937012 0.3295899 0.8253174 0.3417969 0.7937012 0.3334961 0.7926025 0.3537598 0.7436524 0.1538085 0.465332 0.1575927 0.4560547 0.2039794 0.4697266 0.2039794 0.4697266 0.203247 0.4794922 0.1538085 0.465332 0.203247 0.4794922 0.2039794 0.4697266 0.265625 0.4853516 0.265625 0.4853516 0.267334 0.4960938 0.203247 0.4794922 0.267334 0.4960938 0.265625 0.4853516 0.3195801 0.4956055 0.3195801 0.4956055 0.3200684 0.5068359 0.267334 0.4960938 0.3200684 0.5068359 0.3195801 0.4956055 0.3723145 0.4990234 0.3723145 0.4990234 0.3730469 0.512207 0.3200684 0.5068359 0.3730469 0.512207 0.3723145 0.4990234 0.4172363 0.501709 0.4172363 0.501709 0.4169922 0.5163574 0.3730469 0.512207 0.4169922 0.5163574 0.4172363 0.501709 0.4655762 0.5012207 0.4655762 0.5012207 0.4658203 0.5163574 0.4169922 0.5163574 0.4658203 0.5163574 0.4655762 0.5012207 0.5004883 0.5019531 0.5004883 0.5019531 0.5004883 0.517334 0.4658203 0.5163574 0.5356445 0.5163574 0.5004883 0.517334 0.5004883 0.5019531 0.5004883 0.5019531 0.5361328 0.5012207 0.5356445 0.5163574 0.5844727 0.5163574 0.5356445 0.5163574 0.5361328 0.5012207 0.5361328 0.5012207 0.5844727 0.501709 0.5844727 0.5163574 0.628418 0.512207 0.5844727 0.5163574 0.5844727 0.501709 0.5844727 0.501709 0.6293945 0.4990234 0.628418 0.512207 0.6811524 0.5068359 0.628418 0.512207 0.6293945 0.4990234 0.6293945 0.4990234 0.6821289 0.4956055 0.6811524 0.5068359 0.734375 0.4960938 0.6811524 0.5068359 0.6821289 0.4956055 0.6821289 0.4956055 0.7358399 0.4853516 0.734375 0.4960938 0.7983399 0.4794922 0.734375 0.4960938 0.7358399 0.4853516 0.7358399 0.4853516 0.7973633 0.4697266 0.7983399 0.4794922 0.8476563 0.465332 0.7983399 0.4794922 0.7973633 0.4697266 0.7973633 0.4697266 0.8442383 0.4560547 0.8476563 0.465332 0.6689453 0.8287354 0.6806641 0.8580322 0.6303711 0.8726807 0.6303711 0.8726807 0.6186524 0.8505859 0.6689453 0.8287354 0.6572266 0.7971192 0.6689453 0.8287354 0.6186524 0.8505859 0.6186524 0.8505859 0.6005859 0.8172608 0.6572266 0.7971192 0.6376953 0.7426758 0.6572266 0.7971192 0.6005859 0.8172608 0.6005859 0.8172608 0.5766602 0.7790527 0.6376953 0.7426758 0.6303711 0.715332 0.6376953 0.7426758 0.5766602 0.7790527 0.5766602 0.7790527 0.5595703 0.7579346 0.6303711 0.715332 0.6665039 0.6923828 0.6367188 0.7106934 0.6298828 0.7070313 0.6298828 0.7070313 0.6640625 0.6816406 0.6665039 0.6923828 0.7089844 0.6708984 0.6665039 0.6923828 0.6640625 0.6816406 0.6640625 0.6816406 0.7070313 0.6560059 0.7089844 0.6708984 0.7485352 0.6762695 0.7089844 0.6708984 0.7070313 0.6560059 0.7070313 0.6560059 0.7539063 0.6635742 0.7485352 0.6762695 0.7734375 0.7075195 0.7485352 0.6762695 0.7539063 0.6635742 0.7539063 0.6635742 0.784668 0.701416 0.7734375 0.7075195 0.7900391 0.7473145 0.7734375 0.7075195 0.784668 0.701416 0.784668 0.701416 0.7963867 0.7470703 0.7900391 0.7473145 0.7944336 0.7952881 0.7900391 0.7473145 0.7963867 0.7470703 0.7963867 0.7470703 0.7993164 0.7966309 0.7944336 0.7952881 0.7880859 0.8302002 0.7944336 0.7952881 0.7993164 0.7966309 0.7993164 0.7966309 0.7929688 0.8320313 0.7880859 0.8302002 0.7807617 0.8599854 0.7880859 0.8302002 0.7929688 0.8320313 0.7929688 0.8320313 0.7866211 0.8609619 0.7807617 0.8599854 0.7734375 0.7075195 0.7822266 0.7497559 0.7758789 0.7490234 0.7753906 0.7957764 0.7758789 0.7490234 0.7822266 0.7497559 0.7822266 0.7497559 0.7797852 0.7973633 0.7753906 0.7957764 0.7709961 0.8278809 0.7753906 0.7957764 0.7797852 0.7973633 0.7797852 0.7973633 0.7758789 0.8295899 0.7709961 0.8278809 0.7626953 0.8564453 0.7709961 0.8278809 0.7758789 0.8295899 0.7758789 0.8295899 0.7680664 0.8577881 0.7626953 0.8564453 0.6376953 0.7426758 0.6303711 0.715332 0.6401367 0.7189942 0.6401367 0.7189942 0.6474609 0.7436524 0.6376953 0.7426758 0.6572266 0.7971192 0.6376953 0.7426758 0.6474609 0.7436524 0.6474609 0.7436524 0.659668 0.7937012 0.6572266 0.7971192 0.6689453 0.8287354 0.6572266 0.7971192 0.659668 0.7937012 0.659668 0.7937012 0.671875 0.8253174 0.6689453 0.8287354 0.6806641 0.8580322 0.6689453 0.8287354 0.671875 0.8253174 0.671875 0.8253174 0.684082 0.8535156 0.6806641 0.8580322 0.7734375 0.7075195 0.7900391 0.7473145 0.7822266 0.7497559 0.7797852 0.7973633 0.7822266 0.7497559 0.7900391 0.7473145 0.7900391 0.7473145 0.7944336 0.7952881 0.7797852 0.7973633 0.7758789 0.8295899 0.7797852 0.7973633 0.7944336 0.7952881 0.7944336 0.7952881 0.7880859 0.8302002 0.7758789 0.8295899 0.7680664 0.8577881 0.7758789 0.8295899 0.7880859 0.8302002 0.7880859 0.8302002 0.7807617 0.8599854 0.7680664 0.8577881 0.486084 0.3046875 0.4824219 0.3466797 0.4338379 0.3251953 0.4716797 0.2456054 0.486084 0.3046875 0.4338379 0.3251953 0.4824219 0.3466797 0.465332 0.3896484 0.4338379 0.3251953 0.4338379 0.3251953 0.4167481 0.2236328 0.4716797 0.2456054 0.4404297 0.1811523 0.4716797 0.2456054 0.4167481 0.2236328 0.4162598 0.1508789 0.4404297 0.1811523 0.4167481 0.2236328 0.3879395 0.3808594 0.4338379 0.3251953 0.465332 0.3896484 0.465332 0.3896484 0.4313965 0.4169922 0.3879395 0.3808594 0.4313965 0.4169922 0.3925781 0.4306641 0.3879395 0.3808594 0.4167481 0.2236328 0.376709 0.171875 0.4162598 0.1508789 0.4033203 0.1469726 0.4162598 0.1508789 0.376709 0.171875 0.3820801 0.1323242 0.4033203 0.1469726 0.376709 0.171875 0.3549805 0.1235351 0.3820801 0.1323242 0.376709 0.171875 0.3261719 0.3925781 0.3879395 0.3808594 0.3925781 0.4306641 0.3925781 0.4306641 0.3261719 0.4418945 0.3261719 0.3925781 0.376709 0.171875 0.3261719 0.1582031 0.3549805 0.1235351 0.3261719 0.1210937 0.3549805 0.1235351 0.3261719 0.1582031 0.2971192 0.1235351 0.3261719 0.1210937 0.3261719 0.1582031 0.2700195 0.1323242 0.2971192 0.1235351 0.3261719 0.1582031 0.2641602 0.3808594 0.3261719 0.3925781 0.3261719 0.4418945 0.3261719 0.4418945 0.2597656 0.4306641 0.2641602 0.3808594 0.2597656 0.4306641 0.2209472 0.4169922 0.2641602 0.3808594 0.3261719 0.1582031 0.2753906 0.171875 0.2700195 0.1323242 0.2487792 0.1469726 0.2700195 0.1323242 0.2753906 0.171875 0.2360839 0.1508789 0.2487792 0.1469726 0.2753906 0.171875 0.2116699 0.1811523 0.2360839 0.1508789 0.2753906 0.171875 0.2753906 0.171875 0.3261719 0.1582031 0.3261719 0.2094726 0.2753906 0.171875 0.2354736 0.2236328 0.2116699 0.1811523 0.1805419 0.2456054 0.2116699 0.1811523 0.2354736 0.2236328 0.1661376 0.3046875 0.1805419 0.2456054 0.2354736 0.2236328 0.3261719 0.2094726 0.3015137 0.2163085 0.2753906 0.171875 0.2354736 0.2236328 0.2753906 0.171875 0.3015137 0.2163085 0.3505859 0.2163085 0.3261719 0.2094726 0.3261719 0.1582031 0.3261719 0.1582031 0.376709 0.171875 0.3505859 0.2163085 0.3015137 0.2163085 0.3261719 0.2094726 0.3261719 0.2602539 0.3261719 0.2094726 0.3505859 0.2163085 0.3261719 0.2602539 0.3688965 0.243164 0.3505859 0.2163085 0.376709 0.171875 0.3505859 0.2163085 0.3688965 0.243164 0.3261719 0.2602539 0.376709 0.171875 0.4167481 0.2236328 0.3688965 0.243164 0.3774414 0.2929688 0.3688965 0.243164 0.4167481 0.2236328 0.3688965 0.243164 0.3774414 0.2929688 0.3261719 0.2602539 0.4167481 0.2236328 0.4338379 0.3251953 0.3774414 0.2929688 0.3562012 0.3212891 0.3774414 0.2929688 0.4338379 0.3251953 0.3774414 0.2929688 0.3562012 0.3212891 0.3261719 0.2602539 0.4338379 0.3251953 0.3879395 0.3808594 0.3562012 0.3212891 0.3261719 0.3266602 0.3562012 0.3212891 0.3879395 0.3808594 0.3562012 0.3212891 0.3261719 0.3266602 0.3261719 0.2602539 0.3879395 0.3808594 0.3261719 0.3925781 0.3261719 0.3266602 0.2958984 0.3212891 0.3261719 0.3266602 0.3261719 0.3925781 0.3261719 0.3266602 0.2958984 0.3212891 0.3261719 0.2602539 0.3261719 0.3925781 0.2641602 0.3808594 0.2958984 0.3212891 0.2958984 0.3212891 0.2749024 0.2929688 0.3261719 0.2602539 0.2749024 0.2929688 0.2958984 0.3212891 0.2641602 0.3808594 0.2749024 0.2929688 0.2832031 0.243164 0.3261719 0.2602539 0.2832031 0.243164 0.3015137 0.2163085 0.3261719 0.2602539 0.3015137 0.2163085 0.2832031 0.243164 0.2354736 0.2236328 0.2641602 0.3808594 0.2185058 0.3251953 0.2749024 0.2929688 0.2832031 0.243164 0.2749024 0.2929688 0.2185058 0.3251953 0.2185058 0.3251953 0.2354736 0.2236328 0.2832031 0.243164 0.2185058 0.3251953 0.2641602 0.3808594 0.2209472 0.4169922 0.2354736 0.2236328 0.2185058 0.3251953 0.1661376 0.3046875 0.2209472 0.4169922 0.1870117 0.3896484 0.2185058 0.3251953 0.1697998 0.3466797 0.1661376 0.3046875 0.2185058 0.3251953 0.1870117 0.3896484 0.1697998 0.3466797 0.2185058 0.3251953 0.53125 0.2602539 0.5214844 0.2104492 0.53125 0.2065429 0.5214844 0.2104492 0.5253906 0.1953125 0.53125 0.2065429 0.53125 0.2065429 0.5390625 0.2612305 0.53125 0.2602539 0.5683594 0.3583984 0.53125 0.2602539 0.5390625 0.2612305 0.5839844 0.1635742 0.53125 0.2065429 0.5253906 0.1953125 0.5253906 0.1953125 0.5786133 0.1577148 0.5839844 0.1635742 0.5390625 0.2612305 0.5742188 0.3544922 0.5683594 0.3583984 0.6235352 0.4111328 0.5683594 0.3583984 0.5742188 0.3544922 0.5390625 0.2612305 0.53125 0.2065429 0.5839844 0.2324218 0.5742188 0.3544922 0.6259766 0.4047852 0.6235352 0.4111328 0.6899414 0.4384766 0.6235352 0.4111328 0.6259766 0.4047852 0.5742188 0.3544922 0.5390625 0.2612305 0.5888672 0.2675781 0.5839844 0.2324218 0.5888672 0.2675781 0.5390625 0.2612305 0.5888672 0.2675781 0.6118164 0.3286133 0.5742188 0.3544922 0.6259766 0.4047852 0.5742188 0.3544922 0.6118164 0.3286133 0.6181641 0.2045898 0.5839844 0.2324218 0.53125 0.2065429 0.53125 0.2065429 0.5839844 0.1635742 0.6181641 0.2045898 0.5888672 0.2675781 0.5839844 0.2324218 0.6787109 0.2802734 0.5839844 0.2324218 0.6181641 0.2045898 0.6787109 0.2802734 0.6118164 0.3286133 0.5888672 0.2675781 0.6787109 0.2802734 0.6821289 0.1811523 0.6181641 0.2045898 0.5839844 0.1635742 0.6181641 0.2045898 0.6821289 0.1811523 0.6787109 0.2802734 0.6118164 0.3286133 0.6455078 0.3608399 0.6259766 0.4047852 0.6455078 0.3608399 0.6118164 0.3286133 0.6787109 0.2802734 0.6259766 0.4047852 0.6894531 0.4306641 0.6899414 0.4384766 0.6894531 0.4306641 0.6259766 0.4047852 0.6455078 0.3608399 0.7651367 0.4404297 0.6899414 0.4384766 0.6894531 0.4306641 0.6455078 0.3608399 0.6870117 0.3779297 0.6894531 0.4306641 0.6870117 0.3779297 0.6455078 0.3608399 0.6787109 0.2802734 0.6894531 0.4306641 0.7607422 0.4321289 0.7651367 0.4404297 0.7607422 0.4321289 0.6894531 0.4306641 0.6870117 0.3779297 0.8222656 0.3935547 0.7651367 0.4404297 0.7607422 0.4321289 0.6870117 0.3779297 0.7329102 0.3789063 0.7607422 0.4321289 0.7329102 0.3789063 0.6870117 0.3779297 0.6787109 0.2802734 0.7607422 0.4321289 0.8154297 0.3876953 0.8222656 0.3935547 0.8154297 0.3876953 0.7607422 0.4321289 0.7329102 0.3789063 0.8417969 0.3012695 0.8222656 0.3935547 0.8154297 0.3876953 0.7329102 0.3789063 0.7680664 0.3500977 0.8154297 0.3876953 0.7680664 0.3500977 0.7329102 0.3789063 0.6787109 0.2802734 0.8154297 0.3876953 0.8339844 0.2998047 0.8417969 0.3012695 0.8339844 0.2998047 0.8154297 0.3876953 0.7680664 0.3500977 0.8256836 0.2167968 0.8417969 0.3012695 0.8339844 0.2998047 0.7680664 0.3500977 0.7802734 0.2929688 0.8339844 0.2998047 0.7802734 0.2929688 0.7680664 0.3500977 0.6787109 0.2802734 0.8339844 0.2998047 0.8188477 0.2202148 0.8256836 0.2167968 0.8188477 0.2202148 0.8339844 0.2998047 0.7802734 0.2929688 0.7753906 0.1425781 0.8256836 0.2167968 0.8188477 0.2202148 0.7705078 0.2412109 0.7802734 0.2929688 0.6787109 0.2802734 0.7802734 0.2929688 0.7705078 0.2412109 0.8188477 0.2202148 0.8188477 0.2202148 0.7709961 0.149414 0.7753906 0.1425781 0.7709961 0.149414 0.8188477 0.2202148 0.7705078 0.2412109 0.6826172 0.1196289 0.7753906 0.1425781 0.7709961 0.149414 0.7397461 0.1953125 0.7705078 0.2412109 0.6787109 0.2802734 0.7705078 0.2412109 0.7397461 0.1953125 0.7709961 0.149414 0.6821289 0.1811523 0.7397461 0.1953125 0.6787109 0.2802734 0.7709961 0.149414 0.6826172 0.1279296 0.6826172 0.1196289 0.6826172 0.1279296 0.7709961 0.149414 0.7397461 0.1953125 0.7397461 0.1953125 0.6821289 0.1811523 0.6826172 0.1279296 0.5786133 0.1577148 0.6826172 0.1196289 0.6826172 0.1279296 0.5839844 0.1635742 0.6826172 0.1279296 0.6821289 0.1811523 0.6826172 0.1279296 0.5839844 0.1635742 0.5786133 0.1577148 0.53125 0.2065429 0.5214844 0.2104492 0.53125 0.2602539 0.5214844 0.2104492 0.53125 0.2065429 0.5253906 0.1953125 0.53125 0.2602539 0.5390625 0.2612305 0.53125 0.2065429 0.5390625 0.2612305 0.53125 0.2602539 0.5683594 0.3583984 0.5253906 0.1953125 0.53125 0.2065429 0.5839844 0.1635742 0.5839844 0.1635742 0.5786133 0.1577148 0.5253906 0.1953125 0.5683594 0.3583984 0.5742188 0.3544922 0.5390625 0.2612305 0.5742188 0.3544922 0.5683594 0.3583984 0.6235352 0.4111328 0.5786133 0.1577148 0.5839844 0.1635742 0.6826172 0.1279296 0.6826172 0.1279296 0.6826172 0.1196289 0.5786133 0.1577148 0.6235352 0.4111328 0.6259766 0.4047852 0.5742188 0.3544922 0.6259766 0.4047852 0.6235352 0.4111328 0.6899414 0.4384766 0.6826172 0.1196289 0.6826172 0.1279296 0.7709961 0.149414 0.7709961 0.149414 0.7753906 0.1425781 0.6826172 0.1196289 0.6899414 0.4384766 0.6894531 0.4306641 0.6259766 0.4047852 0.6894531 0.4306641 0.6899414 0.4384766 0.7651367 0.4404297 0.7753906 0.1425781 0.7709961 0.149414 0.8188477 0.2202148 0.8188477 0.2202148 0.8256836 0.2167968 0.7753906 0.1425781 0.7651367 0.4404297 0.7607422 0.4321289 0.6894531 0.4306641 0.7607422 0.4321289 0.7651367 0.4404297 0.8222656 0.3935547 0.8256836 0.2167968 0.8188477 0.2202148 0.8339844 0.2998047 0.8339844 0.2998047 0.8417969 0.3012695 0.8256836 0.2167968 0.8154297 0.3876953 0.8222656 0.3935547 0.8417969 0.3012695 0.8417969 0.3012695 0.8339844 0.2998047 0.8154297 0.3876953 0.8222656 0.3935547 0.8154297 0.3876953 0.7607422 0.4321289 0.7802734 0.2929688 0.8339844 0.2998047 0.8188477 0.2202148 0.7680664 0.3500977 0.8154297 0.3876953 0.8339844 0.2998047 0.8339844 0.2998047 0.7802734 0.2929688 0.7680664 0.3500977 0.7329102 0.3789063 0.7607422 0.4321289 0.8154297 0.3876953 0.8154297 0.3876953 0.7680664 0.3500977 0.7329102 0.3789063 0.7607422 0.4321289 0.7329102 0.3789063 0.6870117 0.3779297 0.6870117 0.3779297 0.6894531 0.4306641 0.7607422 0.4321289 0.7680664 0.3500977 0.6787109 0.2802734 0.7329102 0.3789063 0.7329102 0.3789063 0.6787109 0.2802734 0.6870117 0.3779297 0.7802734 0.2929688 0.6787109 0.2802734 0.7680664 0.3500977 0.6894531 0.4306641 0.6870117 0.3779297 0.6455078 0.3608399 0.6870117 0.3779297 0.6787109 0.2802734 0.6455078 0.3608399 0.6455078 0.3608399 0.6259766 0.4047852 0.6894531 0.4306641 0.8188477 0.2202148 0.7705078 0.2412109 0.7802734 0.2929688 0.7705078 0.2412109 0.6787109 0.2802734 0.7802734 0.2929688 0.7705078 0.2412109 0.8188477 0.2202148 0.7709961 0.149414 0.6259766 0.4047852 0.6455078 0.3608399 0.6118164 0.3286133 0.6455078 0.3608399 0.6787109 0.2802734 0.6118164 0.3286133 0.6118164 0.3286133 0.5742188 0.3544922 0.6259766 0.4047852 0.7709961 0.149414 0.7397461 0.1953125 0.7705078 0.2412109 0.7397461 0.1953125 0.6787109 0.2802734 0.7705078 0.2412109 0.7397461 0.1953125 0.7709961 0.149414 0.6826172 0.1279296 0.5742188 0.3544922 0.6118164 0.3286133 0.5888672 0.2675781 0.6118164 0.3286133 0.6787109 0.2802734 0.5888672 0.2675781 0.5888672 0.2675781 0.5390625 0.2612305 0.5742188 0.3544922 0.6826172 0.1279296 0.6821289 0.1811523 0.7397461 0.1953125 0.6821289 0.1811523 0.6787109 0.2802734 0.7397461 0.1953125 0.6821289 0.1811523 0.6826172 0.1279296 0.5839844 0.1635742 0.5390625 0.2612305 0.5888672 0.2675781 0.5839844 0.2324218 0.5888672 0.2675781 0.6787109 0.2802734 0.5839844 0.2324218 0.5839844 0.2324218 0.53125 0.2065429 0.5390625 0.2612305 0.6181641 0.2045898 0.6787109 0.2802734 0.6821289 0.1811523 0.5839844 0.2324218 0.6787109 0.2802734 0.6181641 0.2045898 0.5839844 0.1635742 0.6181641 0.2045898 0.6821289 0.1811523 0.53125 0.2065429 0.5839844 0.2324218 0.6181641 0.2045898 0.6181641 0.2045898 0.5839844 0.1635742 0.53125 0.2065429</float_array>
          <technique_common>
            <accessor source="#SK_Pickup_Armor-mesh-map-0-array" count="1416" stride="2">
              <param name="S" type="float"/>
              <param name="T" type="float"/>
            </accessor>
          </technique_common>
        </source>
        <source id="SK_Pickup_Armor-mesh-map-1">
          <float_array id="SK_Pickup_Armor-mesh-map-1-array" count="2832">0.5654297 0.8635254 0.5595703 0.8543701 0.6445313 0.8063965 0.6445313 0.8063965 0.6450195 0.8157959 0.5654297 0.8635254 0.6523438 0.8104248 0.65625 0.8197022 0.6450195 0.8157959 0.6450195 0.8157959 0.6445313 0.8063965 0.6523438 0.8104248 0.434082 0.8635254 0.3544922 0.8157959 0.3552246 0.8063965 0.3552246 0.8063965 0.4401856 0.8543701 0.434082 0.8635254 0.347168 0.8104248 0.3552246 0.8063965 0.3544922 0.8157959 0.3544922 0.8157959 0.3435059 0.8197022 0.347168 0.8104248 0.6875 0.9023438 0.6645508 0.8475342 0.6899414 0.8981934 0.7045899 0.9346924 0.6875 0.9023438 0.6899414 0.8981934 0.6899414 0.8981934 0.7070313 0.9306641 0.7045899 0.9346924 0.71875 0.9651795 0.7045899 0.9346924 0.7070313 0.9306641 0.7070313 0.9306641 0.7231445 0.9598389 0.71875 0.9651795 0.6782227 0.9036255 0.6645508 0.8475342 0.6875 0.9023438 0.6918945 0.9391174 0.6782227 0.9036255 0.6875 0.9023438 0.6875 0.9023438 0.7045899 0.9346924 0.6918945 0.9391174 0.7055664 0.9706116 0.6918945 0.9391174 0.7045899 0.9346924 0.7045899 0.9346924 0.71875 0.9651795 0.7055664 0.9706116 0.1794433 0.9790802 0.1243286 0.9897614 0.111267 0.9614563 0.111267 0.9614563 0.1721191 0.9465332 0.1794433 0.9790802 0.1721191 0.9465332 0.111267 0.9614563 0.08776855 0.9341431 0.08776855 0.9341431 0.1652832 0.9069214 0.1721191 0.9465332 0.1652832 0.9069214 0.08776855 0.9341431 0.05709838 0.9228516 0.05709838 0.9228516 0.07666015 0.8637695 0.1652832 0.9069214 0.07666015 0.8637695 0.05709838 0.9228516 0.0078125 0.9107056 0.1682128 0.8511963 0.1652832 0.9069214 0.07666015 0.8637695 0.0078125 0.9107056 0.02020263 0.8483887 0.07666015 0.8637695 0.07666015 0.8637695 0.08660888 0.8229981 0.1682128 0.8511963 0.08660888 0.8229981 0.07666015 0.8637695 0.02020263 0.8483887 0.1813964 0.7999268 0.1682128 0.8511963 0.08660888 0.8229981 0.02020263 0.8483887 0.03219604 0.8029785 0.08660888 0.8229981 0.08660888 0.8229981 0.1036376 0.7670899 0.1813964 0.7999268 0.1036376 0.7670899 0.08660888 0.8229981 0.03219604 0.8029785 0.03219604 0.8029785 0.04870605 0.7507324 0.1036376 0.7670899 0.2159423 0.7576904 0.1813964 0.7999268 0.1036376 0.7670899 0.1168823 0.7302246 0.1036376 0.7670899 0.04870605 0.7507324 0.1036376 0.7670899 0.1168823 0.7302246 0.2159423 0.7576904 0.04870605 0.7507324 0.06149291 0.7143555 0.1168823 0.7302246 0.1341552 0.6694336 0.1168823 0.7302246 0.06149291 0.7143555 0.06149291 0.7143555 0.07983398 0.6542969 0.1341552 0.6694336 0.2130126 0.6831055 0.2159423 0.7576904 0.1168823 0.7302246 0.1168823 0.7302246 0.1341552 0.6694336 0.2130126 0.6831055 0.1572265 0.5830078 0.1341552 0.6694336 0.07983398 0.6542969 0.07983398 0.6542969 0.1026611 0.5686035 0.1572265 0.5830078 0.1026611 0.5686035 0.1106567 0.5351563 0.1661376 0.5512695 0.1661376 0.5512695 0.1572265 0.5830078 0.1026611 0.5686035 0.1572265 0.5830078 0.1661376 0.5512695 0.2380371 0.5698242 0.1341552 0.6694336 0.1572265 0.5830078 0.2302246 0.5991211 0.2380371 0.5698242 0.2302246 0.5991211 0.1572265 0.5830078 0.2302246 0.5991211 0.2130126 0.6831055 0.1341552 0.6694336 0.2302246 0.5991211 0.2380371 0.5698242 0.2973633 0.5820313 0.2973633 0.5820313 0.2917481 0.6113281 0.2302246 0.5991211 0.2130126 0.6831055 0.2302246 0.5991211 0.2917481 0.6113281 0.2917481 0.6113281 0.2973633 0.5820313 0.3564453 0.5878906 0.2159423 0.7576904 0.2130126 0.6831055 0.2758789 0.6977539 0.2917481 0.6113281 0.2758789 0.6977539 0.2130126 0.6831055 0.2758789 0.6977539 0.2683106 0.7492676 0.2159423 0.7576904 0.3564453 0.5878906 0.3530274 0.6193848 0.2917481 0.6113281 0.2758789 0.6977539 0.2917481 0.6113281 0.3530274 0.6193848 0.3530274 0.6193848 0.3564453 0.5878906 0.4057617 0.5925293 0.2683106 0.7492676 0.2758789 0.6977539 0.342041 0.7058106 0.3530274 0.6193848 0.342041 0.7058106 0.2758789 0.6977539 0.342041 0.7058106 0.3166504 0.777832 0.2683106 0.7492676 0.4057617 0.5925293 0.4077149 0.6242676 0.3530274 0.6193848 0.342041 0.7058106 0.3530274 0.6193848 0.4077149 0.6242676 0.3166504 0.777832 0.342041 0.7058106 0.4072266 0.7111817 0.4077149 0.6242676 0.4072266 0.7111817 0.342041 0.7058106 0.4611817 0.6254883 0.4077149 0.6242676 0.4057617 0.5925293 0.4057617 0.5925293 0.4606934 0.5927734 0.4611817 0.6254883 0.4611817 0.6254883 0.4606934 0.5927734 0.4997559 0.59375 0.4077149 0.6242676 0.4611817 0.6254883 0.4599609 0.7124024 0.4599609 0.7124024 0.4072266 0.7111817 0.4077149 0.6242676 0.4997559 0.59375 0.4997559 0.6262207 0.4611817 0.6254883 0.4599609 0.7124024 0.4611817 0.6254883 0.4997559 0.6262207 0.4072266 0.7111817 0.4094238 0.7840576 0.3166504 0.777832 0.4094238 0.7840576 0.3552246 0.8063965 0.3166504 0.777832 0.4401856 0.8543701 0.3552246 0.8063965 0.4094238 0.7840576 0.4094238 0.7840576 0.4575195 0.8452149 0.4401856 0.8543701 0.4592285 0.786499 0.4094238 0.7840576 0.4072266 0.7111817 0.4575195 0.8452149 0.4094238 0.7840576 0.4592285 0.786499 0.4072266 0.7111817 0.4599609 0.7124024 0.4592285 0.786499 0.4592285 0.786499 0.4785156 0.8386231 0.4575195 0.8452149 0.4592285 0.786499 0.4599609 0.7124024 0.4997559 0.7136231 0.4997559 0.6262207 0.4997559 0.7136231 0.4599609 0.7124024 0.4785156 0.8386231 0.4592285 0.786499 0.4997559 0.7874756 0.4997559 0.7136231 0.4997559 0.7874756 0.4592285 0.786499 0.4997559 0.7874756 0.4997559 0.8378906 0.4785156 0.8386231 0.5209961 0.8386231 0.4997559 0.8378906 0.4997559 0.7874756 0.4997559 0.7874756 0.5405274 0.786499 0.5209961 0.8386231 0.5405274 0.786499 0.4997559 0.7874756 0.4997559 0.7136231 0.5419922 0.8452149 0.5209961 0.8386231 0.5405274 0.786499 0.5395508 0.7124024 0.4997559 0.7136231 0.4997559 0.6262207 0.4997559 0.7136231 0.5395508 0.7124024 0.5405274 0.786499 0.5405274 0.786499 0.590332 0.7840576 0.5419922 0.8452149 0.5595703 0.8543701 0.5419922 0.8452149 0.590332 0.7840576 0.590332 0.7840576 0.6445313 0.8063965 0.5595703 0.8543701 0.590332 0.7840576 0.6831055 0.777832 0.6445313 0.8063965 0.5922852 0.7111817 0.590332 0.7840576 0.5405274 0.786499 0.6831055 0.777832 0.590332 0.7840576 0.5922852 0.7111817 0.5405274 0.786499 0.5395508 0.7124024 0.5922852 0.7111817 0.5922852 0.7111817 0.6577149 0.7058106 0.6831055 0.777832 0.7314453 0.7492676 0.6831055 0.777832 0.6577149 0.7058106 0.5917969 0.6242676 0.5922852 0.7111817 0.5395508 0.7124024 0.6577149 0.7058106 0.5922852 0.7111817 0.5917969 0.6242676 0.4997559 0.6262207 0.5385742 0.6254883 0.5395508 0.7124024 0.5395508 0.7124024 0.5385742 0.6254883 0.5917969 0.6242676 0.5385742 0.6254883 0.4997559 0.6262207 0.4997559 0.59375 0.4997559 0.59375 0.5390625 0.5927734 0.5385742 0.6254883 0.5385742 0.6254883 0.5390625 0.5927734 0.59375 0.5925293 0.59375 0.5925293 0.5917969 0.6242676 0.5385742 0.6254883 0.6464844 0.6193848 0.5917969 0.6242676 0.59375 0.5925293 0.5917969 0.6242676 0.6464844 0.6193848 0.6577149 0.7058106 0.59375 0.5925293 0.6430664 0.5878906 0.6464844 0.6193848 0.6577149 0.7058106 0.7236328 0.6977539 0.7314453 0.7492676 0.7236328 0.6977539 0.6577149 0.7058106 0.6464844 0.6193848 0.7836914 0.7576904 0.7314453 0.7492676 0.7236328 0.6977539 0.7080078 0.6113281 0.6464844 0.6193848 0.6430664 0.5878906 0.6464844 0.6193848 0.7080078 0.6113281 0.7236328 0.6977539 0.6430664 0.5878906 0.7021484 0.5820313 0.7080078 0.6113281 0.7866211 0.6831055 0.7236328 0.6977539 0.7080078 0.6113281 0.7236328 0.6977539 0.7866211 0.6831055 0.7836914 0.7576904 0.7695313 0.5991211 0.7080078 0.6113281 0.7021484 0.5820313 0.7080078 0.6113281 0.7695313 0.5991211 0.7866211 0.6831055 0.7021484 0.5820313 0.7617188 0.5698242 0.7695313 0.5991211 0.8828125 0.7302246 0.7836914 0.7576904 0.7866211 0.6831055 0.8422852 0.5830078 0.7695313 0.5991211 0.7617188 0.5698242 0.7617188 0.5698242 0.8334961 0.5512695 0.8422852 0.5830078 0.8657227 0.6694336 0.7866211 0.6831055 0.7695313 0.5991211 0.7695313 0.5991211 0.8422852 0.5830078 0.8657227 0.6694336 0.7866211 0.6831055 0.8657227 0.6694336 0.8828125 0.7302246 0.8969727 0.5686035 0.8422852 0.5830078 0.8334961 0.5512695 0.8334961 0.5512695 0.8891602 0.5351563 0.8969727 0.5686035 0.8422852 0.5830078 0.8969727 0.5686035 0.9199219 0.6542969 0.9199219 0.6542969 0.8657227 0.6694336 0.8422852 0.5830078 0.8657227 0.6694336 0.9199219 0.6542969 0.9384766 0.7143555 0.9384766 0.7143555 0.8828125 0.7302246 0.8657227 0.6694336 0.8828125 0.7302246 0.9384766 0.7143555 0.9511719 0.7507324 0.9511719 0.7507324 0.8959961 0.7670899 0.8828125 0.7302246 0.7836914 0.7576904 0.8828125 0.7302246 0.8959961 0.7670899 0.8959961 0.7670899 0.9511719 0.7507324 0.9677734 0.8029785 0.8959961 0.7670899 0.8183594 0.7999268 0.7836914 0.7576904 0.9677734 0.8029785 0.9130859 0.8229981 0.8959961 0.7670899 0.8183594 0.7999268 0.8959961 0.7670899 0.9130859 0.8229981 0.9130859 0.8229981 0.9677734 0.8029785 0.9794922 0.8483887 0.9130859 0.8229981 0.831543 0.8511963 0.8183594 0.7999268 0.9794922 0.8483887 0.9228516 0.8637695 0.9130859 0.8229981 0.831543 0.8511963 0.9130859 0.8229981 0.9228516 0.8637695 0.9228516 0.8637695 0.9794922 0.8483887 0.9921875 0.9107056 0.9228516 0.8637695 0.8344727 0.9069214 0.831543 0.8511963 0.9921875 0.9107056 0.9428711 0.9228516 0.9228516 0.8637695 0.8344727 0.9069214 0.9228516 0.8637695 0.9428711 0.9228516 0.9428711 0.9228516 0.9121094 0.9341431 0.8344727 0.9069214 0.8276367 0.9465332 0.8344727 0.9069214 0.9121094 0.9341431 0.9121094 0.9341431 0.8886719 0.9614563 0.8276367 0.9465332 0.8203125 0.9790802 0.8276367 0.9465332 0.8886719 0.9614563 0.8886719 0.9614563 0.8754883 0.9897614 0.8203125 0.9790802 0.3544922 0.9921875 0.2980957 0.9756622 0.3110352 0.9428711 0.3110352 0.9428711 0.3674317 0.9674072 0.3544922 0.9921875 0.3674317 0.9674072 0.3110352 0.9428711 0.3244629 0.9074707 0.3244629 0.9074707 0.3876953 0.9300537 0.3674317 0.9674072 0.3876953 0.9300537 0.3244629 0.9074707 0.3461914 0.8461914 0.3461914 0.8461914 0.4147949 0.887207 0.3876953 0.9300537 0.4147949 0.887207 0.3461914 0.8461914 0.3544922 0.8157959 0.3544922 0.8157959 0.434082 0.8635254 0.4147949 0.887207 0.3552246 0.8063965 0.347168 0.8104248 0.3139649 0.7900391 0.3139649 0.7900391 0.3166504 0.777832 0.3552246 0.8063965 0.3166504 0.777832 0.3139649 0.7900391 0.2661133 0.7658692 0.2661133 0.7658692 0.2683106 0.7492676 0.3166504 0.777832 0.2683106 0.7492676 0.2661133 0.7658692 0.2218017 0.7719727 0.2218017 0.7719727 0.2159423 0.7576904 0.2683106 0.7492676 0.2159423 0.7576904 0.2218017 0.7719727 0.1937255 0.8068848 0.1937255 0.8068848 0.1813964 0.7999268 0.2159423 0.7576904 0.1813964 0.7999268 0.1937255 0.8068848 0.1756591 0.8514404 0.1756591 0.8514404 0.1682128 0.8511963 0.1813964 0.7999268 0.1682128 0.8511963 0.1756591 0.8514404 0.1705322 0.9054566 0.1705322 0.9054566 0.1652832 0.9069214 0.1682128 0.8511963 0.1652832 0.9069214 0.1705322 0.9054566 0.1776123 0.9445801 0.1776123 0.9445801 0.1721191 0.9465332 0.1652832 0.9069214 0.1721191 0.9465332 0.1776123 0.9445801 0.185913 0.97789 0.185913 0.97789 0.1794433 0.9790802 0.1721191 0.9465332 0.1937255 0.8068848 0.1915283 0.8533936 0.1842041 0.8542481 0.1842041 0.8542481 0.1915283 0.8533936 0.1917724 0.9059448 0.1917724 0.9059448 0.1867675 0.9077149 0.1842041 0.8542481 0.1867675 0.9077149 0.1917724 0.9059448 0.1970214 0.9419251 0.1970214 0.9419251 0.1912841 0.9437866 0.1867675 0.9077149 0.1912841 0.9437866 0.1970214 0.9419251 0.2062988 0.9739533 0.2062988 0.9739533 0.1998291 0.9754334 0.1912841 0.9437866 0.2807617 0.9651795 0.2766113 0.9598389 0.2924805 0.9306641 0.2924805 0.9306641 0.295166 0.9346924 0.2807617 0.9651795 0.295166 0.9346924 0.2924805 0.9306641 0.3098145 0.8981934 0.3098145 0.8981934 0.3122559 0.9023438 0.295166 0.9346924 0.3122559 0.9023438 0.3098145 0.8981934 0.3349609 0.8475342 0.3435059 0.8197022 0.3544922 0.8157959 0.3461914 0.8461914 0.3461914 0.8461914 0.3349609 0.8475342 0.3435059 0.8197022 0.3349609 0.8475342 0.3461914 0.8461914 0.3244629 0.9074707 0.3244629 0.9074707 0.3215332 0.9036255 0.3349609 0.8475342 0.3215332 0.9036255 0.3244629 0.9074707 0.3110352 0.9428711 0.3110352 0.9428711 0.3078613 0.9391174 0.3215332 0.9036255 0.3078613 0.9391174 0.3110352 0.9428711 0.2980957 0.9756622 0.2980957 0.9756622 0.2939453 0.9706116 0.3078613 0.9391174 0.1937255 0.8068848 0.1842041 0.8542481 0.1756591 0.8514404 0.1756591 0.8514404 0.1842041 0.8542481 0.1867675 0.9077149 0.1867675 0.9077149 0.1705322 0.9054566 0.1756591 0.8514404 0.1705322 0.9054566 0.1867675 0.9077149 0.1912841 0.9437866 0.1912841 0.9437866 0.1776123 0.9445801 0.1705322 0.9054566 0.1776123 0.9445801 0.1912841 0.9437866 0.1998291 0.9754334 0.1998291 0.9754334 0.185913 0.97789 0.1776123 0.9445801 0.2939453 0.9706116 0.2807617 0.9651795 0.295166 0.9346924 0.295166 0.9346924 0.3078613 0.9391174 0.2939453 0.9706116 0.3078613 0.9391174 0.295166 0.9346924 0.3122559 0.9023438 0.3122559 0.9023438 0.3215332 0.9036255 0.3078613 0.9391174 0.3215332 0.9036255 0.3122559 0.9023438 0.3349609 0.8475342 0.1106567 0.5351563 0.1148681 0.5249024 0.1669921 0.5402832 0.1669921 0.5402832 0.1661376 0.5512695 0.1106567 0.5351563 0.1661376 0.5512695 0.1669921 0.5402832 0.2360839 0.5578613 0.2360839 0.5578613 0.2380371 0.5698242 0.1661376 0.5512695 0.2380371 0.5698242 0.2360839 0.5578613 0.2963867 0.5688477 0.2963867 0.5688477 0.2973633 0.5820313 0.2380371 0.5698242 0.2973633 0.5820313 0.2963867 0.5688477 0.3557129 0.5727539 0.3557129 0.5727539 0.3564453 0.5878906 0.2973633 0.5820313 0.3564453 0.5878906 0.3557129 0.5727539 0.4060059 0.5761719 0.4060059 0.5761719 0.4057617 0.5925293 0.3564453 0.5878906 0.4057617 0.5925293 0.4060059 0.5761719 0.4602051 0.5754395 0.4602051 0.5754395 0.4606934 0.5927734 0.4057617 0.5925293 0.4606934 0.5927734 0.4602051 0.5754395 0.4997559 0.576416 0.4997559 0.576416 0.4997559 0.59375 0.4606934 0.5927734 0.5390625 0.5927734 0.4997559 0.59375 0.4997559 0.576416 0.4997559 0.576416 0.5395508 0.5754395 0.5390625 0.5927734 0.59375 0.5925293 0.5390625 0.5927734 0.5395508 0.5754395 0.5395508 0.5754395 0.59375 0.5761719 0.59375 0.5925293 0.6430664 0.5878906 0.59375 0.5925293 0.59375 0.5761719 0.59375 0.5761719 0.644043 0.5727539 0.6430664 0.5878906 0.7021484 0.5820313 0.6430664 0.5878906 0.644043 0.5727539 0.644043 0.5727539 0.703125 0.5688477 0.7021484 0.5820313 0.7617188 0.5698242 0.7021484 0.5820313 0.703125 0.5688477 0.703125 0.5688477 0.7636719 0.5578613 0.7617188 0.5698242 0.8334961 0.5512695 0.7617188 0.5698242 0.7636719 0.5578613 0.7636719 0.5578613 0.8325195 0.5402832 0.8334961 0.5512695 0.8891602 0.5351563 0.8334961 0.5512695 0.8325195 0.5402832 0.8325195 0.5402832 0.8847656 0.5249024 0.8891602 0.5351563 0.6884766 0.9428711 0.7016602 0.9756622 0.6450195 0.9921875 0.6450195 0.9921875 0.6323242 0.9674072 0.6884766 0.9428711 0.675293 0.9074707 0.6884766 0.9428711 0.6323242 0.9674072 0.6323242 0.9674072 0.6118164 0.9300537 0.675293 0.9074707 0.6533203 0.8461914 0.675293 0.9074707 0.6118164 0.9300537 0.6118164 0.9300537 0.5849609 0.887207 0.6533203 0.8461914 0.6450195 0.8157959 0.6533203 0.8461914 0.5849609 0.887207 0.5849609 0.887207 0.5654297 0.8635254 0.6450195 0.8157959 0.6855469 0.7900391 0.6523438 0.8104248 0.6445313 0.8063965 0.6445313 0.8063965 0.6831055 0.777832 0.6855469 0.7900391 0.7333984 0.7658692 0.6855469 0.7900391 0.6831055 0.777832 0.6831055 0.777832 0.7314453 0.7492676 0.7333984 0.7658692 0.777832 0.7719727 0.7333984 0.7658692 0.7314453 0.7492676 0.7314453 0.7492676 0.7836914 0.7576904 0.777832 0.7719727 0.8061524 0.8068848 0.777832 0.7719727 0.7836914 0.7576904 0.7836914 0.7576904 0.8183594 0.7999268 0.8061524 0.8068848 0.8242188 0.8514404 0.8061524 0.8068848 0.8183594 0.7999268 0.8183594 0.7999268 0.831543 0.8511963 0.8242188 0.8514404 0.8291016 0.9054566 0.8242188 0.8514404 0.831543 0.8511963 0.831543 0.8511963 0.8344727 0.9069214 0.8291016 0.9054566 0.8222656 0.9445801 0.8291016 0.9054566 0.8344727 0.9069214 0.8344727 0.9069214 0.8276367 0.9465332 0.8222656 0.9445801 0.8139649 0.97789 0.8222656 0.9445801 0.8276367 0.9465332 0.8276367 0.9465332 0.8203125 0.9790802 0.8139649 0.97789 0.8061524 0.8068848 0.8154297 0.8542481 0.8081055 0.8533936 0.8081055 0.9059448 0.8081055 0.8533936 0.8154297 0.8542481 0.8154297 0.8542481 0.8129883 0.9077149 0.8081055 0.9059448 0.8027344 0.9419251 0.8081055 0.9059448 0.8129883 0.9077149 0.8129883 0.9077149 0.8085938 0.9437866 0.8027344 0.9419251 0.793457 0.9739533 0.8027344 0.9419251 0.8085938 0.9437866 0.8085938 0.9437866 0.7998047 0.9754334 0.793457 0.9739533 0.6533203 0.8461914 0.6450195 0.8157959 0.65625 0.8197022 0.65625 0.8197022 0.6645508 0.8475342 0.6533203 0.8461914 0.675293 0.9074707 0.6533203 0.8461914 0.6645508 0.8475342 0.6645508 0.8475342 0.6782227 0.9036255 0.675293 0.9074707 0.6884766 0.9428711 0.675293 0.9074707 0.6782227 0.9036255 0.6782227 0.9036255 0.6918945 0.9391174 0.6884766 0.9428711 0.7016602 0.9756622 0.6884766 0.9428711 0.6918945 0.9391174 0.6918945 0.9391174 0.7055664 0.9706116 0.7016602 0.9756622 0.8061524 0.8068848 0.8242188 0.8514404 0.8154297 0.8542481 0.8129883 0.9077149 0.8154297 0.8542481 0.8242188 0.8514404 0.8242188 0.8514404 0.8291016 0.9054566 0.8129883 0.9077149 0.8085938 0.9437866 0.8129883 0.9077149 0.8291016 0.9054566 0.8291016 0.9054566 0.8222656 0.9445801 0.8085938 0.9437866 0.7998047 0.9754334 0.8085938 0.9437866 0.8222656 0.9445801 0.8222656 0.9445801 0.8139649 0.97789 0.7998047 0.9754334 0.9589844 0.375 0.9555664 0.4155274 0.9082031 0.3950195 0.9448242 0.3183594 0.9589844 0.375 0.9082031 0.3950195 0.9555664 0.4155274 0.9384766 0.4575195 0.9082031 0.3950195 0.9082031 0.3950195 0.8916016 0.296875 0.9448242 0.3183594 0.9145508 0.2558594 0.9448242 0.3183594 0.8916016 0.296875 0.8911133 0.2265625 0.9145508 0.2558594 0.8916016 0.296875 0.8637695 0.4487305 0.9082031 0.3950195 0.9384766 0.4575195 0.9384766 0.4575195 0.9057617 0.4838867 0.8637695 0.4487305 0.9057617 0.4838867 0.8681641 0.4970703 0.8637695 0.4487305 0.8916016 0.296875 0.8525391 0.2470703 0.8911133 0.2265625 0.8789063 0.2226562 0.8911133 0.2265625 0.8525391 0.2470703 0.8579102 0.2089843 0.8789063 0.2226562 0.8525391 0.2470703 0.831543 0.2001953 0.8579102 0.2089843 0.8525391 0.2470703 0.8037109 0.4604492 0.8637695 0.4487305 0.8681641 0.4970703 0.8681641 0.4970703 0.8037109 0.5078125 0.8037109 0.4604492 0.8525391 0.2470703 0.8037109 0.2338867 0.831543 0.2001953 0.8037109 0.1977539 0.831543 0.2001953 0.8037109 0.2338867 0.7753906 0.2001953 0.8037109 0.1977539 0.8037109 0.2338867 0.7490234 0.2089843 0.7753906 0.2001953 0.8037109 0.2338867 0.7436524 0.4487305 0.8037109 0.4604492 0.8037109 0.5078125 0.8037109 0.5078125 0.7392578 0.4970703 0.7436524 0.4487305 0.7392578 0.4970703 0.7011719 0.4838867 0.7436524 0.4487305 0.8037109 0.2338867 0.7543945 0.2470703 0.7490234 0.2089843 0.7285156 0.2226562 0.7490234 0.2089843 0.7543945 0.2470703 0.7163086 0.2265625 0.7285156 0.2226562 0.7543945 0.2470703 0.6923828 0.2558594 0.7163086 0.2265625 0.7543945 0.2470703 0.7543945 0.2470703 0.8037109 0.2338867 0.8037109 0.2832031 0.7543945 0.2470703 0.715332 0.296875 0.6923828 0.2558594 0.6621094 0.3183594 0.6923828 0.2558594 0.715332 0.296875 0.6484375 0.375 0.6621094 0.3183594 0.715332 0.296875 0.8037109 0.2832031 0.7797852 0.2900391 0.7543945 0.2470703 0.715332 0.296875 0.7543945 0.2470703 0.7797852 0.2900391 0.8276367 0.2900391 0.8037109 0.2832031 0.8037109 0.2338867 0.8037109 0.2338867 0.8525391 0.2470703 0.8276367 0.2900391 0.7797852 0.2900391 0.8037109 0.2832031 0.8037109 0.3325195 0.8037109 0.2832031 0.8276367 0.2900391 0.8037109 0.3325195 0.8452149 0.315918 0.8276367 0.2900391 0.8525391 0.2470703 0.8276367 0.2900391 0.8452149 0.315918 0.8037109 0.3325195 0.8525391 0.2470703 0.8916016 0.296875 0.8452149 0.315918 0.8535156 0.3642578 0.8452149 0.315918 0.8916016 0.296875 0.8452149 0.315918 0.8535156 0.3642578 0.8037109 0.3325195 0.8916016 0.296875 0.9082031 0.3950195 0.8535156 0.3642578 0.8330078 0.3911133 0.8535156 0.3642578 0.9082031 0.3950195 0.8535156 0.3642578 0.8330078 0.3911133 0.8037109 0.3325195 0.9082031 0.3950195 0.8637695 0.4487305 0.8330078 0.3911133 0.8037109 0.3964844 0.8330078 0.3911133 0.8637695 0.4487305 0.8330078 0.3911133 0.8037109 0.3964844 0.8037109 0.3325195 0.8637695 0.4487305 0.8037109 0.4604492 0.8037109 0.3964844 0.7744141 0.3911133 0.8037109 0.3964844 0.8037109 0.4604492 0.8037109 0.3964844 0.7744141 0.3911133 0.8037109 0.3325195 0.8037109 0.4604492 0.7436524 0.4487305 0.7744141 0.3911133 0.7744141 0.3911133 0.7539063 0.3642578 0.8037109 0.3325195 0.7539063 0.3642578 0.7744141 0.3911133 0.7436524 0.4487305 0.7539063 0.3642578 0.762207 0.315918 0.8037109 0.3325195 0.762207 0.315918 0.7797852 0.2900391 0.8037109 0.3325195 0.7797852 0.2900391 0.762207 0.315918 0.715332 0.296875 0.7436524 0.4487305 0.6992188 0.3950195 0.7539063 0.3642578 0.762207 0.315918 0.7539063 0.3642578 0.6992188 0.3950195 0.6992188 0.3950195 0.715332 0.296875 0.762207 0.315918 0.6992188 0.3950195 0.7436524 0.4487305 0.7011719 0.4838867 0.715332 0.296875 0.6992188 0.3950195 0.6484375 0.375 0.7011719 0.4838867 0.668457 0.4575195 0.6992188 0.3950195 0.6518555 0.4155274 0.6484375 0.375 0.6992188 0.3950195 0.668457 0.4575195 0.6518555 0.4155274 0.6992188 0.3950195 0.659668 0.2041015 0.6689453 0.1503906 0.659668 0.1464843 0.6689453 0.1503906 0.6655274 0.1342773 0.659668 0.1464843 0.659668 0.1464843 0.6523438 0.2050781 0.659668 0.2041015 0.6245117 0.3105469 0.659668 0.2041015 0.6523438 0.2050781 0.6103516 0.1000976 0.659668 0.1464843 0.6655274 0.1342773 0.6655274 0.1342773 0.6147461 0.09326171 0.6103516 0.1000976 0.6523438 0.2050781 0.6196289 0.3061524 0.6245117 0.3105469 0.5727539 0.3671875 0.6245117 0.3105469 0.6196289 0.3061524 0.6523438 0.2050781 0.659668 0.1464843 0.6098633 0.1743164 0.6196289 0.3061524 0.5703125 0.3603516 0.5727539 0.3671875 0.5097656 0.3969727 0.5727539 0.3671875 0.5703125 0.3603516 0.6196289 0.3061524 0.6523438 0.2050781 0.6054688 0.2124023 0.6098633 0.1743164 0.6054688 0.2124023 0.6523438 0.2050781 0.6054688 0.2124023 0.5839844 0.277832 0.6196289 0.3061524 0.5703125 0.3603516 0.6196289 0.3061524 0.5839844 0.277832 0.5776367 0.1440429 0.6098633 0.1743164 0.659668 0.1464843 0.659668 0.1464843 0.6103516 0.1000976 0.5776367 0.1440429 0.6054688 0.2124023 0.6098633 0.1743164 0.5209961 0.2255859 0.6098633 0.1743164 0.5776367 0.1440429 0.5209961 0.2255859 0.5839844 0.277832 0.6054688 0.2124023 0.5209961 0.2255859 0.5175781 0.1191406 0.5776367 0.1440429 0.6103516 0.1000976 0.5776367 0.1440429 0.5175781 0.1191406 0.5209961 0.2255859 0.5839844 0.277832 0.5517578 0.3129883 0.5703125 0.3603516 0.5517578 0.3129883 0.5839844 0.277832 0.5209961 0.2255859 0.5703125 0.3603516 0.5102539 0.3886719 0.5097656 0.3969727 0.5102539 0.3886719 0.5703125 0.3603516 0.5517578 0.3129883 0.4394531 0.3984375 0.5097656 0.3969727 0.5102539 0.3886719 0.5517578 0.3129883 0.5131836 0.3310547 0.5102539 0.3886719 0.5131836 0.3310547 0.5517578 0.3129883 0.5209961 0.2255859 0.5102539 0.3886719 0.4433594 0.3901367 0.4394531 0.3984375 0.4433594 0.3901367 0.5102539 0.3886719 0.5131836 0.3310547 0.3854981 0.3481445 0.4394531 0.3984375 0.4433594 0.3901367 0.5131836 0.3310547 0.4697266 0.3325195 0.4433594 0.3901367 0.4697266 0.3325195 0.5131836 0.3310547 0.5209961 0.2255859 0.4433594 0.3901367 0.3920899 0.3422852 0.3854981 0.3481445 0.3920899 0.3422852 0.4433594 0.3901367 0.4697266 0.3325195 0.3669434 0.2485351 0.3854981 0.3481445 0.3920899 0.3422852 0.4697266 0.3325195 0.4362793 0.3012695 0.3920899 0.3422852 0.4362793 0.3012695 0.4697266 0.3325195 0.5209961 0.2255859 0.3920899 0.3422852 0.3745117 0.2470703 0.3669434 0.2485351 0.3745117 0.2470703 0.3920899 0.3422852 0.4362793 0.3012695 0.3820801 0.1572265 0.3669434 0.2485351 0.3745117 0.2470703 0.4362793 0.3012695 0.4250488 0.239746 0.3745117 0.2470703 0.4250488 0.239746 0.4362793 0.3012695 0.5209961 0.2255859 0.3745117 0.2470703 0.388916 0.1606445 0.3820801 0.1572265 0.388916 0.1606445 0.3745117 0.2470703 0.4250488 0.239746 0.4296875 0.07714843 0.3820801 0.1572265 0.388916 0.1606445 0.4343262 0.1835937 0.4250488 0.239746 0.5209961 0.2255859 0.4250488 0.239746 0.4343262 0.1835937 0.388916 0.1606445 0.388916 0.1606445 0.434082 0.08447265 0.4296875 0.07714843 0.434082 0.08447265 0.388916 0.1606445 0.4343262 0.1835937 0.5170899 0.05273437 0.4296875 0.07714843 0.434082 0.08447265 0.4636231 0.133789 0.4343262 0.1835937 0.5209961 0.2255859 0.4343262 0.1835937 0.4636231 0.133789 0.434082 0.08447265 0.5175781 0.1191406 0.4636231 0.133789 0.5209961 0.2255859 0.434082 0.08447265 0.5170899 0.06103515 0.5170899 0.05273437 0.5170899 0.06103515 0.434082 0.08447265 0.4636231 0.133789 0.4636231 0.133789 0.5175781 0.1191406 0.5170899 0.06103515 0.6147461 0.09326171 0.5170899 0.05273437 0.5170899 0.06103515 0.6103516 0.1000976 0.5170899 0.06103515 0.5175781 0.1191406 0.5170899 0.06103515 0.6103516 0.1000976 0.6147461 0.09326171 0.2600098 0.5144043 0.2561035 0.5234375 0.2022705 0.5141602 0.2561035 0.5234375 0.2600098 0.5144043 0.2722168 0.5200195 0.2022705 0.5141602 0.2012939 0.5070801 0.2600098 0.5144043 0.2012939 0.5070801 0.2022705 0.5141602 0.09594726 0.4794922 0.2722168 0.5200195 0.2600098 0.5144043 0.3063965 0.4648438 0.3063965 0.4648438 0.3129883 0.4697266 0.2722168 0.5200195 0.09594726 0.4794922 0.1001586 0.4741211 0.2012939 0.5070801 0.1001586 0.4741211 0.09594726 0.4794922 0.03921508 0.4277344 0.3129883 0.4697266 0.3063965 0.4648438 0.3452149 0.371582 0.3452149 0.371582 0.3537598 0.371582 0.3129883 0.4697266 0.03921508 0.4277344 0.04626464 0.4248047 0.1001586 0.4741211 0.04626464 0.4248047 0.03921508 0.4277344 0.009529113 0.3647461 0.3537598 0.371582 0.3452149 0.371582 0.3220215 0.2885742 0.3220215 0.2885742 0.3293457 0.2841797 0.3537598 0.371582 0.009529113 0.3647461 0.01805114 0.3652344 0.04626464 0.4248047 0.01805114 0.3652344 0.009529113 0.3647461 0.0078125 0.2939453 0.3293457 0.2841797 0.3220215 0.2885742 0.2456054 0.2436523 0.2456054 0.2436523 0.2490234 0.2368164 0.3293457 0.2841797 0.0078125 0.2939453 0.01641845 0.2978516 0.01805114 0.3652344 0.01641845 0.2978516 0.0078125 0.2939453 0.05831909 0.2402343 0.2490234 0.2368164 0.2456054 0.2436523 0.1591796 0.2290039 0.1591796 0.2290039 0.158081 0.2216796 0.2490234 0.2368164 0.06439208 0.246582 0.05831909 0.2402343 0.158081 0.2216796 0.158081 0.2216796 0.1591796 0.2290039 0.06439208 0.246582 0.05831909 0.2402343 0.06439208 0.246582 0.01641845 0.2978516 0.166748 0.2792969 0.1591796 0.2290039 0.2456054 0.2436523 0.1052856 0.2910156 0.06439208 0.246582 0.1591796 0.2290039 0.1591796 0.2290039 0.166748 0.2792969 0.1052856 0.2910156 0.07415771 0.3242188 0.01641845 0.2978516 0.06439208 0.246582 0.06439208 0.246582 0.1052856 0.2910156 0.07415771 0.3242188 0.01641845 0.2978516 0.07415771 0.3242188 0.07519531 0.3676758 0.07519531 0.3676758 0.01805114 0.3652344 0.01641845 0.2978516 0.1052856 0.2910156 0.180664 0.3754883 0.07415771 0.3242188 0.07415771 0.3242188 0.180664 0.3754883 0.07519531 0.3676758 0.166748 0.2792969 0.180664 0.3754883 0.1052856 0.2910156 0.01805114 0.3652344 0.07519531 0.3676758 0.09350585 0.4067383 0.07519531 0.3676758 0.180664 0.3754883 0.09350585 0.4067383 0.09350585 0.4067383 0.04626464 0.4248047 0.01805114 0.3652344 0.2456054 0.2436523 0.2227783 0.2890625 0.166748 0.2792969 0.2227783 0.2890625 0.180664 0.3754883 0.166748 0.2792969 0.2227783 0.2890625 0.2456054 0.2436523 0.3220215 0.2885742 0.04626464 0.4248047 0.09350585 0.4067383 0.1284179 0.4384766 0.09350585 0.4067383 0.180664 0.3754883 0.1284179 0.4384766 0.1284179 0.4384766 0.1001586 0.4741211 0.04626464 0.4248047 0.3220215 0.2885742 0.2724609 0.3178711 0.2227783 0.2890625 0.2724609 0.3178711 0.180664 0.3754883 0.2227783 0.2890625 0.2724609 0.3178711 0.3220215 0.2885742 0.3452149 0.371582 0.1001586 0.4741211 0.1284179 0.4384766 0.1940917 0.4599609 0.1284179 0.4384766 0.180664 0.3754883 0.1940917 0.4599609 0.1940917 0.4599609 0.2012939 0.5070801 0.1001586 0.4741211 0.3452149 0.371582 0.2873535 0.3720703 0.2724609 0.3178711 0.2873535 0.3720703 0.180664 0.3754883 0.2724609 0.3178711 0.2873535 0.3720703 0.3452149 0.371582 0.3063965 0.4648438 0.2012939 0.5070801 0.1940917 0.4599609 0.2321777 0.4648438 0.1940917 0.4599609 0.180664 0.3754883 0.2321777 0.4648438 0.2321777 0.4648438 0.2600098 0.5144043 0.2012939 0.5070801 0.262207 0.4326172 0.180664 0.3754883 0.2873535 0.3720703 0.2321777 0.4648438 0.180664 0.3754883 0.262207 0.4326172 0.3063965 0.4648438 0.262207 0.4326172 0.2873535 0.3720703 0.2600098 0.5144043 0.2321777 0.4648438 0.262207 0.4326172 0.262207 0.4326172 0.3063965 0.4648438 0.2600098 0.5144043</float_array>
          <technique_common>
            <accessor source="#SK_Pickup_Armor-mesh-map-1-array" count="1416" stride="2">
              <param name="S" type="float"/>
              <param name="T" type="float"/>
            </accessor>
          </technique_common>
        </source>
        <vertices id="SK_Pickup_Armor-mesh-vertices">
          <input semantic="POSITION" source="#SK_Pickup_Armor-mesh-positions"/>
        </vertices>
        <triangles material="M_Pickup_Armor-material" count="472">
          <input semantic="VERTEX" source="#SK_Pickup_Armor-mesh-vertices" offset="0"/>
          <input semantic="NORMAL" source="#SK_Pickup_Armor-mesh-normals" offset="1"/>
          <input semantic="TEXCOORD" source="#SK_Pickup_Armor-mesh-map-0" offset="2" set="0"/>
          <input semantic="TEXCOORD" source="#SK_Pickup_Armor-mesh-map-1" offset="2" set="1"/>
          <p>0 0 0 1 1 1 2 2 2 2 2 3 3 3 4 0 0 5 4 4 6 5 5 7 6 6 8 6 6 9 7 7 10 4 4 11 8 8 12 9 9 13 10 10 14 10 10 15 11 11 16 8 8 17 12 12 18 13 13 19 14 14 20 14 14 21 15 15 22 12 12 23 16 16 24 17 17 25 18 18 26 19 19 27 16 16 28 18 18 29 18 18 30 20 20 31 19 19 32 21 21 33 19 19 34 20 20 35 20 20 36 22 22 37 21 21 38 23 23 39 24 24 40 25 25 41 26 26 42 23 23 43 25 25 44 25 25 45 27 27 46 26 26 47 28 28 48 26 26 49 27 27 50 27 27 51 29 29 52 28 28 53 30 30 54 31 31 55 32 32 56 32 32 57 33 33 58 30 30 59 33 33 60 32 32 61 34 34 62 34 34 63 35 35 64 33 33 65 35 35 66 34 34 67 36 36 68 36 36 69 37 37 70 35 35 71 37 37 72 36 36 73 38 38 74 39 39 75 35 35 76 37 37 77 38 38 78 40 40 79 37 37 80 37 37 81 41 41 82 39 39 83 41 41 84 37 37 85 40 40 86 42 42 87 39 39 88 41 41 89 40 40 90 43 43 91 41 41 92 41 41 93 44 44 94 42 42 95 44 44 96 41 41 97 43 43 98 43 43 99 45 45 100 44 44 101 46 46 102 42 42 103 44 44 104 47 47 105 44 44 106 45 45 107 44 44 108 47 47 109 46 46 110 45 45 111 48 48 112 47 47 113 49 49 114 47 47 115 48 48 116 48 48 117 50 50 118 49 49 119 51 51 120 46 46 121 47 47 122 47 47 123 49 49 124 51 51 125 52 52 126 49 49 127 50 50 128 50 50 129 53 53 130 52 52 131 53 53 132 54 54 133 55 55 134 55 55 135 52 52 136 53 53 137 52 52 138 55 55 139 56 56 140 49 49 141 52 52 142 57 57 143 56 56 144 57 57 145 52 52 146 57 57 147 51 51 148 49 49 149 57 57 150 56 56 151 58 58 152 58 58 153 59 59 154 57 57 155 51 51 156 57 57 157 59 59 158 59 59 159 58 58 160 60 60 161 46 46 162 51 51 163 61 61 164 59 59 165 61 61 166 51 51 167 61 61 168 62 62 169 46 46 170 60 60 171 63 63 172 59 59 173 61 61 174 59 59 175 63 63 176 63 63 177 60 60 178 64 64 179 62 62 180 61 61 181 65 65 182 63 63 183 65 65 184 61 61 185 65 65 186 66 66 187 62 62 188 64 64 189 67 67 190 63 63 191 65 65 192 63 63 193 67 67 194 66 66 195 65 65 196 68 68 197 67 67 198 68 68 199 65 65 200 69 69 201 67 67 202 64 64 203 64 64 204 70 70 205 69 69 206 69 69 207 70 70 208 71 71 209 67 67 210 69 69 211 72 72 212 72 72 213 68 68 214 67 67 215 71 71 216 73 73 217 69 69 218 72 72 219 69 69 220 73 73 221 68 68 222 74 74 223 66 66 224 74 74 225 75 75 226 66 66 227 76 76 228 75 75 229 74 74 230 74 74 231 77 77 232 76 76 233 78 78 234 74 74 235 68 68 236 77 77 237 74 74 238 78 78 239 68 68 240 72 72 241 78 78 242 78 78 243 79 79 244 77 77 245 78 78 246 72 72 247 80 80 248 73 73 249 80 80 250 72 72 251 79 79 252 78 78 253 81 81 254 80 80 255 81 81 256 78 78 257 81 81 258 82 82 259 79 79 260 83 83 261 82 82 262 81 81 263 81 81 264 84 84 265 83 83 266 84 84 267 81 81 268 80 80 269 85 85 270 83 83 271 84 84 272 86 86 273 80 80 274 73 73 275 80 80 276 86 86 277 84 84 278 84 84 279 87 87 280 85 85 281 88 88 282 85 85 283 87 87 284 87 87 285 89 89 286 88 88 287 87 87 288 90 90 289 89 89 290 91 91 291 87 87 292 84 84 293 90 90 294 87 87 295 91 91 296 84 84 297 86 86 298 91 91 299 91 91 300 92 92 301 90 90 302 93 93 303 90 90 304 92 92 305 94 94 306 91 91 307 86 86 308 92 92 309 91 91 310 94 94 311 73 73 312 95 95 313 86 86 314 86 86 315 95 95 316 94 94 317 95 95 318 73 73 319 71 71 320 71 71 321 96 96 322 95 95 323 95 95 324 96 96 325 97 97 326 97 97 327 94 94 328 95 95 329 98 98 330 94 94 331 97 97 332 94 94 333 98 98 334 92 92 335 97 97 336 99 99 337 98 98 338 92 92 339 100 100 340 93 93 341 100 100 342 92 92 343 98 98 344 101 101 345 93 93 346 100 100 347 102 102 348 98 98 349 99 99 350 98 98 351 102 102 352 100 100 353 99 99 354 103 103 355 102 102 356 104 104 357 100 100 358 102 102 359 100 100 360 104 104 361 101 101 362 105 105 363 102 102 364 103 103 365 102 102 366 105 105 367 104 104 368 103 103 369 106 106 370 105 105 371 107 107 372 101 101 373 104 104 374 108 108 375 105 105 376 106 106 377 106 106 378 109 109 379 108 108 380 110 110 381 104 104 382 105 105 383 105 105 384 108 108 385 110 110 386 104 104 387 110 110 388 107 107 389 111 111 390 108 108 391 109 109 392 109 109 393 112 112 394 111 111 395 108 108 396 111 111 397 113 113 398 113 113 399 110 110 400 108 108 401 110 110 402 113 113 403 114 114 404 114 114 405 107 107 406 110 110 407 107 107 408 114 114 409 115 115 410 115 115 411 116 116 412 107 107 413 101 101 414 107 107 415 116 116 416 116 116 417 115 115 418 117 117 419 116 116 420 118 118 421 101 101 422 117 117 423 119 119 424 116 116 425 118 118 426 116 116 427 119 119 428 119 119 429 117 117 430 120 120 431 119 119 432 121 121 433 118 118 434 120 120 435 122 122 436 119 119 437 121 121 438 119 119 439 122 122 440 122 122 441 120 120 442 123 123 443 122 122 444 124 124 445 121 121 446 123 123 447 125 125 448 122 122 449 124 124 450 122 122 451 125 125 452 125 125 453 126 126 454 124 124 455 127 127 456 124 124 457 126 126 458 126 126 459 128 128 460 127 127 461 129 129 462 127 127 463 128 128 464 128 128 465 130 130 466 129 129 467 131 131 468 132 132 469 133 133 470 133 133 471 134 134 472 131 131 473 134 134 474 133 133 475 135 135 476 135 135 477 136 136 478 134 134 479 136 136 480 135 135 481 137 137 482 137 137 483 138 138 484 136 136 485 138 138 486 137 137 487 139 139 488 139 139 489 140 140 490 138 138 491 141 141 492 142 142 493 143 143 494 143 143 495 144 144 496 141 141 497 144 144 498 143 143 499 145 145 500 145 145 501 146 146 502 144 144 503 146 146 504 145 145 505 147 147 506 147 147 507 148 148 508 146 146 509 148 148 510 147 147 511 149 149 512 149 149 513 150 150 514 148 148 515 150 150 516 149 149 517 151 151 518 151 151 519 152 152 520 150 150 521 152 152 522 151 151 523 153 153 524 153 153 525 154 154 526 152 152 527 154 154 528 153 153 529 155 155 530 155 155 531 156 156 532 154 154 533 156 156 534 155 155 535 157 157 536 157 157 537 158 158 538 156 156 539 159 159 540 160 160 541 161 161 542 161 161 543 160 160 544 162 162 545 162 162 546 163 163 547 161 161 548 163 163 549 162 162 550 164 164 551 164 164 552 165 165 553 163 163 554 165 165 555 164 164 556 166 166 557 166 166 558 167 167 559 165 165 560 168 168 561 169 169 562 170 170 563 170 170 564 171 171 565 168 168 566 171 171 567 170 170 568 172 172 569 172 172 570 173 173 571 171 171 572 173 173 573 172 172 574 174 174 575 175 175 576 176 176 577 177 177 578 177 177 579 178 178 580 175 175 581 178 178 582 177 177 583 179 179 584 179 179 585 180 180 586 178 178 587 180 180 588 179 179 589 181 181 590 181 181 591 182 182 592 180 180 593 182 182 594 181 181 595 183 183 596 183 183 597 184 184 598 182 182 599 185 185 600 186 186 601 187 187 602 187 187 603 186 186 604 188 188 605 188 188 606 189 189 607 187 187 608 189 189 609 188 188 610 190 190 611 190 190 612 191 191 613 189 189 614 191 191 615 190 190 616 192 192 617 192 192 618 193 193 619 191 191 620 194 194 621 195 195 622 196 196 623 196 196 624 197 197 625 194 194 626 197 197 627 196 196 628 198 198 629 198 198 630 199 199 631 197 197 632 199 199 633 198 198 634 200 200 635 201 201 636 202 202 637 203 203 638 203 203 639 204 204 640 201 201 641 204 204 642 203 203 643 205 205 644 205 205 645 206 206 646 204 204 647 206 206 648 205 205 649 207 207 650 207 207 651 208 208 652 206 206 653 208 208 654 207 207 655 209 209 656 209 209 657 210 210 658 208 208 659 210 210 660 209 209 661 211 211 662 211 211 663 212 212 664 210 210 665 212 212 666 211 211 667 213 213 668 213 213 669 214 214 670 212 212 671 214 214 672 213 213 673 215 215 674 215 215 675 216 216 676 214 214 677 217 217 678 216 216 679 215 215 680 215 215 681 218 218 682 217 217 683 219 219 684 217 217 685 218 218 686 218 218 687 220 220 688 219 219 689 221 221 690 219 219 691 220 220 692 220 220 693 222 222 694 221 221 695 223 223 696 221 221 697 222 222 698 222 222 699 224 224 700 223 223 701 225 225 702 223 223 703 224 224 704 224 224 705 226 226 706 225 225 707 227 227 708 225 225 709 226 226 710 226 226 711 228 228 712 227 227 713 229 229 714 227 227 715 228 228 716 228 228 717 230 230 718 229 229 719 231 231 720 232 232 721 233 233 722 233 233 723 234 234 724 231 231 725 235 235 726 231 231 727 234 234 728 234 234 729 236 236 730 235 235 731 237 237 732 235 235 733 236 236 734 236 236 735 238 238 736 237 237 737 239 239 738 237 237 739 238 238 740 238 238 741 240 240 742 239 239 743 241 241 744 242 242 745 243 243 746 243 243 747 244 244 748 241 241 749 245 245 750 241 241 751 244 244 752 244 244 753 246 246 754 245 245 755 247 247 756 245 245 757 246 246 758 246 246 759 248 248 760 247 247 761 249 249 762 247 247 763 248 248 764 248 248 765 250 250 766 249 249 767 251 251 768 249 249 769 250 250 770 250 250 771 252 252 772 251 251 773 253 253 774 251 251 775 252 252 776 252 252 777 254 254 778 253 253 779 255 255 780 253 253 781 254 254 782 254 254 783 256 256 784 255 255 785 257 257 786 255 255 787 256 256 788 256 256 789 258 258 790 257 257 791 259 259 792 260 260 793 261 261 794 262 262 795 261 261 796 260 260 797 260 260 798 263 263 799 262 262 800 264 264 801 262 262 802 263 263 803 263 263 804 265 265 805 264 264 806 266 266 807 264 264 808 265 265 809 265 265 810 267 267 811 266 266 812 268 268 813 269 269 814 270 270 815 270 270 816 271 271 817 268 268 818 272 272 819 268 268 820 271 271 821 271 271 822 273 273 823 272 272 824 274 274 825 272 272 826 273 273 827 273 273 828 275 275 829 274 274 830 276 276 831 274 274 832 275 275 833 275 275 834 277 277 835 276 276 836 278 278 837 279 279 838 280 280 839 281 281 840 280 280 841 279 279 842 279 279 843 282 282 844 281 281 845 283 283 846 281 281 847 282 282 848 282 282 849 284 284 850 283 283 851 285 285 852 283 283 853 284 284 854 284 284 855 286 286 856 285 285 857 287 287 858 288 288 859 289 289 860 290 290 861 287 287 862 289 289 863 288 288 864 291 291 865 289 289 866 289 289 867 292 292 868 290 290 869 293 293 870 290 290 871 292 292 872 294 294 873 293 293 874 292 292 875 295 295 876 289 289 877 291 291 878 291 291 879 296 296 880 295 295 881 296 296 882 297 297 883 295 295 884 292 292 885 298 298 886 294 294 887 299 299 888 294 294 889 298 298 890 300 300 891 299 299 892 298 298 893 301 301 894 300 300 895 298 298 896 302 302 897 295 295 898 297 297 899 297 297 900 303 303 901 302 302 902 298 298 903 304 304 904 301 301 905 305 305 906 301 301 907 304 304 908 306 306 909 305 305 910 304 304 911 307 307 912 306 306 913 304 304 914 308 308 915 302 302 916 303 303 917 303 303 918 309 309 919 308 308 920 309 309 921 310 310 922 308 308 923 304 304 924 311 311 925 307 307 926 312 312 927 307 307 928 311 311 929 313 313 930 312 312 931 311 311 932 314 314 933 313 313 934 311 311 935 311 311 936 304 304 937 315 315 938 311 311 939 316 316 940 314 314 941 317 317 942 314 314 943 316 316 944 318 318 945 317 317 946 316 316 947 315 315 948 319 319 949 311 311 950 316 316 951 311 311 952 319 319 953 320 320 954 315 315 955 304 304 956 304 304 957 298 298 958 320 320 959 319 319 960 315 315 961 321 321 962 315 315 963 320 320 964 321 321 965 322 322 966 320 320 967 298 298 968 320 320 969 322 322 970 321 321 971 298 298 972 292 292 973 322 322 974 323 323 975 322 322 976 292 292 977 322 322 978 323 323 979 321 321 980 292 292 981 289 289 982 323 323 983 324 324 984 323 323 985 289 289 986 323 323 987 324 324 988 321 321 989 289 289 990 295 295 991 324 324 992 325 325 993 324 324 994 295 295 995 324 324 996 325 325 997 321 321 998 295 295 999 302 302 1000 325 325 1001 326 326 1002 325 325 1003 302 302 1004 325 325 1005 326 326 1006 321 321 1007 302 302 1008 308 308 1009 326 326 1010 326 326 1011 327 327 1012 321 321 1013 327 327 1014 326 326 1015 308 308 1016 327 327 1017 328 328 1018 321 321 1019 328 328 1020 319 319 1021 321 321 1022 319 319 1023 328 328 1024 316 316 1025 308 308 1026 329 329 1027 327 327 1028 328 328 1029 327 327 1030 329 329 1031 329 329 1032 316 316 1033 328 328 1034 329 329 1035 308 308 1036 310 310 1037 316 316 1038 329 329 1039 318 318 1040 310 310 1041 330 330 1042 329 329 1043 331 331 1044 318 318 1045 329 329 1046 330 330 1047 331 331 1048 329 329 1049 332 332 1050 333 333 1051 334 334 1052 333 333 1053 335 335 1054 334 334 1055 334 334 1056 336 336 1057 332 332 1058 337 337 1059 332 332 1060 336 336 1061 338 338 1062 334 334 1063 335 335 1064 335 335 1065 339 339 1066 338 338 1067 336 336 1068 340 340 1069 337 337 1070 341 341 1071 337 337 1072 340 340 1073 336 336 1074 334 334 1075 342 342 1076 340 340 1077 343 343 1078 341 341 1079 344 344 1080 341 341 1081 343 343 1082 340 340 1083 336 336 1084 345 345 1085 342 342 1086 345 345 1087 336 336 1088 345 345 1089 346 346 1090 340 340 1091 343 343 1092 340 340 1093 346 346 1094 347 347 1095 342 342 1096 334 334 1097 334 334 1098 338 338 1099 347 347 1100 345 345 1101 342 342 1102 348 348 1103 342 342 1104 347 347 1105 348 348 1106 346 346 1107 345 345 1108 348 348 1109 349 349 1110 347 347 1111 338 338 1112 347 347 1113 349 349 1114 348 348 1115 346 346 1116 350 350 1117 343 343 1118 350 350 1119 346 346 1120 348 348 1121 343 343 1122 351 351 1123 344 344 1124 351 351 1125 343 343 1126 350 350 1127 352 352 1128 344 344 1129 351 351 1130 350 350 1131 353 353 1132 351 351 1133 353 353 1134 350 350 1135 348 348 1136 351 351 1137 354 354 1138 352 352 1139 354 354 1140 351 351 1141 353 353 1142 355 355 1143 352 352 1144 354 354 1145 353 353 1146 356 356 1147 354 354 1148 356 356 1149 353 353 1150 348 348 1151 354 354 1152 357 357 1153 355 355 1154 357 357 1155 354 354 1156 356 356 1157 358 358 1158 355 355 1159 357 357 1160 356 356 1161 359 359 1162 357 357 1163 359 359 1164 356 356 1165 348 348 1166 357 357 1167 360 360 1168 358 358 1169 360 360 1170 357 357 1171 359 359 1172 361 361 1173 358 358 1174 360 360 1175 359 359 1176 362 362 1177 360 360 1178 362 362 1179 359 359 1180 348 348 1181 360 360 1182 363 363 1183 361 361 1184 363 363 1185 360 360 1186 362 362 1187 364 364 1188 361 361 1189 363 363 1190 365 365 1191 362 362 1192 348 348 1193 362 362 1194 365 365 1195 363 363 1196 363 363 1197 366 366 1198 364 364 1199 366 366 1200 363 363 1201 365 365 1202 367 367 1203 364 364 1204 366 366 1205 368 368 1206 365 365 1207 348 348 1208 365 365 1209 368 368 1210 366 366 1211 349 349 1212 368 368 1213 348 348 1214 366 366 1215 369 369 1216 367 367 1217 369 369 1218 366 366 1219 368 368 1220 368 368 1221 349 349 1222 369 369 1223 339 339 1224 367 367 1225 369 369 1226 338 338 1227 369 369 1228 349 349 1229 369 369 1230 338 338 1231 339 339 1232 370 370 1233 371 371 1234 372 372 1235 371 371 1236 370 370 1237 373 373 1238 372 372 1239 374 374 1240 370 370 1241 374 374 1242 372 372 1243 375 375 1244 373 373 1245 370 370 1246 376 376 1247 376 376 1248 377 377 1249 373 373 1250 375 375 1251 378 378 1252 374 374 1253 378 378 1254 375 375 1255 379 379 1256 377 377 1257 376 376 1258 380 380 1259 380 380 1260 381 381 1261 377 377 1262 379 379 1263 382 382 1264 378 378 1265 382 382 1266 379 379 1267 383 383 1268 381 381 1269 380 380 1270 384 384 1271 384 384 1272 385 385 1273 381 381 1274 383 383 1275 386 386 1276 382 382 1277 386 386 1278 383 383 1279 387 387 1280 385 385 1281 384 384 1282 388 388 1283 388 388 1284 389 389 1285 385 385 1286 387 387 1287 390 390 1288 386 386 1289 390 390 1290 387 387 1291 391 391 1292 389 389 1293 388 388 1294 392 392 1295 392 392 1296 393 393 1297 389 389 1298 394 394 1299 391 391 1300 393 393 1301 393 393 1302 392 392 1303 394 394 1304 391 391 1305 394 394 1306 390 390 1307 395 395 1308 392 392 1309 388 388 1310 396 396 1311 394 394 1312 392 392 1313 392 392 1314 395 395 1315 396 396 1316 397 397 1317 390 390 1318 394 394 1319 394 394 1320 396 396 1321 397 397 1322 390 390 1323 397 397 1324 398 398 1325 398 398 1326 386 386 1327 390 390 1328 396 396 1329 399 399 1330 397 397 1331 397 397 1332 399 399 1333 398 398 1334 395 395 1335 399 399 1336 396 396 1337 386 386 1338 398 398 1339 400 400 1340 398 398 1341 399 399 1342 400 400 1343 400 400 1344 382 382 1345 386 386 1346 388 388 1347 401 401 1348 395 395 1349 401 401 1350 399 399 1351 395 395 1352 401 401 1353 388 388 1354 384 384 1355 382 382 1356 400 400 1357 402 402 1358 400 400 1359 399 399 1360 402 402 1361 402 402 1362 378 378 1363 382 382 1364 384 384 1365 403 403 1366 401 401 1367 403 403 1368 399 399 1369 401 401 1370 403 403 1371 384 384 1372 380 380 1373 378 378 1374 402 402 1375 404 404 1376 402 402 1377 399 399 1378 404 404 1379 404 404 1380 374 374 1381 378 378 1382 380 380 1383 405 405 1384 403 403 1385 405 405 1386 399 399 1387 403 403 1388 405 405 1389 380 380 1390 376 376 1391 374 374 1392 404 404 1393 406 406 1394 404 404 1395 399 399 1396 406 406 1397 406 406 1398 370 370 1399 374 374 1400 407 407 1401 399 399 1402 405 405 1403 406 406 1404 399 399 1405 407 407 1406 376 376 1407 407 407 1408 405 405 1409 370 370 1410 406 406 1411 407 407 1412 407 407 1413 376 376 1414 370 370 1415</p>
        </triangles>
      </mesh>
    </geometry>
  </library_geometries>
  <library_controllers>
    <controller id="SK_Pickup_Armor_SK_Pickup_Armor_001-skin" name="SK_Pickup_Armor">
      <skin source="#SK_Pickup_Armor-mesh">
        <bind_shape_matrix>1 0 0 0 0 1 0 0 0 0 1 0 0 0 0 1</bind_shape_matrix>
        <source id="SK_Pickup_Armor_SK_Pickup_Armor_001-skin-joints">
          <Name_array id="SK_Pickup_Armor_SK_Pickup_Armor_001-skin-joints-array" count="2">Dummy001 SM_Pickup_Armor</Name_array>
          <technique_common>
            <accessor source="#SK_Pickup_Armor_SK_Pickup_Armor_001-skin-joints-array" count="2" stride="1">
              <param name="JOINT" type="name"/>
            </accessor>
          </technique_common>
        </source>
        <source id="SK_Pickup_Armor_SK_Pickup_Armor_001-skin-bind_poses">
          <float_array id="SK_Pickup_Armor_SK_Pickup_Armor_001-skin-bind_poses-array" count="32">1 0 0 0 0 -1.19209e-7 1 0 0 -1 -1.34359e-7 0 0 0 0 1 1 0 0 0 0 -1.19209e-7 1 -0.06282418 0 -1 -1.34359e-7 0 0 0 0 1</float_array>
          <technique_common>
            <accessor source="#SK_Pickup_Armor_SK_Pickup_Armor_001-skin-bind_poses-array" count="2" stride="16">
              <param name="TRANSFORM" type="float4x4"/>
            </accessor>
          </technique_common>
        </source>
        <source id="SK_Pickup_Armor_SK_Pickup_Armor_001-skin-weights">
          <float_array id="SK_Pickup_Armor_SK_Pickup_Armor_001-skin-weights-array" count="408">1 1 1 1 1 1 1 1 1 1 1 1 1 1 1 1 1 1 1 1 1 1 1 1 1 1 1 1 1 1 1 1 1 1 1 1 1 1 1 1 1 1 1 1 1 1 1 1 1 1 1 1 1 1 1 1 1 1 1 1 1 1 1 1 1 1 1 1 1 1 1 1 1 1 1 1 1 1 1 1 1 1 1 1 1 1 1 1 1 1 1 1 1 1 1 1 1 1 1 1 1 1 1 1 1 1 1 1 1 1 1 1 1 1 1 1 1 1 1 1 1 1 1 1 1 1 1 1 1 1 1 1 1 1 1 1 1 1 1 1 1 1 1 1 1 1 1 1 1 1 1 1 1 1 1 1 1 1 1 1 1 1 1 1 1 1 1 1 1 1 1 1 1 1 1 1 1 1 1 1 1 1 1 1 1 1 1 1 1 1 1 1 1 1 1 1 1 1 1 1 1 1 1 1 1 1 1 1 1 1 1 1 1 1 1 1 1 1 1 1 1 1 1 1 1 1 1 1 1 1 1 1 1 1 1 1 1 1 1 1 1 1 1 1 1 1 1 1 1 1 1 1 1 1 1 1 1 1 1 1 1 1 1 1 1 1 1 1 1 1 1 1 1 1 1 1 1 1 1 1 1 1 1 1 1 1 1 1 1 1 1 1 1 1 1 1 1 1 1 1 1 1 1 1 1 1 1 1 1 1 1 1 1 1 1 1 1 1 1 1 1 1 1 1 1 1 1 1 1 1 1 1 1 1 1 1 1 1 1 1 1 1 1 1 1 1 1 1 1 1 1 1 1 1 1 1 1 1 1 1 1 1 1 1 1 1 1 1 1 1 1 1 1 1 1 1 1 1 1 1 1 1 1 1 1 1 1 1 1 1 1 1 1 1 1 1 1 1 1 1 1 1 1 1 1 1 1 1</float_array>
          <technique_common>
            <accessor source="#SK_Pickup_Armor_SK_Pickup_Armor_001-skin-weights-array" count="408" stride="1">
              <param name="WEIGHT" type="float"/>
            </accessor>
          </technique_common>
        </source>
        <joints>
          <input semantic="JOINT" source="#SK_Pickup_Armor_SK_Pickup_Armor_001-skin-joints"/>
          <input semantic="INV_BIND_MATRIX" source="#SK_Pickup_Armor_SK_Pickup_Armor_001-skin-bind_poses"/>
        </joints>
        <vertex_weights count="408">
          <input semantic="JOINT" source="#SK_Pickup_Armor_SK_Pickup_Armor_001-skin-joints" offset="0"/>
          <input semantic="WEIGHT" source="#SK_Pickup_Armor_SK_Pickup_Armor_001-skin-weights" offset="1"/>
          <vcount>1 1 1 1 1 1 1 1 1 1 1 1 1 1 1 1 1 1 1 1 1 1 1 1 1 1 1 1 1 1 1 1 1 1 1 1 1 1 1 1 1 1 1 1 1 1 1 1 1 1 1 1 1 1 1 1 1 1 1 1 1 1 1 1 1 1 1 1 1 1 1 1 1 1 1 1 1 1 1 1 1 1 1 1 1 1 1 1 1 1 1 1 1 1 1 1 1 1 1 1 1 1 1 1 1 1 1 1 1 1 1 1 1 1 1 1 1 1 1 1 1 1 1 1 1 1 1 1 1 1 1 1 1 1 1 1 1 1 1 1 1 1 1 1 1 1 1 1 1 1 1 1 1 1 1 1 1 1 1 1 1 1 1 1 1 1 1 1 1 1 1 1 1 1 1 1 1 1 1 1 1 1 1 1 1 1 1 1 1 1 1 1 1 1 1 1 1 1 1 1 1 1 1 1 1 1 1 1 1 1 1 1 1 1 1 1 1 1 1 1 1 1 1 1 1 1 1 1 1 1 1 1 1 1 1 1 1 1 1 1 1 1 1 1 1 1 1 1 1 1 1 1 1 1 1 1 1 1 1 1 1 1 1 1 1 1 1 1 1 1 1 1 1 1 1 1 1 1 1 1 1 1 1 1 1 1 1 1 1 1 1 1 1 1 1 1 1 1 1 1 1 1 1 1 1 1 1 1 1 1 1 1 1 1 1 1 1 1 1 1 1 1 1 1 1 1 1 1 1 1 1 1 1 1 1 1 1 1 1 1 1 1 1 1 1 1 1 1 1 1 1 1 1 1 1 1 1 1 1 1 1 1 1 1 1 1 1 1 1 1 1 1 1 1 1 1 1 1 1 1 1 1 1 1 1 1 1 1 1 1 1 1 1 1 1 1 1 1 1 1 1 1 1 1 1 1 1 1 </vcount>
          <v>1 0 1 1 1 2 1 3 1 4 1 5 1 6 1 7 1 8 1 9 1 10 1 11 1 12 1 13 1 14 1 15 1 16 1 17 1 18 1 19 1 20 1 21 1 22 1 23 1 24 1 25 1 26 1 27 1 28 1 29 1 30 1 31 1 32 1 33 1 34 1 35 1 36 1 37 1 38 1 39 1 40 1 41 1 42 1 43 1 44 1 45 1 46 1 47 1 48 1 49 1 50 1 51 1 52 1 53 1 54 1 55 1 56 1 57 1 58 1 59 1 60 1 61 1 62 1 63 1 64 1 65 1 66 1 67 1 68 1 69 1 70 1 71 1 72 1 73 1 74 1 75 1 76 1 77 1 78 1 79 1 80 1 81 1 82 1 83 1 84 1 85 1 86 1 87 1 88 1 89 1 90 1 91 1 92 1 93 1 94 1 95 1 96 1 97 1 98 1 99 1 100 1 101 1 102 1 103 1 104 1 105 1 106 1 107 1 108 1 109 1 110 1 111 1 112 1 113 1 114 1 115 1 116 1 117 1 118 1 119 1 120 1 121 1 122 1 123 1 124 1 125 1 126 1 127 1 128 1 129 1 130 1 131 1 132 1 133 1 134 1 135 1 136 1 137 1 138 1 139 1 140 1 141 1 142 1 143 1 144 1 145 1 146 1 147 1 148 1 149 1 150 1 151 1 152 1 153 1 154 1 155 1 156 1 157 1 158 1 159 1 160 1 161 1 162 1 163 1 164 1 165 1 166 1 167 1 168 1 169 1 170 1 171 1 172 1 173 1 174 1 175 1 176 1 177 1 178 1 179 1 180 1 181 1 182 1 183 1 184 1 185 1 186 1 187 1 188 1 189 1 190 1 191 1 192 1 193 1 194 1 195 1 196 1 197 1 198 1 199 1 200 1 201 1 202 1 203 1 204 1 205 1 206 1 207 1 208 1 209 1 210 1 211 1 212 1 213 1 214 1 215 1 216 1 217 1 218 1 219 1 220 1 221 1 222 1 223 1 224 1 225 1 226 1 227 1 228 1 229 1 230 1 231 1 232 1 233 1 234 1 235 1 236 1 237 1 238 1 239 1 240 1 241 1 242 1 243 1 244 1 245 1 246 1 247 1 248 1 249 1 250 1 251 1 252 1 253 1 254 1 255 1 256 1 257 1 258 1 259 1 260 1 261 1 262 1 263 1 264 1 265 1 266 1 267 1 268 1 269 1 270 1 271 1 272 1 273 1 274 1 275 1 276 1 277 1 278 1 279 1 280 1 281 1 282 1 283 1 284 1 285 1 286 1 287 1 288 1 289 1 290 1 291 1 292 1 293 1 294 1 295 1 296 1 297 1 298 1 299 1 300 1 301 1 302 1 303 1 304 1 305 1 306 1 307 1 308 1 309 1 310 1 311 1 312 1 313 1 314 1 315 1 316 1 317 1 318 1 319 1 320 1 321 1 322 1 323 1 324 1 325 1 326 1 327 1 328 1 329 1 330 1 331 1 332 1 333 1 334 1 335 1 336 1 337 1 338 1 339 1 340 1 341 1 342 1 343 1 344 1 345 1 346 1 347 1 348 1 349 1 350 1 351 1 352 1 353 1 354 1 355 1 356 1 357 1 358 1 359 1 360 1 361 1 362 1 363 1 364 1 365 1 366 1 367 1 368 1 369 1 370 1 371 1 372 1 373 1 374 1 375 1 376 1 377 1 378 1 379 1 380 1 381 1 382 1 383 1 384 1 385 1 386 1 387 1 388 1 389 1 390 1 391 1 392 1 393 1 394 1 395 1 396 1 397 1 398 1 399 1 400 1 401 1 402 1 403 1 404 1 405 1 406 1 407</v>
        </vertex_weights>
      </skin>
    </controller>
  </library_controllers>
  <library_visual_scenes>
    <visual_scene id="Scene" name="Scene">
      <node id="SK_Pickup_Armor" name="SK_Pickup_Armor" type="NODE">
        <matrix sid="transform">1 0 0 0 0 1 0 0 0 0 1 0 0 0 0 1</matrix>
        <node id="SK_Pickup_Armor_Dummy001" name="Dummy001" sid="Dummy001" type="JOINT">
          <matrix sid="transform">1 0 1.51496e-8 0 1.51496e-8 -1.34359e-7 -1 0 2.03548e-15 1 -1.19209e-7 0 0 0 0 1</matrix>
          <node id="SK_Pickup_Armor_SM_Pickup_Armor" name="SM_Pickup_Armor" sid="SM_Pickup_Armor" type="JOINT">
            <matrix sid="transform">1 0 1.42109e-14 0 0 1 0 0.06282419 -1.42109e-14 0 1 8.88178e-16 0 0 0 1</matrix>
            <extra>
              <technique profile="blender">
                <layer sid="layer" type="string">0</layer>
                <roll sid="roll" type="float">0</roll>
                <tip_x sid="tip_x" type="float">0</tip_x>
                <tip_y sid="tip_y" type="float">0</tip_y>
                <tip_z sid="tip_z" type="float">0.06282413</tip_z>
              </technique>
            </extra>
          </node>
          <extra>
            <technique profile="blender">
              <layer sid="layer" type="string">0</layer>
              <roll sid="roll" type="float">0</roll>
              <tip_x sid="tip_x" type="float">0</tip_x>
              <tip_y sid="tip_y" type="float">0</tip_y>
              <tip_z sid="tip_z" type="float">0.06282413</tip_z>
            </technique>
          </extra>
        </node>
        <node id="SK_Pickup_Armor_001" name="SK_Pickup_Armor.001" type="NODE">
          <matrix sid="transform">1 0 0 0 0 1 0 0 0 0 1 0 0 0 0 1</matrix>
          <instance_controller url="#SK_Pickup_Armor_SK_Pickup_Armor_001-skin">
            <skeleton>#SK_Pickup_Armor_Dummy001</skeleton>
            <bind_material>
              <technique_common>
                <instance_material symbol="M_Pickup_Armor-material" target="#M_Pickup_Armor-material">
                  <bind_vertex_input semantic="UVMap" input_semantic="TEXCOORD" input_set="0"/>
                  <bind_vertex_input semantic="UVMap.001" input_semantic="TEXCOORD" input_set="1"/>
                </instance_material>
              </technique_common>
            </bind_material>
          </instance_controller>
        </node>
      </node>
    </visual_scene>
  </library_visual_scenes>
  <scene>
    <instance_visual_scene url="#Scene"/>
  </scene>
</COLLADA>