#
# generated by kHED
#
mtllib Model.mtl
# vertices:
v -0.220317 4.256382 1.946623
v -2.277115 4.355965 3.826309
v -0.479787 3.853565 1.851742
v -0.219383 3.528828 1.889223
v -0.266546 3.577595 4.596653
v 1.774394 4.459518 3.623950
v -0.241005 5.069309 3.133026
v 0.042430 3.853565 1.860846
v -0.249909 7.013885 3.643394
v -3.413855 7.056767 5.355375
v 2.986070 7.037563 5.272129
v 1.442252 6.228477 7.686658
v -2.147708 6.228477 7.624132
v -3.126750 13.444347 5.032118
v -0.205833 9.915644 3.088674
v -0.224130 14.103292 3.762912
v -3.850461 10.021627 5.350994
v 3.328382 10.025980 5.520315
v 2.798223 13.409657 5.761895
v 2.527256 9.926908 9.035721
v 1.834774 12.070652 7.892516
v -2.472524 12.068090 7.791023
v -3.150391 9.923452 8.901987
v -0.316190 16.000000 7.627003
v 1.172093 15.179008 8.225589
v -1.829977 15.177216 8.154703
v -0.334075 14.274811 8.430511
v -0.371191 14.491905 10.000000
v -1.417619 2.146427 -0.457933
v -0.528509 1.762684 -0.967422
v -1.435656 1.804028 0.178769
v -1.460215 2.043262 -1.374309
v -2.360258 1.778427 -1.014290
v -1.566100 1.414654 -2.172799
v -1.583263 0.376446 -2.399203
v -0.791879 0.365566 -2.239386
v -2.294681 0.377213 -2.235970
v -0.350043 0.329853 -1.149231
v -2.836919 0.351742 -1.231439
v -0.639157 0.290043 -0.338268
v -2.464765 0.301819 -0.249123
v -0.736219 0.261883 1.692416
v -1.138552 1.379707 1.336067
v -0.864279 1.435131 0.578223
v -1.631755 1.460350 0.888605
v -1.779351 0.268669 1.743239
v -1.414837 2.540157 -0.035395
v -1.223720 3.427837 -0.414910
v -1.828656 3.923069 0.574254
v -1.712671 2.667645 0.811119
v -0.892181 2.386684 0.184750
v -0.196236 2.935677 0.571801
v -1.149613 2.521214 0.915856
v -0.993177 3.605885 1.342893
v 0.954190 6.020406 0.383880
v 0.474452 6.715677 0.557061
v 0.274672 6.898821 0.066996
v 1.041432 6.051592 -0.142314
v 0.548967 6.560362 -0.343992
v 1.315047 1.986942 0.276837
v 0.582030 1.720829 -0.991239
v 1.410844 2.113403 -0.394327
v 1.538195 2.035709 -1.305299
v 2.409497 1.784443 -0.872083
v 0.997031 0.365181 -2.267725
v 1.798889 0.400509 -2.355079
v 1.732738 1.431419 -2.105974
v 2.492416 0.414974 -2.128339
v 0.460300 0.289276 -1.223051
v 2.943050 0.376572 -1.079687
v 0.669359 0.262909 -0.355732
v 2.478678 0.313469 -0.101693
v 0.771668 1.464573 0.555070
v 0.996078 1.424126 1.312978
v 0.580596 0.312828 1.674837
v 1.510643 1.491966 0.922487
v 1.614452 0.341755 1.819922
v 1.434913 3.923069 0.631221
v 0.864910 3.427837 -0.378546
v 1.199770 2.743805 0.232146
v 1.413611 2.896637 1.027906
v 0.695014 2.478077 0.372642
v 0.875821 2.671741 1.126495
v 0.573216 3.605885 1.370281
v 0.442051 7.549806 -2.334507
v 1.174917 8.009724 -1.415843
v -0.732789 7.549806 -2.354954
v -1.513932 8.009724 -1.462781
v -0.139332 7.362797 -2.694977
v -0.938767 7.519740 -1.779390
v -0.144667 7.054192 -2.384278
v -0.159805 7.190395 -1.516959
v -0.711751 7.333629 -0.299741
v -0.180616 7.257214 -0.811238
v 0.627766 7.519740 -1.752104
v 0.332443 7.333629 -0.281578
v 0.562872 8.205307 -2.255367
v -0.873136 8.205307 -2.280381
v -0.735814 8.131710 -2.668277
v 0.439006 8.131710 -2.647701
v 0.051023 8.062206 -2.848856
v -0.340791 8.062206 -2.855706
v -0.145085 8.127483 -2.853739
v 0.945071 10.828539 -1.717274
v 0.565365 8.855164 -2.399860
v 1.753316 9.533180 -1.184010
v -0.156478 10.818811 -2.193437
v -0.143425 9.170300 -2.941473
v -0.180229 11.500921 -0.837093
v -0.200760 11.199739 0.344417
v -1.368879 10.995577 -0.063371
v -2.097674 9.533180 -1.251200
v -1.274064 10.828539 -1.756031
v -2.656474 8.925438 0.841902
v -2.953313 8.693115 -0.856287
v -2.691931 9.411068 -0.867113
v -1.931262 9.830778 0.443309
v -0.226553 9.272701 1.822128
v -2.305600 7.785084 -0.564232
v -1.131930 8.528893 -2.422453
v -0.805442 8.855164 -2.423747
v -0.218311 9.784956 1.354171
v -2.329328 8.075516 0.800545
v -0.223454 8.224251 1.648834
v -0.198712 7.410171 0.230047
v 1.046102 10.995577 -0.021193
v 2.304032 8.925438 0.928402
v 1.527935 9.830778 0.503521
v 2.333899 9.411068 -0.779475
v 2.594595 8.693115 -0.759435
v 1.936963 7.785084 -0.490230
v 0.826416 8.528893 -2.388315
v 1.913257 8.010365 0.875972
v -0.136706 8.966141 -3.328805
v -0.596039 8.773117 -3.201977
v -0.142709 8.450939 -2.991252
v -0.733322 8.781563 -2.812770
v -0.272003 8.384254 -3.057474
v -0.797549 8.388477 -2.870765
v 0.317872 8.773117 -3.186041
v 0.441519 8.781563 -2.792322
v -0.010854 8.384254 -3.052789
v 0.507815 8.388477 -2.848044
v -0.476088 7.480445 -2.584377
v 0.111212 7.480445 -2.574172
v 0.306242 8.134396 -2.519561
v -0.672751 8.134396 -2.536604
v -0.512396 7.096062 -0.018047
v -0.179717 6.858238 -0.379930
v -0.192962 7.074299 0.384143
v 0.140224 7.096062 -0.006689
v -1.439465 6.109770 -0.157154
v -1.286975 4.531837 -0.528213
v -0.168358 4.479099 -1.028310
v -0.176445 5.589500 -0.567581
v -1.694562 4.559227 0.380752
v -0.898402 6.646040 -0.084366
v -0.691736 6.891173 0.054490
v -1.503271 6.148718 0.367978
v 0.932161 4.531837 -0.489455
v 1.307859 4.559227 0.433031
v -0.196976 6.771580 0.614709
v -0.863476 6.677445 0.544564
v -0.209193 5.372669 1.308310
v -0.924195 5.093117 1.127414
v 0.511692 5.093117 1.152409
v -0.180107 3.038078 -0.357181
v -0.171201 3.511547 -0.864437
v -1.192825 4.086910 1.553095
v -0.217202 4.762749 1.763868
v 0.765281 4.086910 1.587194
v -2.489026 5.875726 0.084969
v -2.342979 6.552506 0.382067
v -2.235987 6.281621 0.023899
v -3.456939 5.644882 -0.293734
v -3.880377 6.506114 0.004336
v -3.353709 6.703201 -0.617744
v -4.419166 7.203787 -1.407402
v -5.233372 6.916578 -1.719033
v -4.820470 6.789876 -2.117254
v -4.557704 5.669253 0.085324
v -3.869916 5.276001 -0.374890
v -4.755688 5.156061 -0.614655
v -5.299171 5.528911 -0.162064
v -5.474141 5.306084 -1.038527
v -4.945010 5.254097 -1.575408
v -4.990571 5.809770 -2.174023
v -5.516234 6.096299 -1.569141
v -4.409568 6.534276 0.012036
v -5.401743 6.533009 -0.321184
v -5.069452 7.342824 -0.674042
v -4.303841 7.253541 -0.472147
v -3.677502 7.064742 -0.967586
v -4.086169 7.955084 -1.292121
v -3.969296 7.910614 -1.755190
v -3.721242 7.831455 -1.316938
v -4.289356 7.841068 -1.479679
v 1.403879 12.357502 -1.592636
v 1.222396 11.447548 -2.736286
v 2.700555 10.906107 -0.151829
v 1.456236 11.668730 1.700648
v 1.299887 10.179708 2.459156
v -1.675176 11.757694 1.769070
v -0.124815 12.392698 0.149744
v -1.570823 10.261370 2.521827
v -3.040383 11.069433 -0.026406
v -1.727412 12.446590 -1.524193
v -1.648072 11.529211 -2.673583
v 3.108472 9.358589 -0.386329
v 1.515165 8.478718 2.574767
v -1.877189 8.575230 2.648904
v -3.610754 9.549694 -0.239479
v -1.963729 10.146811 -3.368056
v 1.428484 10.050299 -3.442084
v -2.017896 8.074364 2.838895
v 1.635401 7.970428 2.759045
v -3.885105 9.211388 -0.392566
v -2.110884 9.848314 -3.725718
v 1.542533 9.744505 -3.805549
v 3.421488 9.003643 -0.552266
v -3.150636 9.822503 -0.275255
v -3.253631 8.439869 -0.220574
v -3.309405 8.584498 -0.697400
v -2.871556 7.435661 -1.033904
v -2.656917 7.413030 -0.108203
v -1.731565 6.497673 -1.173882
v -1.664867 6.494348 -0.121354
v 2.834095 8.348705 -0.523295
v 2.729536 9.829079 -0.304012
v 2.797446 8.658697 -0.947021
v 2.462196 7.448802 -1.453711
v 2.325812 7.123166 -0.615811
v 1.687151 6.194273 -1.838492
v 1.756036 5.848429 -0.827438
v -1.407362 11.476093 -0.916758
v -1.743724 11.880186 -0.343568
v -1.497261 10.666491 -0.189190
v -2.012877 11.629049 0.114297
v -2.084123 10.918139 0.454871
v -1.357579 10.589945 -0.707480
v -1.696554 10.344316 0.010184
v -1.353242 11.946875 -0.272908
v -1.082082 11.542652 -0.847226
v -1.043676 10.931707 0.009000
v -0.967095 10.656633 -0.636828
v 1.113447 10.666491 -0.143620
v 1.390487 11.932028 -0.289988
v 1.074106 11.527805 -0.874548
v 1.702610 10.904570 0.521214
v 1.643451 11.615484 0.178393
v 0.992081 10.589945 -0.666449
v 1.305848 10.344316 0.062585
v 0.653380 10.931707 0.038560
v 0.746666 11.529211 -0.814961
v 0.997603 11.933437 -0.231558
v 0.599417 10.656633 -0.609413
v 1.041432 6.051592 -0.142314
v 0.548967 6.560362 -0.343992
v 0.274672 6.898821 0.066996
v 0.954190 6.020406 0.383880
v 0.474452 6.715677 0.557061
v 2.173385 5.875725 0.084968
v 2.027339 6.552505 0.382067
v 1.920347 6.281620 0.023899
v 3.141296 5.644881 -0.293735
v 3.564735 6.506113 0.004336
v 3.038067 6.703200 -0.617745
v 4.103523 7.203787 -1.407403
v 4.917728 6.916578 -1.719033
v 4.504827 6.789876 -2.117256
v 4.242062 5.669253 0.085323
v 3.554274 5.276001 -0.374891
v 4.440046 5.156061 -0.614655
v 4.983528 5.528910 -0.162064
v 5.158499 5.306083 -1.038528
v 4.629368 5.254097 -1.575408
v 4.674929 5.809769 -2.174024
v 5.200590 6.096299 -1.569141
v 4.093925 6.534275 0.012035
v 5.086100 6.533009 -0.321184
v 4.753809 7.342823 -0.674042
v 3.988199 7.253540 -0.472147
v 3.361860 7.064741 -0.967586
v 3.770527 7.955083 -1.292121
v 3.653654 7.910614 -1.755190
v 3.405600 7.831455 -1.316938
v 3.973713 7.841068 -1.479679

# texture coords:
vt 0.000000 0.000000 0.0
vt 0.000000 0.000000 0.0
vt 0.000000 0.000000 0.0
vt 0.000000 0.000000 0.0
vt 0.000000 0.000000 0.0
vt 0.000000 0.000000 0.0
vt 0.000000 0.000000 0.0
vt 0.000000 0.000000 0.0
vt 0.000000 0.000000 0.0
vt 0.000000 0.000000 0.0
vt 0.000000 0.000000 0.0
vt 0.000000 0.000000 0.0
vt 0.000000 0.000000 0.0
vt 0.000000 0.000000 0.0
vt 0.000000 0.000000 0.0
vt 0.000000 0.000000 0.0
vt 0.000000 0.000000 0.0
vt 0.000000 0.000000 0.0
vt 0.000000 0.000000 0.0
vt 0.000000 0.000000 0.0
vt 0.000000 0.000000 0.0
vt 0.000000 0.000000 0.0
vt 0.000000 0.000000 0.0
vt 0.000000 0.000000 0.0
vt 0.000000 0.000000 0.0
vt 0.000000 0.000000 0.0
vt 0.000000 0.000000 0.0
vt 0.000000 0.000000 0.0
vt 0.000000 0.000000 0.0
vt 0.000000 0.000000 0.0
vt 0.018555 0.040039 0.0
vt 0.250977 0.073242 0.0
vt 0.033203 0.070313 0.0
vt 0.022461 0.013672 0.0
vt 0.250977 0.073242 0.0
vt 0.018555 0.040039 0.0
vt 0.250977 0.073242 0.0
vt 0.022461 0.013672 0.0
vt 0.325195 0.012695 0.0
vt 0.022461 0.013672 0.0
vt 0.225586 0.085938 0.0
vt 0.325195 0.012695 0.0
vt 0.033203 0.070313 0.0
vt 0.180664 0.135742 0.0
vt 0.225586 0.085938 0.0
vt 0.033203 0.070313 0.0
vt 0.225586 0.085938 0.0
vt 0.018555 0.040039 0.0
vt 0.250977 0.073242 0.0
vt 0.455078 0.291016 0.0
vt 0.251953 0.291016 0.0
vt 0.250977 0.073242 0.0
vt 0.251953 0.291016 0.0
vt 0.180664 0.135742 0.0
vt 0.180664 0.135742 0.0
vt 0.251953 0.291016 0.0
vt 0.225586 0.085938 0.0
vt 0.225586 0.085938 0.0
vt 0.251953 0.291016 0.0
vt 0.428711 0.289063 0.0
vt 0.225586 0.085938 0.0
vt 0.428711 0.289063 0.0
vt 0.699219 0.222656 0.0
vt 0.225586 0.085938 0.0
vt 0.699219 0.222656 0.0
vt 0.325195 0.012695 0.0
vt 0.691406 0.231445 0.0
vt 0.724609 0.383789 0.0
vt 0.651367 0.380859 0.0
vt 0.325195 0.012695 0.0
vt 0.702148 0.225586 0.0
vt 0.455078 0.291016 0.0
vt 0.325195 0.012695 0.0
vt 0.455078 0.291016 0.0
vt 0.250977 0.073242 0.0
vt 0.185547 0.844727 0.0
vt 0.092773 0.506836 0.0
vt 0.337891 0.794922 0.0
vt 0.363281 0.527344 0.0
vt 0.337891 0.794922 0.0
vt 0.092773 0.506836 0.0
vt 0.092773 0.506836 0.0
vt 0.185547 0.844727 0.0
vt 0.364258 0.525391 0.0
vt 0.364258 0.525391 0.0
vt 0.185547 0.844727 0.0
vt 0.399414 0.793945 0.0
vt 0.644531 0.695313 0.0
vt 0.762695 0.529297 0.0
vt 0.399414 0.793945 0.0
vt 0.364258 0.525391 0.0
vt 0.399414 0.793945 0.0
vt 0.762695 0.529297 0.0
vt 0.337891 0.794922 0.0
vt 0.363281 0.527344 0.0
vt 0.644531 0.695313 0.0
vt 0.762695 0.529297 0.0
vt 0.644531 0.695313 0.0
vt 0.363281 0.527344 0.0
vt 0.742188 0.591797 0.0
vt 0.725586 0.698242 0.0
vt 0.626953 0.583008 0.0
vt 0.626953 0.583008 0.0
vt 0.725586 0.698242 0.0
vt 0.637695 0.691406 0.0
vt 0.724609 0.383789 0.0
vt 0.742188 0.591797 0.0
vt 0.626953 0.583008 0.0
vt 0.455078 0.291016 0.0
vt 0.762695 0.529297 0.0
vt 0.363281 0.527344 0.0
vt 0.428711 0.289063 0.0
vt 0.364258 0.525391 0.0
vt 0.699219 0.222656 0.0
vt 0.455078 0.291016 0.0
vt 0.363281 0.527344 0.0
vt 0.251953 0.291016 0.0
vt 0.251953 0.291016 0.0
vt 0.363281 0.527344 0.0
vt 0.092773 0.506836 0.0
vt 0.699219 0.222656 0.0
vt 0.364258 0.525391 0.0
vt 0.762695 0.529297 0.0
vt 0.724609 0.383789 0.0
vt 0.626953 0.583008 0.0
vt 0.651367 0.380859 0.0
vt 0.702148 0.225586 0.0
vt 0.762695 0.529297 0.0
vt 0.455078 0.291016 0.0
vt 0.364258 0.525391 0.0
vt 0.428711 0.289063 0.0
vt 0.092773 0.506836 0.0
vt 0.251953 0.291016 0.0
vt 0.092773 0.506836 0.0
vt 0.428711 0.289063 0.0
vt 0.185547 0.844727 0.0
vt 0.633789 1.011719 0.0
vt 0.399414 0.793945 0.0
vt 0.644531 0.695313 0.0
vt 0.399414 0.793945 0.0
vt 0.695313 0.948242 0.0
vt 0.637695 0.691406 0.0
vt 0.678711 0.814453 0.0
vt 0.646484 0.861328 0.0
vt 0.725586 0.698242 0.0
vt 0.678711 0.814453 0.0
vt 0.637695 0.691406 0.0
vt 0.644531 0.695313 0.0
vt 0.698242 0.947266 0.0
vt 0.337891 0.794922 0.0
vt 0.337891 0.794922 0.0
vt 0.633789 1.011719 0.0
vt 0.185547 0.844727 0.0
vt 0.633789 1.011719 0.0
vt 0.337891 0.794922 0.0
vt 0.698242 0.947266 0.0
vt 0.678711 0.814453 0.0
vt 0.678711 0.833008 0.0
vt 0.646484 0.861328 0.0
vt 0.695313 0.948242 0.0
vt 0.633789 1.011719 0.0
vt 0.896484 0.892578 0.0
vt 0.678711 0.833008 0.0
vt 0.678711 0.814453 0.0
vt 0.708984 0.866211 0.0
vt 0.698242 0.947266 0.0
vt 0.896484 0.892578 0.0
vt 0.633789 1.011719 0.0
vt 0.725586 0.698242 0.0
vt 0.708984 0.866211 0.0
vt 0.678711 0.814453 0.0
vt 0.399414 0.793945 0.0
vt 0.633789 1.011719 0.0
vt 0.695313 0.948242 0.0
vt 0.033203 0.070313 0.0
vt 0.250977 0.073242 0.0
vt 0.180664 0.135742 0.0
vt 0.225586 0.085938 0.0
vt 0.022461 0.013672 0.0
vt 0.018555 0.040039 0.0
vt 0.564453 0.809570 0.0
vt 0.304688 0.801758 0.0
vt 0.411133 1.024414 0.0
vt 0.304688 0.801758 0.0
vt 0.200195 0.966797 0.0
vt 0.411133 1.024414 0.0
vt 0.280273 0.800781 0.0
vt 0.411133 1.024414 0.0
vt 0.200195 0.966797 0.0
vt 0.280273 0.800781 0.0
vt 0.564453 0.809570 0.0
vt 0.411133 1.024414 0.0
vt 0.032227 0.000977 0.0
vt -0.013672 -0.000977 0.0
vt 0.022461 0.593750 0.0
vt 0.032227 0.000977 0.0
vt 0.022461 0.593750 0.0
vt 0.304688 0.801758 0.0
vt 0.022461 0.593750 0.0
vt 0.200195 0.966797 0.0
vt 0.304688 0.801758 0.0
vt 0.200195 0.966797 0.0
vt 0.022461 0.593750 0.0
vt 0.280273 0.800781 0.0
vt 0.022461 0.593750 0.0
vt -0.013672 -0.000977 0.0
vt 0.016602 0.000000 0.0
vt 0.022461 0.593750 0.0
vt 0.016602 0.000000 0.0
vt 0.280273 0.800781 0.0
vt 0.304688 0.801758 0.0
vt 0.275391 0.009766 0.0
vt 0.032227 0.000977 0.0
vt 0.280273 0.800781 0.0
vt 0.016602 0.000000 0.0
vt 0.232422 0.008789 0.0
vt 0.304688 0.801758 0.0
vt 0.453125 0.016602 0.0
vt 0.275391 0.009766 0.0
vt 0.232422 0.008789 0.0
vt 0.459961 0.017578 0.0
vt 0.280273 0.800781 0.0
vt 0.660156 0.672852 0.0
vt 0.835938 0.635742 0.0
vt 0.914063 0.034180 0.0
vt 0.453125 0.016602 0.0
vt 0.304688 0.801758 0.0
vt 0.660156 0.672852 0.0
vt 0.564453 0.809570 0.0
vt 0.280273 0.800781 0.0
vt 0.726563 0.657227 0.0
vt 0.914063 0.034180 0.0
vt 0.453125 0.016602 0.0
vt 0.660156 0.672852 0.0
vt 0.726563 0.657227 0.0
vt 0.919922 0.035156 0.0
vt 0.835938 0.635742 0.0
vt 0.726563 0.657227 0.0
vt 0.459961 0.017578 0.0
vt 0.919922 0.035156 0.0
vt 0.280273 0.800781 0.0
vt 0.459961 0.017578 0.0
vt 0.726563 0.657227 0.0
vt 0.914063 0.034180 0.0
vt 0.835938 0.635742 0.0
vt 0.919922 0.035156 0.0
vt 0.304688 0.801758 0.0
vt 0.564453 0.809570 0.0
vt 0.660156 0.672852 0.0
vt 0.919922 0.035156 0.0
vt 0.459961 0.017578 0.0
vt 0.453125 0.016602 0.0
vt 0.453125 0.016602 0.0
vt 0.914063 0.034180 0.0
vt 0.919922 0.035156 0.0
vt 0.275391 0.009766 0.0
vt 0.453125 0.016602 0.0
vt 0.459961 0.017578 0.0
vt 0.459961 0.017578 0.0
vt 0.232422 0.008789 0.0
vt 0.275391 0.009766 0.0
vt 0.016602 0.000000 0.0
vt 0.275391 0.009766 0.0
vt 0.232422 0.008789 0.0
vt 0.016602 0.000000 0.0
vt -0.013672 -0.000977 0.0
vt 0.275391 0.009766 0.0
vt -0.013672 -0.000977 0.0
vt 0.032227 0.000977 0.0
vt 0.275391 0.009766 0.0
vt 0.411133 1.024414 0.0
vt 0.304688 0.801758 0.0
vt 0.564453 0.809570 0.0
vt 0.411133 1.024414 0.0
vt 0.200195 0.966797 0.0
vt 0.304688 0.801758 0.0
vt 0.200195 0.966797 0.0
vt 0.411133 1.024414 0.0
vt 0.280273 0.800781 0.0
vt 0.411133 1.024414 0.0
vt 0.564453 0.809570 0.0
vt 0.280273 0.800781 0.0
vt 0.022461 0.593750 0.0
vt -0.013672 -0.000977 0.0
vt 0.032227 0.000977 0.0
vt 0.304688 0.801758 0.0
vt 0.022461 0.593750 0.0
vt 0.032227 0.000977 0.0
vt 0.304688 0.801758 0.0
vt 0.200195 0.966797 0.0
vt 0.022461 0.593750 0.0
vt 0.280273 0.800781 0.0
vt 0.022461 0.593750 0.0
vt 0.200195 0.966797 0.0
vt 0.016602 0.000000 0.0
vt -0.013672 -0.000977 0.0
vt 0.022461 0.593750 0.0
vt 0.280273 0.800781 0.0
vt 0.016602 0.000000 0.0
vt 0.022461 0.593750 0.0
vt 0.032227 0.000977 0.0
vt 0.275391 0.009766 0.0
vt 0.304688 0.801758 0.0
vt 0.232422 0.008789 0.0
vt 0.016602 0.000000 0.0
vt 0.280273 0.800781 0.0
vt 0.275391 0.009766 0.0
vt 0.453125 0.016602 0.0
vt 0.304688 0.801758 0.0
vt 0.280273 0.800781 0.0
vt 0.459961 0.017578 0.0
vt 0.232422 0.008789 0.0
vt 0.914063 0.034180 0.0
vt 0.835938 0.635742 0.0
vt 0.660156 0.672852 0.0
vt 0.660156 0.672852 0.0
vt 0.304688 0.801758 0.0
vt 0.453125 0.016602 0.0
vt 0.726563 0.657227 0.0
vt 0.280273 0.800781 0.0
vt 0.564453 0.809570 0.0
vt 0.660156 0.672852 0.0
vt 0.453125 0.016602 0.0
vt 0.914063 0.034180 0.0
vt 0.835938 0.635742 0.0
vt 0.919922 0.035156 0.0
vt 0.726563 0.657227 0.0
vt 0.919922 0.035156 0.0
vt 0.459961 0.017578 0.0
vt 0.726563 0.657227 0.0
vt 0.726563 0.657227 0.0
vt 0.459961 0.017578 0.0
vt 0.280273 0.800781 0.0
vt 0.919922 0.035156 0.0
vt 0.835938 0.635742 0.0
vt 0.914063 0.034180 0.0
vt 0.660156 0.672852 0.0
vt 0.564453 0.809570 0.0
vt 0.304688 0.801758 0.0
vt 0.453125 0.016602 0.0
vt 0.459961 0.017578 0.0
vt 0.919922 0.035156 0.0
vt 0.919922 0.035156 0.0
vt 0.914063 0.034180 0.0
vt 0.453125 0.016602 0.0
vt 0.459961 0.017578 0.0
vt 0.453125 0.016602 0.0
vt 0.275391 0.009766 0.0
vt 0.275391 0.009766 0.0
vt 0.232422 0.008789 0.0
vt 0.459961 0.017578 0.0
vt 0.232422 0.008789 0.0
vt 0.275391 0.009766 0.0
vt 0.016602 0.000000 0.0
vt 0.275391 0.009766 0.0
vt -0.013672 -0.000977 0.0
vt 0.016602 0.000000 0.0
vt 0.275391 0.009766 0.0
vt 0.032227 0.000977 0.0
vt -0.013672 -0.000977 0.0
vt 0.989258 0.737305 0.0
vt 0.819336 0.625488 0.0
vt 0.776367 0.333008 0.0
vt 0.884766 0.331543 0.0
vt 0.989258 0.737305 0.0
vt 0.776367 0.333008 0.0
vt 0.819336 0.625488 0.0
vt 0.503906 0.452637 0.0
vt 0.621094 0.313965 0.0
vt 0.621094 0.313965 0.0
vt 0.761719 0.122070 0.0
vt 0.776367 0.333008 0.0
vt 0.776367 0.333008 0.0
vt 0.761719 0.122070 0.0
vt 0.821289 0.041016 0.0
vt 0.776367 0.333008 0.0
vt 0.821289 0.041016 0.0
vt 0.884766 0.331543 0.0
vt 0.819336 0.625488 0.0
vt 0.621094 0.313965 0.0
vt 0.776367 0.333008 0.0
vt 0.621094 0.313965 0.0
vt 0.583008 0.046387 0.0
vt 0.761719 0.122070 0.0
vt 0.232422 0.324707 0.0
vt 0.189453 0.615723 0.0
vt 0.019531 0.722656 0.0
vt 0.232422 0.324707 0.0
vt 0.019531 0.722656 0.0
vt 0.124023 0.319824 0.0
vt 0.387695 0.310547 0.0
vt 0.504883 0.452637 0.0
vt 0.189453 0.615723 0.0
vt 0.232422 0.324707 0.0
vt 0.247070 0.114258 0.0
vt 0.387695 0.310547 0.0
vt 0.187500 0.031250 0.0
vt 0.247070 0.114258 0.0
vt 0.232422 0.324707 0.0
vt 0.124023 0.319824 0.0
vt 0.187500 0.031250 0.0
vt 0.232422 0.324707 0.0
vt 0.232422 0.324707 0.0
vt 0.387695 0.310547 0.0
vt 0.189453 0.615723 0.0
vt 0.247070 0.114258 0.0
vt 0.425781 0.043945 0.0
vt 0.387695 0.310547 0.0
vt 0.819336 0.625488 0.0
vt 0.503906 0.514160 0.0
vt 0.503906 0.452637 0.0
vt 0.837891 0.941895 0.0
vt 0.503906 0.944824 0.0
vt 0.503906 0.660645 0.0
vt 0.837891 0.941895 0.0
vt 0.503906 0.660645 0.0
vt 0.819336 0.625488 0.0
vt 0.503906 0.514160 0.0
vt 0.819336 0.625488 0.0
vt 0.503906 0.660645 0.0
vt 0.819336 0.625488 0.0
vt 0.989258 0.737305 0.0
vt 0.962891 0.940430 0.0
vt 0.819336 0.625488 0.0
vt 0.962891 0.940430 0.0
vt 0.837891 0.941895 0.0
vt 0.189453 0.615723 0.0
vt 0.503906 0.452637 0.0
vt 0.503906 0.514160 0.0
vt 0.170898 0.931641 0.0
vt 0.189453 0.615723 0.0
vt 0.503906 0.660645 0.0
vt 0.170898 0.931641 0.0
vt 0.503906 0.660645 0.0
vt 0.503906 0.944824 0.0
vt 0.503906 0.514160 0.0
vt 0.503906 0.660645 0.0
vt 0.189453 0.615723 0.0
vt 0.189453 0.615723 0.0
vt 0.170898 0.931641 0.0
vt 0.045898 0.926270 0.0
vt 0.189453 0.615723 0.0
vt 0.045898 0.926270 0.0
vt 0.019531 0.722656 0.0
vt 0.681641 0.362793 0.0
vt 0.575195 0.565430 0.0
vt 0.769531 0.610840 0.0
vt 0.769531 0.610840 0.0
vt 0.861328 0.607910 0.0
vt 0.831055 0.384766 0.0
vt 0.769531 0.610840 0.0
vt 0.831055 0.384766 0.0
vt 0.681641 0.362793 0.0
vt 0.736328 0.421387 0.0
vt 0.587891 0.566406 0.0
vt 0.575195 0.565430 0.0
vt 0.736328 0.421387 0.0
vt 0.575195 0.565430 0.0
vt 0.681641 0.362793 0.0
vt 0.831055 0.384766 0.0
vt 0.861328 0.607910 0.0
vt 0.766602 0.618164 0.0
vt 0.831055 0.384766 0.0
vt 0.766602 0.618164 0.0
vt 0.736328 0.421387 0.0
vt 0.736328 0.421387 0.0
vt 0.766602 0.618164 0.0
vt 0.587891 0.566406 0.0
vt 0.867188 0.126465 0.0
vt 0.665039 0.169434 0.0
vt 0.681641 0.362793 0.0
vt 0.867188 0.126465 0.0
vt 0.681641 0.362793 0.0
vt 0.831055 0.384766 0.0
vt 0.736328 0.421387 0.0
vt 0.682617 0.163574 0.0
vt 0.867188 0.126465 0.0
vt 0.736328 0.421387 0.0
vt 0.867188 0.126465 0.0
vt 0.831055 0.384766 0.0
vt 0.681641 0.362793 0.0
vt 0.682617 0.163574 0.0
vt 0.736328 0.421387 0.0
vt 0.681641 0.362793 0.0
vt 0.665039 0.169434 0.0
vt 0.682617 0.163574 0.0
vt 0.622070 0.295898 0.0
vt 0.505859 0.420898 0.0
vt 0.705078 0.317871 0.0
vt 0.505859 0.420898 0.0
vt 0.743164 0.596191 0.0
vt 0.705078 0.317871 0.0
vt 0.705078 0.317871 0.0
vt 0.743164 0.596191 0.0
vt 0.884766 0.328613 0.0
vt 0.743164 0.596191 0.0
vt 0.988281 0.749512 0.0
vt 0.884766 0.328613 0.0
vt 0.884766 0.328613 0.0
vt 0.821289 0.041016 0.0
vt 0.680664 0.025879 0.0
vt 0.884766 0.328613 0.0
vt 0.680664 0.025879 0.0
vt 0.705078 0.317871 0.0
vt 0.705078 0.317871 0.0
vt 0.680664 0.025879 0.0
vt 0.583008 0.046387 0.0
vt 0.705078 0.317871 0.0
vt 0.583008 0.046387 0.0
vt 0.622070 0.295898 0.0
vt 0.304688 0.312500 0.0
vt 0.505859 0.420898 0.0
vt 0.388672 0.292969 0.0
vt 0.304688 0.312500 0.0
vt 0.268555 0.589844 0.0
vt 0.505859 0.420898 0.0
vt 0.124023 0.317871 0.0
vt 0.268555 0.589844 0.0
vt 0.304688 0.312500 0.0
vt 0.124023 0.317871 0.0
vt 0.018555 0.735840 0.0
vt 0.268555 0.589844 0.0
vt 0.327148 0.020996 0.0
vt 0.187500 0.031250 0.0
vt 0.124023 0.317871 0.0
vt 0.304688 0.312500 0.0
vt 0.327148 0.020996 0.0
vt 0.124023 0.317871 0.0
vt 0.425781 0.043945 0.0
vt 0.327148 0.020996 0.0
vt 0.304688 0.312500 0.0
vt 0.388672 0.292969 0.0
vt 0.425781 0.043945 0.0
vt 0.304688 0.312500 0.0
vt 0.506836 0.552734 0.0
vt 0.594727 0.638672 0.0
vt 0.793945 0.721191 0.0
vt 0.506836 0.552734 0.0
vt 0.793945 0.721191 0.0
vt 0.743164 0.596191 0.0
vt 0.508789 0.862305 0.0
vt 0.793945 0.721191 0.0
vt 0.507813 0.731445 0.0
vt 0.962891 0.940430 0.0
vt 0.793945 0.721191 0.0
vt 0.727539 0.974609 0.0
vt 0.727539 0.974609 0.0
vt 0.793945 0.721191 0.0
vt 0.508789 0.862305 0.0
vt 0.727539 0.974609 0.0
vt 0.508789 0.862305 0.0
vt 0.509766 1.016113 0.0
vt 0.507813 0.731445 0.0
vt 0.793945 0.721191 0.0
vt 0.594727 0.638672 0.0
vt 0.962891 0.940430 0.0
vt 0.988281 0.749512 0.0
vt 0.743164 0.596191 0.0
vt 0.962891 0.940430 0.0
vt 0.743164 0.596191 0.0
vt 0.793945 0.721191 0.0
vt 0.506836 0.552734 0.0
vt 0.743164 0.596191 0.0
vt 0.505859 0.420898 0.0
vt 0.506836 0.552734 0.0
vt 0.268555 0.589844 0.0
vt 0.217773 0.713379 0.0
vt 0.506836 0.552734 0.0
vt 0.217773 0.713379 0.0
vt 0.418945 0.636719 0.0
vt 0.508789 0.862305 0.0
vt 0.507813 0.731445 0.0
vt 0.217773 0.713379 0.0
vt 0.045898 0.926270 0.0
vt 0.289063 0.967773 0.0
vt 0.217773 0.713379 0.0
vt 0.289063 0.967773 0.0
vt 0.509766 1.016113 0.0
vt 0.508789 0.862305 0.0
vt 0.289063 0.967773 0.0
vt 0.508789 0.862305 0.0
vt 0.217773 0.713379 0.0
vt 0.507813 0.731445 0.0
vt 0.418945 0.636719 0.0
vt 0.217773 0.713379 0.0
vt 0.045898 0.926270 0.0
vt 0.268555 0.589844 0.0
vt 0.018555 0.735840 0.0
vt 0.045898 0.926270 0.0
vt 0.217773 0.713379 0.0
vt 0.268555 0.589844 0.0
vt 0.506836 0.552734 0.0
vt 0.505859 0.420898 0.0
vt 0.268555 0.589844 0.0
vt 0.861328 0.335938 0.0
vt 0.770508 0.360352 0.0
vt 0.435547 0.274414 0.0
vt 0.152344 0.938477 0.0
vt -0.002930 0.828125 0.0
vt 0.261719 0.911133 0.0
vt 0.261719 0.911133 0.0
vt 0.528320 0.934570 0.0
vt 0.455078 0.988281 0.0
vt 0.152344 0.938477 0.0
vt 0.261719 0.911133 0.0
vt 0.455078 0.988281 0.0
vt 0.455078 0.988281 0.0
vt 0.528320 0.934570 0.0
vt 0.729492 0.920898 0.0
vt 1.004883 0.621094 0.0
vt 0.861328 0.335938 0.0
vt 0.870117 0.855469 0.0
vt 1.004883 0.621094 0.0
vt 0.832031 0.627930 0.0
vt 0.770508 0.360352 0.0
vt 1.004883 0.621094 0.0
vt 0.770508 0.360352 0.0
vt 0.861328 0.335938 0.0
vt 0.528320 0.934570 0.0
vt 0.261719 0.911133 0.0
vt 0.213867 0.628906 0.0
vt 0.528320 0.934570 0.0
vt 0.213867 0.628906 0.0
vt 0.563477 0.629883 0.0
vt 0.517578 0.346680 0.0
vt 0.563477 0.629883 0.0
vt 0.213867 0.628906 0.0
vt 0.517578 0.346680 0.0
vt 0.213867 0.628906 0.0
vt 0.261719 0.371094 0.0
vt 0.213867 0.628906 0.0
vt 0.261719 0.911133 0.0
vt 0.068359 0.628906 0.0
vt 0.261719 0.371094 0.0
vt 0.213867 0.628906 0.0
vt 0.068359 0.628906 0.0
vt 0.455078 0.988281 0.0
vt 0.729492 0.920898 0.0
vt 0.870117 0.855469 0.0
vt 0.138672 0.342773 0.0
vt 0.455078 0.988281 0.0
vt 0.435547 0.274414 0.0
vt 0.261719 0.371094 0.0
vt 0.068359 0.628906 0.0
vt 0.009766 0.472656 0.0
vt 0.435547 0.274414 0.0
vt 0.517578 0.346680 0.0
vt 0.261719 0.371094 0.0
vt 0.196289 0.067383 0.0
vt 0.329102 0.019531 0.0
vt 0.295898 0.051758 0.0
vt 0.383789 0.080078 0.0
vt 0.295898 0.051758 0.0
vt 0.329102 0.019531 0.0
vt 0.138672 0.342773 0.0
vt 0.329102 0.019531 0.0
vt 0.196289 0.067383 0.0
vt 0.261719 0.371094 0.0
vt 0.138672 0.342773 0.0
vt 0.196289 0.067383 0.0
vt 0.435547 0.274414 0.0
vt 0.261719 0.371094 0.0
vt 0.383789 0.080078 0.0
vt 0.138672 0.342773 0.0
vt 0.435547 0.274414 0.0
vt 0.329102 0.019531 0.0
vt 0.009766 0.472656 0.0
vt -0.002930 0.828125 0.0
vt 0.152344 0.938477 0.0
vt 0.009766 0.472656 0.0
vt 0.152344 0.938477 0.0
vt 0.138672 0.342773 0.0
vt 0.152344 0.938477 0.0
vt 0.455078 0.988281 0.0
vt 0.138672 0.342773 0.0
vt 0.455078 0.988281 0.0
vt 0.870117 0.855469 0.0
vt 0.861328 0.335938 0.0
vt 0.455078 0.988281 0.0
vt 0.861328 0.335938 0.0
vt 0.435547 0.274414 0.0
vt 0.329102 0.019531 0.0
vt 0.435547 0.274414 0.0
vt 0.383789 0.080078 0.0
vt 0.832031 0.627930 0.0
vt 1.004883 0.621094 0.0
vt 0.870117 0.855469 0.0
vt 0.832031 0.627930 0.0
vt 0.870117 0.855469 0.0
vt 0.729492 0.920898 0.0
vt 0.770508 0.360352 0.0
vt 0.832031 0.627930 0.0
vt 0.563477 0.629883 0.0
vt 0.770508 0.360352 0.0
vt 0.563477 0.629883 0.0
vt 0.517578 0.346680 0.0
vt 0.729492 0.920898 0.0
vt 0.528320 0.934570 0.0
vt 0.563477 0.629883 0.0
vt 0.729492 0.920898 0.0
vt 0.563477 0.629883 0.0
vt 0.832031 0.627930 0.0
vt 0.435547 0.274414 0.0
vt 0.770508 0.360352 0.0
vt 0.517578 0.346680 0.0
vt 0.383789 0.080078 0.0
vt 0.261719 0.371094 0.0
vt 0.295898 0.051758 0.0
vt 0.261719 0.911133 0.0
vt -0.002930 0.828125 0.0
vt 0.068359 0.628906 0.0
vt 0.261719 0.371094 0.0
vt 0.196289 0.067383 0.0
vt 0.295898 0.051758 0.0
vt 0.261719 0.371094 0.0
vt 0.009766 0.472656 0.0
vt 0.138672 0.342773 0.0
vt 0.799316 0.289063 0.0
vt 0.677246 0.305664 0.0
vt 0.619629 0.213867 0.0
vt 0.799316 0.289063 0.0
vt 0.619629 0.213867 0.0
vt 0.773438 0.227539 0.0
vt 0.677246 0.305664 0.0
vt 0.500977 0.241211 0.0
vt 0.619629 0.213867 0.0
vt 0.500977 0.241211 0.0
vt 0.413574 0.141602 0.0
vt 0.372559 0.065430 0.0
vt 0.500977 0.241211 0.0
vt 0.372559 0.065430 0.0
vt 0.619629 0.213867 0.0
vt 0.619629 0.213867 0.0
vt 0.372559 0.065430 0.0
vt 0.651367 0.149414 0.0
vt 0.651367 0.149414 0.0
vt 0.773438 0.227539 0.0
vt 0.619629 0.213867 0.0
vt 0.799316 0.289063 0.0
vt 0.773438 0.227539 0.0
vt 0.619629 0.213867 0.0
vt 0.799316 0.289063 0.0
vt 0.619629 0.213867 0.0
vt 0.677246 0.305664 0.0
vt 0.677246 0.305664 0.0
vt 0.619629 0.213867 0.0
vt 0.500977 0.241211 0.0
vt 0.500977 0.241211 0.0
vt 0.619629 0.213867 0.0
vt 0.372559 0.065430 0.0
vt 0.500977 0.241211 0.0
vt 0.372559 0.065430 0.0
vt 0.413574 0.141602 0.0
vt 0.651367 0.149414 0.0
vt 0.619629 0.213867 0.0
vt 0.773438 0.227539 0.0
vt 0.619629 0.213867 0.0
vt 0.651367 0.149414 0.0
vt 0.372559 0.065430 0.0
vt 0.623047 0.856445 0.0
vt 0.697754 0.902344 0.0
vt 0.486816 0.968750 0.0
vt 0.623047 0.856445 0.0
vt 0.320313 0.816406 0.0
vt 0.403809 0.523438 0.0
vt 0.485352 0.497070 0.0
vt 0.482910 0.336914 0.0
vt 0.782715 0.396484 0.0
vt 0.485352 0.497070 0.0
vt 0.782715 0.396484 0.0
vt 0.719727 0.594727 0.0
vt 0.959961 0.470703 0.0
vt 0.719727 0.594727 0.0
vt 0.782715 0.396484 0.0
vt 0.522461 0.140625 0.0
vt 0.360352 0.177734 0.0
vt 0.569336 0.032227 0.0
vt 0.719727 0.594727 0.0
vt 0.623047 0.856445 0.0
vt 0.403809 0.523438 0.0
vt 0.241211 0.815430 0.0
vt 0.320313 0.816406 0.0
vt 0.486816 0.968750 0.0
vt 0.136230 0.200195 0.0
vt 0.208008 0.220703 0.0
vt 0.185547 0.294922 0.0
vt 0.486816 0.968750 0.0
vt 0.320313 0.816406 0.0
vt 0.623047 0.856445 0.0
vt 0.186523 0.377930 0.0
vt 0.185547 0.294922 0.0
vt 0.485352 0.497070 0.0
vt 0.186523 0.377930 0.0
vt 0.485352 0.497070 0.0
vt 0.403809 0.523438 0.0
vt 0.185547 0.294922 0.0
vt 0.208008 0.220703 0.0
vt 0.360352 0.177734 0.0
vt 0.185547 0.294922 0.0
vt 0.482910 0.336914 0.0
vt 0.485352 0.497070 0.0
vt 0.719727 0.594727 0.0
vt 0.403809 0.523438 0.0
vt 0.485352 0.497070 0.0
vt 0.719727 0.594727 0.0
vt 0.959961 0.470703 0.0
vt 0.874512 0.586914 0.0
vt 0.719727 0.594727 0.0
vt 0.874512 0.586914 0.0
vt 0.697754 0.902344 0.0
vt 0.719727 0.594727 0.0
vt 0.697754 0.902344 0.0
vt 0.623047 0.856445 0.0
vt 0.959961 0.470703 0.0
vt 0.782715 0.396484 0.0
vt 0.776367 0.207031 0.0
vt 0.959961 0.470703 0.0
vt 0.776367 0.207031 0.0
vt 0.926270 0.234375 0.0
vt 0.926270 0.234375 0.0
vt 0.776367 0.207031 0.0
vt 0.569336 0.032227 0.0
vt 0.926270 0.234375 0.0
vt 0.569336 0.032227 0.0
vt 0.661133 0.050781 0.0
vt 0.776367 0.207031 0.0
vt 0.782715 0.396484 0.0
vt 0.482910 0.336914 0.0
vt 0.776367 0.207031 0.0
vt 0.482910 0.336914 0.0
vt 0.522461 0.140625 0.0
vt 0.569336 0.032227 0.0
vt 0.776367 0.207031 0.0
vt 0.522461 0.140625 0.0
vt 0.482910 0.336914 0.0
vt 0.360352 0.177734 0.0
vt 0.522461 0.140625 0.0
vt 0.185547 0.294922 0.0
vt 0.360352 0.177734 0.0
vt 0.482910 0.336914 0.0
vt 0.623047 0.856445 0.0
vt 0.486816 0.968750 0.0
vt 0.697754 0.902344 0.0
vt 0.623047 0.856445 0.0
vt 0.403809 0.523438 0.0
vt 0.320313 0.816406 0.0
vt 0.485352 0.497070 0.0
vt 0.719727 0.594727 0.0
vt 0.782715 0.396484 0.0
vt 0.485352 0.497070 0.0
vt 0.782715 0.396484 0.0
vt 0.482910 0.336914 0.0
vt 0.959961 0.470703 0.0
vt 0.782715 0.396484 0.0
vt 0.719727 0.594727 0.0
vt 0.522461 0.140625 0.0
vt 0.569336 0.032227 0.0
vt 0.360352 0.177734 0.0
vt 0.719727 0.594727 0.0
vt 0.403809 0.523438 0.0
vt 0.623047 0.856445 0.0
vt 0.241211 0.815430 0.0
vt 0.486816 0.968750 0.0
vt 0.320313 0.816406 0.0
vt 0.136230 0.200195 0.0
vt 0.185547 0.294922 0.0
vt 0.208008 0.220703 0.0
vt 0.486816 0.968750 0.0
vt 0.623047 0.856445 0.0
vt 0.320313 0.816406 0.0
vt 0.186523 0.377930 0.0
vt 0.403809 0.523438 0.0
vt 0.485352 0.497070 0.0
vt 0.186523 0.377930 0.0
vt 0.485352 0.497070 0.0
vt 0.185547 0.294922 0.0
vt 0.185547 0.294922 0.0
vt 0.485352 0.497070 0.0
vt 0.482910 0.336914 0.0
vt 0.185547 0.294922 0.0
vt 0.360352 0.177734 0.0
vt 0.208008 0.220703 0.0
vt 0.719727 0.594727 0.0
vt 0.485352 0.497070 0.0
vt 0.403809 0.523438 0.0
vt 0.719727 0.594727 0.0
vt 0.874512 0.586914 0.0
vt 0.959961 0.470703 0.0
vt 0.719727 0.594727 0.0
vt 0.623047 0.856445 0.0
vt 0.697754 0.902344 0.0
vt 0.719727 0.594727 0.0
vt 0.697754 0.902344 0.0
vt 0.874512 0.586914 0.0
vt 0.959961 0.470703 0.0
vt 0.926270 0.234375 0.0
vt 0.777344 0.183594 0.0
vt 0.959961 0.470703 0.0
vt 0.777344 0.183594 0.0
vt 0.782715 0.396484 0.0
vt 0.926270 0.234375 0.0
vt 0.661133 0.050781 0.0
vt 0.569336 0.032227 0.0
vt 0.926270 0.234375 0.0
vt 0.569336 0.032227 0.0
vt 0.777344 0.183594 0.0
vt 0.777344 0.183594 0.0
vt 0.522461 0.140625 0.0
vt 0.482910 0.336914 0.0
vt 0.777344 0.183594 0.0
vt 0.482910 0.336914 0.0
vt 0.782715 0.396484 0.0
vt 0.482910 0.336914 0.0
vt 0.522461 0.140625 0.0
vt 0.360352 0.177734 0.0
vt 0.569336 0.032227 0.0
vt 0.522461 0.140625 0.0
vt 0.777344 0.183594 0.0
vt 0.185547 0.294922 0.0
vt 0.482910 0.336914 0.0
vt 0.360352 0.177734 0.0
vt 0.530273 0.468750 0.0
vt 0.579102 0.662109 0.0
vt 0.720215 0.599609 0.0
vt 0.530273 0.468750 0.0
vt 0.720215 0.599609 0.0
vt 0.766602 0.372070 0.0
vt 0.579102 0.662109 0.0
vt 0.508789 0.792969 0.0
vt 0.691895 0.811523 0.0
vt 0.579102 0.662109 0.0
vt 0.691895 0.811523 0.0
vt 0.720215 0.599609 0.0
vt 0.530273 0.468750 0.0
vt 0.766602 0.372070 0.0
vt 0.720215 0.599609 0.0
vt 0.530273 0.468750 0.0
vt 0.720215 0.599609 0.0
vt 0.579102 0.662109 0.0
vt 0.579102 0.662109 0.0
vt 0.720215 0.599609 0.0
vt 0.691895 0.811523 0.0
vt 0.579102 0.662109 0.0
vt 0.691895 0.811523 0.0
vt 0.508789 0.792969 0.0
vt 0.508301 0.365234 0.0
vt 0.718750 0.591797 0.0
vt 0.457520 0.609375 0.0
vt 0.508301 0.365234 0.0
vt 0.773926 0.312500 0.0
vt 0.820313 0.478516 0.0
vt 0.718750 0.591797 0.0
vt 0.508301 0.365234 0.0
vt 0.820313 0.478516 0.0
vt 0.508301 0.365234 0.0
vt 0.457520 0.609375 0.0
vt 0.332520 0.438477 0.0
vt 0.773926 0.312500 0.0
vt 0.508301 0.365234 0.0
vt 0.499512 0.283203 0.0
vt 0.514160 0.695313 0.0
vt 0.320801 0.885742 0.0
vt 0.519043 0.928711 0.0
vt 0.514160 0.695313 0.0
vt 0.609863 0.835938 0.0
vt 0.642090 0.662109 0.0
vt 0.519043 0.928711 0.0
vt 0.609863 0.835938 0.0
vt 0.514160 0.695313 0.0
vt 0.514160 0.695313 0.0
vt 0.296875 0.688477 0.0
vt 0.320801 0.885742 0.0
vt 0.642090 0.662109 0.0
vt 0.452148 0.569336 0.0
vt 0.514160 0.695313 0.0
vt 0.296875 0.688477 0.0
vt 0.268555 0.683594 0.0
vt 0.292480 0.879883 0.0
vt 0.296875 0.688477 0.0
vt 0.292480 0.879883 0.0
vt 0.320801 0.885742 0.0
vt 0.519043 0.928711 0.0
vt 0.320801 0.885742 0.0
vt 0.292480 0.879883 0.0
vt 0.519043 0.928711 0.0
vt 0.490723 0.923828 0.0
vt 0.609863 0.835938 0.0
vt 0.519043 0.928711 0.0
vt 0.292480 0.879883 0.0
vt 0.490723 0.923828 0.0
vt 0.457520 0.609375 0.0
vt 0.718750 0.591797 0.0
vt 0.508301 0.365234 0.0
vt 0.820313 0.478516 0.0
vt 0.773926 0.312500 0.0
vt 0.508301 0.365234 0.0
vt 0.820313 0.478516 0.0
vt 0.508301 0.365234 0.0
vt 0.718750 0.591797 0.0
vt 0.332520 0.438477 0.0
vt 0.457520 0.609375 0.0
vt 0.508301 0.365234 0.0
vt 0.499512 0.283203 0.0
vt 0.508301 0.365234 0.0
vt 0.773926 0.312500 0.0
vt 0.519043 0.928711 0.0
vt 0.320801 0.885742 0.0
vt 0.514160 0.695313 0.0
vt 0.642090 0.662109 0.0
vt 0.609863 0.835938 0.0
vt 0.514160 0.695313 0.0
vt 0.514160 0.695313 0.0
vt 0.609863 0.835938 0.0
vt 0.519043 0.928711 0.0
vt 0.320801 0.885742 0.0
vt 0.296875 0.688477 0.0
vt 0.514160 0.695313 0.0
vt 0.514160 0.695313 0.0
vt 0.452148 0.569336 0.0
vt 0.642090 0.662109 0.0
vt 0.320801 0.885742 0.0
vt 0.292480 0.879883 0.0
vt 0.268555 0.683594 0.0
vt 0.320801 0.885742 0.0
vt 0.268555 0.683594 0.0
vt 0.296875 0.688477 0.0
vt 0.490723 0.923828 0.0
vt 0.292480 0.879883 0.0
vt 0.320801 0.885742 0.0
vt 0.609863 0.835938 0.0
vt 0.490723 0.923828 0.0
vt 0.519043 0.928711 0.0
vt 0.490723 0.923828 0.0
vt 0.320801 0.885742 0.0
vt 0.519043 0.928711 0.0
vt 1.000000 0.343582 0.0
vt 0.365305 0.000000 0.0
vt 0.589579 1.000000 0.0
vt 0.000000 0.159694 0.0
vt 0.048469 0.995071 0.0
vt 0.589579 1.000000 0.0
vt 0.589579 1.000000 0.0
vt 0.365305 0.000000 0.0
vt 0.000000 0.159694 0.0
vt 1.000000 0.343582 0.0
vt 0.585006 1.000000 0.0
vt 0.382509 0.000000 0.0
vt 0.058832 0.159694 0.0
vt 0.382509 0.000000 0.0
vt 0.585006 1.000000 0.0
vt 0.058832 0.159694 0.0
vt 0.585006 1.000000 0.0
vt 0.000000 0.995071 0.0
vt 0.512029 0.350812 0.0
vt 0.354904 0.641562 0.0
vt 0.505430 0.815757 0.0
vt 0.505430 0.815757 0.0
vt 0.354904 0.641562 0.0
vt 0.517838 1.000000 0.0
vt 0.517838 1.000000 0.0
vt 0.237473 0.649184 0.0
vt 0.156469 0.715605 0.0
vt 0.512029 0.350812 0.0
vt 0.414050 0.290633 0.0
vt 0.354904 0.641562 0.0
vt 0.512029 0.350812 0.0
vt 0.839303 0.058909 0.0
vt 1.247585 0.000000 0.0
vt 0.512029 0.350812 0.0
vt 0.247585 0.000000 0.0
vt 0.414050 0.290633 0.0
vt 0.354904 0.641562 0.0
vt 0.414050 0.290633 0.0
vt 0.253012 0.294444 0.0
vt 0.354904 0.641562 0.0
vt 0.253012 0.294444 0.0
vt 0.237473 0.649184 0.0
vt 0.414050 0.290633 0.0
vt 0.247585 0.000000 0.0
vt 0.199794 0.062724 0.0
vt 0.414050 0.290633 0.0
vt 0.199794 0.062724 0.0
vt 0.253012 0.294444 0.0
vt 0.156469 0.715605 0.0
vt 0.237473 0.649184 0.0
vt 0.183313 0.421161 0.0
vt 0.237473 0.649184 0.0
vt 0.253012 0.294444 0.0
vt 0.183313 0.421161 0.0
vt 0.253012 0.294444 0.0
vt 0.199794 0.062724 0.0
vt 0.183313 0.421161 0.0
vt 0.237473 0.649184 0.0
vt 0.517838 1.000000 0.0
vt 0.354904 0.641562 0.0
vt 0.512029 0.350812 0.0
vt 0.505430 0.815757 0.0
vt 0.653245 0.641562 0.0
vt 0.505430 0.815757 0.0
vt 0.517838 1.000000 0.0
vt 0.653245 0.641562 0.0
vt 0.517838 1.000000 0.0
vt 0.840468 0.715605 0.0
vt 0.767667 0.649184 0.0
vt 0.512029 0.350812 0.0
vt 0.653245 0.641562 0.0
vt 0.600422 0.290633 0.0
vt 0.512029 0.350812 0.0
vt 0.600422 0.290633 0.0
vt 0.757573 0.000000 0.0
vt 0.512029 0.350812 0.0
vt 0.757573 0.000000 0.0
vt 0.839303 0.058909 0.0
vt 0.653245 0.641562 0.0
vt 0.767667 0.649184 0.0
vt 0.752533 0.294444 0.0
vt 0.653245 0.641562 0.0
vt 0.752533 0.294444 0.0
vt 0.600422 0.290633 0.0
vt 0.600422 0.290633 0.0
vt 0.752533 0.294444 0.0
vt 0.804478 0.062724 0.0
vt 0.600422 0.290633 0.0
vt 0.804478 0.062724 0.0
vt 0.757573 0.000000 0.0
vt 0.840468 0.715605 0.0
vt 0.821257 0.421161 0.0
vt 0.767667 0.649184 0.0
vt 0.767667 0.649184 0.0
vt 0.821257 0.421161 0.0
vt 0.752533 0.294444 0.0
vt 0.752533 0.294444 0.0
vt 0.821257 0.421161 0.0
vt 0.804478 0.062724 0.0
vt 0.767667 0.649184 0.0
vt 0.653245 0.641562 0.0
vt 0.517838 1.000000 0.0
vt 0.195313 0.066406 0.0
vt 0.742188 0.054688 0.0
vt 0.425781 1.054688 0.0
vt -0.029297 0.921875 0.0
vt 0.195313 0.066406 0.0
vt 0.425781 1.054688 0.0
vt 0.742188 0.054688 0.0
vt 0.974609 0.902344 0.0
vt 0.425781 1.054688 0.0
vt 0.503906 0.061523 0.0
vt 0.832031 0.047363 0.0
vt 0.762695 0.546875 0.0
vt 0.503906 0.061523 0.0
vt 0.762695 0.546875 0.0
vt 0.500977 0.457520 0.0
vt 0.762695 0.546875 0.0
vt 0.832031 0.047363 0.0
vt 0.955078 0.041992 0.0
vt 0.762695 0.546875 0.0
vt 0.691406 0.797363 0.0
vt 0.499023 0.912598 0.0
vt 0.762695 0.546875 0.0
vt 0.499023 0.912598 0.0
vt 0.500977 0.457520 0.0
vt 0.499023 0.912598 0.0
vt 0.691406 0.797363 0.0
vt 0.714844 0.926758 0.0
vt 0.499023 0.912598 0.0
vt 0.714844 0.926758 0.0
vt 0.600586 0.983887 0.0
vt 0.762695 0.546875 0.0
vt 0.955078 0.041992 0.0
vt 0.763672 0.529297 0.0
vt 0.503906 0.061523 0.0
vt 0.500977 0.457520 0.0
vt 0.239258 0.552246 0.0
vt 0.503906 0.061523 0.0
vt 0.239258 0.552246 0.0
vt 0.175781 0.054199 0.0
vt 0.239258 0.552246 0.0
vt 0.051758 0.051270 0.0
vt 0.175781 0.054199 0.0
vt 0.239258 0.552246 0.0
vt 0.500977 0.457520 0.0
vt 0.499023 0.912598 0.0
vt 0.239258 0.552246 0.0
vt 0.499023 0.912598 0.0
vt 0.306641 0.801270 0.0
vt 0.499023 0.912598 0.0
vt 0.395508 0.985840 0.0
vt 0.282227 0.931152 0.0
vt 0.499023 0.912598 0.0
vt 0.282227 0.931152 0.0
vt 0.306641 0.801270 0.0
vt 0.239258 0.552246 0.0
vt 0.238281 0.534668 0.0
vt 0.051758 0.051270 0.0
vt 0.477539 0.701660 0.0
vt 0.476563 0.807129 0.0
vt 0.577148 0.824219 0.0
vt 0.477539 0.701660 0.0
vt 0.577148 0.824219 0.0
vt 0.677734 0.677734 0.0
vt 0.677734 0.677734 0.0
vt 0.694336 0.191406 0.0
vt 0.482422 0.271484 0.0
vt 0.677734 0.677734 0.0
vt 0.482422 0.271484 0.0
vt 0.477539 0.701660 0.0
vt 0.688477 0.779297 0.0
vt 0.677734 0.677734 0.0
vt 0.577148 0.824219 0.0
vt 0.677734 0.677734 0.0
vt 0.737305 0.461426 0.0
vt 0.927734 0.072266 0.0
vt 0.677734 0.677734 0.0
vt 0.927734 0.072266 0.0
vt 0.694336 0.191406 0.0
vt 0.477539 0.701660 0.0
vt 0.277344 0.678223 0.0
vt 0.375977 0.824219 0.0
vt 0.477539 0.701660 0.0
vt 0.375977 0.824219 0.0
vt 0.476563 0.807129 0.0
vt 0.277344 0.678223 0.0
vt 0.477539 0.701660 0.0
vt 0.482422 0.271484 0.0
vt 0.277344 0.678223 0.0
vt 0.482422 0.271484 0.0
vt 0.272461 0.191895 0.0
vt 0.264648 0.779785 0.0
vt 0.375977 0.824219 0.0
vt 0.277344 0.678223 0.0
vt 0.277344 0.678223 0.0
vt 0.272461 0.191895 0.0
vt 0.041992 0.072754 0.0
vt 0.277344 0.678223 0.0
vt 0.041992 0.072754 0.0
vt 0.222656 0.461426 0.0
vt 0.835938 0.311523 0.0
vt 0.853516 0.730469 0.0
vt 0.813477 0.624023 0.0
vt 0.835938 0.311523 0.0
vt 0.813477 0.624023 0.0
vt 0.595703 0.230469 0.0
vt 0.504883 0.102539 0.0
vt 0.835938 0.311523 0.0
vt 0.595703 0.230469 0.0
vt 0.595703 0.230469 0.0
vt 0.539063 0.548828 0.0
vt 0.256836 0.461914 0.0
vt 0.194336 0.314453 0.0
vt 0.504883 0.102539 0.0
vt 0.595703 0.230469 0.0
vt 0.194336 0.314453 0.0
vt 0.595703 0.230469 0.0
vt 0.256836 0.461914 0.0
vt 0.213867 0.736328 0.0
vt 0.194336 0.314453 0.0
vt 0.256836 0.461914 0.0
vt 0.213867 0.736328 0.0
vt 0.256836 0.461914 0.0
vt 0.474609 0.855469 0.0
vt 0.541992 0.942383 0.0
vt 0.213867 0.736328 0.0
vt 0.474609 0.855469 0.0
vt 0.539063 0.548828 0.0
vt 0.595703 0.230469 0.0
vt 0.813477 0.624023 0.0
vt 0.539063 0.548828 0.0
vt 0.474609 0.855469 0.0
vt 0.256836 0.461914 0.0
vt 0.539063 0.548828 0.0
vt 0.813477 0.624023 0.0
vt 0.474609 0.855469 0.0
vt 0.835938 0.311523 0.0
vt 0.504883 0.102539 0.0
vt 0.875000 0.249023 0.0
vt 0.486328 0.000977 0.0
vt 0.875000 0.249023 0.0
vt 0.504883 0.102539 0.0
vt 0.504883 0.102539 0.0
vt 0.194336 0.314453 0.0
vt 0.486328 0.000977 0.0
vt 0.121094 0.250977 0.0
vt 0.486328 0.000977 0.0
vt 0.194336 0.314453 0.0
vt 0.145508 0.747070 0.0
vt 0.121094 0.250977 0.0
vt 0.194336 0.314453 0.0
vt 0.145508 0.747070 0.0
vt 0.194336 0.314453 0.0
vt 0.213867 0.736328 0.0
vt 0.213867 0.736328 0.0
vt 0.541992 0.942383 0.0
vt 0.145508 0.747070 0.0
vt 0.531250 0.989258 0.0
vt 0.145508 0.747070 0.0
vt 0.541992 0.942383 0.0
vt 0.895508 0.740234 0.0
vt 0.531250 0.989258 0.0
vt 0.541992 0.942383 0.0
vt 0.895508 0.740234 0.0
vt 0.541992 0.942383 0.0
vt 0.853516 0.730469 0.0
vt 0.875000 0.249023 0.0
vt 0.895508 0.740234 0.0
vt 0.853516 0.730469 0.0
vt 0.875000 0.249023 0.0
vt 0.853516 0.730469 0.0
vt 0.835938 0.311523 0.0
vt 0.541992 0.942383 0.0
vt 0.813477 0.624023 0.0
vt 0.853516 0.730469 0.0
vt 0.813477 0.624023 0.0
vt 0.541992 0.942383 0.0
vt 0.474609 0.855469 0.0
vt 0.486328 0.000977 0.0
vt 0.121094 0.250977 0.0
vt 0.083984 0.225586 0.0
vt 0.486328 0.000977 0.0
vt 0.083984 0.225586 0.0
vt 0.482422 -0.046875 0.0
vt 0.121094 0.250977 0.0
vt 0.145508 0.747070 0.0
vt 0.110352 0.768555 0.0
vt 0.121094 0.250977 0.0
vt 0.110352 0.768555 0.0
vt 0.083984 0.225586 0.0
vt 0.145508 0.747070 0.0
vt 0.531250 0.989258 0.0
vt 0.531250 1.032227 0.0
vt 0.145508 0.747070 0.0
vt 0.531250 1.032227 0.0
vt 0.110352 0.768555 0.0
vt 0.531250 0.989258 0.0
vt 0.895508 0.740234 0.0
vt 0.929688 0.759766 0.0
vt 0.531250 0.989258 0.0
vt 0.929688 0.759766 0.0
vt 0.531250 1.032227 0.0
vt 0.895508 0.740234 0.0
vt 0.875000 0.249023 0.0
vt 0.907227 0.223633 0.0
vt 0.895508 0.740234 0.0
vt 0.907227 0.223633 0.0
vt 0.929688 0.759766 0.0
vt 0.875000 0.249023 0.0
vt 0.482422 -0.046875 0.0
vt 0.907227 0.223633 0.0
vt 0.875000 0.249023 0.0
vt 0.486328 0.000977 0.0
vt 0.482422 -0.046875 0.0
vt 0.194336 0.953125 0.0
vt 0.416016 0.897461 0.0
vt 0.362305 1.346680 0.0
vt 0.416016 0.897461 0.0
vt 0.194336 0.953125 0.0
vt 0.081055 0.493164 0.0
vt 0.471680 0.424805 0.0
vt 0.416016 0.897461 0.0
vt 0.081055 0.493164 0.0
vt 0.471680 0.424805 0.0
vt 0.081055 0.493164 0.0
vt 0.033203 0.008789 0.0
vt 0.496094 -0.013672 0.0
vt 0.471680 0.424805 0.0
vt 0.033203 0.008789 0.0
vt 0.839844 0.887695 0.0
vt 0.700195 1.278320 0.0
vt 0.629883 0.833984 0.0
vt 0.629883 0.833984 0.0
vt 0.936523 0.465820 0.0
vt 0.839844 0.887695 0.0
vt 0.569336 0.396484 0.0
vt 0.936523 0.465820 0.0
vt 0.629883 0.833984 0.0
vt 0.569336 0.396484 0.0
vt 0.973633 0.015625 0.0
vt 0.936523 0.465820 0.0
vt 0.539063 -0.016602 0.0
vt 0.973633 0.015625 0.0
vt 0.569336 0.396484 0.0
vt 0.681641 0.362793 0.0
vt 0.769531 0.610840 0.0
vt 0.575195 0.565430 0.0
vt 0.769531 0.610840 0.0
vt 0.831055 0.384766 0.0
vt 0.861328 0.607910 0.0
vt 0.769531 0.610840 0.0
vt 0.681641 0.362793 0.0
vt 0.831055 0.384766 0.0
vt 0.736328 0.421387 0.0
vt 0.575195 0.565430 0.0
vt 0.587891 0.566406 0.0
vt 0.736328 0.421387 0.0
vt 0.681641 0.362793 0.0
vt 0.575195 0.565430 0.0
vt 0.831055 0.384766 0.0
vt 0.766602 0.618164 0.0
vt 0.861328 0.607910 0.0
vt 0.831055 0.384766 0.0
vt 0.736328 0.421387 0.0
vt 0.766602 0.618164 0.0
vt 0.736328 0.421387 0.0
vt 0.587891 0.566406 0.0
vt 0.766602 0.618164 0.0
vt 0.867188 0.126465 0.0
vt 0.681641 0.362793 0.0
vt 0.665039 0.169434 0.0
vt 0.867188 0.126465 0.0
vt 0.831055 0.384766 0.0
vt 0.681641 0.362793 0.0
vt 0.736328 0.421387 0.0
vt 0.867188 0.126465 0.0
vt 0.682617 0.163574 0.0
vt 0.736328 0.421387 0.0
vt 0.831055 0.384766 0.0
vt 0.867188 0.126465 0.0
vt 0.681641 0.362793 0.0
vt 0.736328 0.421387 0.0
vt 0.682617 0.163574 0.0
vt 0.681641 0.362793 0.0
vt 0.682617 0.163574 0.0
vt 0.665039 0.169434 0.0
vt 0.861328 0.335938 0.0
vt 0.435547 0.274414 0.0
vt 0.770508 0.360352 0.0
vt 0.152344 0.938477 0.0
vt 0.261719 0.911133 0.0
vt -0.002930 0.828125 0.0
vt 0.261719 0.911133 0.0
vt 0.455078 0.988281 0.0
vt 0.528320 0.934570 0.0
vt 0.152344 0.938477 0.0
vt 0.455078 0.988281 0.0
vt 0.261719 0.911133 0.0
vt 0.455078 0.988281 0.0
vt 0.729492 0.920898 0.0
vt 0.528320 0.934570 0.0
vt 1.004883 0.621094 0.0
vt 0.870117 0.855469 0.0
vt 0.861328 0.335938 0.0
vt 1.004883 0.621094 0.0
vt 0.770508 0.360352 0.0
vt 0.832031 0.627930 0.0
vt 1.004883 0.621094 0.0
vt 0.861328 0.335938 0.0
vt 0.770508 0.360352 0.0
vt 0.528320 0.934570 0.0
vt 0.213867 0.628906 0.0
vt 0.261719 0.911133 0.0
vt 0.528320 0.934570 0.0
vt 0.563477 0.629883 0.0
vt 0.213867 0.628906 0.0
vt 0.517578 0.346680 0.0
vt 0.213867 0.628906 0.0
vt 0.563477 0.629883 0.0
vt 0.517578 0.346680 0.0
vt 0.261719 0.371094 0.0
vt 0.213867 0.628906 0.0
vt 0.213867 0.628906 0.0
vt 0.068359 0.628906 0.0
vt 0.261719 0.911133 0.0
vt 0.261719 0.371094 0.0
vt 0.068359 0.628906 0.0
vt 0.213867 0.628906 0.0
vt 0.455078 0.988281 0.0
vt 0.870117 0.855469 0.0
vt 0.729492 0.920898 0.0
vt 0.138672 0.342773 0.0
vt 0.435547 0.274414 0.0
vt 0.455078 0.988281 0.0
vt 0.261719 0.371094 0.0
vt 0.009766 0.472656 0.0
vt 0.068359 0.628906 0.0
vt 0.435547 0.274414 0.0
vt 0.261719 0.371094 0.0
vt 0.517578 0.346680 0.0
vt 0.196289 0.067383 0.0
vt 0.295898 0.051758 0.0
vt 0.329102 0.019531 0.0
vt 0.383789 0.080078 0.0
vt 0.329102 0.019531 0.0
vt 0.295898 0.051758 0.0
vt 0.138672 0.342773 0.0
vt 0.196289 0.067383 0.0
vt 0.329102 0.019531 0.0
vt 0.261719 0.371094 0.0
vt 0.196289 0.067383 0.0
vt 0.138672 0.342773 0.0
vt 0.435547 0.274414 0.0
vt 0.383789 0.080078 0.0
vt 0.261719 0.371094 0.0
vt 0.138672 0.342773 0.0
vt 0.329102 0.019531 0.0
vt 0.435547 0.274414 0.0
vt 0.009766 0.472656 0.0
vt 0.152344 0.938477 0.0
vt -0.002930 0.828125 0.0
vt 0.009766 0.472656 0.0
vt 0.138672 0.342773 0.0
vt 0.152344 0.938477 0.0
vt 0.152344 0.938477 0.0
vt 0.138672 0.342773 0.0
vt 0.455078 0.988281 0.0
vt 0.455078 0.988281 0.0
vt 0.861328 0.335938 0.0
vt 0.870117 0.855469 0.0
vt 0.455078 0.988281 0.0
vt 0.435547 0.274414 0.0
vt 0.861328 0.335938 0.0
vt 0.329102 0.019531 0.0
vt 0.383789 0.080078 0.0
vt 0.435547 0.274414 0.0
vt 0.832031 0.627930 0.0
vt 0.870117 0.855469 0.0
vt 1.004883 0.621094 0.0
vt 0.832031 0.627930 0.0
vt 0.729492 0.920898 0.0
vt 0.870117 0.855469 0.0
vt 0.770508 0.360352 0.0
vt 0.563477 0.629883 0.0
vt 0.832031 0.627930 0.0
vt 0.770508 0.360352 0.0
vt 0.517578 0.346680 0.0
vt 0.563477 0.629883 0.0
vt 0.729492 0.920898 0.0
vt 0.563477 0.629883 0.0
vt 0.528320 0.934570 0.0
vt 0.729492 0.920898 0.0
vt 0.832031 0.627930 0.0
vt 0.563477 0.629883 0.0
vt 0.435547 0.274414 0.0
vt 0.517578 0.346680 0.0
vt 0.770508 0.360352 0.0
vt 0.383789 0.080078 0.0
vt 0.295898 0.051758 0.0
vt 0.261719 0.371094 0.0
vt 0.261719 0.911133 0.0
vt 0.068359 0.628906 0.0
vt -0.002930 0.828125 0.0
vt 0.261719 0.371094 0.0
vt 0.295898 0.051758 0.0
vt 0.196289 0.067383 0.0
vt 0.261719 0.371094 0.0
vt 0.138672 0.342773 0.0
vt 0.009766 0.472656 0.0

# normals:
vn -0.607481 0.127481 -0.784038
vn 0.530431 -0.694039 -0.486777
vn 0.636731 0.134319 -0.759297
vn -0.607481 0.127481 -0.784038
vn -0.509629 -0.696463 -0.505190
vn 0.530431 -0.694039 -0.486777
vn -0.607481 0.127481 -0.784038
vn 0.636731 0.134319 -0.759297
vn 0.011974 -0.724845 -0.688808
vn 0.357701 -0.913275 -0.194880
vn 0.530431 -0.694039 -0.486777
vn -0.509629 -0.696463 -0.505190
vn 0.357701 -0.913275 -0.194880
vn -0.509629 -0.696463 -0.505190
vn -0.350694 -0.913294 -0.207139
vn 0.357701 -0.913275 -0.194880
vn -0.350694 -0.913294 -0.207139
vn -0.450773 -0.835664 -0.313799
vn 0.357701 -0.913275 -0.194880
vn -0.450773 -0.835664 -0.313799
vn 0.461428 -0.835660 -0.297920
vn 0.461428 -0.835660 -0.297920
vn 0.076164 -0.602568 -0.794425
vn -0.047813 -0.602432 -0.796737
vn 0.461428 -0.835660 -0.297920
vn -0.450773 -0.835664 -0.313799
vn 0.076164 -0.602568 -0.794425
vn 0.076164 -0.602568 -0.794425
vn 0.025896 -0.249744 -0.967965
vn -0.047813 -0.602432 -0.796737
vn -0.940001 -0.138588 0.311755
vn -0.778303 -0.074557 -0.623447
vn -0.049598 0.932741 0.357119
vn -0.003129 -0.902651 0.430361
vn -0.778303 -0.074557 -0.623447
vn -0.940001 -0.138588 0.311755
vn -0.778303 -0.074557 -0.623447
vn -0.003129 -0.902651 0.430361
vn -0.129120 -0.918695 0.373265
vn -0.003129 -0.902651 0.430361
vn 0.807803 -0.198407 -0.555057
vn -0.129120 -0.918695 0.373265
vn -0.049598 0.932741 0.357119
vn -0.046038 0.571101 -0.819588
vn 0.807803 -0.198407 -0.555057
vn -0.049598 0.932741 0.357119
vn 0.807803 -0.198407 -0.555057
vn 0.936505 -0.152557 0.315729
vn -0.778303 -0.074557 -0.623447
vn -0.928445 -0.361406 -0.085887
vn -0.109395 0.114236 -0.987412
vn -0.778303 -0.074557 -0.623447
vn -0.109395 0.114236 -0.987412
vn -0.046038 0.571101 -0.819588
vn -0.046038 0.571101 -0.819588
vn -0.109395 0.114236 -0.987412
vn 0.807803 -0.198407 -0.555057
vn 0.807803 -0.198407 -0.555057
vn -0.109395 0.114236 -0.987412
vn 0.859679 -0.148732 -0.488703
vn 0.807803 -0.198407 -0.555057
vn 0.859679 -0.148732 -0.488703
vn 0.509147 -0.547511 0.664079
vn 0.807803 -0.198407 -0.555057
vn 0.509147 -0.547511 0.664079
vn -0.129120 -0.918695 0.373265
vn -0.129120 -0.918695 0.373265
vn 0.509147 -0.547511 0.664079
vn -0.474143 -0.625850 0.619274
vn -0.129120 -0.918695 0.373265
vn -0.474143 -0.625850 0.619274
vn -0.928445 -0.361406 -0.085887
vn -0.129120 -0.918695 0.373265
vn -0.928445 -0.361406 -0.085887
vn -0.778303 -0.074557 -0.623447
vn 0.194352 0.517135 -0.833546
vn 0.018597 -0.002918 -0.999823
vn -0.795191 0.473517 -0.378751
vn -0.917036 0.058174 -0.394538
vn -0.795191 0.473517 -0.378751
vn 0.018597 -0.002918 -0.999823
vn 0.018597 -0.002918 -0.999823
vn 0.194352 0.517135 -0.833546
vn 0.945314 -0.013166 -0.325897
vn 0.945314 -0.013166 -0.325897
vn 0.194352 0.517135 -0.833546
vn 0.842100 0.538713 -0.025620
vn 0.373984 0.183718 0.909056
vn 0.647427 0.115895 0.753264
vn 0.842100 0.538713 -0.025620
vn 0.945314 -0.013166 -0.325897
vn 0.842100 0.538713 -0.025620
vn 0.647427 0.115895 0.753264
vn -0.795191 0.473517 -0.378751
vn -0.917036 0.058174 -0.394538
vn -0.627355 0.187868 0.755733
vn -0.623306 -0.070898 0.778757
vn -0.627355 0.187868 0.755733
vn -0.917036 0.058174 -0.394538
vn 0.647427 0.115895 0.753264
vn 0.373984 0.183718 0.909056
vn -0.623306 -0.070898 0.778757
vn -0.623306 -0.070898 0.778757
vn 0.373984 0.183718 0.909056
vn -0.627355 0.187868 0.755733
vn 0.509147 -0.547511 0.664079
vn 0.647427 0.115895 0.753264
vn -0.623306 -0.070898 0.778757
vn -0.928445 -0.361406 -0.085887
vn -0.623306 -0.070898 0.778757
vn -0.917036 0.058174 -0.394538
vn 0.859679 -0.148732 -0.488703
vn 0.945314 -0.013166 -0.325897
vn 0.509147 -0.547511 0.664079
vn -0.928445 -0.361406 -0.085887
vn -0.917036 0.058174 -0.394538
vn -0.109395 0.114236 -0.987412
vn -0.109395 0.114236 -0.987412
vn -0.917036 0.058174 -0.394538
vn 0.018597 -0.002918 -0.999823
vn 0.509147 -0.547511 0.664079
vn 0.945314 -0.013166 -0.325897
vn 0.647427 0.115895 0.753264
vn 0.509147 -0.547511 0.664079
vn -0.623306 -0.070898 0.778757
vn -0.474143 -0.625850 0.619274
vn -0.474143 -0.625850 0.619274
vn -0.623306 -0.070898 0.778757
vn -0.928445 -0.361406 -0.085887
vn 0.945314 -0.013166 -0.325897
vn 0.859679 -0.148732 -0.488703
vn 0.018597 -0.002918 -0.999823
vn -0.109395 0.114236 -0.987412
vn 0.018597 -0.002918 -0.999823
vn 0.859679 -0.148732 -0.488703
vn 0.194352 0.517135 -0.833546
vn 0.011878 0.998852 -0.046405
vn 0.842100 0.538713 -0.025620
vn 0.373984 0.183718 0.909056
vn 0.842100 0.538713 -0.025620
vn 0.749764 0.272365 0.603051
vn -0.627355 0.187868 0.755733
vn -0.019359 -0.550352 0.834708
vn -0.797315 0.283469 0.532855
vn 0.373984 0.183718 0.909056
vn -0.019359 -0.550352 0.834708
vn -0.627355 0.187868 0.755733
vn -0.627355 0.187868 0.755733
vn -0.797315 0.283469 0.532855
vn -0.795191 0.473517 -0.378751
vn -0.795191 0.473517 -0.378751
vn 0.011878 0.998852 -0.046405
vn 0.194352 0.517135 -0.833546
vn 0.011878 0.998852 -0.046405
vn -0.795191 0.473517 -0.378751
vn -0.797315 0.283469 0.532855
vn -0.019359 -0.550352 0.834708
vn -0.023565 -0.040834 0.998888
vn -0.797315 0.283469 0.532855
vn 0.749764 0.272365 0.603051
vn 0.011878 0.998852 -0.046405
vn -0.023565 -0.040834 0.998888
vn -0.023565 -0.040834 0.998888
vn -0.019359 -0.550352 0.834708
vn 0.749764 0.272365 0.603051
vn -0.797315 0.283469 0.532855
vn -0.023565 -0.040834 0.998888
vn 0.011878 0.998852 -0.046405
vn 0.373984 0.183718 0.909056
vn 0.749764 0.272365 0.603051
vn -0.019359 -0.550352 0.834708
vn 0.842100 0.538713 -0.025620
vn 0.011878 0.998852 -0.046405
vn 0.749764 0.272365 0.603051
vn -0.049598 0.932741 0.357119
vn -0.778303 -0.074557 -0.623447
vn -0.046038 0.571101 -0.819588
vn 0.807803 -0.198407 -0.555057
vn -0.003129 -0.902651 0.430361
vn 0.936505 -0.152557 0.315729
vn -0.105670 0.959723 -0.260318
vn 0.791093 0.607049 -0.075249
vn 0.012435 0.985056 0.171786
vn 0.791093 0.607049 -0.075249
vn 0.014254 0.927494 -0.373566
vn 0.012435 0.985056 0.171786
vn -0.728803 0.683972 -0.032068
vn 0.012435 0.985056 0.171786
vn 0.014254 0.927494 -0.373566
vn -0.728803 0.683972 -0.032068
vn -0.105670 0.959723 -0.260318
vn 0.012435 0.985056 0.171786
vn 0.645529 -0.058820 -0.761468
vn -0.014859 -0.625951 -0.779721
vn -0.007891 0.547315 -0.836889
vn 0.645529 -0.058820 -0.761468
vn -0.007891 0.547315 -0.836889
vn 0.791093 0.607049 -0.075249
vn -0.007891 0.547315 -0.836889
vn 0.014254 0.927494 -0.373566
vn 0.791093 0.607049 -0.075249
vn 0.014254 0.927494 -0.373566
vn -0.007891 0.547315 -0.836889
vn -0.728803 0.683972 -0.032068
vn -0.007891 0.547315 -0.836889
vn -0.014859 -0.625951 -0.779721
vn -0.644398 0.016203 -0.764519
vn -0.007891 0.547315 -0.836889
vn -0.644398 0.016203 -0.764519
vn -0.728803 0.683972 -0.032068
vn 0.791093 0.607049 -0.075249
vn 0.551809 -0.832611 -0.047604
vn 0.645529 -0.058820 -0.761468
vn -0.728803 0.683972 -0.032068
vn -0.644398 0.016203 -0.764519
vn -0.776766 -0.625625 -0.072302
vn 0.791093 0.607049 -0.075249
vn 0.844242 -0.512399 0.157169
vn 0.551809 -0.832611 -0.047604
vn -0.776766 -0.625625 -0.072302
vn -0.754575 -0.602068 0.261019
vn -0.728803 0.683972 -0.032068
vn 0.961160 0.249971 0.116986
vn 0.126126 0.400929 0.907386
vn 0.816977 -0.049779 0.574518
vn 0.844242 -0.512399 0.157169
vn 0.791093 0.607049 -0.075249
vn 0.961160 0.249971 0.116986
vn -0.105670 0.959723 -0.260318
vn -0.728803 0.683972 -0.032068
vn -0.898360 0.316058 0.305051
vn 0.816977 -0.049779 0.574518
vn 0.844242 -0.512399 0.157169
vn 0.961160 0.249971 0.116986
vn -0.898360 0.316058 0.305051
vn -0.579277 0.082264 0.810969
vn 0.126126 0.400929 0.907386
vn -0.898360 0.316058 0.305051
vn -0.754575 -0.602068 0.261019
vn -0.579277 0.082264 0.810969
vn -0.728803 0.683972 -0.032068
vn -0.754575 -0.602068 0.261019
vn -0.898360 0.316058 0.305051
vn 0.816977 -0.049779 0.574518
vn 0.126126 0.400929 0.907386
vn -0.579277 0.082264 0.810969
vn 0.791093 0.607049 -0.075249
vn -0.105670 0.959723 -0.260318
vn 0.961160 0.249971 0.116986
vn -0.579277 0.082264 0.810969
vn -0.754575 -0.602068 0.261019
vn 0.844242 -0.512399 0.157169
vn 0.844242 -0.512399 0.157169
vn 0.816977 -0.049779 0.574518
vn -0.579277 0.082264 0.810969
vn 0.551809 -0.832611 -0.047604
vn 0.844242 -0.512399 0.157169
vn -0.754575 -0.602068 0.261019
vn -0.754575 -0.602068 0.261019
vn -0.776766 -0.625625 -0.072302
vn 0.551809 -0.832611 -0.047604
vn -0.644398 0.016203 -0.764519
vn 0.551809 -0.832611 -0.047604
vn -0.776766 -0.625625 -0.072302
vn -0.644398 0.016203 -0.764519
vn -0.014859 -0.625951 -0.779721
vn 0.551809 -0.832611 -0.047604
vn -0.014859 -0.625951 -0.779721
vn 0.645529 -0.058820 -0.761468
vn 0.551809 -0.832611 -0.047604
vn -0.036708 0.998457 0.041656
vn -0.790708 0.584387 -0.182407
vn 0.090332 0.931056 -0.353518
vn -0.036708 0.998457 0.041656
vn -0.006486 0.936420 -0.350820
vn -0.790708 0.584387 -0.182407
vn -0.006486 0.936420 -0.350820
vn -0.036708 0.998457 0.041656
vn 0.717983 0.695787 0.019496
vn -0.036708 0.998457 0.041656
vn 0.090332 0.931056 -0.353518
vn 0.717983 0.695787 0.019496
vn 0.067668 0.569444 -0.819240
vn 0.102067 -0.604351 -0.790153
vn -0.572750 -0.054857 -0.817892
vn -0.790708 0.584387 -0.182407
vn 0.067668 0.569444 -0.819240
vn -0.572750 -0.054857 -0.817892
vn -0.790708 0.584387 -0.182407
vn -0.006486 0.936420 -0.350820
vn 0.067668 0.569444 -0.819240
vn 0.717983 0.695787 0.019496
vn 0.067668 0.569444 -0.819240
vn -0.006486 0.936420 -0.350820
vn 0.709602 0.052952 -0.702610
vn 0.102067 -0.604351 -0.790153
vn 0.067668 0.569444 -0.819240
vn 0.717983 0.695787 0.019496
vn 0.709602 0.052952 -0.702610
vn 0.067668 0.569444 -0.819240
vn -0.572750 -0.054857 -0.817892
vn -0.407908 -0.908038 -0.095277
vn -0.790708 0.584387 -0.182407
vn 0.798322 -0.602120 -0.011532
vn 0.709602 0.052952 -0.702610
vn 0.717983 0.695787 0.019496
vn -0.407908 -0.908038 -0.095277
vn -0.840915 -0.534263 0.086174
vn -0.790708 0.584387 -0.182407
vn 0.717983 0.695787 0.019496
vn 0.740162 -0.580991 0.338541
vn 0.798322 -0.602120 -0.011532
vn -0.856688 -0.048545 0.513545
vn -0.187073 0.335225 0.923379
vn -0.984317 0.174739 0.024201
vn -0.984317 0.174739 0.024201
vn -0.790708 0.584387 -0.182407
vn -0.840915 -0.534263 0.086174
vn 0.857618 0.356459 0.370714
vn 0.717983 0.695787 0.019496
vn 0.090332 0.931056 -0.353518
vn -0.984317 0.174739 0.024201
vn -0.840915 -0.534263 0.086174
vn -0.856688 -0.048545 0.513545
vn -0.187073 0.335225 0.923379
vn 0.501106 0.127522 0.855938
vn 0.857618 0.356459 0.370714
vn 0.501106 0.127522 0.855938
vn 0.740162 -0.580991 0.338541
vn 0.857618 0.356459 0.370714
vn 0.857618 0.356459 0.370714
vn 0.740162 -0.580991 0.338541
vn 0.717983 0.695787 0.019496
vn 0.501106 0.127522 0.855938
vn -0.187073 0.335225 0.923379
vn -0.856688 -0.048545 0.513545
vn -0.984317 0.174739 0.024201
vn 0.090332 0.931056 -0.353518
vn -0.790708 0.584387 -0.182407
vn -0.840915 -0.534263 0.086174
vn 0.740162 -0.580991 0.338541
vn 0.501106 0.127522 0.855938
vn 0.501106 0.127522 0.855938
vn -0.856688 -0.048545 0.513545
vn -0.840915 -0.534263 0.086174
vn 0.740162 -0.580991 0.338541
vn -0.840915 -0.534263 0.086174
vn -0.407908 -0.908038 -0.095277
vn -0.407908 -0.908038 -0.095277
vn 0.798322 -0.602120 -0.011532
vn 0.740162 -0.580991 0.338541
vn 0.798322 -0.602120 -0.011532
vn -0.407908 -0.908038 -0.095277
vn 0.709602 0.052952 -0.702610
vn -0.407908 -0.908038 -0.095277
vn 0.102067 -0.604351 -0.790153
vn 0.709602 0.052952 -0.702610
vn -0.407908 -0.908038 -0.095277
vn -0.572750 -0.054857 -0.817892
vn 0.102067 -0.604351 -0.790153
vn -0.996824 0.069018 0.039725
vn -0.450136 -0.419328 -0.788379
vn -0.682919 -0.220681 -0.696363
vn -0.794885 -0.027956 0.606116
vn -0.996824 0.069018 0.039725
vn -0.682919 -0.220681 -0.696363
vn -0.450136 -0.419328 -0.788379
vn 0.032595 -0.981890 0.186626
vn 0.655433 -0.434409 -0.617815
vn 0.655433 -0.434409 -0.617815
vn -0.105670 0.959723 -0.260318
vn -0.682919 -0.220681 -0.696363
vn -0.682919 -0.220681 -0.696363
vn -0.105670 0.959723 -0.260318
vn -0.898360 0.316058 0.305051
vn -0.682919 -0.220681 -0.696363
vn -0.898360 0.316058 0.305051
vn -0.794885 -0.027956 0.606116
vn -0.450136 -0.419328 -0.788379
vn 0.655433 -0.434409 -0.617815
vn -0.682919 -0.220681 -0.696363
vn 0.655433 -0.434409 -0.617815
vn 0.961160 0.249971 0.116986
vn -0.105670 0.959723 -0.260318
vn 0.774287 -0.130462 -0.619240
vn 0.526780 -0.467584 -0.709837
vn 0.986800 0.138398 0.084088
vn 0.774287 -0.130462 -0.619240
vn 0.986800 0.138398 0.084088
vn 0.753941 0.051092 0.654952
vn -0.508280 -0.542550 -0.668798
vn 0.032595 -0.981890 0.186626
vn 0.526780 -0.467584 -0.709837
vn 0.774287 -0.130462 -0.619240
vn 0.090332 0.931056 -0.353518
vn -0.508280 -0.542550 -0.668798
vn 0.857618 0.356459 0.370714
vn 0.090332 0.931056 -0.353518
vn 0.774287 -0.130462 -0.619240
vn 0.753941 0.051092 0.654952
vn 0.857618 0.356459 0.370714
vn 0.774287 -0.130462 -0.619240
vn 0.774287 -0.130462 -0.619240
vn -0.508280 -0.542550 -0.668798
vn 0.526780 -0.467584 -0.709837
vn 0.090332 0.931056 -0.353518
vn -0.984317 0.174739 0.024201
vn -0.508280 -0.542550 -0.668798
vn -0.450136 -0.419328 -0.788379
vn 0.007349 -0.906496 -0.422151
vn 0.032595 -0.981890 0.186626
vn -0.647876 -0.038507 -0.760772
vn 0.017428 0.146698 -0.989028
vn 0.016209 -0.368457 -0.929504
vn -0.647876 -0.038507 -0.760772
vn 0.016209 -0.368457 -0.929504
vn -0.450136 -0.419328 -0.788379
vn 0.007349 -0.906496 -0.422151
vn -0.450136 -0.419328 -0.788379
vn 0.016209 -0.368457 -0.929504
vn -0.450136 -0.419328 -0.788379
vn -0.996824 0.069018 0.039725
vn -0.972338 0.092509 0.214477
vn -0.450136 -0.419328 -0.788379
vn -0.972338 0.092509 0.214477
vn -0.647876 -0.038507 -0.760772
vn 0.526780 -0.467584 -0.709837
vn 0.032595 -0.981890 0.186626
vn 0.007349 -0.906496 -0.422151
vn 0.673983 -0.036383 -0.737851
vn 0.526780 -0.467584 -0.709837
vn 0.016209 -0.368457 -0.929504
vn 0.673983 -0.036383 -0.737851
vn 0.016209 -0.368457 -0.929504
vn 0.017428 0.146698 -0.989028
vn 0.007349 -0.906496 -0.422151
vn 0.016209 -0.368457 -0.929504
vn 0.526780 -0.467584 -0.709837
vn 0.526780 -0.467584 -0.709837
vn 0.673983 -0.036383 -0.737851
vn 0.958510 0.121558 0.257841
vn 0.526780 -0.467584 -0.709837
vn 0.958510 0.121558 0.257841
vn 0.986800 0.138398 0.084088
vn 0.129278 -0.887919 0.441460
vn -0.688335 -0.555625 0.466342
vn -0.395484 0.419110 0.817276
vn -0.395484 0.419110 0.817276
vn -0.520704 0.759202 -0.390486
vn -0.321156 0.941129 0.105522
vn -0.395484 0.419110 0.817276
vn -0.321156 0.941129 0.105522
vn 0.129278 -0.887919 0.441460
vn 0.093699 0.292269 -0.951735
vn -0.575809 0.111276 -0.809977
vn -0.688335 -0.555625 0.466342
vn 0.093699 0.292269 -0.951735
vn -0.688335 -0.555625 0.466342
vn 0.129278 -0.887919 0.441460
vn -0.321156 0.941129 0.105522
vn -0.520704 0.759202 -0.390486
vn -0.322963 0.596917 -0.734429
vn -0.321156 0.941129 0.105522
vn -0.322963 0.596917 -0.734429
vn 0.093699 0.292269 -0.951735
vn 0.093699 0.292269 -0.951735
vn -0.322963 0.596917 -0.734429
vn -0.575809 0.111276 -0.809977
vn 0.116122 0.381223 0.917161
vn 0.528419 -0.743557 0.409750
vn 0.129278 -0.887919 0.441460
vn 0.116122 0.381223 0.917161
vn 0.129278 -0.887919 0.441460
vn -0.321156 0.941129 0.105522
vn 0.093699 0.292269 -0.951735
vn 0.774081 0.294522 -0.560406
vn 0.116122 0.381223 0.917161
vn 0.093699 0.292269 -0.951735
vn 0.116122 0.381223 0.917161
vn -0.321156 0.941129 0.105522
vn 0.129278 -0.887919 0.441460
vn 0.774081 0.294522 -0.560406
vn 0.093699 0.292269 -0.951735
vn 0.129278 -0.887919 0.441460
vn 0.528419 -0.743557 0.409750
vn 0.774081 0.294522 -0.560406
vn 0.655433 -0.434409 -0.617815
vn 0.032595 -0.981890 0.186626
vn 0.550777 -0.200307 0.810260
vn 0.032595 -0.981890 0.186626
vn -0.489743 -0.370285 0.789329
vn 0.550777 -0.200307 0.810260
vn 0.550777 -0.200307 0.810260
vn -0.489743 -0.370285 0.789329
vn -0.794885 -0.027956 0.606116
vn -0.489743 -0.370285 0.789329
vn -0.996824 0.069018 0.039725
vn -0.794885 -0.027956 0.606116
vn -0.794885 -0.027956 0.606116
vn -0.898360 0.316058 0.305051
vn 0.126126 0.400929 0.907386
vn -0.794885 -0.027956 0.606116
vn 0.126126 0.400929 0.907386
vn 0.550777 -0.200307 0.810260
vn 0.550777 -0.200307 0.810260
vn 0.126126 0.400929 0.907386
vn 0.961160 0.249971 0.116986
vn 0.550777 -0.200307 0.810260
vn 0.961160 0.249971 0.116986
vn 0.655433 -0.434409 -0.617815
vn -0.540989 -0.294479 0.787790
vn 0.032595 -0.981890 0.186626
vn -0.508280 -0.542550 -0.668798
vn -0.540989 -0.294479 0.787790
vn 0.461308 -0.310374 0.831182
vn 0.032595 -0.981890 0.186626
vn 0.753941 0.051092 0.654952
vn 0.461308 -0.310374 0.831182
vn -0.540989 -0.294479 0.787790
vn 0.753941 0.051092 0.654952
vn 0.986800 0.138398 0.084088
vn 0.461308 -0.310374 0.831182
vn -0.187073 0.335225 0.923379
vn 0.857618 0.356459 0.370714
vn 0.753941 0.051092 0.654952
vn -0.540989 -0.294479 0.787790
vn -0.187073 0.335225 0.923379
vn 0.753941 0.051092 0.654952
vn -0.984317 0.174739 0.024201
vn -0.187073 0.335225 0.923379
vn -0.540989 -0.294479 0.787790
vn -0.508280 -0.542550 -0.668798
vn -0.984317 0.174739 0.024201
vn -0.540989 -0.294479 0.787790
vn -0.003129 -0.902651 0.430361
vn -0.940001 -0.138588 0.311755
vn -0.629947 -0.003006 0.776632
vn -0.003129 -0.902651 0.430361
vn -0.629947 -0.003006 0.776632
vn -0.489743 -0.370285 0.789329
vn -0.015247 0.483981 0.874946
vn -0.629947 -0.003006 0.776632
vn -0.049598 0.932741 0.357119
vn -0.972338 0.092509 0.214477
vn -0.629947 -0.003006 0.776632
vn -0.566855 0.411918 0.713442
vn -0.566855 0.411918 0.713442
vn -0.629947 -0.003006 0.776632
vn -0.015247 0.483981 0.874946
vn -0.566855 0.411918 0.713442
vn -0.015247 0.483981 0.874946
vn -0.017472 0.467516 0.883812
vn -0.049598 0.932741 0.357119
vn -0.629947 -0.003006 0.776632
vn -0.940001 -0.138588 0.311755
vn -0.972338 0.092509 0.214477
vn -0.996824 0.069018 0.039725
vn -0.489743 -0.370285 0.789329
vn -0.972338 0.092509 0.214477
vn -0.489743 -0.370285 0.789329
vn -0.629947 -0.003006 0.776632
vn -0.003129 -0.902651 0.430361
vn -0.489743 -0.370285 0.789329
vn 0.032595 -0.981890 0.186626
vn -0.003129 -0.902651 0.430361
vn 0.461308 -0.310374 0.831182
vn 0.602481 -0.002988 0.798127
vn -0.003129 -0.902651 0.430361
vn 0.602481 -0.002988 0.798127
vn 0.936505 -0.152557 0.315729
vn -0.015247 0.483981 0.874946
vn -0.049598 0.932741 0.357119
vn 0.602481 -0.002988 0.798127
vn 0.958510 0.121558 0.257841
vn 0.541458 0.410950 0.733446
vn 0.602481 -0.002988 0.798127
vn 0.541458 0.410950 0.733446
vn -0.017472 0.467516 0.883812
vn -0.015247 0.483981 0.874946
vn 0.541458 0.410950 0.733446
vn -0.015247 0.483981 0.874946
vn 0.602481 -0.002988 0.798127
vn -0.049598 0.932741 0.357119
vn 0.936505 -0.152557 0.315729
vn 0.602481 -0.002988 0.798127
vn 0.958510 0.121558 0.257841
vn 0.461308 -0.310374 0.831182
vn 0.986800 0.138398 0.084088
vn 0.958510 0.121558 0.257841
vn 0.602481 -0.002988 0.798127
vn 0.461308 -0.310374 0.831182
vn -0.003129 -0.902651 0.430361
vn 0.032595 -0.981890 0.186626
vn 0.461308 -0.310374 0.831182
vn 0.712465 0.162061 -0.682737
vn -0.709294 0.550147 -0.440727
vn -0.049176 0.468871 -0.881896
vn 0.501863 -0.773653 -0.386776
vn 0.528419 -0.743557 0.409750
vn 0.032241 -0.384053 0.922748
vn 0.032241 -0.384053 0.922748
vn -0.521187 -0.382843 0.762755
vn 0.382029 -0.909092 -0.166148
vn 0.501863 -0.773653 -0.386776
vn 0.032241 -0.384053 0.922748
vn 0.382029 -0.909092 -0.166148
vn 0.382029 -0.909092 -0.166148
vn -0.521187 -0.382843 0.762755
vn -0.799390 -0.600489 -0.019709
vn -0.489404 -0.160200 -0.857216
vn 0.712465 0.162061 -0.682737
vn 0.128764 -0.821971 -0.554782
vn -0.489404 -0.160200 -0.857216
vn -0.921602 -0.113039 -0.371311
vn -0.709294 0.550147 -0.440727
vn -0.489404 -0.160200 -0.857216
vn -0.709294 0.550147 -0.440727
vn 0.712465 0.162061 -0.682737
vn -0.521187 -0.382843 0.762755
vn 0.032241 -0.384053 0.922748
vn -0.176725 0.334834 0.925556
vn -0.521187 -0.382843 0.762755
vn -0.176725 0.334834 0.925556
vn -0.881028 0.244724 0.404845
vn -0.370160 0.872159 0.319875
vn -0.881028 0.244724 0.404845
vn -0.176725 0.334834 0.925556
vn -0.370160 0.872159 0.319875
vn -0.176725 0.334834 0.925556
vn 0.038878 0.780957 0.623374
vn -0.176725 0.334834 0.925556
vn 0.032241 -0.384053 0.922748
vn 0.116122 0.381223 0.917161
vn 0.038878 0.780957 0.623374
vn -0.176725 0.334834 0.925556
vn 0.116122 0.381223 0.917161
vn 0.382029 -0.909092 -0.166148
vn -0.799390 -0.600489 -0.019709
vn 0.128764 -0.821971 -0.554782
vn 0.781000 -0.146089 -0.607205
vn 0.382029 -0.909092 -0.166148
vn -0.049176 0.468871 -0.881896
vn 0.038878 0.780957 0.623374
vn 0.116122 0.381223 0.917161
vn 0.774081 0.294522 -0.560406
vn -0.049176 0.468871 -0.881896
vn -0.370160 0.872159 0.319875
vn 0.038878 0.780957 0.623374
vn 0.724447 0.626337 0.287885
vn 0.191865 0.456625 -0.868724
vn -0.131827 0.958779 0.251724
vn -0.819105 0.555887 -0.141624
vn -0.131827 0.958779 0.251724
vn 0.191865 0.456625 -0.868724
vn 0.781000 -0.146089 -0.607205
vn 0.191865 0.456625 -0.868724
vn 0.724447 0.626337 0.287885
vn 0.038878 0.780957 0.623374
vn 0.781000 -0.146089 -0.607205
vn 0.724447 0.626337 0.287885
vn -0.049176 0.468871 -0.881896
vn 0.038878 0.780957 0.623374
vn -0.819105 0.555887 -0.141624
vn 0.781000 -0.146089 -0.607205
vn -0.049176 0.468871 -0.881896
vn 0.191865 0.456625 -0.868724
vn 0.774081 0.294522 -0.560406
vn 0.528419 -0.743557 0.409750
vn 0.501863 -0.773653 -0.386776
vn 0.774081 0.294522 -0.560406
vn 0.501863 -0.773653 -0.386776
vn 0.781000 -0.146089 -0.607205
vn 0.501863 -0.773653 -0.386776
vn 0.382029 -0.909092 -0.166148
vn 0.781000 -0.146089 -0.607205
vn 0.382029 -0.909092 -0.166148
vn 0.128764 -0.821971 -0.554782
vn 0.712465 0.162061 -0.682737
vn 0.382029 -0.909092 -0.166148
vn 0.712465 0.162061 -0.682737
vn -0.049176 0.468871 -0.881896
vn 0.191865 0.456625 -0.868724
vn -0.049176 0.468871 -0.881896
vn -0.819105 0.555887 -0.141624
vn -0.921602 -0.113039 -0.371311
vn -0.489404 -0.160200 -0.857216
vn 0.128764 -0.821971 -0.554782
vn -0.921602 -0.113039 -0.371311
vn 0.128764 -0.821971 -0.554782
vn -0.799390 -0.600489 -0.019709
vn -0.709294 0.550147 -0.440727
vn -0.921602 -0.113039 -0.371311
vn -0.881028 0.244724 0.404845
vn -0.709294 0.550147 -0.440727
vn -0.881028 0.244724 0.404845
vn -0.370160 0.872159 0.319875
vn -0.799390 -0.600489 -0.019709
vn -0.521187 -0.382843 0.762755
vn -0.881028 0.244724 0.404845
vn -0.799390 -0.600489 -0.019709
vn -0.881028 0.244724 0.404845
vn -0.921602 -0.113039 -0.371311
vn -0.049176 0.468871 -0.881896
vn -0.709294 0.550147 -0.440727
vn -0.370160 0.872159 0.319875
vn -0.819105 0.555887 -0.141624
vn 0.038878 0.780957 0.623374
vn -0.131827 0.958779 0.251724
vn 0.032241 -0.384053 0.922748
vn 0.528419 -0.743557 0.409750
vn 0.116122 0.381223 0.917161
vn 0.038878 0.780957 0.623374
vn 0.724447 0.626337 0.287885
vn -0.131827 0.958779 0.251724
vn 0.038878 0.780957 0.623374
vn 0.774081 0.294522 -0.560406
vn 0.781000 -0.146089 -0.607205
vn 0.011974 -0.724845 -0.688808
vn 0.004398 -0.968116 -0.250464
vn -0.564389 -0.809981 -0.159362
vn 0.011974 -0.724845 -0.688808
vn -0.564389 -0.809981 -0.159362
vn -0.607481 0.127481 -0.784038
vn 0.004398 -0.968116 -0.250464
vn -0.001111 -0.997872 0.065188
vn -0.564389 -0.809981 -0.159362
vn -0.001111 -0.997872 0.065188
vn 0.006416 -0.962938 -0.269646
vn -0.478317 -0.873947 0.086195
vn -0.001111 -0.997872 0.065188
vn -0.478317 -0.873947 0.086195
vn -0.564389 -0.809981 -0.159362
vn -0.564389 -0.809981 -0.159362
vn -0.478317 -0.873947 0.086195
vn -0.509629 -0.696463 -0.505190
vn -0.509629 -0.696463 -0.505190
vn -0.607481 0.127481 -0.784038
vn -0.564389 -0.809981 -0.159362
vn 0.011974 -0.724845 -0.688808
vn 0.636731 0.134319 -0.759297
vn 0.573794 -0.807333 -0.137743
vn 0.011974 -0.724845 -0.688808
vn 0.573794 -0.807333 -0.137743
vn 0.004398 -0.968116 -0.250464
vn 0.004398 -0.968116 -0.250464
vn 0.573794 -0.807333 -0.137743
vn -0.001111 -0.997872 0.065188
vn -0.001111 -0.997872 0.065188
vn 0.573794 -0.807333 -0.137743
vn 0.477650 -0.873406 0.094928
vn -0.001111 -0.997872 0.065188
vn 0.477650 -0.873406 0.094928
vn 0.006416 -0.962938 -0.269646
vn 0.530431 -0.694039 -0.486777
vn 0.573794 -0.807333 -0.137743
vn 0.636731 0.134319 -0.759297
vn 0.573794 -0.807333 -0.137743
vn 0.530431 -0.694039 -0.486777
vn 0.477650 -0.873406 0.094928
vn -0.639273 0.746375 0.185081
vn -0.016940 0.742822 0.669275
vn -0.002301 0.993274 -0.115767
vn -0.639273 0.746375 0.185081
vn -0.593955 0.552550 -0.584727
vn -0.746554 0.525682 -0.407818
vn -0.707431 0.574760 -0.411331
vn -0.895503 -0.322591 -0.306608
vn -0.806013 0.264353 0.529585
vn -0.707431 0.574760 -0.411331
vn -0.806013 0.264353 0.529585
vn -0.537669 0.694171 0.478581
vn -0.020441 0.270265 0.962569
vn -0.537669 0.694171 0.478581
vn -0.806013 0.264353 0.529585
vn -0.517476 -0.832222 -0.199060
vn -0.509629 -0.696463 -0.505190
vn -0.478317 -0.873947 0.086195
vn -0.537669 0.694171 0.478581
vn -0.639273 0.746375 0.185081
vn -0.746554 0.525682 -0.407818
vn 0.012494 0.699097 -0.714918
vn -0.593955 0.552550 -0.584727
vn -0.002301 0.993274 -0.115767
vn -0.450773 -0.835664 -0.313799
vn -0.350694 -0.913294 -0.207139
vn -0.776270 -0.131720 -0.616486
vn -0.002301 0.993274 -0.115767
vn -0.593955 0.552550 -0.584727
vn -0.639273 0.746375 0.185081
vn -0.638336 0.433943 -0.635783
vn -0.776270 -0.131720 -0.616486
vn -0.707431 0.574760 -0.411331
vn -0.638336 0.433943 -0.635783
vn -0.707431 0.574760 -0.411331
vn -0.746554 0.525682 -0.407818
vn -0.776270 -0.131720 -0.616486
vn -0.350694 -0.913294 -0.207139
vn -0.509629 -0.696463 -0.505190
vn -0.776270 -0.131720 -0.616486
vn -0.895503 -0.322591 -0.306608
vn -0.707431 0.574760 -0.411331
vn -0.537669 0.694171 0.478581
vn -0.746554 0.525682 -0.407818
vn -0.707431 0.574760 -0.411331
vn -0.537669 0.694171 0.478581
vn -0.020441 0.270265 0.962569
vn -0.013771 0.629211 0.777112
vn -0.537669 0.694171 0.478581
vn -0.013771 0.629211 0.777112
vn -0.016940 0.742822 0.669275
vn -0.537669 0.694171 0.478581
vn -0.016940 0.742822 0.669275
vn -0.639273 0.746375 0.185081
vn -0.020441 0.270265 0.962569
vn -0.806013 0.264353 0.529585
vn -0.566397 -0.610924 0.553142
vn -0.020441 0.270265 0.962569
vn -0.566397 -0.610924 0.553142
vn -0.019024 -0.713393 0.700506
vn -0.019024 -0.713393 0.700506
vn -0.566397 -0.610924 0.553142
vn -0.478317 -0.873947 0.086195
vn -0.019024 -0.713393 0.700506
vn -0.478317 -0.873947 0.086195
vn -0.020479 -0.178588 0.983711
vn -0.566397 -0.610924 0.553142
vn -0.806013 0.264353 0.529585
vn -0.895503 -0.322591 -0.306608
vn -0.566397 -0.610924 0.553142
vn -0.895503 -0.322591 -0.306608
vn -0.517476 -0.832222 -0.199060
vn -0.478317 -0.873947 0.086195
vn -0.566397 -0.610924 0.553142
vn -0.517476 -0.832222 -0.199060
vn -0.895503 -0.322591 -0.306608
vn -0.509629 -0.696463 -0.505190
vn -0.517476 -0.832222 -0.199060
vn -0.776270 -0.131720 -0.616486
vn -0.509629 -0.696463 -0.505190
vn -0.895503 -0.322591 -0.306608
vn 0.636680 0.743387 0.204975
vn -0.002301 0.993274 -0.115767
vn -0.016940 0.742822 0.669275
vn 0.636680 0.743387 0.204975
vn 0.763253 0.523230 -0.379045
vn 0.604372 0.556526 -0.570100
vn 0.721361 0.569935 -0.393463
vn 0.518155 0.694646 0.498981
vn 0.793298 0.269956 0.545713
vn 0.721361 0.569935 -0.393463
vn 0.793298 0.269956 0.545713
vn 0.898118 -0.328592 -0.292252
vn -0.020441 0.270265 0.962569
vn 0.793298 0.269956 0.545713
vn 0.518155 0.694646 0.498981
vn 0.519109 -0.831184 -0.199146
vn 0.477650 -0.873406 0.094928
vn 0.530431 -0.694039 -0.486777
vn 0.518155 0.694646 0.498981
vn 0.763253 0.523230 -0.379045
vn 0.636680 0.743387 0.204975
vn 0.012494 0.699097 -0.714918
vn -0.002301 0.993274 -0.115767
vn 0.604372 0.556526 -0.570100
vn 0.461428 -0.835660 -0.297920
vn 0.791073 -0.153428 -0.592168
vn 0.357701 -0.913275 -0.194880
vn -0.002301 0.993274 -0.115767
vn 0.636680 0.743387 0.204975
vn 0.604372 0.556526 -0.570100
vn 0.658434 0.404028 -0.635001
vn 0.763253 0.523230 -0.379045
vn 0.721361 0.569935 -0.393463
vn 0.658434 0.404028 -0.635001
vn 0.721361 0.569935 -0.393463
vn 0.791073 -0.153428 -0.592168
vn 0.791073 -0.153428 -0.592168
vn 0.721361 0.569935 -0.393463
vn 0.898118 -0.328592 -0.292252
vn 0.791073 -0.153428 -0.592168
vn 0.530431 -0.694039 -0.486777
vn 0.357701 -0.913275 -0.194880
vn 0.518155 0.694646 0.498981
vn 0.721361 0.569935 -0.393463
vn 0.763253 0.523230 -0.379045
vn 0.518155 0.694646 0.498981
vn -0.013771 0.629211 0.777112
vn -0.020441 0.270265 0.962569
vn 0.518155 0.694646 0.498981
vn 0.636680 0.743387 0.204975
vn -0.016940 0.742822 0.669275
vn 0.518155 0.694646 0.498981
vn -0.016940 0.742822 0.669275
vn -0.013771 0.629211 0.777112
vn -0.020441 0.270265 0.962569
vn -0.019024 -0.713393 0.700506
vn 0.541104 -0.629496 0.557621
vn -0.020441 0.270265 0.962569
vn 0.541104 -0.629496 0.557621
vn 0.793298 0.269956 0.545713
vn -0.019024 -0.713393 0.700506
vn -0.020479 -0.178588 0.983711
vn 0.477650 -0.873406 0.094928
vn -0.019024 -0.713393 0.700506
vn 0.477650 -0.873406 0.094928
vn 0.541104 -0.629496 0.557621
vn 0.541104 -0.629496 0.557621
vn 0.519109 -0.831184 -0.199146
vn 0.898118 -0.328592 -0.292252
vn 0.541104 -0.629496 0.557621
vn 0.898118 -0.328592 -0.292252
vn 0.793298 0.269956 0.545713
vn 0.898118 -0.328592 -0.292252
vn 0.519109 -0.831184 -0.199146
vn 0.530431 -0.694039 -0.486777
vn 0.477650 -0.873406 0.094928
vn 0.519109 -0.831184 -0.199146
vn 0.541104 -0.629496 0.557621
vn 0.791073 -0.153428 -0.592168
vn 0.898118 -0.328592 -0.292252
vn 0.530431 -0.694039 -0.486777
vn -0.076597 -0.036730 -0.996385
vn -0.870406 0.388976 0.301812
vn -0.478317 -0.873947 0.086195
vn -0.076597 -0.036730 -0.996385
vn -0.478317 -0.873947 0.086195
vn 0.006416 -0.962938 -0.269646
vn -0.870406 0.388976 0.301812
vn -0.017968 0.518013 0.855184
vn -0.020479 -0.178588 0.983711
vn -0.870406 0.388976 0.301812
vn -0.020479 -0.178588 0.983711
vn -0.478317 -0.873947 0.086195
vn -0.076597 -0.036730 -0.996385
vn 0.006416 -0.962938 -0.269646
vn 0.477650 -0.873406 0.094928
vn -0.076597 -0.036730 -0.996385
vn 0.477650 -0.873406 0.094928
vn 0.884592 0.368399 0.285970
vn 0.884592 0.368399 0.285970
vn 0.477650 -0.873406 0.094928
vn -0.020479 -0.178588 0.983711
vn 0.884592 0.368399 0.285970
vn -0.020479 -0.178588 0.983711
vn -0.017968 0.518013 0.855184
vn -0.846899 -0.154999 -0.508662
vn -0.747777 0.484088 -0.454410
vn -0.364551 0.212994 -0.906497
vn -0.846899 -0.154999 -0.508662
vn -0.859704 -0.239681 0.451067
vn -0.580262 0.647306 0.494259
vn -0.747777 0.484088 -0.454410
vn -0.846899 -0.154999 -0.508662
vn -0.580262 0.647306 0.494259
vn -0.846899 -0.154999 -0.508662
vn -0.364551 0.212994 -0.906497
vn -0.519495 -0.223930 -0.824609
vn -0.859704 -0.239681 0.451067
vn -0.846899 -0.154999 -0.508662
vn -0.672997 -0.680021 0.290941
vn 0.712982 0.190047 0.674936
vn 0.781826 0.404064 -0.474847
vn 0.289865 0.953911 0.077668
vn 0.712982 0.190047 0.674936
vn -0.580262 0.647306 0.494259
vn -0.859704 -0.239681 0.451067
vn 0.289865 0.953911 0.077668
vn -0.580262 0.647306 0.494259
vn 0.712982 0.190047 0.674936
vn 0.712982 0.190047 0.674936
vn 0.610832 -0.112825 -0.783680
vn 0.781826 0.404064 -0.474847
vn -0.859704 -0.239681 0.451067
vn -0.672997 -0.680021 0.290941
vn 0.712982 0.190047 0.674936
vn 0.610832 -0.112825 -0.783680
vn -0.519495 -0.223930 -0.824609
vn -0.364551 0.212994 -0.906497
vn 0.610832 -0.112825 -0.783680
vn -0.364551 0.212994 -0.906497
vn 0.781826 0.404064 -0.474847
vn 0.289865 0.953911 0.077668
vn 0.781826 0.404064 -0.474847
vn -0.364551 0.212994 -0.906497
vn 0.289865 0.953911 0.077668
vn -0.747777 0.484088 -0.454410
vn -0.580262 0.647306 0.494259
vn 0.289865 0.953911 0.077668
vn -0.364551 0.212994 -0.906497
vn -0.747777 0.484088 -0.454410
vn 0.618563 0.105263 -0.778653
vn 0.537479 0.686517 -0.489705
vn 0.856271 -0.166836 -0.488841
vn 0.497918 0.631775 0.594086
vn 0.845587 -0.264145 0.463908
vn 0.856271 -0.166836 -0.488841
vn 0.497918 0.631775 0.594086
vn 0.856271 -0.166836 -0.488841
vn 0.537479 0.686517 -0.489705
vn 0.271281 -0.230662 -0.934452
vn 0.618563 0.105263 -0.778653
vn 0.856271 -0.166836 -0.488841
vn 0.648247 -0.701489 0.296125
vn 0.856271 -0.166836 -0.488841
vn 0.845587 -0.264145 0.463908
vn -0.444736 0.827785 0.342026
vn -0.584643 0.434731 -0.684982
vn -0.733260 0.206758 0.647751
vn 0.845587 -0.264145 0.463908
vn 0.497918 0.631775 0.594086
vn -0.733260 0.206758 0.647751
vn -0.733260 0.206758 0.647751
vn 0.497918 0.631775 0.594086
vn -0.444736 0.827785 0.342026
vn -0.584643 0.434731 -0.684982
vn -0.771943 -0.019409 -0.635395
vn -0.733260 0.206758 0.647751
vn -0.733260 0.206758 0.647751
vn 0.648247 -0.701489 0.296125
vn 0.845587 -0.264145 0.463908
vn -0.584643 0.434731 -0.684982
vn 0.618563 0.105263 -0.778653
vn 0.271281 -0.230662 -0.934452
vn -0.584643 0.434731 -0.684982
vn 0.271281 -0.230662 -0.934452
vn -0.771943 -0.019409 -0.635395
vn 0.537479 0.686517 -0.489705
vn 0.618563 0.105263 -0.778653
vn -0.584643 0.434731 -0.684982
vn 0.497918 0.631775 0.594086
vn 0.537479 0.686517 -0.489705
vn -0.444736 0.827785 0.342026
vn 0.537479 0.686517 -0.489705
vn -0.584643 0.434731 -0.684982
vn -0.444736 0.827785 0.342026
vn 0.763253 0.523230 -0.379045
vn 0.658434 0.404028 -0.635001
vn 0.604372 0.556526 -0.570100
vn 0.007552 0.749177 -0.662327
vn 0.012494 0.699097 -0.714918
vn 0.604372 0.556526 -0.570100
vn 0.604372 0.556526 -0.570100
vn 0.658434 0.404028 -0.635001
vn 0.007552 0.749177 -0.662327
vn -0.746554 0.525682 -0.407818
vn -0.593955 0.552550 -0.584727
vn -0.638336 0.433943 -0.635783
vn 0.007552 0.749177 -0.662327
vn -0.638336 0.433943 -0.635783
vn -0.593955 0.552550 -0.584727
vn 0.007552 0.749177 -0.662327
vn -0.593955 0.552550 -0.584727
vn 0.012494 0.699097 -0.714918
vn 0.016395 -0.396149 -0.918040
vn -0.446999 0.183091 -0.875596
vn 0.017141 0.188107 -0.981999
vn 0.017141 0.188107 -0.981999
vn -0.446999 0.183091 -0.875596
vn 0.007552 0.749177 -0.662327
vn 0.007552 0.749177 -0.662327
vn -0.742102 0.567036 -0.357428
vn -0.638336 0.433943 -0.635783
vn 0.016395 -0.396149 -0.918040
vn 0.006559 -0.471963 -0.881594
vn -0.446999 0.183091 -0.875596
vn 0.016395 -0.396149 -0.918040
vn 0.025896 -0.249744 -0.967965
vn 0.076164 -0.602568 -0.794425
vn 0.016395 -0.396149 -0.918040
vn 0.076164 -0.602568 -0.794425
vn 0.006559 -0.471963 -0.881594
vn -0.446999 0.183091 -0.875596
vn 0.006559 -0.471963 -0.881594
vn -0.687576 -0.290720 -0.665373
vn -0.446999 0.183091 -0.875596
vn -0.687576 -0.290720 -0.665373
vn -0.742102 0.567036 -0.357428
vn 0.006559 -0.471963 -0.881594
vn 0.076164 -0.602568 -0.794425
vn -0.450773 -0.835664 -0.313799
vn 0.006559 -0.471963 -0.881594
vn -0.450773 -0.835664 -0.313799
vn -0.687576 -0.290720 -0.665373
vn -0.638336 0.433943 -0.635783
vn -0.742102 0.567036 -0.357428
vn -0.776270 -0.131720 -0.616486
vn -0.742102 0.567036 -0.357428
vn -0.687576 -0.290720 -0.665373
vn -0.776270 -0.131720 -0.616486
vn -0.687576 -0.290720 -0.665373
vn -0.450773 -0.835664 -0.313799
vn -0.776270 -0.131720 -0.616486
vn -0.742102 0.567036 -0.357428
vn 0.007552 0.749177 -0.662327
vn -0.446999 0.183091 -0.875596
vn 0.016395 -0.396149 -0.918040
vn 0.017141 0.188107 -0.981999
vn 0.477372 0.182702 -0.859498
vn 0.017141 0.188107 -0.981999
vn 0.007552 0.749177 -0.662327
vn 0.477372 0.182702 -0.859498
vn 0.007552 0.749177 -0.662327
vn 0.658434 0.404028 -0.635001
vn 0.759253 0.534484 -0.371296
vn 0.016395 -0.396149 -0.918040
vn 0.477372 0.182702 -0.859498
vn 0.024713 -0.472101 -0.881198
vn 0.016395 -0.396149 -0.918040
vn 0.024713 -0.472101 -0.881198
vn -0.047813 -0.602432 -0.796737
vn 0.016395 -0.396149 -0.918040
vn -0.047813 -0.602432 -0.796737
vn 0.025896 -0.249744 -0.967965
vn 0.477372 0.182702 -0.859498
vn 0.759253 0.534484 -0.371296
vn 0.710271 -0.290787 -0.641060
vn 0.477372 0.182702 -0.859498
vn 0.710271 -0.290787 -0.641060
vn 0.024713 -0.472101 -0.881198
vn 0.024713 -0.472101 -0.881198
vn 0.710271 -0.290787 -0.641060
vn 0.461428 -0.835660 -0.297920
vn 0.024713 -0.472101 -0.881198
vn 0.461428 -0.835660 -0.297920
vn -0.047813 -0.602432 -0.796737
vn 0.658434 0.404028 -0.635001
vn 0.791073 -0.153428 -0.592168
vn 0.759253 0.534484 -0.371296
vn 0.759253 0.534484 -0.371296
vn 0.791073 -0.153428 -0.592168
vn 0.710271 -0.290787 -0.641060
vn 0.710271 -0.290787 -0.641060
vn 0.791073 -0.153428 -0.592168
vn 0.461428 -0.835660 -0.297920
vn 0.759253 0.534484 -0.371296
vn 0.477372 0.182702 -0.859498
vn 0.007552 0.749177 -0.662327
vn 0.321905 -0.265189 -0.908874
vn -0.261465 -0.253909 -0.931218
vn 0.025896 -0.249744 -0.967965
vn 0.592540 -0.110076 -0.797984
vn 0.321905 -0.265189 -0.908874
vn 0.025896 -0.249744 -0.967965
vn -0.261465 -0.253909 -0.931218
vn -0.513827 -0.092215 -0.852923
vn 0.025896 -0.249744 -0.967965
vn 0.017428 0.146698 -0.989028
vn -0.647876 -0.038507 -0.760772
vn -0.575809 0.111276 -0.809977
vn 0.017428 0.146698 -0.989028
vn -0.575809 0.111276 -0.809977
vn 0.014897 0.268269 -0.963229
vn -0.575809 0.111276 -0.809977
vn -0.647876 -0.038507 -0.760772
vn -0.972338 0.092509 0.214477
vn -0.575809 0.111276 -0.809977
vn -0.322963 0.596917 -0.734429
vn -0.076597 -0.036730 -0.996385
vn -0.575809 0.111276 -0.809977
vn -0.076597 -0.036730 -0.996385
vn 0.014897 0.268269 -0.963229
vn -0.076597 -0.036730 -0.996385
vn -0.322963 0.596917 -0.734429
vn -0.520704 0.759202 -0.390486
vn -0.076597 -0.036730 -0.996385
vn -0.520704 0.759202 -0.390486
vn -0.870406 0.388976 0.301812
vn -0.575809 0.111276 -0.809977
vn -0.972338 0.092509 0.214477
vn -0.688335 -0.555625 0.466342
vn 0.017428 0.146698 -0.989028
vn 0.014897 0.268269 -0.963229
vn 0.561333 0.098294 -0.821732
vn 0.017428 0.146698 -0.989028
vn 0.561333 0.098294 -0.821732
vn 0.673983 -0.036383 -0.737851
vn 0.561333 0.098294 -0.821732
vn 0.958510 0.121558 0.257841
vn 0.673983 -0.036383 -0.737851
vn 0.561333 0.098294 -0.821732
vn 0.014897 0.268269 -0.963229
vn -0.076597 -0.036730 -0.996385
vn 0.561333 0.098294 -0.821732
vn -0.076597 -0.036730 -0.996385
vn 0.147285 0.244677 -0.958353
vn -0.076597 -0.036730 -0.996385
vn 0.884592 0.368399 0.285970
vn 0.682323 0.559240 -0.470835
vn -0.076597 -0.036730 -0.996385
vn 0.682323 0.559240 -0.470835
vn 0.147285 0.244677 -0.958353
vn 0.561333 0.098294 -0.821732
vn 0.807939 0.214024 0.549025
vn 0.958510 0.121558 0.257841
vn -0.022871 0.657416 0.753180
vn -0.017968 0.518013 0.855184
vn -0.870406 0.388976 0.301812
vn -0.022871 0.657416 0.753180
vn -0.870406 0.388976 0.301812
vn -0.395484 0.419110 0.817276
vn -0.395484 0.419110 0.817276
vn -0.566855 0.411918 0.713442
vn -0.017472 0.467516 0.883812
vn -0.395484 0.419110 0.817276
vn -0.017472 0.467516 0.883812
vn -0.022871 0.657416 0.753180
vn -0.520704 0.759202 -0.390486
vn -0.395484 0.419110 0.817276
vn -0.870406 0.388976 0.301812
vn -0.395484 0.419110 0.817276
vn -0.688335 -0.555625 0.466342
vn -0.972338 0.092509 0.214477
vn -0.395484 0.419110 0.817276
vn -0.972338 0.092509 0.214477
vn -0.566855 0.411918 0.713442
vn -0.022871 0.657416 0.753180
vn 0.515432 0.495070 0.699453
vn 0.884592 0.368399 0.285970
vn -0.022871 0.657416 0.753180
vn 0.884592 0.368399 0.285970
vn -0.017968 0.518013 0.855184
vn 0.515432 0.495070 0.699453
vn -0.022871 0.657416 0.753180
vn -0.017472 0.467516 0.883812
vn 0.515432 0.495070 0.699453
vn -0.017472 0.467516 0.883812
vn 0.541458 0.410950 0.733446
vn 0.682323 0.559240 -0.470835
vn 0.884592 0.368399 0.285970
vn 0.515432 0.495070 0.699453
vn 0.515432 0.495070 0.699453
vn 0.541458 0.410950 0.733446
vn 0.958510 0.121558 0.257841
vn 0.515432 0.495070 0.699453
vn 0.958510 0.121558 0.257841
vn 0.807939 0.214024 0.549025
vn 0.921343 0.382522 0.069314
vn 0.587835 0.504627 -0.632299
vn 0.418973 0.893465 -0.161809
vn 0.921343 0.382522 0.069314
vn 0.418973 0.893465 -0.161809
vn 0.427188 0.754692 0.497947
vn 0.594761 0.223064 0.772335
vn 0.921343 0.382522 0.069314
vn 0.427188 0.754692 0.497947
vn 0.427188 0.754692 0.497947
vn 0.032266 0.978508 0.203669
vn -0.361504 0.777119 0.515171
vn -0.541052 0.261931 0.799159
vn 0.594761 0.223064 0.772335
vn 0.427188 0.754692 0.497947
vn -0.541052 0.261931 0.799159
vn 0.427188 0.754692 0.497947
vn -0.361504 0.777119 0.515171
vn -0.887334 0.447360 0.111835
vn -0.541052 0.261931 0.799159
vn -0.361504 0.777119 0.515171
vn -0.887334 0.447360 0.111835
vn -0.361504 0.777119 0.515171
vn -0.374189 0.916031 -0.144462
vn -0.579855 0.544967 -0.605622
vn -0.887334 0.447360 0.111835
vn -0.374189 0.916031 -0.144462
vn 0.032266 0.978508 0.203669
vn 0.427188 0.754692 0.497947
vn 0.418973 0.893465 -0.161809
vn 0.032266 0.978508 0.203669
vn -0.374189 0.916031 -0.144462
vn -0.361504 0.777119 0.515171
vn 0.032266 0.978508 0.203669
vn 0.418973 0.893465 -0.161809
vn -0.374189 0.916031 -0.144462
vn 0.921343 0.382522 0.069314
vn 0.594761 0.223064 0.772335
vn 0.907651 0.386523 0.163613
vn 0.475072 0.264101 0.839379
vn 0.907651 0.386523 0.163613
vn 0.594761 0.223064 0.772335
vn 0.594761 0.223064 0.772335
vn -0.541052 0.261931 0.799159
vn 0.475072 0.264101 0.839379
vn -0.498620 0.307485 0.810451
vn 0.475072 0.264101 0.839379
vn -0.541052 0.261931 0.799159
vn -0.885231 0.460403 0.066303
vn -0.498620 0.307485 0.810451
vn -0.541052 0.261931 0.799159
vn -0.885231 0.460403 0.066303
vn -0.541052 0.261931 0.799159
vn -0.887334 0.447360 0.111835
vn -0.887334 0.447360 0.111835
vn -0.579855 0.544967 -0.605622
vn -0.885231 0.460403 0.066303
vn -0.352662 0.685589 -0.636866
vn -0.885231 0.460403 0.066303
vn -0.579855 0.544967 -0.605622
vn 0.518295 0.651153 -0.554410
vn -0.352662 0.685589 -0.636866
vn -0.579855 0.544967 -0.605622
vn 0.518295 0.651153 -0.554410
vn -0.579855 0.544967 -0.605622
vn 0.587835 0.504627 -0.632299
vn 0.907651 0.386523 0.163613
vn 0.518295 0.651153 -0.554410
vn 0.587835 0.504627 -0.632299
vn 0.907651 0.386523 0.163613
vn 0.587835 0.504627 -0.632299
vn 0.921343 0.382522 0.069314
vn -0.579855 0.544967 -0.605622
vn 0.418973 0.893465 -0.161809
vn 0.587835 0.504627 -0.632299
vn 0.418973 0.893465 -0.161809
vn -0.579855 0.544967 -0.605622
vn -0.374189 0.916031 -0.144462
vn 0.475072 0.264101 0.839379
vn -0.498620 0.307485 0.810451
vn -0.378556 0.419341 0.825135
vn 0.475072 0.264101 0.839379
vn -0.378556 0.419341 0.825135
vn 0.559021 0.408699 0.721430
vn -0.498620 0.307485 0.810451
vn -0.885231 0.460403 0.066303
vn -0.788043 0.524455 0.322391
vn -0.498620 0.307485 0.810451
vn -0.788043 0.524455 0.322391
vn -0.378556 0.419341 0.825135
vn -0.885231 0.460403 0.066303
vn -0.352662 0.685589 -0.636866
vn -0.507582 0.757354 -0.410822
vn -0.885231 0.460403 0.066303
vn -0.507582 0.757354 -0.410822
vn -0.788043 0.524455 0.322391
vn -0.352662 0.685589 -0.636866
vn 0.518295 0.651153 -0.554410
vn 0.271977 0.776632 -0.568218
vn -0.352662 0.685589 -0.636866
vn 0.271977 0.776632 -0.568218
vn -0.507582 0.757354 -0.410822
vn 0.518295 0.651153 -0.554410
vn 0.907651 0.386523 0.163613
vn 0.781721 0.623546 0.010127
vn 0.518295 0.651153 -0.554410
vn 0.781721 0.623546 0.010127
vn 0.271977 0.776632 -0.568218
vn 0.907651 0.386523 0.163613
vn 0.559021 0.408699 0.721430
vn 0.781721 0.623546 0.010127
vn 0.907651 0.386523 0.163613
vn 0.475072 0.264101 0.839379
vn 0.559021 0.408699 0.721430
vn -0.987153 -0.142516 0.072240
vn -0.958791 -0.260628 0.113103
vn -0.987072 0.079043 0.139433
vn -0.958791 -0.260628 0.113103
vn -0.987153 -0.142516 0.072240
vn -0.827363 -0.551287 0.107487
vn -0.730666 -0.672186 0.119552
vn -0.958791 -0.260628 0.113103
vn -0.827363 -0.551287 0.107487
vn -0.730666 -0.672186 0.119552
vn -0.827363 -0.551287 0.107487
vn -0.650869 -0.754637 0.083026
vn -0.678602 -0.733379 0.040685
vn -0.730666 -0.672186 0.119552
vn -0.650869 -0.754637 0.083026
vn 0.990992 -0.051705 -0.123538
vn 0.996689 0.075034 -0.031311
vn 0.982726 -0.165533 -0.082749
vn 0.982726 -0.165533 -0.082749
vn 0.927460 -0.362553 -0.091511
vn 0.990992 -0.051705 -0.123538
vn 0.901230 -0.425316 -0.083013
vn 0.927460 -0.362553 -0.091511
vn 0.982726 -0.165533 -0.082749
vn 0.901230 -0.425316 -0.083013
vn 0.886758 -0.444972 -0.125140
vn 0.927460 -0.362553 -0.091511
vn 0.907706 -0.374205 -0.189845
vn 0.886758 -0.444972 -0.125140
vn 0.901230 -0.425316 -0.083013
vn -0.116447 -0.899580 0.420946
vn 0.185889 0.206677 0.960588
vn 0.162732 -0.986287 0.027491
vn 0.185889 0.206677 0.960588
vn 0.316260 0.936398 0.152110
vn 0.212396 0.970408 -0.114872
vn 0.185889 0.206677 0.960588
vn -0.116447 -0.899580 0.420946
vn 0.316260 0.936398 0.152110
vn -0.017969 0.177869 -0.983890
vn 0.162732 -0.986287 0.027491
vn 0.306234 -0.720619 -0.622036
vn -0.017969 0.177869 -0.983890
vn -0.116447 -0.899580 0.420946
vn 0.162732 -0.986287 0.027491
vn 0.316260 0.936398 0.152110
vn 0.301255 0.520933 -0.798670
vn 0.212396 0.970408 -0.114872
vn 0.316260 0.936398 0.152110
vn -0.017969 0.177869 -0.983890
vn 0.301255 0.520933 -0.798670
vn -0.017969 0.177869 -0.983890
vn 0.306234 -0.720619 -0.622036
vn 0.301255 0.520933 -0.798670
vn -0.116122 0.381223 0.917161
vn -0.116447 -0.899580 0.420946
vn -0.528419 -0.743558 0.409750
vn -0.116122 0.381223 0.917161
vn 0.316260 0.936398 0.152110
vn -0.116447 -0.899580 0.420946
vn -0.017969 0.177869 -0.983890
vn -0.116122 0.381223 0.917161
vn -0.774081 0.294522 -0.560406
vn -0.017969 0.177869 -0.983890
vn 0.316260 0.936398 0.152110
vn -0.116122 0.381223 0.917161
vn -0.116447 -0.899580 0.420946
vn -0.017969 0.177869 -0.983890
vn -0.774081 0.294522 -0.560406
vn -0.116447 -0.899580 0.420946
vn -0.774081 0.294522 -0.560406
vn -0.528419 -0.743558 0.409750
vn -0.712466 0.162061 -0.682736
vn 0.049176 0.468872 -0.881896
vn 0.709294 0.550147 -0.440726
vn -0.501863 -0.773653 -0.386776
vn -0.032241 -0.384053 0.922748
vn -0.528419 -0.743558 0.409750
vn -0.032241 -0.384053 0.922748
vn -0.382029 -0.909092 -0.166148
vn 0.521187 -0.382842 0.762755
vn -0.501863 -0.773653 -0.386776
vn -0.382029 -0.909092 -0.166148
vn -0.032241 -0.384053 0.922748
vn -0.382029 -0.909092 -0.166148
vn 0.799391 -0.600488 -0.019709
vn 0.521187 -0.382842 0.762755
vn 0.489407 -0.160200 -0.857215
vn -0.128764 -0.821971 -0.554782
vn -0.712466 0.162061 -0.682736
vn 0.489407 -0.160200 -0.857215
vn 0.709294 0.550147 -0.440726
vn 0.921602 -0.113038 -0.371311
vn 0.489407 -0.160200 -0.857215
vn -0.712466 0.162061 -0.682736
vn 0.709294 0.550147 -0.440726
vn 0.521187 -0.382842 0.762755
vn 0.176725 0.334834 0.925556
vn -0.032241 -0.384053 0.922748
vn 0.521187 -0.382842 0.762755
vn 0.881028 0.244725 0.404845
vn 0.176725 0.334834 0.925556
vn 0.370161 0.872159 0.319875
vn 0.176725 0.334834 0.925556
vn 0.881028 0.244725 0.404845
vn 0.370161 0.872159 0.319875
vn -0.038878 0.780957 0.623374
vn 0.176725 0.334834 0.925556
vn 0.176725 0.334834 0.925556
vn -0.116122 0.381223 0.917161
vn -0.032241 -0.384053 0.922748
vn -0.038878 0.780957 0.623374
vn -0.116122 0.381223 0.917161
vn 0.176725 0.334834 0.925556
vn -0.382029 -0.909092 -0.166148
vn -0.128764 -0.821971 -0.554782
vn 0.799391 -0.600488 -0.019709
vn -0.780999 -0.146089 -0.607205
vn 0.049176 0.468872 -0.881896
vn -0.382029 -0.909092 -0.166148
vn -0.038878 0.780957 0.623374
vn -0.774081 0.294522 -0.560406
vn -0.116122 0.381223 0.917161
vn 0.049176 0.468872 -0.881896
vn -0.038878 0.780957 0.623374
vn 0.370161 0.872159 0.319875
vn -0.724447 0.626338 0.287885
vn 0.131828 0.958779 0.251725
vn -0.191864 0.456626 -0.868724
vn 0.819105 0.555887 -0.141623
vn -0.191864 0.456626 -0.868724
vn 0.131828 0.958779 0.251725
vn -0.780999 -0.146089 -0.607205
vn -0.724447 0.626338 0.287885
vn -0.191864 0.456626 -0.868724
vn -0.038878 0.780957 0.623374
vn -0.724447 0.626338 0.287885
vn -0.780999 -0.146089 -0.607205
vn 0.049176 0.468872 -0.881896
vn 0.819105 0.555887 -0.141623
vn -0.038878 0.780957 0.623374
vn -0.780999 -0.146089 -0.607205
vn -0.191864 0.456626 -0.868724
vn 0.049176 0.468872 -0.881896
vn -0.774081 0.294522 -0.560406
vn -0.501863 -0.773653 -0.386776
vn -0.528419 -0.743558 0.409750
vn -0.774081 0.294522 -0.560406
vn -0.780999 -0.146089 -0.607205
vn -0.501863 -0.773653 -0.386776
vn -0.501863 -0.773653 -0.386776
vn -0.780999 -0.146089 -0.607205
vn -0.382029 -0.909092 -0.166148
vn -0.382029 -0.909092 -0.166148
vn -0.712466 0.162061 -0.682736
vn -0.128764 -0.821971 -0.554782
vn -0.382029 -0.909092 -0.166148
vn 0.049176 0.468872 -0.881896
vn -0.712466 0.162061 -0.682736
vn -0.191864 0.456626 -0.868724
vn 0.819105 0.555887 -0.141623
vn 0.049176 0.468872 -0.881896
vn 0.921602 -0.113038 -0.371311
vn -0.128764 -0.821971 -0.554782
vn 0.489407 -0.160200 -0.857215
vn 0.921602 -0.113038 -0.371311
vn 0.799391 -0.600488 -0.019709
vn -0.128764 -0.821971 -0.554782
vn 0.709294 0.550147 -0.440726
vn 0.881028 0.244725 0.404845
vn 0.921602 -0.113038 -0.371311
vn 0.709294 0.550147 -0.440726
vn 0.370161 0.872159 0.319875
vn 0.881028 0.244725 0.404845
vn 0.799391 -0.600488 -0.019709
vn 0.881028 0.244725 0.404845
vn 0.521187 -0.382842 0.762755
vn 0.799391 -0.600488 -0.019709
vn 0.921602 -0.113038 -0.371311
vn 0.881028 0.244725 0.404845
vn 0.049176 0.468872 -0.881896
vn 0.370161 0.872159 0.319875
vn 0.709294 0.550147 -0.440726
vn 0.819105 0.555887 -0.141623
vn 0.131828 0.958779 0.251725
vn -0.038878 0.780957 0.623374
vn -0.032241 -0.384053 0.922748
vn -0.116122 0.381223 0.917161
vn -0.528419 -0.743558 0.409750
vn -0.038878 0.780957 0.623374
vn 0.131828 0.958779 0.251725
vn -0.724447 0.626338 0.287885
vn -0.038878 0.780957 0.623374
vn -0.780999 -0.146089 -0.607205
vn -0.774081 0.294522 -0.560406

# triangles:
g material_52
usemtl material_52
s 0
f 87/1/1 86/2/2 85/3/3
f 87/4/4 88/5/5 86/6/6
f 87/7/7 85/8/8 89/9/9
f 97/10/10 86/11/11 88/12/12
f 97/13/13 88/14/14 98/15/15
f 97/16/16 98/17/17 99/18/18
f 97/19/19 99/20/20 100/21/21
f 100/22/22 102/23/23 101/24/24
f 100/25/25 99/26/26 102/27/27
f 102/28/28 103/29/29 101/30/30
g material_86
usemtl material_86
f 3/31/31 2/32/32 1/33/33
f 4/34/34 2/35/35 3/36/36
f 2/37/37 4/38/38 5/39/39
f 4/40/40 6/41/41 5/42/42
f 1/43/43 7/44/44 6/45/45
f 1/46/46 6/47/47 8/48/48
f 2/49/49 10/50/50 9/51/51
f 2/52/52 9/53/53 7/54/54
f 7/55/55 9/56/56 6/57/57
f 6/58/58 9/59/59 11/60/60
f 6/61/61 11/62/62 12/63/63
f 6/64/64 12/65/65 5/66/66
f 5/67/67 12/68/68 13/69/69
f 5/70/70 13/71/71 10/72/72
f 5/73/73 10/74/74 2/75/75
f 16/76/76 15/77/77 14/78/78
f 17/79/79 14/80/80 15/81/81
f 15/82/82 16/83/83 18/84/84
f 18/85/85 16/86/86 19/87/87
f 21/88/88 20/89/89 19/90/90
f 18/91/91 19/92/92 20/93/93
f 14/94/94 17/95/95 22/96/96
f 23/97/97 22/98/98 17/99/99
f 20/100/100 21/101/101 23/102/102
f 23/103/103 21/104/104 22/105/105
f 12/106/106 20/107/107 23/108/108
f 10/109/109 23/110/110 17/111/111
f 11/112/112 18/113/113 12/114/114
f 10/115/115 17/116/116 9/117/117
f 9/118/118 17/119/119 15/120/120
f 12/121/121 18/122/122 20/123/123
f 12/124/124 23/125/125 13/126/126
f 13/127/127 23/128/128 10/129/129
f 18/130/130 11/131/131 15/132/132
f 9/133/133 15/134/134 11/135/135
f 16/136/136 24/137/137 19/138/138
f 21/139/139 19/140/140 25/141/141
f 22/142/142 27/143/143 26/144/144
f 21/145/145 27/146/146 22/147/147
f 22/148/148 26/149/149 14/150/150
f 14/151/151 24/152/152 16/153/153
f 24/154/154 14/155/155 26/156/156
f 27/157/157 28/158/158 26/159/159
f 25/160/160 24/161/161 28/162/162
f 28/163/163 27/164/164 25/165/165
f 26/166/166 28/167/167 24/168/168
f 21/169/169 25/170/170 27/171/171
f 19/172/172 24/173/173 25/174/174
f 1/175/175 2/176/176 7/177/177
f 6/178/178 4/179/179 8/180/180
g material_87
usemtl material_87
f 31/181/181 30/182/182 29/183/183
f 30/184/184 32/185/185 29/186/186
f 33/187/187 29/188/188 32/189/189
f 33/190/190 31/191/191 29/192/192
f 36/193/193 35/194/194 34/195/195
f 36/196/196 34/197/197 30/198/198
f 34/199/199 32/200/200 30/201/201
f 32/202/202 34/203/203 33/204/204
f 34/205/205 35/206/206 37/207/207
f 34/208/208 37/209/209 33/210/210
f 30/211/211 38/212/212 36/213/213
f 33/214/214 37/215/215 39/216/216
f 30/217/217 40/218/218 38/219/219
f 39/220/220 41/221/221 33/222/222
f 44/223/223 43/224/224 42/225/225
f 40/226/226 30/227/227 44/228/228
f 31/229/229 33/230/230 45/231/231
f 42/232/232 40/233/233 44/234/234
f 45/235/235 46/236/236 43/237/237
f 45/238/238 41/239/239 46/240/240
f 33/241/241 41/242/242 45/243/243
f 42/244/244 43/245/245 46/246/246
f 30/247/247 31/248/248 44/249/249
f 46/250/250 41/251/251 40/252/252
f 40/253/253 42/254/254 46/255/255
f 38/256/256 40/257/257 41/258/258
f 41/259/259 39/260/260 38/261/261
f 37/262/262 38/263/263 39/264/264
f 37/265/265 35/266/266 38/267/267
f 35/268/268 36/269/269 38/270/270
f 62/271/271 61/272/272 60/273/273
f 62/274/274 63/275/275 61/276/276
f 63/277/277 62/278/278 64/279/279
f 62/280/280 60/281/281 64/282/282
f 67/283/283 66/284/284 65/285/285
f 61/286/286 67/287/287 65/288/288
f 61/289/289 63/290/290 67/291/291
f 64/292/292 67/293/293 63/294/294
f 68/295/295 66/296/296 67/297/297
f 64/298/298 68/299/299 67/300/300
f 65/301/301 69/302/302 61/303/303
f 70/304/304 68/305/305 64/306/306
f 69/307/307 71/308/308 61/309/309
f 64/310/310 72/311/311 70/312/312
f 75/313/313 74/314/314 73/315/315
f 73/316/316 61/317/317 71/318/318
f 76/319/319 64/320/320 60/321/321
f 73/322/322 71/323/323 75/324/324
f 74/325/325 77/326/326 76/327/327
f 77/328/328 72/329/329 76/330/330
f 76/331/331 72/332/332 64/333/333
f 77/334/334 74/335/335 75/336/336
f 73/337/337 60/338/338 61/339/339
f 71/340/340 72/341/341 77/342/342
f 77/343/343 75/344/344 71/345/345
f 72/346/346 71/347/347 69/348/348
f 69/349/349 70/350/350 72/351/351
f 70/352/352 69/353/353 68/354/354
f 69/355/355 66/356/356 68/357/357
f 69/358/358 65/359/359 66/360/360
g material_88
usemtl material_88
f 49/361/361 48/362/362 47/363/363
f 50/364/364 49/365/365 47/366/366
f 48/367/367 52/368/368 51/369/369
f 51/370/370 31/371/371 47/372/372
f 47/373/373 31/374/374 45/375/375
f 47/376/376 45/377/377 50/378/378
f 48/379/379 51/380/380 47/381/381
f 51/382/382 44/383/383 31/384/384
f 80/385/385 79/386/386 78/387/387
f 80/388/388 78/389/389 81/390/390
f 82/391/391 52/392/392 79/393/393
f 80/394/394 60/395/395 82/396/396
f 76/397/397 60/398/398 80/399/399
f 81/400/400 76/401/401 80/402/402
f 80/403/403 82/404/404 79/405/405
f 60/406/406 73/407/407 82/408/408
f 48/409/409 167/410/410 52/411/411
f 153/412/412 154/413/413 168/414/414
f 153/415/415 168/416/416 48/417/417
f 167/418/418 48/419/419 168/420/420
f 48/421/421 49/422/422 156/423/423
f 48/424/424 156/425/425 153/426/426
f 79/427/427 52/428/428 167/429/429
f 160/430/430 79/431/431 168/432/432
f 160/433/433 168/434/434 154/435/435
f 167/436/436 168/437/437 79/438/438
f 79/439/439 160/440/440 161/441/441
f 79/442/442 161/443/443 78/444/444
f 172/445/445 159/446/446 163/447/447
f 163/448/448 158/449/449 173/450/450
f 163/451/451 173/452/452 172/453/453
f 174/454/454 152/455/455 159/456/456
f 174/457/457 159/458/458 172/459/459
f 173/460/460 158/461/461 157/462/462
f 173/463/463 157/464/464 174/465/465
f 174/466/466 157/467/467 152/468/468
f 176/469/469 175/470/470 172/471/471
f 176/472/472 172/473/473 173/474/474
f 174/475/475 177/476/476 176/477/477
f 174/478/478 176/479/479 173/480/480
f 172/481/481 177/482/482 174/483/483
f 172/484/484 175/485/485 177/486/486
g material_89
usemtl material_89
f 51/487/487 52/488/488 53/489/489
f 52/490/490 54/491/491 53/492/492
f 53/493/493 54/494/494 50/495/495
f 54/496/496 49/497/497 50/498/498
f 50/499/499 45/500/500 43/501/501
f 50/502/502 43/503/503 53/504/504
f 53/505/505 43/506/506 44/507/507
f 53/508/508 44/509/509 51/510/510
f 83/511/511 52/512/512 82/513/513
f 83/514/514 84/515/515 52/516/516
f 81/517/517 84/518/518 83/519/519
f 81/520/520 78/521/521 84/522/522
f 74/523/523 76/524/524 81/525/525
f 83/526/526 74/527/527 81/528/528
f 73/529/529 74/530/530 83/531/531
f 82/532/532 73/533/533 83/534/534
f 4/535/535 3/536/536 169/537/537
f 4/538/538 169/539/539 54/540/540
f 170/541/541 169/542/542 1/543/543
f 156/544/544 169/545/545 165/546/546
f 165/547/547 169/548/548 170/549/549
f 165/550/550 170/551/551 164/552/552
f 1/553/553 169/554/554 3/555/555
f 156/556/556 49/557/557 54/558/558
f 156/559/559 54/560/560 169/561/561
f 4/562/562 54/563/563 52/564/564
f 4/565/565 84/566/566 171/567/567
f 4/568/568 171/569/569 8/570/570
f 170/571/571 1/572/572 171/573/573
f 161/574/574 166/575/575 171/576/576
f 166/577/577 164/578/578 170/579/579
f 166/580/580 170/581/581 171/582/582
f 1/583/583 8/584/584 171/585/585
f 161/586/586 84/587/587 78/588/588
f 161/589/589 171/590/590 84/591/591
f 4/592/592 52/593/593 84/594/594
g material_90
usemtl material_90
f 180/595/595 179/596/596 178/597/597
f 182/598/598 175/599/599 181/600/600
f 181/601/601 184/602/602 183/603/603
f 182/604/604 181/605/605 183/606/606
f 183/607/607 184/608/608 185/609/609
f 187/610/610 180/611/611 186/612/612
f 187/613/613 188/614/614 179/615/615
f 187/616/616 179/617/617 180/618/618
f 184/619/619 181/620/620 189/621/621
f 184/622/622 189/623/623 190/624/624
f 191/625/625 190/626/626 189/627/627
f 191/628/628 189/629/629 192/630/630
f 189/631/631 181/632/632 176/633/633
f 192/634/634 189/635/635 176/636/636
f 183/637/637 185/638/638 186/639/639
f 193/640/640 183/641/641 178/642/642
f 192/643/643 176/644/644 177/645/645
f 178/646/646 191/647/647 192/648/648
f 196/649/649 195/650/650 194/651/651
f 197/652/652 194/653/653 195/654/654
f 193/655/655 195/656/656 196/657/657
f 192/658/658 193/659/659 196/660/660
f 178/661/661 192/662/662 197/663/663
f 193/664/664 178/665/665 195/666/666
f 177/667/667 175/668/668 182/669/669
f 177/670/670 182/671/671 193/672/672
f 182/673/673 183/674/674 193/675/675
f 183/676/676 186/677/677 180/678/678
f 183/679/679 180/680/680 178/681/681
f 195/682/682 178/683/683 197/684/684
f 188/685/685 187/686/686 186/687/687
f 188/688/688 186/689/689 185/690/690
f 179/691/691 188/692/692 190/693/693
f 179/694/694 190/695/695 191/696/696
f 185/697/697 184/698/698 190/699/699
f 185/700/700 190/701/701 188/702/702
f 178/703/703 179/704/704 191/705/705
f 197/706/706 192/707/707 194/708/708
f 181/709/709 175/710/710 176/711/711
f 192/712/712 196/713/713 194/714/714
f 192/715/715 177/716/716 193/717/717
g material_91
usemtl material_91
f 89/718/718 91/719/719 90/720/720
f 89/721/721 90/722/722 87/723/723
f 91/724/724 92/725/725 90/726/726
f 92/727/727 94/728/728 93/729/729
f 92/730/730 93/731/731 90/732/732
f 90/733/733 93/734/734 88/735/735
f 88/736/736 87/737/737 90/738/738
f 89/739/739 85/740/740 95/741/741
f 89/742/742 95/743/743 91/744/744
f 91/745/745 95/746/746 92/747/747
f 92/748/748 95/749/749 96/750/750
f 92/751/751 96/752/752 94/753/753
f 86/754/754 95/755/755 85/756/756
f 95/757/757 86/758/758 96/759/759
f 111/760/760 110/761/761 109/762/762
f 111/763/763 113/764/764 112/765/765
f 116/766/766 115/767/767 114/768/768
f 116/769/769 114/770/770 117/771/771
f 118/772/772 117/773/773 114/774/774
f 119/775/775 88/776/776 93/777/777
f 117/778/778 111/779/779 112/780/780
f 107/781/781 113/782/782 109/783/783
f 99/784/784 98/785/785 120/786/786
f 109/787/787 113/788/788 111/789/789
f 121/790/790 120/791/791 116/792/792
f 121/793/793 116/794/794 112/795/795
f 120/796/796 98/797/797 88/798/798
f 120/799/799 115/800/800 116/801/801
f 117/802/802 112/803/803 116/804/804
f 117/805/805 118/806/806 122/807/807
f 117/808/808 122/809/809 110/810/810
f 117/811/811 110/812/812 111/813/813
f 118/814/814 114/815/815 123/816/816
f 118/817/817 123/818/818 124/819/819
f 124/820/820 123/821/821 93/822/822
f 124/823/823 93/824/824 125/825/825
f 123/826/826 114/827/827 115/828/828
f 123/829/829 115/830/830 119/831/831
f 93/832/832 123/833/833 119/834/834
f 115/835/835 88/836/836 119/837/837
f 120/838/838 88/839/839 115/840/840
f 126/841/841 109/842/842 110/843/843
f 126/844/844 106/845/845 104/846/846
f 129/847/847 128/848/848 127/849/849
f 129/850/850 127/851/851 130/852/852
f 118/853/853 127/854/854 128/855/855
f 131/856/856 96/857/857 86/858/858
f 128/859/859 106/860/860 126/861/861
f 107/862/862 109/863/863 104/864/864
f 100/865/865 132/866/866 97/867/867
f 109/868/868 126/869/869 104/870/870
f 105/871/871 106/872/872 129/873/873
f 105/874/874 129/875/875 132/876/876
f 132/877/877 129/878/878 130/879/879
f 132/880/880 86/881/881 97/882/882
f 128/883/883 129/884/884 106/885/885
f 128/886/886 122/887/887 118/888/888
f 128/889/889 126/890/890 110/891/891
f 128/892/892 110/893/893 122/894/894
f 118/895/895 124/896/896 133/897/897
f 118/898/898 133/899/899 127/900/900
f 124/901/901 125/902/902 96/903/903
f 124/904/904 96/905/905 133/906/906
f 133/907/907 131/908/908 130/909/909
f 133/910/910 130/911/911 127/912/912
f 130/913/913 131/914/914 86/915/915
f 96/916/916 131/917/917 133/918/918
f 132/919/919 130/920/920 86/921/921
f 149/922/922 148/923/923 93/924/924
f 149/925/925 93/926/926 94/927/927
f 148/928/928 150/929/929 125/930/930
f 148/931/931 125/932/932 93/933/933
f 149/934/934 94/935/935 96/936/936
f 149/937/937 96/938/938 151/939/939
f 151/940/940 96/941/941 125/942/942
f 151/943/943 125/944/944 150/945/945
f 237/946/946 236/947/947 235/948/948
f 237/949/949 239/950/950 238/951/951
f 236/952/952 237/953/953 238/954/954
f 237/955/955 235/956/956 240/957/957
f 239/958/958 237/959/959 241/960/960
f 244/961/961 243/962/962 242/963/963
f 244/964/964 238/965/965 239/966/966
f 242/967/967 238/968/968 244/969/969
f 244/970/970 245/971/971 243/972/972
f 239/973/973 241/974/974 244/975/975
f 245/976/976 240/977/977 235/978/978
f 245/979/979 235/980/980 243/981/981
f 242/982/982 243/983/983 235/984/984
f 242/985/985 236/986/986 238/987/987
f 242/988/988 235/989/989 236/990/990
f 248/991/991 247/992/992 246/993/993
f 250/994/994 249/995/995 246/996/996
f 250/997/997 246/998/998 247/999/999
f 251/1000/1000 248/1001/1001 246/1002/1002
f 252/1003/1003 246/1004/1004 249/1005/1005
f 255/1006/1006 254/1007/1007 253/1008/1008
f 249/1009/1009 250/1010/1010 253/1011/1011
f 253/1012/1012 250/1013/1013 255/1014/1014
f 254/1015/1015 256/1016/1016 253/1017/1017
f 253/1018/1018 252/1019/1019 249/1020/1020
f 254/1021/1021 248/1022/1022 251/1023/1023
f 254/1024/1024 251/1025/1025 256/1026/1026
f 247/1027/1027 248/1028/1028 254/1029/1029
f 250/1030/1030 247/1031/1031 255/1032/1032
f 247/1033/1033 254/1034/1034 255/1035/1035
g material_92
usemtl material_92
f 106/1036/1036 105/1037/1037 104/1038/1038
f 108/1039/1039 107/1040/1040 104/1041/1041
f 104/1042/1042 105/1043/1043 108/1044/1044
f 112/1045/1045 113/1046/1046 121/1047/1047
f 108/1048/1048 121/1049/1049 113/1050/1050
f 108/1051/1051 113/1052/1052 107/1053/1053
g material_93
usemtl material_93
f 136/1054/1054 135/1055/1055 134/1056/1056
f 134/1057/1057 135/1058/1058 108/1059/1059
f 108/1060/1060 137/1061/1061 121/1062/1062
f 136/1063/1063 138/1064/1064 135/1065/1065
f 136/1066/1066 103/1067/1067 102/1068/1068
f 136/1069/1069 102/1070/1070 138/1071/1071
f 135/1072/1072 138/1073/1073 139/1074/1074
f 135/1075/1075 139/1076/1076 137/1077/1077
f 138/1078/1078 102/1079/1079 99/1080/1080
f 138/1081/1081 99/1082/1082 139/1083/1083
f 121/1084/1084 137/1085/1085 120/1086/1086
f 137/1087/1087 139/1088/1088 120/1089/1089
f 139/1090/1090 99/1091/1091 120/1092/1092
f 137/1093/1093 108/1094/1094 135/1095/1095
f 136/1096/1096 134/1097/1097 140/1098/1098
f 134/1099/1099 108/1100/1100 140/1101/1101
f 108/1102/1102 105/1103/1103 141/1104/1104
f 136/1105/1105 140/1106/1106 142/1107/1107
f 136/1108/1108 142/1109/1109 101/1110/1110
f 136/1111/1111 101/1112/1112 103/1113/1113
f 140/1114/1114 141/1115/1115 143/1116/1116
f 140/1117/1117 143/1118/1118 142/1119/1119
f 142/1120/1120 143/1121/1121 100/1122/1122
f 142/1123/1123 100/1124/1124 101/1125/1125
f 105/1126/1126 132/1127/1127 141/1128/1128
f 141/1129/1129 132/1130/1130 143/1131/1131
f 143/1132/1132 132/1133/1133 100/1134/1134
f 141/1135/1135 140/1136/1136 108/1137/1137
g material_94
usemtl material_94
f 145/1138/1138 144/1139/1139 103/1140/1140
f 146/1141/1141 145/1142/1142 103/1143/1143
f 144/1144/1144 147/1145/1145 103/1146/1146
g material_95
usemtl material_95
f 154/1147/1147 153/1148/1148 152/1149/1149
f 154/1150/1150 152/1151/1151 155/1152/1152
f 152/1153/1153 153/1154/1154 156/1155/1155
f 152/1156/1156 157/1157/1157 149/1158/1158
f 152/1159/1159 149/1160/1160 155/1161/1161
f 149/1162/1162 157/1163/1163 158/1164/1164
f 149/1165/1165 158/1166/1166 148/1167/1167
f 152/1168/1168 156/1169/1169 159/1170/1170
f 154/1171/1171 155/1172/1172 58/1173/1173
f 154/1174/1174 58/1175/1175 160/1176/1176
f 58/1177/1177 161/1178/1178 160/1179/1179
f 58/1180/1180 155/1181/1181 149/1182/1182
f 58/1183/1183 149/1184/1184 59/1185/1185
f 149/1186/1186 151/1187/1187 57/1188/1188
f 149/1189/1189 57/1190/1190 59/1191/1191
f 58/1192/1192 55/1193/1193 161/1194/1194
g material_96
usemtl material_96
f 162/1195/1195 150/1196/1196 148/1197/1197
f 162/1198/1198 148/1199/1199 163/1200/1200
f 163/1201/1201 165/1202/1202 164/1203/1203
f 163/1204/1204 164/1205/1205 162/1206/1206
f 158/1207/1207 163/1208/1208 148/1209/1209
f 163/1210/1210 159/1211/1211 156/1212/1212
f 163/1213/1213 156/1214/1214 165/1215/1215
f 162/1216/1216 56/1217/1217 151/1218/1218
f 162/1219/1219 151/1220/1220 150/1221/1221
f 56/1222/1222 162/1223/1223 164/1224/1224
f 56/1225/1225 164/1226/1226 166/1227/1227
f 57/1228/1228 151/1229/1229 56/1230/1230
f 56/1231/1231 166/1232/1232 161/1233/1233
f 56/1234/1234 161/1235/1235 55/1236/1236
g material_97
usemtl material_97
f 200/1237/1237 199/1238/1238 198/1239/1239
f 200/1240/1240 198/1241/1241 201/1242/1242
f 202/1243/1243 200/1244/1244 201/1245/1245
f 201/1246/1246 204/1247/1247 203/1248/1248
f 205/1249/1249 202/1250/1250 201/1251/1251
f 205/1252/1252 201/1253/1253 203/1254/1254
f 206/1255/1255 205/1256/1256 203/1257/1257
f 206/1258/1258 203/1259/1259 207/1260/1260
f 208/1261/1261 206/1262/1262 207/1263/1263
f 204/1264/1264 201/1265/1265 198/1266/1266
f 204/1267/1267 207/1268/1268 203/1269/1269
f 204/1270/1270 198/1271/1271 207/1272/1272
f 200/1273/1273 202/1274/1274 209/1275/1275
f 210/1276/1276 209/1277/1277 202/1278/1278
f 202/1279/1279 205/1280/1280 210/1281/1281
f 211/1282/1282 210/1283/1283 205/1284/1284
f 212/1285/1285 211/1286/1286 205/1287/1287
f 212/1288/1288 205/1289/1289 206/1290/1290
f 206/1291/1291 208/1292/1292 212/1293/1293
f 213/1294/1294 212/1295/1295 208/1296/1296
f 214/1297/1297 213/1298/1298 208/1299/1299
f 214/1300/1300 208/1301/1301 199/1302/1302
f 209/1303/1303 214/1304/1304 199/1305/1305
f 209/1306/1306 199/1307/1307 200/1308/1308
f 208/1309/1309 198/1310/1310 199/1311/1311
f 198/1312/1312 208/1313/1313 207/1314/1314
f 210/1315/1315 211/1316/1316 215/1317/1317
f 210/1318/1318 215/1319/1319 216/1320/1320
f 211/1321/1321 212/1322/1322 217/1323/1323
f 211/1324/1324 217/1325/1325 215/1326/1326
f 212/1327/1327 213/1328/1328 218/1329/1329
f 212/1330/1330 218/1331/1331 217/1332/1332
f 213/1333/1333 214/1334/1334 219/1335/1335
f 213/1336/1336 219/1337/1337 218/1338/1338
f 214/1339/1339 209/1340/1340 220/1341/1341
f 214/1342/1342 220/1343/1343 219/1344/1344
f 209/1345/1345 216/1346/1346 220/1347/1347
f 209/1348/1348 210/1349/1349 216/1350/1350
g material_98
usemtl material_98
f 223/1351/1351 222/1352/1352 221/1353/1353
f 222/1354/1354 223/1355/1355 224/1356/1356
f 225/1357/1357 222/1358/1358 224/1359/1359
f 225/1360/1360 224/1361/1361 226/1362/1362
f 227/1363/1363 225/1364/1364 226/1365/1365
f 230/1366/1366 229/1367/1367 228/1368/1368
f 228/1369/1369 231/1370/1370 230/1371/1371
f 232/1372/1372 231/1373/1373 228/1374/1374
f 232/1375/1375 233/1376/1376 231/1377/1377
f 234/1378/1378 233/1379/1379 232/1380/1380
g material_88 - Mirror
usemtl material_88
f 262/1381/1381 261/1382/1382 260/1383/1383
f 261/1384/1384 263/1385/1385 259/1386/1386
f 261/1387/1387 262/1388/1388 263/1389/1389
f 264/1390/1390 260/1391/1391 257/1392/1392
f 264/1393/1393 262/1394/1394 260/1395/1395
f 263/1396/1396 258/1397/1397 259/1398/1398
f 263/1399/1399 264/1400/1400 258/1401/1401
f 264/1402/1402 257/1403/1403 258/1404/1404
f 266/1405/1405 262/1406/1406 265/1407/1407
f 266/1408/1408 263/1409/1409 262/1410/1410
f 264/1411/1411 266/1412/1412 267/1413/1413
f 264/1414/1414 263/1415/1415 266/1416/1416
f 262/1417/1417 264/1418/1418 267/1419/1419
f 262/1420/1420 267/1421/1421 265/1422/1422
g material_90 - Mirror
usemtl material_90
f 270/1423/1423 268/1424/1424 269/1425/1425
f 272/1426/1426 271/1427/1427 265/1428/1428
f 271/1429/1429 273/1430/1430 274/1431/1431
f 272/1432/1432 273/1433/1433 271/1434/1434
f 273/1435/1435 275/1436/1436 274/1437/1437
f 277/1438/1438 276/1439/1439 270/1440/1440
f 277/1441/1441 269/1442/1442 278/1443/1443
f 277/1444/1444 270/1445/1445 269/1446/1446
f 274/1447/1447 279/1448/1448 271/1449/1449
f 274/1450/1450 280/1451/1451 279/1452/1452
f 281/1453/1453 279/1454/1454 280/1455/1455
f 281/1456/1456 282/1457/1457 279/1458/1458
f 279/1459/1459 266/1460/1460 271/1461/1461
f 282/1462/1462 266/1463/1463 279/1464/1464
f 273/1465/1465 276/1466/1466 275/1467/1467
f 283/1468/1468 268/1469/1469 273/1470/1470
f 282/1471/1471 267/1472/1472 266/1473/1473
f 268/1474/1474 282/1475/1475 281/1476/1476
f 286/1477/1477 284/1478/1478 285/1479/1479
f 287/1480/1480 285/1481/1481 284/1482/1482
f 283/1483/1483 286/1484/1484 285/1485/1485
f 282/1486/1486 286/1487/1487 283/1488/1488
f 268/1489/1489 287/1490/1490 282/1491/1491
f 283/1492/1492 285/1493/1493 268/1494/1494
f 267/1495/1495 272/1496/1496 265/1497/1497
f 267/1498/1498 283/1499/1499 272/1500/1500
f 272/1501/1501 283/1502/1502 273/1503/1503
f 273/1504/1504 270/1505/1505 276/1506/1506
f 273/1507/1507 268/1508/1508 270/1509/1509
f 285/1510/1510 287/1511/1511 268/1512/1512
f 278/1513/1513 276/1514/1514 277/1515/1515
f 278/1516/1516 275/1517/1517 276/1518/1518
f 269/1519/1519 280/1520/1520 278/1521/1521
f 269/1522/1522 281/1523/1523 280/1524/1524
f 275/1525/1525 280/1526/1526 274/1527/1527
f 275/1528/1528 278/1529/1529 280/1530/1530
f 268/1531/1531 281/1532/1532 269/1533/1533
f 287/1534/1534 284/1535/1535 282/1536/1536
f 271/1537/1537 266/1538/1538 265/1539/1539
f 282/1540/1540 284/1541/1541 286/1542/1542
f 282/1543/1543 283/1544/1544 267/1545/1545

g